1 -1 #SUP: 409
1 -1 1 -1 #SUP: 407
1 -1 1 -1 1 -1 #SUP: 406
1 -1 1 -1 1 -1 3 -1 #SUP: 114
1 -1 1 -1 1 -1 3 -1 3 -1 #SUP: 31
1 -1 1 -1 1 -1 3 -1 8 -1 #SUP: 71
1 -1 1 -1 1 -1 3 -1 8 -1 8 -1 #SUP: 43
1 -1 1 -1 1 -1 3 -1 8 -1 18 -1 #SUP: 54
1 -1 1 -1 1 -1 3 -1 8 -1 18 -1 8 -1 #SUP: 35
1 -1 1 -1 1 -1 3 -1 14 -1 #SUP: 43
1 -1 1 -1 1 -1 3 -1 17 -1 #SUP: 34
1 -1 1 -1 1 -1 3 -1 18 -1 #SUP: 66
1 -1 1 -1 1 -1 3 -1 18 -1 8 -1 #SUP: 40
1 -1 1 -1 1 -1 3 -1 18 -1 18 -1 #SUP: 30
1 -1 1 -1 1 -1 3 -1 29 -1 #SUP: 33
1 -1 1 -1 1 -1 3 -1 71 -1 #SUP: 43
1 -1 1 -1 1 -1 3 -1 92 -1 #SUP: 34
1 -1 1 -1 1 -1 8 -1 #SUP: 270
1 -1 1 -1 1 -1 8 -1 3 -1 #SUP: 66
1 -1 1 -1 1 -1 8 -1 3 -1 8 -1 #SUP: 41
1 -1 1 -1 1 -1 8 -1 3 -1 8 -1 18 -1 #SUP: 30
1 -1 1 -1 1 -1 8 -1 3 -1 18 -1 #SUP: 39
1 -1 1 -1 1 -1 8 -1 8 -1 #SUP: 190
1 -1 1 -1 1 -1 8 -1 8 -1 3 -1 #SUP: 39
1 -1 1 -1 1 -1 8 -1 8 -1 8 -1 #SUP: 109
1 -1 1 -1 1 -1 8 -1 8 -1 8 -1 8 -1 #SUP: 69
1 -1 1 -1 1 -1 8 -1 8 -1 8 -1 8 -1 8 -1 #SUP: 39
1 -1 1 -1 1 -1 8 -1 8 -1 8 -1 8 -1 18 -1 #SUP: 42
1 -1 1 -1 1 -1 8 -1 8 -1 8 -1 14 -1 #SUP: 49
1 -1 1 -1 1 -1 8 -1 8 -1 8 -1 17 -1 #SUP: 31
1 -1 1 -1 1 -1 8 -1 8 -1 8 -1 18 -1 #SUP: 69
1 -1 1 -1 1 -1 8 -1 8 -1 8 -1 18 -1 8 -1 #SUP: 46
1 -1 1 -1 1 -1 8 -1 8 -1 8 -1 18 -1 14 -1 #SUP: 32
1 -1 1 -1 1 -1 8 -1 8 -1 8 -1 18 -1 18 -1 #SUP: 36
1 -1 1 -1 1 -1 8 -1 8 -1 8 -1 71 -1 #SUP: 39
1 -1 1 -1 1 -1 8 -1 8 -1 14 -1 #SUP: 97
1 -1 1 -1 1 -1 8 -1 8 -1 14 -1 8 -1 #SUP: 54
1 -1 1 -1 1 -1 8 -1 8 -1 14 -1 8 -1 8 -1 #SUP: 31
1 -1 1 -1 1 -1 8 -1 8 -1 14 -1 8 -1 18 -1 #SUP: 34
1 -1 1 -1 1 -1 8 -1 8 -1 14 -1 14 -1 #SUP: 38
1 -1 1 -1 1 -1 8 -1 8 -1 14 -1 17 -1 #SUP: 30
1 -1 1 -1 1 -1 8 -1 8 -1 14 -1 18 -1 #SUP: 56
1 -1 1 -1 1 -1 8 -1 8 -1 14 -1 18 -1 8 -1 #SUP: 33
1 -1 1 -1 1 -1 8 -1 8 -1 14 -1 71 -1 #SUP: 37
1 -1 1 -1 1 -1 8 -1 8 -1 17 -1 #SUP: 57
1 -1 1 -1 1 -1 8 -1 8 -1 18 -1 #SUP: 130
1 -1 1 -1 1 -1 8 -1 8 -1 18 -1 8 -1 #SUP: 78
1 -1 1 -1 1 -1 8 -1 8 -1 18 -1 8 -1 8 -1 #SUP: 48
1 -1 1 -1 1 -1 8 -1 8 -1 18 -1 8 -1 8 -1 18 -1 #SUP: 32
1 -1 1 -1 1 -1 8 -1 8 -1 18 -1 8 -1 14 -1 #SUP: 35
1 -1 1 -1 1 -1 8 -1 8 -1 18 -1 8 -1 18 -1 #SUP: 52
1 -1 1 -1 1 -1 8 -1 8 -1 18 -1 8 -1 18 -1 8 -1 #SUP: 34
1 -1 1 -1 1 -1 8 -1 8 -1 18 -1 8 -1 71 -1 #SUP: 30
1 -1 1 -1 1 -1 8 -1 8 -1 18 -1 14 -1 #SUP: 57
1 -1 1 -1 1 -1 8 -1 8 -1 18 -1 14 -1 8 -1 #SUP: 34
1 -1 1 -1 1 -1 8 -1 8 -1 18 -1 14 -1 18 -1 #SUP: 36
1 -1 1 -1 1 -1 8 -1 8 -1 18 -1 17 -1 #SUP: 36
1 -1 1 -1 1 -1 8 -1 8 -1 18 -1 18 -1 #SUP: 71
1 -1 1 -1 1 -1 8 -1 8 -1 18 -1 18 -1 8 -1 #SUP: 43
1 -1 1 -1 1 -1 8 -1 8 -1 18 -1 18 -1 14 -1 #SUP: 33
1 -1 1 -1 1 -1 8 -1 8 -1 18 -1 18 -1 18 -1 #SUP: 37
1 -1 1 -1 1 -1 8 -1 8 -1 18 -1 21 -1 #SUP: 34
1 -1 1 -1 1 -1 8 -1 8 -1 18 -1 29 -1 #SUP: 37
1 -1 1 -1 1 -1 8 -1 8 -1 18 -1 71 -1 #SUP: 47
1 -1 1 -1 1 -1 8 -1 8 -1 18 -1 71 -1 8 -1 #SUP: 31
1 -1 1 -1 1 -1 8 -1 8 -1 20 -1 #SUP: 33
1 -1 1 -1 1 -1 8 -1 8 -1 21 -1 #SUP: 50
1 -1 1 -1 1 -1 8 -1 8 -1 21 -1 8 -1 #SUP: 37
1 -1 1 -1 1 -1 8 -1 8 -1 21 -1 18 -1 #SUP: 30
1 -1 1 -1 1 -1 8 -1 8 -1 29 -1 #SUP: 50
1 -1 1 -1 1 -1 8 -1 8 -1 29 -1 8 -1 #SUP: 32
1 -1 1 -1 1 -1 8 -1 8 -1 29 -1 18 -1 #SUP: 30
1 -1 1 -1 1 -1 8 -1 8 -1 30 -1 #SUP: 32
1 -1 1 -1 1 -1 8 -1 8 -1 290 -1 #SUP: 38
1 -1 1 -1 1 -1 8 -1 8 -1 40 -1 #SUP: 33
1 -1 1 -1 1 -1 8 -1 8 -1 71 -1 #SUP: 69
1 -1 1 -1 1 -1 8 -1 8 -1 71 -1 8 -1 #SUP: 47
1 -1 1 -1 1 -1 8 -1 8 -1 71 -1 71 -1 #SUP: 31
1 -1 1 -1 1 -1 8 -1 8 -1 92 -1 #SUP: 52
1 -1 1 -1 1 -1 8 -1 8 -1 92 -1 8 -1 #SUP: 30
1 -1 1 -1 1 -1 8 -1 8 -1 96 -1 #SUP: 33
1 -1 1 -1 1 -1 8 -1 14 -1 #SUP: 139
1 -1 1 -1 1 -1 8 -1 14 -1 8 -1 #SUP: 84
1 -1 1 -1 1 -1 8 -1 14 -1 8 -1 8 -1 #SUP: 48
1 -1 1 -1 1 -1 8 -1 14 -1 8 -1 14 -1 #SUP: 39
1 -1 1 -1 1 -1 8 -1 14 -1 8 -1 18 -1 #SUP: 53
1 -1 1 -1 1 -1 8 -1 14 -1 14 -1 #SUP: 61
1 -1 1 -1 1 -1 8 -1 14 -1 14 -1 8 -1 #SUP: 32
1 -1 1 -1 1 -1 8 -1 14 -1 14 -1 14 -1 #SUP: 32
1 -1 1 -1 1 -1 8 -1 14 -1 14 -1 18 -1 #SUP: 33
1 -1 1 -1 1 -1 8 -1 14 -1 17 -1 #SUP: 44
1 -1 1 -1 1 -1 8 -1 14 -1 18 -1 #SUP: 89
1 -1 1 -1 1 -1 8 -1 14 -1 18 -1 8 -1 #SUP: 53
1 -1 1 -1 1 -1 8 -1 14 -1 18 -1 8 -1 18 -1 #SUP: 32
1 -1 1 -1 1 -1 8 -1 14 -1 18 -1 14 -1 #SUP: 42
1 -1 1 -1 1 -1 8 -1 14 -1 18 -1 18 -1 #SUP: 37
1 -1 1 -1 1 -1 8 -1 14 -1 21 -1 #SUP: 37
1 -1 1 -1 1 -1 8 -1 14 -1 29 -1 #SUP: 40
1 -1 1 -1 1 -1 8 -1 14 -1 40 -1 #SUP: 30
1 -1 1 -1 1 -1 8 -1 14 -1 71 -1 #SUP: 52
1 -1 1 -1 1 -1 8 -1 14 -1 71 -1 8 -1 #SUP: 32
1 -1 1 -1 1 -1 8 -1 14 -1 92 -1 #SUP: 37
1 -1 1 -1 1 -1 8 -1 17 -1 #SUP: 115
1 -1 1 -1 1 -1 8 -1 17 -1 8 -1 #SUP: 66
1 -1 1 -1 1 -1 8 -1 17 -1 8 -1 8 -1 #SUP: 34
1 -1 1 -1 1 -1 8 -1 17 -1 8 -1 14 -1 #SUP: 35
1 -1 1 -1 1 -1 8 -1 17 -1 8 -1 18 -1 #SUP: 39
1 -1 1 -1 1 -1 8 -1 17 -1 14 -1 #SUP: 49
1 -1 1 -1 1 -1 8 -1 17 -1 17 -1 #SUP: 41
1 -1 1 -1 1 -1 8 -1 17 -1 18 -1 #SUP: 60
1 -1 1 -1 1 -1 8 -1 17 -1 29 -1 #SUP: 33
1 -1 1 -1 1 -1 8 -1 17 -1 71 -1 #SUP: 43
1 -1 1 -1 1 -1 8 -1 17 -1 92 -1 #SUP: 30
1 -1 1 -1 1 -1 8 -1 18 -1 #SUP: 225
1 -1 1 -1 1 -1 8 -1 18 -1 3 -1 #SUP: 46
1 -1 1 -1 1 -1 8 -1 18 -1 8 -1 #SUP: 145
1 -1 1 -1 1 -1 8 -1 18 -1 8 -1 3 -1 #SUP: 30
1 -1 1 -1 1 -1 8 -1 18 -1 8 -1 8 -1 #SUP: 87
1 -1 1 -1 1 -1 8 -1 18 -1 8 -1 8 -1 8 -1 #SUP: 53
1 -1 1 -1 1 -1 8 -1 18 -1 8 -1 8 -1 8 -1 8 -1 #SUP: 31
1 -1 1 -1 1 -1 8 -1 18 -1 8 -1 8 -1 8 -1 18 -1 #SUP: 37
1 -1 1 -1 1 -1 8 -1 18 -1 8 -1 8 -1 14 -1 #SUP: 41
1 -1 1 -1 1 -1 8 -1 18 -1 8 -1 8 -1 18 -1 #SUP: 56
1 -1 1 -1 1 -1 8 -1 18 -1 8 -1 8 -1 18 -1 8 -1 #SUP: 39
1 -1 1 -1 1 -1 8 -1 18 -1 8 -1 8 -1 18 -1 18 -1 #SUP: 30
1 -1 1 -1 1 -1 8 -1 18 -1 8 -1 8 -1 71 -1 #SUP: 32
1 -1 1 -1 1 -1 8 -1 18 -1 8 -1 14 -1 #SUP: 71
1 -1 1 -1 1 -1 8 -1 18 -1 8 -1 14 -1 8 -1 #SUP: 43
1 -1 1 -1 1 -1 8 -1 18 -1 8 -1 14 -1 14 -1 #SUP: 31
1 -1 1 -1 1 -1 8 -1 18 -1 8 -1 14 -1 18 -1 #SUP: 41
1 -1 1 -1 1 -1 8 -1 18 -1 8 -1 14 -1 71 -1 #SUP: 31
1 -1 1 -1 1 -1 8 -1 18 -1 8 -1 17 -1 #SUP: 42
1 -1 1 -1 1 -1 8 -1 18 -1 8 -1 18 -1 #SUP: 100
1 -1 1 -1 1 -1 8 -1 18 -1 8 -1 18 -1 8 -1 #SUP: 65
1 -1 1 -1 1 -1 8 -1 18 -1 8 -1 18 -1 8 -1 8 -1 #SUP: 37
1 -1 1 -1 1 -1 8 -1 18 -1 8 -1 18 -1 8 -1 18 -1 #SUP: 41
1 -1 1 -1 1 -1 8 -1 18 -1 8 -1 18 -1 14 -1 #SUP: 41
1 -1 1 -1 1 -1 8 -1 18 -1 8 -1 18 -1 17 -1 #SUP: 30
1 -1 1 -1 1 -1 8 -1 18 -1 8 -1 18 -1 18 -1 #SUP: 55
1 -1 1 -1 1 -1 8 -1 18 -1 8 -1 18 -1 18 -1 8 -1 #SUP: 32
1 -1 1 -1 1 -1 8 -1 18 -1 8 -1 18 -1 21 -1 #SUP: 30
1 -1 1 -1 1 -1 8 -1 18 -1 8 -1 18 -1 71 -1 #SUP: 37
1 -1 1 -1 1 -1 8 -1 18 -1 8 -1 21 -1 #SUP: 43
1 -1 1 -1 1 -1 8 -1 18 -1 8 -1 21 -1 8 -1 #SUP: 32
1 -1 1 -1 1 -1 8 -1 18 -1 8 -1 29 -1 #SUP: 40
1 -1 1 -1 1 -1 8 -1 18 -1 8 -1 290 -1 #SUP: 31
1 -1 1 -1 1 -1 8 -1 18 -1 8 -1 71 -1 #SUP: 56
1 -1 1 -1 1 -1 8 -1 18 -1 8 -1 71 -1 8 -1 #SUP: 38
1 -1 1 -1 1 -1 8 -1 18 -1 8 -1 92 -1 #SUP: 37
1 -1 1 -1 1 -1 8 -1 18 -1 14 -1 #SUP: 104
1 -1 1 -1 1 -1 8 -1 18 -1 14 -1 8 -1 #SUP: 64
1 -1 1 -1 1 -1 8 -1 18 -1 14 -1 8 -1 8 -1 #SUP: 37
1 -1 1 -1 1 -1 8 -1 18 -1 14 -1 8 -1 14 -1 #SUP: 31
1 -1 1 -1 1 -1 8 -1 18 -1 14 -1 8 -1 18 -1 #SUP: 43
1 -1 1 -1 1 -1 8 -1 18 -1 14 -1 14 -1 #SUP: 52
1 -1 1 -1 1 -1 8 -1 18 -1 14 -1 14 -1 8 -1 #SUP: 31
1 -1 1 -1 1 -1 8 -1 18 -1 14 -1 14 -1 18 -1 #SUP: 33
1 -1 1 -1 1 -1 8 -1 18 -1 14 -1 17 -1 #SUP: 35
1 -1 1 -1 1 -1 8 -1 18 -1 14 -1 18 -1 #SUP: 62
1 -1 1 -1 1 -1 8 -1 18 -1 14 -1 18 -1 8 -1 #SUP: 40
1 -1 1 -1 1 -1 8 -1 18 -1 14 -1 18 -1 14 -1 #SUP: 33
1 -1 1 -1 1 -1 8 -1 18 -1 14 -1 18 -1 18 -1 #SUP: 32
1 -1 1 -1 1 -1 8 -1 18 -1 14 -1 21 -1 #SUP: 31
1 -1 1 -1 1 -1 8 -1 18 -1 14 -1 29 -1 #SUP: 35
1 -1 1 -1 1 -1 8 -1 18 -1 14 -1 71 -1 #SUP: 42
1 -1 1 -1 1 -1 8 -1 18 -1 17 -1 #SUP: 81
1 -1 1 -1 1 -1 8 -1 18 -1 17 -1 8 -1 #SUP: 45
1 -1 1 -1 1 -1 8 -1 18 -1 17 -1 14 -1 #SUP: 38
1 -1 1 -1 1 -1 8 -1 18 -1 17 -1 17 -1 #SUP: 30
1 -1 1 -1 1 -1 8 -1 18 -1 17 -1 18 -1 #SUP: 44
1 -1 1 -1 1 -1 8 -1 18 -1 17 -1 71 -1 #SUP: 34
1 -1 1 -1 1 -1 8 -1 18 -1 18 -1 #SUP: 123
1 -1 1 -1 1 -1 8 -1 18 -1 18 -1 8 -1 #SUP: 78
1 -1 1 -1 1 -1 8 -1 18 -1 18 -1 8 -1 8 -1 #SUP: 54
1 -1 1 -1 1 -1 8 -1 18 -1 18 -1 8 -1 8 -1 8 -1 #SUP: 30
1 -1 1 -1 1 -1 8 -1 18 -1 18 -1 8 -1 8 -1 18 -1 #SUP: 38
1 -1 1 -1 1 -1 8 -1 18 -1 18 -1 8 -1 14 -1 #SUP: 38
1 -1 1 -1 1 -1 8 -1 18 -1 18 -1 8 -1 18 -1 #SUP: 54
1 -1 1 -1 1 -1 8 -1 18 -1 18 -1 8 -1 18 -1 8 -1 #SUP: 38
1 -1 1 -1 1 -1 8 -1 18 -1 18 -1 8 -1 71 -1 #SUP: 31
1 -1 1 -1 1 -1 8 -1 18 -1 18 -1 14 -1 #SUP: 54
1 -1 1 -1 1 -1 8 -1 18 -1 18 -1 14 -1 8 -1 #SUP: 37
1 -1 1 -1 1 -1 8 -1 18 -1 18 -1 14 -1 18 -1 #SUP: 36
1 -1 1 -1 1 -1 8 -1 18 -1 18 -1 17 -1 #SUP: 41
1 -1 1 -1 1 -1 8 -1 18 -1 18 -1 18 -1 #SUP: 73
1 -1 1 -1 1 -1 8 -1 18 -1 18 -1 18 -1 8 -1 #SUP: 45
1 -1 1 -1 1 -1 8 -1 18 -1 18 -1 18 -1 14 -1 #SUP: 32
1 -1 1 -1 1 -1 8 -1 18 -1 18 -1 18 -1 18 -1 #SUP: 34
1 -1 1 -1 1 -1 8 -1 18 -1 18 -1 21 -1 #SUP: 35
1 -1 1 -1 1 -1 8 -1 18 -1 18 -1 29 -1 #SUP: 38
1 -1 1 -1 1 -1 8 -1 18 -1 18 -1 71 -1 #SUP: 45
1 -1 1 -1 1 -1 8 -1 18 -1 18 -1 71 -1 8 -1 #SUP: 31
1 -1 1 -1 1 -1 8 -1 18 -1 18 -1 92 -1 #SUP: 31
1 -1 1 -1 1 -1 8 -1 18 -1 20 -1 #SUP: 46
1 -1 1 -1 1 -1 8 -1 18 -1 21 -1 #SUP: 72
1 -1 1 -1 1 -1 8 -1 18 -1 21 -1 8 -1 #SUP: 51
1 -1 1 -1 1 -1 8 -1 18 -1 21 -1 8 -1 8 -1 #SUP: 33
1 -1 1 -1 1 -1 8 -1 18 -1 21 -1 8 -1 18 -1 #SUP: 35
1 -1 1 -1 1 -1 8 -1 18 -1 21 -1 14 -1 #SUP: 32
1 -1 1 -1 1 -1 8 -1 18 -1 21 -1 18 -1 #SUP: 40
1 -1 1 -1 1 -1 8 -1 18 -1 21 -1 71 -1 #SUP: 30
1 -1 1 -1 1 -1 8 -1 18 -1 29 -1 #SUP: 77
1 -1 1 -1 1 -1 8 -1 18 -1 29 -1 8 -1 #SUP: 48
1 -1 1 -1 1 -1 8 -1 18 -1 29 -1 17 -1 #SUP: 39
1 -1 1 -1 1 -1 8 -1 18 -1 29 -1 18 -1 #SUP: 44
1 -1 1 -1 1 -1 8 -1 18 -1 29 -1 71 -1 #SUP: 36
1 -1 1 -1 1 -1 8 -1 18 -1 30 -1 #SUP: 45
1 -1 1 -1 1 -1 8 -1 18 -1 290 -1 #SUP: 48
1 -1 1 -1 1 -1 8 -1 18 -1 290 -1 8 -1 #SUP: 32
1 -1 1 -1 1 -1 8 -1 18 -1 290 -1 18 -1 #SUP: 30
1 -1 1 -1 1 -1 8 -1 18 -1 40 -1 #SUP: 52
1 -1 1 -1 1 -1 8 -1 18 -1 40 -1 8 -1 #SUP: 34
1 -1 1 -1 1 -1 8 -1 18 -1 40 -1 18 -1 #SUP: 34
1 -1 1 -1 1 -1 8 -1 18 -1 318 -1 #SUP: 33
1 -1 1 -1 1 -1 8 -1 18 -1 71 -1 #SUP: 86
1 -1 1 -1 1 -1 8 -1 18 -1 71 -1 8 -1 #SUP: 55
1 -1 1 -1 1 -1 8 -1 18 -1 71 -1 8 -1 8 -1 #SUP: 31
1 -1 1 -1 1 -1 8 -1 18 -1 71 -1 8 -1 18 -1 #SUP: 35
1 -1 1 -1 1 -1 8 -1 18 -1 71 -1 14 -1 #SUP: 41
1 -1 1 -1 1 -1 8 -1 18 -1 71 -1 18 -1 #SUP: 44
1 -1 1 -1 1 -1 8 -1 18 -1 71 -1 71 -1 #SUP: 41
1 -1 1 -1 1 -1 8 -1 18 -1 92 -1 #SUP: 60
1 -1 1 -1 1 -1 8 -1 18 -1 92 -1 8 -1 #SUP: 37
1 -1 1 -1 1 -1 8 -1 18 -1 92 -1 18 -1 #SUP: 33
1 -1 1 -1 1 -1 8 -1 18 -1 96 -1 #SUP: 45
1 -1 1 -1 1 -1 8 -1 18 -1 124 -1 #SUP: 37
1 -1 1 -1 1 -1 8 -1 18 -1 206 -1 #SUP: 39
1 -1 1 -1 1 -1 8 -1 18 -1 219 -1 #SUP: 30
1 -1 1 -1 1 -1 8 -1 18 -1 224 -1 #SUP: 30
1 -1 1 -1 1 -1 8 -1 18 -1 227 -1 #SUP: 32
1 -1 1 -1 1 -1 8 -1 19 -1 #SUP: 31
1 -1 1 -1 1 -1 8 -1 20 -1 #SUP: 55
1 -1 1 -1 1 -1 8 -1 20 -1 8 -1 #SUP: 30
1 -1 1 -1 1 -1 8 -1 21 -1 #SUP: 92
1 -1 1 -1 1 -1 8 -1 21 -1 8 -1 #SUP: 69
1 -1 1 -1 1 -1 8 -1 21 -1 8 -1 8 -1 #SUP: 44
1 -1 1 -1 1 -1 8 -1 21 -1 8 -1 14 -1 #SUP: 30
1 -1 1 -1 1 -1 8 -1 21 -1 8 -1 18 -1 #SUP: 46
1 -1 1 -1 1 -1 8 -1 21 -1 14 -1 #SUP: 42
1 -1 1 -1 1 -1 8 -1 21 -1 14 -1 8 -1 #SUP: 31
1 -1 1 -1 1 -1 8 -1 21 -1 17 -1 #SUP: 33
1 -1 1 -1 1 -1 8 -1 21 -1 18 -1 #SUP: 53
1 -1 1 -1 1 -1 8 -1 21 -1 18 -1 8 -1 #SUP: 35
1 -1 1 -1 1 -1 8 -1 21 -1 71 -1 #SUP: 38
1 -1 1 -1 1 -1 8 -1 21 -1 92 -1 #SUP: 30
1 -1 1 -1 1 -1 8 -1 23 -1 #SUP: 31
1 -1 1 -1 1 -1 8 -1 29 -1 #SUP: 92
1 -1 1 -1 1 -1 8 -1 29 -1 8 -1 #SUP: 58
1 -1 1 -1 1 -1 8 -1 29 -1 8 -1 8 -1 #SUP: 31
1 -1 1 -1 1 -1 8 -1 29 -1 8 -1 18 -1 #SUP: 34
1 -1 1 -1 1 -1 8 -1 29 -1 14 -1 #SUP: 38
1 -1 1 -1 1 -1 8 -1 29 -1 17 -1 #SUP: 50
1 -1 1 -1 1 -1 8 -1 29 -1 18 -1 #SUP: 55
1 -1 1 -1 1 -1 8 -1 29 -1 21 -1 #SUP: 31
1 -1 1 -1 1 -1 8 -1 29 -1 71 -1 #SUP: 42
1 -1 1 -1 1 -1 8 -1 29 -1 92 -1 #SUP: 32
1 -1 1 -1 1 -1 8 -1 30 -1 #SUP: 53
1 -1 1 -1 1 -1 8 -1 30 -1 8 -1 #SUP: 32
1 -1 1 -1 1 -1 8 -1 290 -1 #SUP: 62
1 -1 1 -1 1 -1 8 -1 290 -1 8 -1 #SUP: 43
1 -1 1 -1 1 -1 8 -1 290 -1 18 -1 #SUP: 41
1 -1 1 -1 1 -1 8 -1 290 -1 18 -1 8 -1 #SUP: 30
1 -1 1 -1 1 -1 8 -1 290 -1 71 -1 #SUP: 30
1 -1 1 -1 1 -1 8 -1 292 -1 #SUP: 30
1 -1 1 -1 1 -1 8 -1 39 -1 #SUP: 38
1 -1 1 -1 1 -1 8 -1 40 -1 #SUP: 64
1 -1 1 -1 1 -1 8 -1 40 -1 8 -1 #SUP: 40
1 -1 1 -1 1 -1 8 -1 40 -1 14 -1 #SUP: 34
1 -1 1 -1 1 -1 8 -1 40 -1 18 -1 #SUP: 43
1 -1 1 -1 1 -1 8 -1 40 -1 71 -1 #SUP: 32
1 -1 1 -1 1 -1 8 -1 52 -1 #SUP: 45
1 -1 1 -1 1 -1 8 -1 52 -1 8 -1 #SUP: 30
1 -1 1 -1 1 -1 8 -1 54 -1 #SUP: 36
1 -1 1 -1 1 -1 8 -1 318 -1 #SUP: 36
1 -1 1 -1 1 -1 8 -1 71 -1 #SUP: 116
1 -1 1 -1 1 -1 8 -1 71 -1 8 -1 #SUP: 77
1 -1 1 -1 1 -1 8 -1 71 -1 8 -1 8 -1 #SUP: 42
1 -1 1 -1 1 -1 8 -1 71 -1 8 -1 14 -1 #SUP: 35
1 -1 1 -1 1 -1 8 -1 71 -1 8 -1 18 -1 #SUP: 45
1 -1 1 -1 1 -1 8 -1 71 -1 14 -1 #SUP: 55
1 -1 1 -1 1 -1 8 -1 71 -1 14 -1 8 -1 #SUP: 31
1 -1 1 -1 1 -1 8 -1 71 -1 17 -1 #SUP: 37
1 -1 1 -1 1 -1 8 -1 71 -1 18 -1 #SUP: 59
1 -1 1 -1 1 -1 8 -1 71 -1 18 -1 8 -1 #SUP: 30
1 -1 1 -1 1 -1 8 -1 71 -1 29 -1 #SUP: 30
1 -1 1 -1 1 -1 8 -1 71 -1 290 -1 #SUP: 33
1 -1 1 -1 1 -1 8 -1 71 -1 71 -1 #SUP: 49
1 -1 1 -1 1 -1 8 -1 71 -1 92 -1 #SUP: 38
1 -1 1 -1 1 -1 8 -1 92 -1 #SUP: 84
1 -1 1 -1 1 -1 8 -1 92 -1 8 -1 #SUP: 53
1 -1 1 -1 1 -1 8 -1 92 -1 8 -1 8 -1 #SUP: 31
1 -1 1 -1 1 -1 8 -1 92 -1 8 -1 18 -1 #SUP: 32
1 -1 1 -1 1 -1 8 -1 92 -1 14 -1 #SUP: 32
1 -1 1 -1 1 -1 8 -1 92 -1 17 -1 #SUP: 37
1 -1 1 -1 1 -1 8 -1 92 -1 18 -1 #SUP: 46
1 -1 1 -1 1 -1 8 -1 92 -1 18 -1 8 -1 #SUP: 30
1 -1 1 -1 1 -1 8 -1 92 -1 71 -1 #SUP: 36
1 -1 1 -1 1 -1 8 -1 92 -1 92 -1 #SUP: 35
1 -1 1 -1 1 -1 8 -1 96 -1 #SUP: 60
1 -1 1 -1 1 -1 8 -1 96 -1 8 -1 #SUP: 31
1 -1 1 -1 1 -1 8 -1 96 -1 17 -1 #SUP: 31
1 -1 1 -1 1 -1 8 -1 96 -1 18 -1 #SUP: 33
1 -1 1 -1 1 -1 8 -1 103 -1 #SUP: 33
1 -1 1 -1 1 -1 8 -1 124 -1 #SUP: 44
1 -1 1 -1 1 -1 8 -1 186 -1 #SUP: 32
1 -1 1 -1 1 -1 8 -1 206 -1 #SUP: 49
1 -1 1 -1 1 -1 8 -1 206 -1 18 -1 #SUP: 30
1 -1 1 -1 1 -1 8 -1 219 -1 #SUP: 34
1 -1 1 -1 1 -1 8 -1 224 -1 #SUP: 38
1 -1 1 -1 1 -1 8 -1 227 -1 #SUP: 37
1 -1 1 -1 1 -1 265 -1 #SUP: 45
1 -1 1 -1 1 -1 14 -1 #SUP: 212
1 -1 1 -1 1 -1 14 -1 3 -1 #SUP: 45
1 -1 1 -1 1 -1 14 -1 8 -1 #SUP: 114
1 -1 1 -1 1 -1 14 -1 8 -1 8 -1 #SUP: 70
1 -1 1 -1 1 -1 14 -1 8 -1 8 -1 8 -1 #SUP: 36
1 -1 1 -1 1 -1 14 -1 8 -1 8 -1 14 -1 #SUP: 31
1 -1 1 -1 1 -1 14 -1 8 -1 8 -1 18 -1 #SUP: 42
1 -1 1 -1 1 -1 14 -1 8 -1 14 -1 #SUP: 51
1 -1 1 -1 1 -1 14 -1 8 -1 14 -1 8 -1 #SUP: 31
1 -1 1 -1 1 -1 14 -1 8 -1 14 -1 18 -1 #SUP: 33
1 -1 1 -1 1 -1 14 -1 8 -1 17 -1 #SUP: 36
1 -1 1 -1 1 -1 14 -1 8 -1 18 -1 #SUP: 77
1 -1 1 -1 1 -1 14 -1 8 -1 18 -1 8 -1 #SUP: 47
1 -1 1 -1 1 -1 14 -1 8 -1 18 -1 14 -1 #SUP: 35
1 -1 1 -1 1 -1 14 -1 8 -1 18 -1 18 -1 #SUP: 36
1 -1 1 -1 1 -1 14 -1 8 -1 71 -1 #SUP: 39
1 -1 1 -1 1 -1 14 -1 14 -1 #SUP: 90
1 -1 1 -1 1 -1 14 -1 14 -1 8 -1 #SUP: 43
1 -1 1 -1 1 -1 14 -1 14 -1 14 -1 #SUP: 39
1 -1 1 -1 1 -1 14 -1 14 -1 18 -1 #SUP: 47
1 -1 1 -1 1 -1 14 -1 14 -1 18 -1 8 -1 #SUP: 33
1 -1 1 -1 1 -1 14 -1 17 -1 #SUP: 67
1 -1 1 -1 1 -1 14 -1 17 -1 8 -1 #SUP: 33
1 -1 1 -1 1 -1 14 -1 17 -1 18 -1 #SUP: 32
1 -1 1 -1 1 -1 14 -1 18 -1 #SUP: 120
1 -1 1 -1 1 -1 14 -1 18 -1 8 -1 #SUP: 71
1 -1 1 -1 1 -1 14 -1 18 -1 8 -1 8 -1 #SUP: 40
1 -1 1 -1 1 -1 14 -1 18 -1 8 -1 14 -1 #SUP: 35
1 -1 1 -1 1 -1 14 -1 18 -1 8 -1 18 -1 #SUP: 46
1 -1 1 -1 1 -1 14 -1 18 -1 8 -1 18 -1 8 -1 #SUP: 31
1 -1 1 -1 1 -1 14 -1 18 -1 14 -1 #SUP: 54
1 -1 1 -1 1 -1 14 -1 18 -1 14 -1 8 -1 #SUP: 35
1 -1 1 -1 1 -1 14 -1 18 -1 14 -1 18 -1 #SUP: 34
1 -1 1 -1 1 -1 14 -1 18 -1 18 -1 #SUP: 57
1 -1 1 -1 1 -1 14 -1 18 -1 18 -1 8 -1 #SUP: 36
1 -1 1 -1 1 -1 14 -1 18 -1 21 -1 #SUP: 30
1 -1 1 -1 1 -1 14 -1 18 -1 29 -1 #SUP: 37
1 -1 1 -1 1 -1 14 -1 18 -1 71 -1 #SUP: 41
1 -1 1 -1 1 -1 14 -1 20 -1 #SUP: 42
1 -1 1 -1 1 -1 14 -1 21 -1 #SUP: 58
1 -1 1 -1 1 -1 14 -1 21 -1 8 -1 #SUP: 36
1 -1 1 -1 1 -1 14 -1 29 -1 #SUP: 57
1 -1 1 -1 1 -1 14 -1 29 -1 8 -1 #SUP: 32
1 -1 1 -1 1 -1 14 -1 29 -1 18 -1 #SUP: 30
1 -1 1 -1 1 -1 14 -1 30 -1 #SUP: 33
1 -1 1 -1 1 -1 14 -1 290 -1 #SUP: 42
1 -1 1 -1 1 -1 14 -1 40 -1 #SUP: 39
1 -1 1 -1 1 -1 14 -1 318 -1 #SUP: 32
1 -1 1 -1 1 -1 14 -1 71 -1 #SUP: 83
1 -1 1 -1 1 -1 14 -1 71 -1 8 -1 #SUP: 43
1 -1 1 -1 1 -1 14 -1 71 -1 8 -1 8 -1 #SUP: 31
1 -1 1 -1 1 -1 14 -1 71 -1 14 -1 #SUP: 37
1 -1 1 -1 1 -1 14 -1 71 -1 18 -1 #SUP: 32
1 -1 1 -1 1 -1 14 -1 71 -1 71 -1 #SUP: 33
1 -1 1 -1 1 -1 14 -1 92 -1 #SUP: 54
1 -1 1 -1 1 -1 14 -1 96 -1 #SUP: 39
1 -1 1 -1 1 -1 14 -1 124 -1 #SUP: 32
1 -1 1 -1 1 -1 14 -1 227 -1 #SUP: 30
1 -1 1 -1 1 -1 17 -1 #SUP: 241
1 -1 1 -1 1 -1 17 -1 3 -1 #SUP: 58
1 -1 1 -1 1 -1 17 -1 3 -1 8 -1 #SUP: 32
1 -1 1 -1 1 -1 17 -1 3 -1 18 -1 #SUP: 30
1 -1 1 -1 1 -1 17 -1 8 -1 #SUP: 134
1 -1 1 -1 1 -1 17 -1 8 -1 8 -1 #SUP: 81
1 -1 1 -1 1 -1 17 -1 8 -1 8 -1 8 -1 #SUP: 43
1 -1 1 -1 1 -1 17 -1 8 -1 8 -1 8 -1 18 -1 #SUP: 30
1 -1 1 -1 1 -1 17 -1 8 -1 8 -1 14 -1 #SUP: 41
1 -1 1 -1 1 -1 17 -1 8 -1 8 -1 18 -1 #SUP: 54
1 -1 1 -1 1 -1 17 -1 8 -1 14 -1 #SUP: 69
1 -1 1 -1 1 -1 17 -1 8 -1 14 -1 8 -1 #SUP: 35
1 -1 1 -1 1 -1 17 -1 8 -1 14 -1 18 -1 #SUP: 43
1 -1 1 -1 1 -1 17 -1 8 -1 17 -1 #SUP: 40
1 -1 1 -1 1 -1 17 -1 8 -1 18 -1 #SUP: 98
1 -1 1 -1 1 -1 17 -1 8 -1 18 -1 8 -1 #SUP: 53
1 -1 1 -1 1 -1 17 -1 8 -1 18 -1 8 -1 18 -1 #SUP: 38
1 -1 1 -1 1 -1 17 -1 8 -1 18 -1 14 -1 #SUP: 46
1 -1 1 -1 1 -1 17 -1 8 -1 18 -1 18 -1 #SUP: 46
1 -1 1 -1 1 -1 17 -1 8 -1 18 -1 71 -1 #SUP: 31
1 -1 1 -1 1 -1 17 -1 8 -1 21 -1 #SUP: 39
1 -1 1 -1 1 -1 17 -1 8 -1 29 -1 #SUP: 34
1 -1 1 -1 1 -1 17 -1 8 -1 71 -1 #SUP: 46
1 -1 1 -1 1 -1 17 -1 8 -1 92 -1 #SUP: 40
1 -1 1 -1 1 -1 17 -1 14 -1 #SUP: 107
1 -1 1 -1 1 -1 17 -1 14 -1 8 -1 #SUP: 51
1 -1 1 -1 1 -1 17 -1 14 -1 8 -1 18 -1 #SUP: 33
1 -1 1 -1 1 -1 17 -1 14 -1 14 -1 #SUP: 36
1 -1 1 -1 1 -1 17 -1 14 -1 17 -1 #SUP: 34
1 -1 1 -1 1 -1 17 -1 14 -1 18 -1 #SUP: 56
1 -1 1 -1 1 -1 17 -1 14 -1 71 -1 #SUP: 33
1 -1 1 -1 1 -1 17 -1 17 -1 #SUP: 86
1 -1 1 -1 1 -1 17 -1 17 -1 8 -1 #SUP: 44
1 -1 1 -1 1 -1 17 -1 17 -1 14 -1 #SUP: 37
1 -1 1 -1 1 -1 17 -1 17 -1 18 -1 #SUP: 46
1 -1 1 -1 1 -1 17 -1 17 -1 71 -1 #SUP: 31
1 -1 1 -1 1 -1 17 -1 18 -1 #SUP: 142
1 -1 1 -1 1 -1 17 -1 18 -1 8 -1 #SUP: 70
1 -1 1 -1 1 -1 17 -1 18 -1 8 -1 8 -1 #SUP: 42
1 -1 1 -1 1 -1 17 -1 18 -1 8 -1 8 -1 18 -1 #SUP: 32
1 -1 1 -1 1 -1 17 -1 18 -1 8 -1 14 -1 #SUP: 33
1 -1 1 -1 1 -1 17 -1 18 -1 8 -1 18 -1 #SUP: 48
1 -1 1 -1 1 -1 17 -1 18 -1 14 -1 #SUP: 59
1 -1 1 -1 1 -1 17 -1 18 -1 14 -1 8 -1 #SUP: 32
1 -1 1 -1 1 -1 17 -1 18 -1 14 -1 18 -1 #SUP: 32
1 -1 1 -1 1 -1 17 -1 18 -1 17 -1 #SUP: 32
1 -1 1 -1 1 -1 17 -1 18 -1 18 -1 #SUP: 67
1 -1 1 -1 1 -1 17 -1 18 -1 18 -1 8 -1 #SUP: 38
1 -1 1 -1 1 -1 17 -1 18 -1 18 -1 18 -1 #SUP: 33
1 -1 1 -1 1 -1 17 -1 18 -1 21 -1 #SUP: 30
1 -1 1 -1 1 -1 17 -1 18 -1 29 -1 #SUP: 35
1 -1 1 -1 1 -1 17 -1 18 -1 71 -1 #SUP: 48
1 -1 1 -1 1 -1 17 -1 18 -1 92 -1 #SUP: 32
1 -1 1 -1 1 -1 17 -1 19 -1 #SUP: 32
1 -1 1 -1 1 -1 17 -1 20 -1 #SUP: 53
1 -1 1 -1 1 -1 17 -1 21 -1 #SUP: 61
1 -1 1 -1 1 -1 17 -1 21 -1 8 -1 #SUP: 35
1 -1 1 -1 1 -1 17 -1 21 -1 18 -1 #SUP: 30
1 -1 1 -1 1 -1 17 -1 29 -1 #SUP: 75
1 -1 1 -1 1 -1 17 -1 29 -1 8 -1 #SUP: 45
1 -1 1 -1 1 -1 17 -1 29 -1 17 -1 #SUP: 39
1 -1 1 -1 1 -1 17 -1 29 -1 18 -1 #SUP: 45
1 -1 1 -1 1 -1 17 -1 29 -1 71 -1 #SUP: 33
1 -1 1 -1 1 -1 17 -1 30 -1 #SUP: 44
1 -1 1 -1 1 -1 17 -1 290 -1 #SUP: 43
1 -1 1 -1 1 -1 17 -1 39 -1 #SUP: 30
1 -1 1 -1 1 -1 17 -1 40 -1 #SUP: 63
1 -1 1 -1 1 -1 17 -1 40 -1 8 -1 #SUP: 32
1 -1 1 -1 1 -1 17 -1 40 -1 18 -1 #SUP: 39
1 -1 1 -1 1 -1 17 -1 52 -1 #SUP: 39
1 -1 1 -1 1 -1 17 -1 71 -1 #SUP: 110
1 -1 1 -1 1 -1 17 -1 71 -1 8 -1 #SUP: 65
1 -1 1 -1 1 -1 17 -1 71 -1 8 -1 8 -1 #SUP: 39
1 -1 1 -1 1 -1 17 -1 71 -1 8 -1 14 -1 #SUP: 35
1 -1 1 -1 1 -1 17 -1 71 -1 8 -1 18 -1 #SUP: 45
1 -1 1 -1 1 -1 17 -1 71 -1 14 -1 #SUP: 53
1 -1 1 -1 1 -1 17 -1 71 -1 17 -1 #SUP: 40
1 -1 1 -1 1 -1 17 -1 71 -1 18 -1 #SUP: 59
1 -1 1 -1 1 -1 17 -1 71 -1 71 -1 #SUP: 49
1 -1 1 -1 1 -1 17 -1 71 -1 71 -1 8 -1 #SUP: 30
1 -1 1 -1 1 -1 17 -1 71 -1 92 -1 #SUP: 38
1 -1 1 -1 1 -1 17 -1 90 -1 #SUP: 30
1 -1 1 -1 1 -1 17 -1 92 -1 #SUP: 73
1 -1 1 -1 1 -1 17 -1 92 -1 8 -1 #SUP: 42
1 -1 1 -1 1 -1 17 -1 92 -1 14 -1 #SUP: 32
1 -1 1 -1 1 -1 17 -1 92 -1 18 -1 #SUP: 39
1 -1 1 -1 1 -1 17 -1 96 -1 #SUP: 49
1 -1 1 -1 1 -1 17 -1 103 -1 #SUP: 30
1 -1 1 -1 1 -1 17 -1 186 -1 #SUP: 38
1 -1 1 -1 1 -1 17 -1 206 -1 #SUP: 38
1 -1 1 -1 1 -1 18 -1 #SUP: 325
1 -1 1 -1 1 -1 18 -1 3 -1 #SUP: 74
1 -1 1 -1 1 -1 18 -1 3 -1 8 -1 #SUP: 46
1 -1 1 -1 1 -1 18 -1 3 -1 8 -1 18 -1 #SUP: 37
1 -1 1 -1 1 -1 18 -1 3 -1 18 -1 #SUP: 44
1 -1 1 -1 1 -1 18 -1 8 -1 #SUP: 203
1 -1 1 -1 1 -1 18 -1 8 -1 3 -1 #SUP: 42
1 -1 1 -1 1 -1 18 -1 8 -1 8 -1 #SUP: 127
1 -1 1 -1 1 -1 18 -1 8 -1 8 -1 8 -1 #SUP: 75
1 -1 1 -1 1 -1 18 -1 8 -1 8 -1 8 -1 8 -1 #SUP: 44
1 -1 1 -1 1 -1 18 -1 8 -1 8 -1 8 -1 14 -1 #SUP: 31
1 -1 1 -1 1 -1 18 -1 8 -1 8 -1 8 -1 18 -1 #SUP: 49
1 -1 1 -1 1 -1 18 -1 8 -1 8 -1 14 -1 #SUP: 59
1 -1 1 -1 1 -1 18 -1 8 -1 8 -1 14 -1 8 -1 #SUP: 33
1 -1 1 -1 1 -1 18 -1 8 -1 8 -1 14 -1 18 -1 #SUP: 33
1 -1 1 -1 1 -1 18 -1 8 -1 8 -1 17 -1 #SUP: 38
1 -1 1 -1 1 -1 18 -1 8 -1 8 -1 18 -1 #SUP: 84
1 -1 1 -1 1 -1 18 -1 8 -1 8 -1 18 -1 8 -1 #SUP: 55
1 -1 1 -1 1 -1 18 -1 8 -1 8 -1 18 -1 8 -1 18 -1 #SUP: 32
1 -1 1 -1 1 -1 18 -1 8 -1 8 -1 18 -1 14 -1 #SUP: 33
1 -1 1 -1 1 -1 18 -1 8 -1 8 -1 18 -1 18 -1 #SUP: 43
1 -1 1 -1 1 -1 18 -1 8 -1 8 -1 18 -1 71 -1 #SUP: 31
1 -1 1 -1 1 -1 18 -1 8 -1 8 -1 21 -1 #SUP: 32
1 -1 1 -1 1 -1 18 -1 8 -1 8 -1 71 -1 #SUP: 49
1 -1 1 -1 1 -1 18 -1 8 -1 8 -1 71 -1 8 -1 #SUP: 31
1 -1 1 -1 1 -1 18 -1 8 -1 14 -1 #SUP: 101
1 -1 1 -1 1 -1 18 -1 8 -1 14 -1 8 -1 #SUP: 58
1 -1 1 -1 1 -1 18 -1 8 -1 14 -1 8 -1 8 -1 #SUP: 33
1 -1 1 -1 1 -1 18 -1 8 -1 14 -1 8 -1 18 -1 #SUP: 40
1 -1 1 -1 1 -1 18 -1 8 -1 14 -1 14 -1 #SUP: 45
1 -1 1 -1 1 -1 18 -1 8 -1 14 -1 17 -1 #SUP: 33
1 -1 1 -1 1 -1 18 -1 8 -1 14 -1 18 -1 #SUP: 61
1 -1 1 -1 1 -1 18 -1 8 -1 14 -1 18 -1 8 -1 #SUP: 37
1 -1 1 -1 1 -1 18 -1 8 -1 14 -1 29 -1 #SUP: 31
1 -1 1 -1 1 -1 18 -1 8 -1 14 -1 71 -1 #SUP: 37
1 -1 1 -1 1 -1 18 -1 8 -1 17 -1 #SUP: 68
1 -1 1 -1 1 -1 18 -1 8 -1 17 -1 8 -1 #SUP: 33
1 -1 1 -1 1 -1 18 -1 8 -1 17 -1 18 -1 #SUP: 30
1 -1 1 -1 1 -1 18 -1 8 -1 18 -1 #SUP: 151
1 -1 1 -1 1 -1 18 -1 8 -1 18 -1 8 -1 #SUP: 96
1 -1 1 -1 1 -1 18 -1 8 -1 18 -1 8 -1 8 -1 #SUP: 55
1 -1 1 -1 1 -1 18 -1 8 -1 18 -1 8 -1 8 -1 18 -1 #SUP: 38
1 -1 1 -1 1 -1 18 -1 8 -1 18 -1 8 -1 14 -1 #SUP: 42
1 -1 1 -1 1 -1 18 -1 8 -1 18 -1 8 -1 18 -1 #SUP: 61
1 -1 1 -1 1 -1 18 -1 8 -1 18 -1 8 -1 18 -1 8 -1 #SUP: 38
1 -1 1 -1 1 -1 18 -1 8 -1 18 -1 8 -1 18 -1 18 -1 #SUP: 30
1 -1 1 -1 1 -1 18 -1 8 -1 18 -1 8 -1 71 -1 #SUP: 38
1 -1 1 -1 1 -1 18 -1 8 -1 18 -1 14 -1 #SUP: 63
1 -1 1 -1 1 -1 18 -1 8 -1 18 -1 14 -1 8 -1 #SUP: 39
1 -1 1 -1 1 -1 18 -1 8 -1 18 -1 14 -1 14 -1 #SUP: 30
1 -1 1 -1 1 -1 18 -1 8 -1 18 -1 14 -1 18 -1 #SUP: 38
1 -1 1 -1 1 -1 18 -1 8 -1 18 -1 17 -1 #SUP: 48
1 -1 1 -1 1 -1 18 -1 8 -1 18 -1 18 -1 #SUP: 78
1 -1 1 -1 1 -1 18 -1 8 -1 18 -1 18 -1 8 -1 #SUP: 48
1 -1 1 -1 1 -1 18 -1 8 -1 18 -1 18 -1 8 -1 18 -1 #SUP: 32
1 -1 1 -1 1 -1 18 -1 8 -1 18 -1 18 -1 14 -1 #SUP: 35
1 -1 1 -1 1 -1 18 -1 8 -1 18 -1 18 -1 18 -1 #SUP: 40
1 -1 1 -1 1 -1 18 -1 8 -1 18 -1 18 -1 71 -1 #SUP: 30
1 -1 1 -1 1 -1 18 -1 8 -1 18 -1 21 -1 #SUP: 39
1 -1 1 -1 1 -1 18 -1 8 -1 18 -1 29 -1 #SUP: 42
1 -1 1 -1 1 -1 18 -1 8 -1 18 -1 40 -1 #SUP: 33
1 -1 1 -1 1 -1 18 -1 8 -1 18 -1 71 -1 #SUP: 55
1 -1 1 -1 1 -1 18 -1 8 -1 18 -1 71 -1 8 -1 #SUP: 35
1 -1 1 -1 1 -1 18 -1 8 -1 18 -1 92 -1 #SUP: 30
1 -1 1 -1 1 -1 18 -1 8 -1 18 -1 96 -1 #SUP: 31
1 -1 1 -1 1 -1 18 -1 8 -1 20 -1 #SUP: 32
1 -1 1 -1 1 -1 18 -1 8 -1 21 -1 #SUP: 58
1 -1 1 -1 1 -1 18 -1 8 -1 21 -1 8 -1 #SUP: 44
1 -1 1 -1 1 -1 18 -1 8 -1 21 -1 8 -1 18 -1 #SUP: 30
1 -1 1 -1 1 -1 18 -1 8 -1 21 -1 18 -1 #SUP: 35
1 -1 1 -1 1 -1 18 -1 8 -1 29 -1 #SUP: 56
1 -1 1 -1 1 -1 18 -1 8 -1 29 -1 8 -1 #SUP: 34
1 -1 1 -1 1 -1 18 -1 8 -1 29 -1 18 -1 #SUP: 30
1 -1 1 -1 1 -1 18 -1 8 -1 30 -1 #SUP: 30
1 -1 1 -1 1 -1 18 -1 8 -1 290 -1 #SUP: 42
1 -1 1 -1 1 -1 18 -1 8 -1 40 -1 #SUP: 40
1 -1 1 -1 1 -1 18 -1 8 -1 71 -1 #SUP: 73
1 -1 1 -1 1 -1 18 -1 8 -1 71 -1 8 -1 #SUP: 49
1 -1 1 -1 1 -1 18 -1 8 -1 71 -1 14 -1 #SUP: 35
1 -1 1 -1 1 -1 18 -1 8 -1 71 -1 18 -1 #SUP: 34
1 -1 1 -1 1 -1 18 -1 8 -1 71 -1 71 -1 #SUP: 35
1 -1 1 -1 1 -1 18 -1 8 -1 92 -1 #SUP: 49
1 -1 1 -1 1 -1 18 -1 8 -1 92 -1 8 -1 #SUP: 30
1 -1 1 -1 1 -1 18 -1 8 -1 96 -1 #SUP: 40
1 -1 1 -1 1 -1 18 -1 8 -1 124 -1 #SUP: 31
1 -1 1 -1 1 -1 18 -1 265 -1 #SUP: 30
1 -1 1 -1 1 -1 18 -1 14 -1 #SUP: 152
1 -1 1 -1 1 -1 18 -1 14 -1 8 -1 #SUP: 85
1 -1 1 -1 1 -1 18 -1 14 -1 8 -1 8 -1 #SUP: 55
1 -1 1 -1 1 -1 18 -1 14 -1 8 -1 8 -1 8 -1 #SUP: 30
1 -1 1 -1 1 -1 18 -1 14 -1 8 -1 8 -1 18 -1 #SUP: 34
1 -1 1 -1 1 -1 18 -1 14 -1 8 -1 14 -1 #SUP: 40
1 -1 1 -1 1 -1 18 -1 14 -1 8 -1 18 -1 #SUP: 58
1 -1 1 -1 1 -1 18 -1 14 -1 8 -1 18 -1 8 -1 #SUP: 38
1 -1 1 -1 1 -1 18 -1 14 -1 8 -1 18 -1 14 -1 #SUP: 30
1 -1 1 -1 1 -1 18 -1 14 -1 8 -1 18 -1 18 -1 #SUP: 30
1 -1 1 -1 1 -1 18 -1 14 -1 8 -1 71 -1 #SUP: 30
1 -1 1 -1 1 -1 18 -1 14 -1 14 -1 #SUP: 68
1 -1 1 -1 1 -1 18 -1 14 -1 14 -1 8 -1 #SUP: 36
1 -1 1 -1 1 -1 18 -1 14 -1 14 -1 14 -1 #SUP: 33
1 -1 1 -1 1 -1 18 -1 14 -1 14 -1 18 -1 #SUP: 38
1 -1 1 -1 1 -1 18 -1 14 -1 17 -1 #SUP: 49
1 -1 1 -1 1 -1 18 -1 14 -1 18 -1 #SUP: 88
1 -1 1 -1 1 -1 18 -1 14 -1 18 -1 8 -1 #SUP: 57
1 -1 1 -1 1 -1 18 -1 14 -1 18 -1 8 -1 8 -1 #SUP: 35
1 -1 1 -1 1 -1 18 -1 14 -1 18 -1 8 -1 18 -1 #SUP: 38
1 -1 1 -1 1 -1 18 -1 14 -1 18 -1 14 -1 #SUP: 44
1 -1 1 -1 1 -1 18 -1 14 -1 18 -1 14 -1 8 -1 #SUP: 30
1 -1 1 -1 1 -1 18 -1 14 -1 18 -1 18 -1 #SUP: 46
1 -1 1 -1 1 -1 18 -1 14 -1 18 -1 18 -1 8 -1 #SUP: 30
1 -1 1 -1 1 -1 18 -1 14 -1 18 -1 71 -1 #SUP: 33
1 -1 1 -1 1 -1 18 -1 14 -1 20 -1 #SUP: 30
1 -1 1 -1 1 -1 18 -1 14 -1 21 -1 #SUP: 44
1 -1 1 -1 1 -1 18 -1 14 -1 29 -1 #SUP: 42
1 -1 1 -1 1 -1 18 -1 14 -1 290 -1 #SUP: 32
1 -1 1 -1 1 -1 18 -1 14 -1 40 -1 #SUP: 31
1 -1 1 -1 1 -1 18 -1 14 -1 71 -1 #SUP: 57
1 -1 1 -1 1 -1 18 -1 14 -1 71 -1 8 -1 #SUP: 31
1 -1 1 -1 1 -1 18 -1 14 -1 92 -1 #SUP: 37
1 -1 1 -1 1 -1 18 -1 17 -1 #SUP: 139
1 -1 1 -1 1 -1 18 -1 17 -1 3 -1 #SUP: 33
1 -1 1 -1 1 -1 18 -1 17 -1 8 -1 #SUP: 70
1 -1 1 -1 1 -1 18 -1 17 -1 8 -1 8 -1 #SUP: 39
1 -1 1 -1 1 -1 18 -1 17 -1 8 -1 14 -1 #SUP: 38
1 -1 1 -1 1 -1 18 -1 17 -1 8 -1 18 -1 #SUP: 46
1 -1 1 -1 1 -1 18 -1 17 -1 14 -1 #SUP: 56
1 -1 1 -1 1 -1 18 -1 17 -1 14 -1 18 -1 #SUP: 30
1 -1 1 -1 1 -1 18 -1 17 -1 17 -1 #SUP: 49
1 -1 1 -1 1 -1 18 -1 17 -1 18 -1 #SUP: 72
1 -1 1 -1 1 -1 18 -1 17 -1 18 -1 8 -1 #SUP: 36
1 -1 1 -1 1 -1 18 -1 17 -1 18 -1 18 -1 #SUP: 33
1 -1 1 -1 1 -1 18 -1 17 -1 21 -1 #SUP: 30
1 -1 1 -1 1 -1 18 -1 17 -1 29 -1 #SUP: 42
1 -1 1 -1 1 -1 18 -1 17 -1 71 -1 #SUP: 56
1 -1 1 -1 1 -1 18 -1 17 -1 71 -1 8 -1 #SUP: 35
1 -1 1 -1 1 -1 18 -1 17 -1 92 -1 #SUP: 36
1 -1 1 -1 1 -1 18 -1 17 -1 96 -1 #SUP: 32
1 -1 1 -1 1 -1 18 -1 18 -1 #SUP: 192
1 -1 1 -1 1 -1 18 -1 18 -1 3 -1 #SUP: 38
1 -1 1 -1 1 -1 18 -1 18 -1 8 -1 #SUP: 114
1 -1 1 -1 1 -1 18 -1 18 -1 8 -1 8 -1 #SUP: 77
1 -1 1 -1 1 -1 18 -1 18 -1 8 -1 8 -1 8 -1 #SUP: 41
1 -1 1 -1 1 -1 18 -1 18 -1 8 -1 8 -1 14 -1 #SUP: 33
1 -1 1 -1 1 -1 18 -1 18 -1 8 -1 8 -1 18 -1 #SUP: 55
1 -1 1 -1 1 -1 18 -1 18 -1 8 -1 8 -1 18 -1 8 -1 #SUP: 31
1 -1 1 -1 1 -1 18 -1 18 -1 8 -1 14 -1 #SUP: 52
1 -1 1 -1 1 -1 18 -1 18 -1 8 -1 14 -1 8 -1 #SUP: 36
1 -1 1 -1 1 -1 18 -1 18 -1 8 -1 14 -1 18 -1 #SUP: 34
1 -1 1 -1 1 -1 18 -1 18 -1 8 -1 18 -1 #SUP: 78
1 -1 1 -1 1 -1 18 -1 18 -1 8 -1 18 -1 8 -1 #SUP: 56
1 -1 1 -1 1 -1 18 -1 18 -1 8 -1 18 -1 8 -1 18 -1 #SUP: 37
1 -1 1 -1 1 -1 18 -1 18 -1 8 -1 18 -1 14 -1 #SUP: 35
1 -1 1 -1 1 -1 18 -1 18 -1 8 -1 18 -1 18 -1 #SUP: 41
1 -1 1 -1 1 -1 18 -1 18 -1 8 -1 71 -1 #SUP: 44
1 -1 1 -1 1 -1 18 -1 18 -1 14 -1 #SUP: 78
1 -1 1 -1 1 -1 18 -1 18 -1 14 -1 8 -1 #SUP: 51
1 -1 1 -1 1 -1 18 -1 18 -1 14 -1 8 -1 8 -1 #SUP: 31
1 -1 1 -1 1 -1 18 -1 18 -1 14 -1 8 -1 18 -1 #SUP: 37
1 -1 1 -1 1 -1 18 -1 18 -1 14 -1 14 -1 #SUP: 40
1 -1 1 -1 1 -1 18 -1 18 -1 14 -1 18 -1 #SUP: 48
1 -1 1 -1 1 -1 18 -1 18 -1 14 -1 18 -1 8 -1 #SUP: 32
1 -1 1 -1 1 -1 18 -1 18 -1 14 -1 71 -1 #SUP: 31
1 -1 1 -1 1 -1 18 -1 18 -1 17 -1 #SUP: 61
1 -1 1 -1 1 -1 18 -1 18 -1 17 -1 8 -1 #SUP: 31
1 -1 1 -1 1 -1 18 -1 18 -1 18 -1 #SUP: 103
1 -1 1 -1 1 -1 18 -1 18 -1 18 -1 8 -1 #SUP: 67
1 -1 1 -1 1 -1 18 -1 18 -1 18 -1 8 -1 8 -1 #SUP: 40
1 -1 1 -1 1 -1 18 -1 18 -1 18 -1 8 -1 14 -1 #SUP: 31
1 -1 1 -1 1 -1 18 -1 18 -1 18 -1 8 -1 18 -1 #SUP: 47
1 -1 1 -1 1 -1 18 -1 18 -1 18 -1 8 -1 18 -1 8 -1 #SUP: 30
1 -1 1 -1 1 -1 18 -1 18 -1 18 -1 14 -1 #SUP: 48
1 -1 1 -1 1 -1 18 -1 18 -1 18 -1 14 -1 8 -1 #SUP: 35
1 -1 1 -1 1 -1 18 -1 18 -1 18 -1 14 -1 18 -1 #SUP: 34
1 -1 1 -1 1 -1 18 -1 18 -1 18 -1 18 -1 #SUP: 55
1 -1 1 -1 1 -1 18 -1 18 -1 18 -1 18 -1 8 -1 #SUP: 35
1 -1 1 -1 1 -1 18 -1 18 -1 18 -1 18 -1 18 -1 #SUP: 32
1 -1 1 -1 1 -1 18 -1 18 -1 18 -1 71 -1 #SUP: 40
1 -1 1 -1 1 -1 18 -1 18 -1 20 -1 #SUP: 36
1 -1 1 -1 1 -1 18 -1 18 -1 21 -1 #SUP: 48
1 -1 1 -1 1 -1 18 -1 18 -1 21 -1 8 -1 #SUP: 34
1 -1 1 -1 1 -1 18 -1 18 -1 21 -1 18 -1 #SUP: 32
1 -1 1 -1 1 -1 18 -1 18 -1 29 -1 #SUP: 56
1 -1 1 -1 1 -1 18 -1 18 -1 29 -1 8 -1 #SUP: 36
1 -1 1 -1 1 -1 18 -1 18 -1 29 -1 18 -1 #SUP: 34
1 -1 1 -1 1 -1 18 -1 18 -1 30 -1 #SUP: 31
1 -1 1 -1 1 -1 18 -1 18 -1 290 -1 #SUP: 42
1 -1 1 -1 1 -1 18 -1 18 -1 40 -1 #SUP: 38
1 -1 1 -1 1 -1 18 -1 18 -1 318 -1 #SUP: 30
1 -1 1 -1 1 -1 18 -1 18 -1 71 -1 #SUP: 72
1 -1 1 -1 1 -1 18 -1 18 -1 71 -1 8 -1 #SUP: 46
1 -1 1 -1 1 -1 18 -1 18 -1 71 -1 8 -1 18 -1 #SUP: 33
1 -1 1 -1 1 -1 18 -1 18 -1 71 -1 14 -1 #SUP: 34
1 -1 1 -1 1 -1 18 -1 18 -1 71 -1 18 -1 #SUP: 37
1 -1 1 -1 1 -1 18 -1 18 -1 71 -1 71 -1 #SUP: 33
1 -1 1 -1 1 -1 18 -1 18 -1 92 -1 #SUP: 42
1 -1 1 -1 1 -1 18 -1 18 -1 96 -1 #SUP: 37
1 -1 1 -1 1 -1 18 -1 18 -1 206 -1 #SUP: 31
1 -1 1 -1 1 -1 18 -1 19 -1 #SUP: 41
1 -1 1 -1 1 -1 18 -1 20 -1 #SUP: 72
1 -1 1 -1 1 -1 18 -1 20 -1 8 -1 #SUP: 41
1 -1 1 -1 1 -1 18 -1 20 -1 18 -1 #SUP: 38
1 -1 1 -1 1 -1 18 -1 21 -1 #SUP: 101
1 -1 1 -1 1 -1 18 -1 21 -1 8 -1 #SUP: 71
1 -1 1 -1 1 -1 18 -1 21 -1 8 -1 8 -1 #SUP: 47
1 -1 1 -1 1 -1 18 -1 21 -1 8 -1 14 -1 #SUP: 30
1 -1 1 -1 1 -1 18 -1 21 -1 8 -1 18 -1 #SUP: 51
1 -1 1 -1 1 -1 18 -1 21 -1 8 -1 18 -1 8 -1 #SUP: 33
1 -1 1 -1 1 -1 18 -1 21 -1 14 -1 #SUP: 43
1 -1 1 -1 1 -1 18 -1 21 -1 14 -1 8 -1 #SUP: 32
1 -1 1 -1 1 -1 18 -1 21 -1 17 -1 #SUP: 39
1 -1 1 -1 1 -1 18 -1 21 -1 18 -1 #SUP: 58
1 -1 1 -1 1 -1 18 -1 21 -1 18 -1 8 -1 #SUP: 39
1 -1 1 -1 1 -1 18 -1 21 -1 18 -1 18 -1 #SUP: 32
1 -1 1 -1 1 -1 18 -1 21 -1 71 -1 #SUP: 40
1 -1 1 -1 1 -1 18 -1 23 -1 #SUP: 35
1 -1 1 -1 1 -1 18 -1 29 -1 #SUP: 105
1 -1 1 -1 1 -1 18 -1 29 -1 3 -1 #SUP: 30
1 -1 1 -1 1 -1 18 -1 29 -1 8 -1 #SUP: 65
1 -1 1 -1 1 -1 18 -1 29 -1 8 -1 8 -1 #SUP: 34
1 -1 1 -1 1 -1 18 -1 29 -1 8 -1 18 -1 #SUP: 42
1 -1 1 -1 1 -1 18 -1 29 -1 14 -1 #SUP: 43
1 -1 1 -1 1 -1 18 -1 29 -1 17 -1 #SUP: 57
1 -1 1 -1 1 -1 18 -1 29 -1 17 -1 8 -1 #SUP: 31
1 -1 1 -1 1 -1 18 -1 29 -1 17 -1 18 -1 #SUP: 34
1 -1 1 -1 1 -1 18 -1 29 -1 18 -1 #SUP: 63
1 -1 1 -1 1 -1 18 -1 29 -1 18 -1 8 -1 #SUP: 35
1 -1 1 -1 1 -1 18 -1 29 -1 18 -1 18 -1 #SUP: 34
1 -1 1 -1 1 -1 18 -1 29 -1 21 -1 #SUP: 36
1 -1 1 -1 1 -1 18 -1 29 -1 71 -1 #SUP: 49
1 -1 1 -1 1 -1 18 -1 29 -1 71 -1 8 -1 #SUP: 30
1 -1 1 -1 1 -1 18 -1 29 -1 92 -1 #SUP: 32
1 -1 1 -1 1 -1 18 -1 29 -1 96 -1 #SUP: 34
1 -1 1 -1 1 -1 18 -1 30 -1 #SUP: 57
1 -1 1 -1 1 -1 18 -1 30 -1 8 -1 #SUP: 36
1 -1 1 -1 1 -1 18 -1 290 -1 #SUP: 68
1 -1 1 -1 1 -1 18 -1 290 -1 8 -1 #SUP: 44
1 -1 1 -1 1 -1 18 -1 290 -1 8 -1 18 -1 #SUP: 34
1 -1 1 -1 1 -1 18 -1 290 -1 18 -1 #SUP: 44
1 -1 1 -1 1 -1 18 -1 292 -1 #SUP: 36
1 -1 1 -1 1 -1 18 -1 39 -1 #SUP: 37
1 -1 1 -1 1 -1 18 -1 40 -1 #SUP: 85
1 -1 1 -1 1 -1 18 -1 40 -1 8 -1 #SUP: 51
1 -1 1 -1 1 -1 18 -1 40 -1 8 -1 18 -1 #SUP: 34
1 -1 1 -1 1 -1 18 -1 40 -1 14 -1 #SUP: 40
1 -1 1 -1 1 -1 18 -1 40 -1 18 -1 #SUP: 53
1 -1 1 -1 1 -1 18 -1 40 -1 18 -1 8 -1 #SUP: 31
1 -1 1 -1 1 -1 18 -1 40 -1 71 -1 #SUP: 35
1 -1 1 -1 1 -1 18 -1 52 -1 #SUP: 46
1 -1 1 -1 1 -1 18 -1 54 -1 #SUP: 37
1 -1 1 -1 1 -1 18 -1 318 -1 #SUP: 41
1 -1 1 -1 1 -1 18 -1 71 -1 #SUP: 139
1 -1 1 -1 1 -1 18 -1 71 -1 3 -1 #SUP: 31
1 -1 1 -1 1 -1 18 -1 71 -1 8 -1 #SUP: 87
1 -1 1 -1 1 -1 18 -1 71 -1 8 -1 8 -1 #SUP: 51
1 -1 1 -1 1 -1 18 -1 71 -1 8 -1 8 -1 18 -1 #SUP: 30
1 -1 1 -1 1 -1 18 -1 71 -1 8 -1 14 -1 #SUP: 45
1 -1 1 -1 1 -1 18 -1 71 -1 8 -1 18 -1 #SUP: 58
1 -1 1 -1 1 -1 18 -1 71 -1 8 -1 18 -1 8 -1 #SUP: 35
1 -1 1 -1 1 -1 18 -1 71 -1 8 -1 71 -1 #SUP: 33
1 -1 1 -1 1 -1 18 -1 71 -1 14 -1 #SUP: 66
1 -1 1 -1 1 -1 18 -1 71 -1 14 -1 8 -1 #SUP: 37
1 -1 1 -1 1 -1 18 -1 71 -1 14 -1 18 -1 #SUP: 34
1 -1 1 -1 1 -1 18 -1 71 -1 17 -1 #SUP: 44
1 -1 1 -1 1 -1 18 -1 71 -1 18 -1 #SUP: 73
1 -1 1 -1 1 -1 18 -1 71 -1 18 -1 8 -1 #SUP: 43
1 -1 1 -1 1 -1 18 -1 71 -1 18 -1 14 -1 #SUP: 34
1 -1 1 -1 1 -1 18 -1 71 -1 18 -1 18 -1 #SUP: 34
1 -1 1 -1 1 -1 18 -1 71 -1 18 -1 71 -1 #SUP: 31
1 -1 1 -1 1 -1 18 -1 71 -1 20 -1 #SUP: 31
1 -1 1 -1 1 -1 18 -1 71 -1 21 -1 #SUP: 31
1 -1 1 -1 1 -1 18 -1 71 -1 29 -1 #SUP: 32
1 -1 1 -1 1 -1 18 -1 71 -1 290 -1 #SUP: 38
1 -1 1 -1 1 -1 18 -1 71 -1 71 -1 #SUP: 65
1 -1 1 -1 1 -1 18 -1 71 -1 71 -1 8 -1 #SUP: 37
1 -1 1 -1 1 -1 18 -1 71 -1 92 -1 #SUP: 47
1 -1 1 -1 1 -1 18 -1 92 -1 #SUP: 101
1 -1 1 -1 1 -1 18 -1 92 -1 8 -1 #SUP: 53
1 -1 1 -1 1 -1 18 -1 92 -1 8 -1 8 -1 #SUP: 33
1 -1 1 -1 1 -1 18 -1 92 -1 8 -1 18 -1 #SUP: 39
1 -1 1 -1 1 -1 18 -1 92 -1 14 -1 #SUP: 37
1 -1 1 -1 1 -1 18 -1 92 -1 17 -1 #SUP: 38
1 -1 1 -1 1 -1 18 -1 92 -1 18 -1 #SUP: 52
1 -1 1 -1 1 -1 18 -1 92 -1 18 -1 8 -1 #SUP: 31
1 -1 1 -1 1 -1 18 -1 92 -1 71 -1 #SUP: 45
1 -1 1 -1 1 -1 18 -1 92 -1 92 -1 #SUP: 33
1 -1 1 -1 1 -1 18 -1 96 -1 #SUP: 67
1 -1 1 -1 1 -1 18 -1 96 -1 8 -1 #SUP: 39
1 -1 1 -1 1 -1 18 -1 96 -1 17 -1 #SUP: 37
1 -1 1 -1 1 -1 18 -1 96 -1 18 -1 #SUP: 36
1 -1 1 -1 1 -1 18 -1 103 -1 #SUP: 42
1 -1 1 -1 1 -1 18 -1 122 -1 #SUP: 33
1 -1 1 -1 1 -1 18 -1 124 -1 #SUP: 64
1 -1 1 -1 1 -1 18 -1 124 -1 8 -1 #SUP: 38
1 -1 1 -1 1 -1 18 -1 124 -1 18 -1 #SUP: 36
1 -1 1 -1 1 -1 18 -1 186 -1 #SUP: 46
1 -1 1 -1 1 -1 18 -1 206 -1 #SUP: 63
1 -1 1 -1 1 -1 18 -1 206 -1 8 -1 #SUP: 31
1 -1 1 -1 1 -1 18 -1 206 -1 18 -1 #SUP: 34
1 -1 1 -1 1 -1 18 -1 219 -1 #SUP: 40
1 -1 1 -1 1 -1 18 -1 224 -1 #SUP: 43
1 -1 1 -1 1 -1 18 -1 225 -1 #SUP: 35
1 -1 1 -1 1 -1 18 -1 227 -1 #SUP: 40
1 -1 1 -1 1 -1 19 -1 #SUP: 77
1 -1 1 -1 1 -1 19 -1 8 -1 #SUP: 46
1 -1 1 -1 1 -1 19 -1 8 -1 18 -1 #SUP: 31
1 -1 1 -1 1 -1 19 -1 14 -1 #SUP: 34
1 -1 1 -1 1 -1 19 -1 17 -1 #SUP: 36
1 -1 1 -1 1 -1 19 -1 18 -1 #SUP: 45
1 -1 1 -1 1 -1 19 -1 71 -1 #SUP: 45
1 -1 1 -1 1 -1 20 -1 #SUP: 111
1 -1 1 -1 1 -1 20 -1 8 -1 #SUP: 61
1 -1 1 -1 1 -1 20 -1 8 -1 8 -1 #SUP: 33
1 -1 1 -1 1 -1 20 -1 8 -1 18 -1 #SUP: 42
1 -1 1 -1 1 -1 20 -1 14 -1 #SUP: 39
1 -1 1 -1 1 -1 20 -1 17 -1 #SUP: 34
1 -1 1 -1 1 -1 20 -1 18 -1 #SUP: 63
1 -1 1 -1 1 -1 20 -1 18 -1 8 -1 #SUP: 33
1 -1 1 -1 1 -1 20 -1 21 -1 #SUP: 39
1 -1 1 -1 1 -1 20 -1 71 -1 #SUP: 43
1 -1 1 -1 1 -1 20 -1 92 -1 #SUP: 31
1 -1 1 -1 1 -1 21 -1 #SUP: 157
1 -1 1 -1 1 -1 21 -1 3 -1 #SUP: 33
1 -1 1 -1 1 -1 21 -1 8 -1 #SUP: 105
1 -1 1 -1 1 -1 21 -1 8 -1 8 -1 #SUP: 67
1 -1 1 -1 1 -1 21 -1 8 -1 8 -1 8 -1 #SUP: 30
1 -1 1 -1 1 -1 21 -1 8 -1 8 -1 14 -1 #SUP: 30
1 -1 1 -1 1 -1 21 -1 8 -1 8 -1 18 -1 #SUP: 40
1 -1 1 -1 1 -1 21 -1 8 -1 14 -1 #SUP: 51
1 -1 1 -1 1 -1 21 -1 8 -1 14 -1 8 -1 #SUP: 31
1 -1 1 -1 1 -1 21 -1 8 -1 17 -1 #SUP: 35
1 -1 1 -1 1 -1 21 -1 8 -1 18 -1 #SUP: 78
1 -1 1 -1 1 -1 21 -1 8 -1 18 -1 8 -1 #SUP: 49
1 -1 1 -1 1 -1 21 -1 8 -1 18 -1 8 -1 18 -1 #SUP: 34
1 -1 1 -1 1 -1 21 -1 8 -1 18 -1 14 -1 #SUP: 34
1 -1 1 -1 1 -1 21 -1 8 -1 18 -1 18 -1 #SUP: 42
1 -1 1 -1 1 -1 21 -1 8 -1 21 -1 #SUP: 30
1 -1 1 -1 1 -1 21 -1 8 -1 71 -1 #SUP: 40
1 -1 1 -1 1 -1 21 -1 14 -1 #SUP: 74
1 -1 1 -1 1 -1 21 -1 14 -1 8 -1 #SUP: 45
1 -1 1 -1 1 -1 21 -1 14 -1 14 -1 #SUP: 31
1 -1 1 -1 1 -1 21 -1 14 -1 18 -1 #SUP: 38
1 -1 1 -1 1 -1 21 -1 17 -1 #SUP: 63
1 -1 1 -1 1 -1 21 -1 18 -1 #SUP: 97
1 -1 1 -1 1 -1 21 -1 18 -1 8 -1 #SUP: 60
1 -1 1 -1 1 -1 21 -1 18 -1 8 -1 8 -1 #SUP: 34
1 -1 1 -1 1 -1 21 -1 18 -1 8 -1 14 -1 #SUP: 30
1 -1 1 -1 1 -1 21 -1 18 -1 8 -1 18 -1 #SUP: 42
1 -1 1 -1 1 -1 21 -1 18 -1 14 -1 #SUP: 47
1 -1 1 -1 1 -1 21 -1 18 -1 14 -1 8 -1 #SUP: 30
1 -1 1 -1 1 -1 21 -1 18 -1 18 -1 #SUP: 50
1 -1 1 -1 1 -1 21 -1 18 -1 71 -1 #SUP: 39
1 -1 1 -1 1 -1 21 -1 20 -1 #SUP: 39
1 -1 1 -1 1 -1 21 -1 21 -1 #SUP: 48
1 -1 1 -1 1 -1 21 -1 29 -1 #SUP: 50
1 -1 1 -1 1 -1 21 -1 29 -1 8 -1 #SUP: 35
1 -1 1 -1 1 -1 21 -1 40 -1 #SUP: 47
1 -1 1 -1 1 -1 21 -1 40 -1 18 -1 #SUP: 32
1 -1 1 -1 1 -1 21 -1 71 -1 #SUP: 67
1 -1 1 -1 1 -1 21 -1 71 -1 8 -1 #SUP: 37
1 -1 1 -1 1 -1 21 -1 71 -1 71 -1 #SUP: 32
1 -1 1 -1 1 -1 21 -1 92 -1 #SUP: 50
1 -1 1 -1 1 -1 23 -1 #SUP: 51
1 -1 1 -1 1 -1 23 -1 8 -1 #SUP: 31
1 -1 1 -1 1 -1 23 -1 18 -1 #SUP: 32
1 -1 1 -1 1 -1 23 -1 71 -1 #SUP: 30
1 -1 1 -1 1 -1 24 -1 #SUP: 32
1 -1 1 -1 1 -1 25 -1 #SUP: 39
1 -1 1 -1 1 -1 26 -1 #SUP: 43
1 -1 1 -1 1 -1 27 -1 #SUP: 30
1 -1 1 -1 1 -1 29 -1 #SUP: 157
1 -1 1 -1 1 -1 29 -1 3 -1 #SUP: 50
1 -1 1 -1 1 -1 29 -1 3 -1 8 -1 #SUP: 32
1 -1 1 -1 1 -1 29 -1 8 -1 #SUP: 102
1 -1 1 -1 1 -1 29 -1 8 -1 8 -1 #SUP: 57
1 -1 1 -1 1 -1 29 -1 8 -1 8 -1 18 -1 #SUP: 32
1 -1 1 -1 1 -1 29 -1 8 -1 14 -1 #SUP: 44
1 -1 1 -1 1 -1 29 -1 8 -1 17 -1 #SUP: 37
1 -1 1 -1 1 -1 29 -1 8 -1 18 -1 #SUP: 73
1 -1 1 -1 1 -1 29 -1 8 -1 18 -1 8 -1 #SUP: 38
1 -1 1 -1 1 -1 29 -1 8 -1 18 -1 14 -1 #SUP: 32
1 -1 1 -1 1 -1 29 -1 8 -1 18 -1 18 -1 #SUP: 32
1 -1 1 -1 1 -1 29 -1 8 -1 21 -1 #SUP: 30
1 -1 1 -1 1 -1 29 -1 8 -1 71 -1 #SUP: 39
1 -1 1 -1 1 -1 29 -1 8 -1 92 -1 #SUP: 30
1 -1 1 -1 1 -1 29 -1 14 -1 #SUP: 71
1 -1 1 -1 1 -1 29 -1 14 -1 8 -1 #SUP: 35
1 -1 1 -1 1 -1 29 -1 14 -1 18 -1 #SUP: 33
1 -1 1 -1 1 -1 29 -1 17 -1 #SUP: 84
1 -1 1 -1 1 -1 29 -1 17 -1 8 -1 #SUP: 49
1 -1 1 -1 1 -1 29 -1 17 -1 8 -1 18 -1 #SUP: 34
1 -1 1 -1 1 -1 29 -1 17 -1 14 -1 #SUP: 35
1 -1 1 -1 1 -1 29 -1 17 -1 18 -1 #SUP: 48
1 -1 1 -1 1 -1 29 -1 17 -1 71 -1 #SUP: 41
1 -1 1 -1 1 -1 29 -1 18 -1 #SUP: 100
1 -1 1 -1 1 -1 29 -1 18 -1 8 -1 #SUP: 54
1 -1 1 -1 1 -1 29 -1 18 -1 8 -1 18 -1 #SUP: 36
1 -1 1 -1 1 -1 29 -1 18 -1 14 -1 #SUP: 38
1 -1 1 -1 1 -1 29 -1 18 -1 17 -1 #SUP: 33
1 -1 1 -1 1 -1 29 -1 18 -1 18 -1 #SUP: 51
1 -1 1 -1 1 -1 29 -1 18 -1 29 -1 #SUP: 30
1 -1 1 -1 1 -1 29 -1 18 -1 71 -1 #SUP: 37
1 -1 1 -1 1 -1 29 -1 20 -1 #SUP: 31
1 -1 1 -1 1 -1 29 -1 21 -1 #SUP: 57
1 -1 1 -1 1 -1 29 -1 21 -1 8 -1 #SUP: 33
1 -1 1 -1 1 -1 29 -1 21 -1 18 -1 #SUP: 30
1 -1 1 -1 1 -1 29 -1 29 -1 #SUP: 50
1 -1 1 -1 1 -1 29 -1 29 -1 8 -1 #SUP: 31
1 -1 1 -1 1 -1 29 -1 30 -1 #SUP: 34
1 -1 1 -1 1 -1 29 -1 290 -1 #SUP: 43
1 -1 1 -1 1 -1 29 -1 40 -1 #SUP: 41
1 -1 1 -1 1 -1 29 -1 52 -1 #SUP: 33
1 -1 1 -1 1 -1 29 -1 71 -1 #SUP: 85
1 -1 1 -1 1 -1 29 -1 71 -1 8 -1 #SUP: 53
1 -1 1 -1 1 -1 29 -1 71 -1 8 -1 18 -1 #SUP: 34
1 -1 1 -1 1 -1 29 -1 71 -1 14 -1 #SUP: 39
1 -1 1 -1 1 -1 29 -1 71 -1 17 -1 #SUP: 32
1 -1 1 -1 1 -1 29 -1 71 -1 18 -1 #SUP: 43
1 -1 1 -1 1 -1 29 -1 71 -1 71 -1 #SUP: 33
1 -1 1 -1 1 -1 29 -1 92 -1 #SUP: 52
1 -1 1 -1 1 -1 29 -1 92 -1 8 -1 #SUP: 33
1 -1 1 -1 1 -1 29 -1 96 -1 #SUP: 50
1 -1 1 -1 1 -1 29 -1 124 -1 #SUP: 30
1 -1 1 -1 1 -1 30 -1 #SUP: 98
1 -1 1 -1 1 -1 30 -1 8 -1 #SUP: 59
1 -1 1 -1 1 -1 30 -1 8 -1 8 -1 #SUP: 33
1 -1 1 -1 1 -1 30 -1 8 -1 18 -1 #SUP: 41
1 -1 1 -1 1 -1 30 -1 14 -1 #SUP: 40
1 -1 1 -1 1 -1 30 -1 17 -1 #SUP: 46
1 -1 1 -1 1 -1 30 -1 18 -1 #SUP: 52
1 -1 1 -1 1 -1 30 -1 21 -1 #SUP: 31
1 -1 1 -1 1 -1 30 -1 29 -1 #SUP: 35
1 -1 1 -1 1 -1 30 -1 71 -1 #SUP: 45
1 -1 1 -1 1 -1 30 -1 71 -1 8 -1 #SUP: 30
1 -1 1 -1 1 -1 30 -1 92 -1 #SUP: 32
1 -1 1 -1 1 -1 290 -1 #SUP: 109
1 -1 1 -1 1 -1 290 -1 3 -1 #SUP: 32
1 -1 1 -1 1 -1 290 -1 8 -1 #SUP: 70
1 -1 1 -1 1 -1 290 -1 8 -1 8 -1 #SUP: 46
1 -1 1 -1 1 -1 290 -1 8 -1 18 -1 #SUP: 51
1 -1 1 -1 1 -1 290 -1 8 -1 18 -1 8 -1 #SUP: 33
1 -1 1 -1 1 -1 290 -1 14 -1 #SUP: 42
1 -1 1 -1 1 -1 290 -1 17 -1 #SUP: 33
1 -1 1 -1 1 -1 290 -1 18 -1 #SUP: 68
1 -1 1 -1 1 -1 290 -1 18 -1 8 -1 #SUP: 47
1 -1 1 -1 1 -1 290 -1 18 -1 18 -1 #SUP: 34
1 -1 1 -1 1 -1 290 -1 20 -1 #SUP: 32
1 -1 1 -1 1 -1 290 -1 21 -1 #SUP: 38
1 -1 1 -1 1 -1 290 -1 29 -1 #SUP: 31
1 -1 1 -1 1 -1 290 -1 290 -1 #SUP: 30
1 -1 1 -1 1 -1 290 -1 71 -1 #SUP: 49
1 -1 1 -1 1 -1 290 -1 71 -1 8 -1 #SUP: 33
1 -1 1 -1 1 -1 290 -1 92 -1 #SUP: 40
1 -1 1 -1 1 -1 292 -1 #SUP: 57
1 -1 1 -1 1 -1 292 -1 8 -1 #SUP: 35
1 -1 1 -1 1 -1 292 -1 18 -1 #SUP: 37
1 -1 1 -1 1 -1 39 -1 #SUP: 59
1 -1 1 -1 1 -1 39 -1 8 -1 #SUP: 30
1 -1 1 -1 1 -1 39 -1 18 -1 #SUP: 34
1 -1 1 -1 1 -1 40 -1 #SUP: 147
1 -1 1 -1 1 -1 40 -1 8 -1 #SUP: 93
1 -1 1 -1 1 -1 40 -1 8 -1 8 -1 #SUP: 58
1 -1 1 -1 1 -1 40 -1 8 -1 8 -1 18 -1 #SUP: 30
1 -1 1 -1 1 -1 40 -1 8 -1 14 -1 #SUP: 43
1 -1 1 -1 1 -1 40 -1 8 -1 17 -1 #SUP: 36
1 -1 1 -1 1 -1 40 -1 8 -1 18 -1 #SUP: 63
1 -1 1 -1 1 -1 40 -1 8 -1 18 -1 8 -1 #SUP: 37
1 -1 1 -1 1 -1 40 -1 8 -1 71 -1 #SUP: 33
1 -1 1 -1 1 -1 40 -1 14 -1 #SUP: 69
1 -1 1 -1 1 -1 40 -1 14 -1 8 -1 #SUP: 33
1 -1 1 -1 1 -1 40 -1 14 -1 18 -1 #SUP: 35
1 -1 1 -1 1 -1 40 -1 17 -1 #SUP: 69
1 -1 1 -1 1 -1 40 -1 17 -1 8 -1 #SUP: 38
1 -1 1 -1 1 -1 40 -1 17 -1 18 -1 #SUP: 34
1 -1 1 -1 1 -1 40 -1 17 -1 71 -1 #SUP: 32
1 -1 1 -1 1 -1 40 -1 18 -1 #SUP: 101
1 -1 1 -1 1 -1 40 -1 18 -1 8 -1 #SUP: 60
1 -1 1 -1 1 -1 40 -1 18 -1 8 -1 8 -1 #SUP: 33
1 -1 1 -1 1 -1 40 -1 18 -1 8 -1 18 -1 #SUP: 38
1 -1 1 -1 1 -1 40 -1 18 -1 14 -1 #SUP: 44
1 -1 1 -1 1 -1 40 -1 18 -1 17 -1 #SUP: 34
1 -1 1 -1 1 -1 40 -1 18 -1 18 -1 #SUP: 52
1 -1 1 -1 1 -1 40 -1 18 -1 71 -1 #SUP: 38
1 -1 1 -1 1 -1 40 -1 19 -1 #SUP: 43
1 -1 1 -1 1 -1 40 -1 19 -1 71 -1 #SUP: 31
1 -1 1 -1 1 -1 40 -1 20 -1 #SUP: 36
1 -1 1 -1 1 -1 40 -1 21 -1 #SUP: 42
1 -1 1 -1 1 -1 40 -1 29 -1 #SUP: 45
1 -1 1 -1 1 -1 40 -1 30 -1 #SUP: 36
1 -1 1 -1 1 -1 40 -1 290 -1 #SUP: 31
1 -1 1 -1 1 -1 40 -1 40 -1 #SUP: 50
1 -1 1 -1 1 -1 40 -1 71 -1 #SUP: 73
1 -1 1 -1 1 -1 40 -1 71 -1 8 -1 #SUP: 49
1 -1 1 -1 1 -1 40 -1 71 -1 14 -1 #SUP: 36
1 -1 1 -1 1 -1 40 -1 71 -1 18 -1 #SUP: 34
1 -1 1 -1 1 -1 40 -1 71 -1 71 -1 #SUP: 32
1 -1 1 -1 1 -1 40 -1 92 -1 #SUP: 47
1 -1 1 -1 1 -1 299 -1 #SUP: 42
1 -1 1 -1 1 -1 45 -1 #SUP: 40
1 -1 1 -1 1 -1 50 -1 #SUP: 39
1 -1 1 -1 1 -1 307 -1 #SUP: 33
1 -1 1 -1 1 -1 51 -1 #SUP: 32
1 -1 1 -1 1 -1 52 -1 #SUP: 78
1 -1 1 -1 1 -1 52 -1 8 -1 #SUP: 47
1 -1 1 -1 1 -1 52 -1 8 -1 8 -1 #SUP: 30
1 -1 1 -1 1 -1 52 -1 8 -1 18 -1 #SUP: 35
1 -1 1 -1 1 -1 52 -1 18 -1 #SUP: 43
1 -1 1 -1 1 -1 52 -1 39 -1 #SUP: 30
1 -1 1 -1 1 -1 52 -1 71 -1 #SUP: 35
1 -1 1 -1 1 -1 54 -1 #SUP: 58
1 -1 1 -1 1 -1 54 -1 8 -1 #SUP: 39
1 -1 1 -1 1 -1 54 -1 14 -1 #SUP: 30
1 -1 1 -1 1 -1 54 -1 18 -1 #SUP: 34
1 -1 1 -1 1 -1 310 -1 #SUP: 46
1 -1 1 -1 1 -1 310 -1 8 -1 #SUP: 40
1 -1 1 -1 1 -1 310 -1 8 -1 8 -1 #SUP: 33
1 -1 1 -1 1 -1 310 -1 8 -1 18 -1 #SUP: 35
1 -1 1 -1 1 -1 310 -1 18 -1 #SUP: 39
1 -1 1 -1 1 -1 310 -1 18 -1 8 -1 #SUP: 35
1 -1 1 -1 1 -1 310 -1 71 -1 #SUP: 30
1 -1 1 -1 1 -1 318 -1 #SUP: 46
1 -1 1 -1 1 -1 63 -1 #SUP: 54
1 -1 1 -1 1 -1 63 -1 8 -1 #SUP: 31
1 -1 1 -1 1 -1 63 -1 18 -1 #SUP: 30
1 -1 1 -1 1 -1 71 -1 #SUP: 221
1 -1 1 -1 1 -1 71 -1 3 -1 #SUP: 47
1 -1 1 -1 1 -1 71 -1 8 -1 #SUP: 136
1 -1 1 -1 1 -1 71 -1 8 -1 8 -1 #SUP: 82
1 -1 1 -1 1 -1 71 -1 8 -1 8 -1 8 -1 #SUP: 40
1 -1 1 -1 1 -1 71 -1 8 -1 8 -1 14 -1 #SUP: 35
1 -1 1 -1 1 -1 71 -1 8 -1 8 -1 18 -1 #SUP: 48
1 -1 1 -1 1 -1 71 -1 8 -1 14 -1 #SUP: 65
1 -1 1 -1 1 -1 71 -1 8 -1 14 -1 8 -1 #SUP: 35
1 -1 1 -1 1 -1 71 -1 8 -1 14 -1 18 -1 #SUP: 34
1 -1 1 -1 1 -1 71 -1 8 -1 17 -1 #SUP: 37
1 -1 1 -1 1 -1 71 -1 8 -1 18 -1 #SUP: 94
1 -1 1 -1 1 -1 71 -1 8 -1 18 -1 8 -1 #SUP: 55
1 -1 1 -1 1 -1 71 -1 8 -1 18 -1 8 -1 18 -1 #SUP: 34
1 -1 1 -1 1 -1 71 -1 8 -1 18 -1 14 -1 #SUP: 41
1 -1 1 -1 1 -1 71 -1 8 -1 18 -1 18 -1 #SUP: 41
1 -1 1 -1 1 -1 71 -1 8 -1 18 -1 71 -1 #SUP: 33
1 -1 1 -1 1 -1 71 -1 8 -1 21 -1 #SUP: 34
1 -1 1 -1 1 -1 71 -1 8 -1 29 -1 #SUP: 30
1 -1 1 -1 1 -1 71 -1 8 -1 71 -1 #SUP: 50
1 -1 1 -1 1 -1 71 -1 8 -1 71 -1 8 -1 #SUP: 31
1 -1 1 -1 1 -1 71 -1 8 -1 92 -1 #SUP: 33
1 -1 1 -1 1 -1 71 -1 265 -1 #SUP: 30
1 -1 1 -1 1 -1 71 -1 14 -1 #SUP: 105
1 -1 1 -1 1 -1 71 -1 14 -1 8 -1 #SUP: 56
1 -1 1 -1 1 -1 71 -1 14 -1 8 -1 8 -1 #SUP: 32
1 -1 1 -1 1 -1 71 -1 14 -1 8 -1 18 -1 #SUP: 35
1 -1 1 -1 1 -1 71 -1 14 -1 14 -1 #SUP: 40
1 -1 1 -1 1 -1 71 -1 14 -1 17 -1 #SUP: 31
1 -1 1 -1 1 -1 71 -1 14 -1 18 -1 #SUP: 53
1 -1 1 -1 1 -1 71 -1 14 -1 18 -1 8 -1 #SUP: 31
1 -1 1 -1 1 -1 71 -1 14 -1 71 -1 #SUP: 42
1 -1 1 -1 1 -1 71 -1 17 -1 #SUP: 92
1 -1 1 -1 1 -1 71 -1 17 -1 8 -1 #SUP: 46
1 -1 1 -1 1 -1 71 -1 17 -1 14 -1 #SUP: 31
1 -1 1 -1 1 -1 71 -1 17 -1 18 -1 #SUP: 45
1 -1 1 -1 1 -1 71 -1 17 -1 71 -1 #SUP: 40
1 -1 1 -1 1 -1 71 -1 18 -1 #SUP: 126
1 -1 1 -1 1 -1 71 -1 18 -1 8 -1 #SUP: 67
1 -1 1 -1 1 -1 71 -1 18 -1 8 -1 8 -1 #SUP: 41
1 -1 1 -1 1 -1 71 -1 18 -1 8 -1 14 -1 #SUP: 31
1 -1 1 -1 1 -1 71 -1 18 -1 8 -1 18 -1 #SUP: 41
1 -1 1 -1 1 -1 71 -1 18 -1 14 -1 #SUP: 54
1 -1 1 -1 1 -1 71 -1 18 -1 14 -1 8 -1 #SUP: 33
1 -1 1 -1 1 -1 71 -1 18 -1 17 -1 #SUP: 31
1 -1 1 -1 1 -1 71 -1 18 -1 18 -1 #SUP: 56
1 -1 1 -1 1 -1 71 -1 18 -1 18 -1 8 -1 #SUP: 34
1 -1 1 -1 1 -1 71 -1 18 -1 18 -1 18 -1 #SUP: 30
1 -1 1 -1 1 -1 71 -1 18 -1 29 -1 #SUP: 31
1 -1 1 -1 1 -1 71 -1 18 -1 71 -1 #SUP: 47
1 -1 1 -1 1 -1 71 -1 20 -1 #SUP: 49
1 -1 1 -1 1 -1 71 -1 21 -1 #SUP: 58
1 -1 1 -1 1 -1 71 -1 21 -1 8 -1 #SUP: 37
1 -1 1 -1 1 -1 71 -1 29 -1 #SUP: 56
1 -1 1 -1 1 -1 71 -1 29 -1 8 -1 #SUP: 38
1 -1 1 -1 1 -1 71 -1 29 -1 17 -1 #SUP: 33
1 -1 1 -1 1 -1 71 -1 29 -1 18 -1 #SUP: 36
1 -1 1 -1 1 -1 71 -1 30 -1 #SUP: 36
1 -1 1 -1 1 -1 71 -1 290 -1 #SUP: 62
1 -1 1 -1 1 -1 71 -1 290 -1 8 -1 #SUP: 37
1 -1 1 -1 1 -1 71 -1 290 -1 18 -1 #SUP: 37
1 -1 1 -1 1 -1 71 -1 40 -1 #SUP: 55
1 -1 1 -1 1 -1 71 -1 40 -1 18 -1 #SUP: 35
1 -1 1 -1 1 -1 71 -1 52 -1 #SUP: 30
1 -1 1 -1 1 -1 71 -1 318 -1 #SUP: 30
1 -1 1 -1 1 -1 71 -1 71 -1 #SUP: 104
1 -1 1 -1 1 -1 71 -1 71 -1 8 -1 #SUP: 56
1 -1 1 -1 1 -1 71 -1 71 -1 8 -1 8 -1 #SUP: 35
1 -1 1 -1 1 -1 71 -1 71 -1 8 -1 18 -1 #SUP: 35
1 -1 1 -1 1 -1 71 -1 71 -1 14 -1 #SUP: 39
1 -1 1 -1 1 -1 71 -1 71 -1 17 -1 #SUP: 31
1 -1 1 -1 1 -1 71 -1 71 -1 18 -1 #SUP: 45
1 -1 1 -1 1 -1 71 -1 71 -1 71 -1 #SUP: 48
1 -1 1 -1 1 -1 71 -1 71 -1 71 -1 8 -1 #SUP: 34
1 -1 1 -1 1 -1 71 -1 71 -1 92 -1 #SUP: 30
1 -1 1 -1 1 -1 71 -1 92 -1 #SUP: 69
1 -1 1 -1 1 -1 71 -1 92 -1 8 -1 #SUP: 38
1 -1 1 -1 1 -1 71 -1 96 -1 #SUP: 39
1 -1 1 -1 1 -1 71 -1 206 -1 #SUP: 32
1 -1 1 -1 1 -1 71 -1 219 -1 #SUP: 37
1 -1 1 -1 1 -1 71 -1 225 -1 #SUP: 31
1 -1 1 -1 1 -1 74 -1 #SUP: 42
1 -1 1 -1 1 -1 90 -1 #SUP: 41
1 -1 1 -1 1 -1 347 -1 #SUP: 42
1 -1 1 -1 1 -1 347 -1 18 -1 #SUP: 31
1 -1 1 -1 1 -1 92 -1 #SUP: 149
1 -1 1 -1 1 -1 92 -1 3 -1 #SUP: 36
1 -1 1 -1 1 -1 92 -1 8 -1 #SUP: 83
1 -1 1 -1 1 -1 92 -1 8 -1 8 -1 #SUP: 52
1 -1 1 -1 1 -1 92 -1 8 -1 14 -1 #SUP: 37
1 -1 1 -1 1 -1 92 -1 8 -1 17 -1 #SUP: 34
1 -1 1 -1 1 -1 92 -1 8 -1 18 -1 #SUP: 60
1 -1 1 -1 1 -1 92 -1 8 -1 18 -1 8 -1 #SUP: 35
1 -1 1 -1 1 -1 92 -1 8 -1 71 -1 #SUP: 35
1 -1 1 -1 1 -1 92 -1 14 -1 #SUP: 56
1 -1 1 -1 1 -1 92 -1 14 -1 18 -1 #SUP: 30
1 -1 1 -1 1 -1 92 -1 17 -1 #SUP: 71
1 -1 1 -1 1 -1 92 -1 17 -1 8 -1 #SUP: 38
1 -1 1 -1 1 -1 92 -1 17 -1 18 -1 #SUP: 38
1 -1 1 -1 1 -1 92 -1 17 -1 71 -1 #SUP: 31
1 -1 1 -1 1 -1 92 -1 18 -1 #SUP: 86
1 -1 1 -1 1 -1 92 -1 18 -1 8 -1 #SUP: 47
1 -1 1 -1 1 -1 92 -1 18 -1 8 -1 18 -1 #SUP: 34
1 -1 1 -1 1 -1 92 -1 18 -1 14 -1 #SUP: 37
1 -1 1 -1 1 -1 92 -1 18 -1 17 -1 #SUP: 37
1 -1 1 -1 1 -1 92 -1 18 -1 18 -1 #SUP: 47
1 -1 1 -1 1 -1 92 -1 18 -1 18 -1 8 -1 #SUP: 30
1 -1 1 -1 1 -1 92 -1 18 -1 71 -1 #SUP: 40
1 -1 1 -1 1 -1 92 -1 20 -1 #SUP: 37
1 -1 1 -1 1 -1 92 -1 21 -1 #SUP: 36
1 -1 1 -1 1 -1 92 -1 29 -1 #SUP: 41
1 -1 1 -1 1 -1 92 -1 30 -1 #SUP: 30
1 -1 1 -1 1 -1 92 -1 40 -1 #SUP: 40
1 -1 1 -1 1 -1 92 -1 71 -1 #SUP: 71
1 -1 1 -1 1 -1 92 -1 71 -1 8 -1 #SUP: 40
1 -1 1 -1 1 -1 92 -1 71 -1 8 -1 18 -1 #SUP: 30
1 -1 1 -1 1 -1 92 -1 71 -1 18 -1 #SUP: 34
1 -1 1 -1 1 -1 92 -1 71 -1 71 -1 #SUP: 31
1 -1 1 -1 1 -1 92 -1 92 -1 #SUP: 57
1 -1 1 -1 1 -1 92 -1 96 -1 #SUP: 30
1 -1 1 -1 1 -1 96 -1 #SUP: 101
1 -1 1 -1 1 -1 96 -1 3 -1 #SUP: 32
1 -1 1 -1 1 -1 96 -1 8 -1 #SUP: 61
1 -1 1 -1 1 -1 96 -1 8 -1 8 -1 #SUP: 38
1 -1 1 -1 1 -1 96 -1 8 -1 18 -1 #SUP: 46
1 -1 1 -1 1 -1 96 -1 14 -1 #SUP: 42
1 -1 1 -1 1 -1 96 -1 17 -1 #SUP: 57
1 -1 1 -1 1 -1 96 -1 18 -1 #SUP: 59
1 -1 1 -1 1 -1 96 -1 18 -1 8 -1 #SUP: 34
1 -1 1 -1 1 -1 96 -1 21 -1 #SUP: 37
1 -1 1 -1 1 -1 96 -1 29 -1 #SUP: 30
1 -1 1 -1 1 -1 96 -1 71 -1 #SUP: 47
1 -1 1 -1 1 -1 96 -1 92 -1 #SUP: 33
1 -1 1 -1 1 -1 103 -1 #SUP: 78
1 -1 1 -1 1 -1 103 -1 8 -1 #SUP: 52
1 -1 1 -1 1 -1 103 -1 8 -1 8 -1 #SUP: 30
1 -1 1 -1 1 -1 103 -1 8 -1 18 -1 #SUP: 33
1 -1 1 -1 1 -1 103 -1 14 -1 #SUP: 31
1 -1 1 -1 1 -1 103 -1 17 -1 #SUP: 32
1 -1 1 -1 1 -1 103 -1 18 -1 #SUP: 46
1 -1 1 -1 1 -1 103 -1 71 -1 #SUP: 33
1 -1 1 -1 1 -1 122 -1 #SUP: 47
1 -1 1 -1 1 -1 124 -1 #SUP: 96
1 -1 1 -1 1 -1 124 -1 8 -1 #SUP: 48
1 -1 1 -1 1 -1 124 -1 8 -1 18 -1 #SUP: 35
1 -1 1 -1 1 -1 124 -1 14 -1 #SUP: 45
1 -1 1 -1 1 -1 124 -1 18 -1 #SUP: 53
1 -1 1 -1 1 -1 124 -1 18 -1 8 -1 #SUP: 30
1 -1 1 -1 1 -1 124 -1 18 -1 18 -1 #SUP: 30
1 -1 1 -1 1 -1 124 -1 71 -1 #SUP: 38
1 -1 1 -1 1 -1 381 -1 #SUP: 31
1 -1 1 -1 1 -1 126 -1 #SUP: 30
1 -1 1 -1 1 -1 388 -1 #SUP: 52
1 -1 1 -1 1 -1 388 -1 8 -1 #SUP: 33
1 -1 1 -1 1 -1 388 -1 14 -1 #SUP: 30
1 -1 1 -1 1 -1 388 -1 18 -1 #SUP: 43
1 -1 1 -1 1 -1 436 -1 #SUP: 46
1 -1 1 -1 1 -1 436 -1 8 -1 #SUP: 31
1 -1 1 -1 1 -1 436 -1 18 -1 #SUP: 31
1 -1 1 -1 1 -1 186 -1 #SUP: 64
1 -1 1 -1 1 -1 197 -1 #SUP: 40
1 -1 1 -1 1 -1 206 -1 #SUP: 85
1 -1 1 -1 1 -1 206 -1 8 -1 #SUP: 48
1 -1 1 -1 1 -1 206 -1 8 -1 18 -1 #SUP: 40
1 -1 1 -1 1 -1 206 -1 14 -1 #SUP: 34
1 -1 1 -1 1 -1 206 -1 18 -1 #SUP: 51
1 -1 1 -1 1 -1 206 -1 21 -1 #SUP: 31
1 -1 1 -1 1 -1 206 -1 71 -1 #SUP: 42
1 -1 1 -1 1 -1 212 -1 #SUP: 42
1 -1 1 -1 1 -1 214 -1 #SUP: 30
1 -1 1 -1 1 -1 219 -1 #SUP: 61
1 -1 1 -1 1 -1 219 -1 8 -1 #SUP: 31
1 -1 1 -1 1 -1 219 -1 18 -1 #SUP: 32
1 -1 1 -1 1 -1 224 -1 #SUP: 55
1 -1 1 -1 1 -1 224 -1 8 -1 #SUP: 35
1 -1 1 -1 1 -1 224 -1 18 -1 #SUP: 34
1 -1 1 -1 1 -1 224 -1 71 -1 #SUP: 32
1 -1 1 -1 1 -1 225 -1 #SUP: 50
1 -1 1 -1 1 -1 227 -1 #SUP: 55
1 -1 1 -1 3 -1 #SUP: 114
1 -1 1 -1 3 -1 3 -1 #SUP: 31
1 -1 1 -1 3 -1 8 -1 #SUP: 71
1 -1 1 -1 3 -1 8 -1 8 -1 #SUP: 43
1 -1 1 -1 3 -1 8 -1 18 -1 #SUP: 54
1 -1 1 -1 3 -1 8 -1 18 -1 8 -1 #SUP: 35
1 -1 1 -1 3 -1 14 -1 #SUP: 43
1 -1 1 -1 3 -1 17 -1 #SUP: 34
1 -1 1 -1 3 -1 18 -1 #SUP: 66
1 -1 1 -1 3 -1 18 -1 8 -1 #SUP: 40
1 -1 1 -1 3 -1 18 -1 18 -1 #SUP: 30
1 -1 1 -1 3 -1 29 -1 #SUP: 33
1 -1 1 -1 3 -1 71 -1 #SUP: 43
1 -1 1 -1 3 -1 92 -1 #SUP: 34
1 -1 1 -1 8 -1 #SUP: 270
1 -1 1 -1 8 -1 3 -1 #SUP: 66
1 -1 1 -1 8 -1 3 -1 8 -1 #SUP: 41
1 -1 1 -1 8 -1 3 -1 8 -1 18 -1 #SUP: 30
1 -1 1 -1 8 -1 3 -1 18 -1 #SUP: 39
1 -1 1 -1 8 -1 8 -1 #SUP: 190
1 -1 1 -1 8 -1 8 -1 3 -1 #SUP: 39
1 -1 1 -1 8 -1 8 -1 8 -1 #SUP: 109
1 -1 1 -1 8 -1 8 -1 8 -1 8 -1 #SUP: 69
1 -1 1 -1 8 -1 8 -1 8 -1 8 -1 8 -1 #SUP: 39
1 -1 1 -1 8 -1 8 -1 8 -1 8 -1 18 -1 #SUP: 42
1 -1 1 -1 8 -1 8 -1 8 -1 14 -1 #SUP: 49
1 -1 1 -1 8 -1 8 -1 8 -1 17 -1 #SUP: 31
1 -1 1 -1 8 -1 8 -1 8 -1 18 -1 #SUP: 69
1 -1 1 -1 8 -1 8 -1 8 -1 18 -1 8 -1 #SUP: 46
1 -1 1 -1 8 -1 8 -1 8 -1 18 -1 14 -1 #SUP: 32
1 -1 1 -1 8 -1 8 -1 8 -1 18 -1 18 -1 #SUP: 36
1 -1 1 -1 8 -1 8 -1 8 -1 71 -1 #SUP: 39
1 -1 1 -1 8 -1 8 -1 14 -1 #SUP: 97
1 -1 1 -1 8 -1 8 -1 14 -1 8 -1 #SUP: 54
1 -1 1 -1 8 -1 8 -1 14 -1 8 -1 8 -1 #SUP: 31
1 -1 1 -1 8 -1 8 -1 14 -1 8 -1 18 -1 #SUP: 34
1 -1 1 -1 8 -1 8 -1 14 -1 14 -1 #SUP: 38
1 -1 1 -1 8 -1 8 -1 14 -1 17 -1 #SUP: 30
1 -1 1 -1 8 -1 8 -1 14 -1 18 -1 #SUP: 56
1 -1 1 -1 8 -1 8 -1 14 -1 18 -1 8 -1 #SUP: 33
1 -1 1 -1 8 -1 8 -1 14 -1 71 -1 #SUP: 37
1 -1 1 -1 8 -1 8 -1 17 -1 #SUP: 57
1 -1 1 -1 8 -1 8 -1 18 -1 #SUP: 130
1 -1 1 -1 8 -1 8 -1 18 -1 8 -1 #SUP: 78
1 -1 1 -1 8 -1 8 -1 18 -1 8 -1 8 -1 #SUP: 48
1 -1 1 -1 8 -1 8 -1 18 -1 8 -1 8 -1 18 -1 #SUP: 32
1 -1 1 -1 8 -1 8 -1 18 -1 8 -1 14 -1 #SUP: 35
1 -1 1 -1 8 -1 8 -1 18 -1 8 -1 18 -1 #SUP: 52
1 -1 1 -1 8 -1 8 -1 18 -1 8 -1 18 -1 8 -1 #SUP: 34
1 -1 1 -1 8 -1 8 -1 18 -1 8 -1 71 -1 #SUP: 30
1 -1 1 -1 8 -1 8 -1 18 -1 14 -1 #SUP: 57
1 -1 1 -1 8 -1 8 -1 18 -1 14 -1 8 -1 #SUP: 34
1 -1 1 -1 8 -1 8 -1 18 -1 14 -1 18 -1 #SUP: 36
1 -1 1 -1 8 -1 8 -1 18 -1 17 -1 #SUP: 36
1 -1 1 -1 8 -1 8 -1 18 -1 18 -1 #SUP: 71
1 -1 1 -1 8 -1 8 -1 18 -1 18 -1 8 -1 #SUP: 43
1 -1 1 -1 8 -1 8 -1 18 -1 18 -1 14 -1 #SUP: 33
1 -1 1 -1 8 -1 8 -1 18 -1 18 -1 18 -1 #SUP: 37
1 -1 1 -1 8 -1 8 -1 18 -1 21 -1 #SUP: 34
1 -1 1 -1 8 -1 8 -1 18 -1 29 -1 #SUP: 37
1 -1 1 -1 8 -1 8 -1 18 -1 71 -1 #SUP: 47
1 -1 1 -1 8 -1 8 -1 18 -1 71 -1 8 -1 #SUP: 31
1 -1 1 -1 8 -1 8 -1 20 -1 #SUP: 33
1 -1 1 -1 8 -1 8 -1 21 -1 #SUP: 50
1 -1 1 -1 8 -1 8 -1 21 -1 8 -1 #SUP: 37
1 -1 1 -1 8 -1 8 -1 21 -1 18 -1 #SUP: 30
1 -1 1 -1 8 -1 8 -1 29 -1 #SUP: 50
1 -1 1 -1 8 -1 8 -1 29 -1 8 -1 #SUP: 32
1 -1 1 -1 8 -1 8 -1 29 -1 18 -1 #SUP: 30
1 -1 1 -1 8 -1 8 -1 30 -1 #SUP: 32
1 -1 1 -1 8 -1 8 -1 290 -1 #SUP: 38
1 -1 1 -1 8 -1 8 -1 40 -1 #SUP: 33
1 -1 1 -1 8 -1 8 -1 71 -1 #SUP: 69
1 -1 1 -1 8 -1 8 -1 71 -1 8 -1 #SUP: 47
1 -1 1 -1 8 -1 8 -1 71 -1 71 -1 #SUP: 31
1 -1 1 -1 8 -1 8 -1 92 -1 #SUP: 52
1 -1 1 -1 8 -1 8 -1 92 -1 8 -1 #SUP: 30
1 -1 1 -1 8 -1 8 -1 96 -1 #SUP: 33
1 -1 1 -1 8 -1 14 -1 #SUP: 139
1 -1 1 -1 8 -1 14 -1 8 -1 #SUP: 84
1 -1 1 -1 8 -1 14 -1 8 -1 8 -1 #SUP: 48
1 -1 1 -1 8 -1 14 -1 8 -1 14 -1 #SUP: 39
1 -1 1 -1 8 -1 14 -1 8 -1 18 -1 #SUP: 53
1 -1 1 -1 8 -1 14 -1 14 -1 #SUP: 61
1 -1 1 -1 8 -1 14 -1 14 -1 8 -1 #SUP: 32
1 -1 1 -1 8 -1 14 -1 14 -1 14 -1 #SUP: 32
1 -1 1 -1 8 -1 14 -1 14 -1 18 -1 #SUP: 33
1 -1 1 -1 8 -1 14 -1 17 -1 #SUP: 44
1 -1 1 -1 8 -1 14 -1 18 -1 #SUP: 89
1 -1 1 -1 8 -1 14 -1 18 -1 8 -1 #SUP: 53
1 -1 1 -1 8 -1 14 -1 18 -1 8 -1 18 -1 #SUP: 32
1 -1 1 -1 8 -1 14 -1 18 -1 14 -1 #SUP: 42
1 -1 1 -1 8 -1 14 -1 18 -1 18 -1 #SUP: 37
1 -1 1 -1 8 -1 14 -1 21 -1 #SUP: 37
1 -1 1 -1 8 -1 14 -1 29 -1 #SUP: 40
1 -1 1 -1 8 -1 14 -1 40 -1 #SUP: 30
1 -1 1 -1 8 -1 14 -1 71 -1 #SUP: 52
1 -1 1 -1 8 -1 14 -1 71 -1 8 -1 #SUP: 32
1 -1 1 -1 8 -1 14 -1 92 -1 #SUP: 37
1 -1 1 -1 8 -1 17 -1 #SUP: 115
1 -1 1 -1 8 -1 17 -1 8 -1 #SUP: 66
1 -1 1 -1 8 -1 17 -1 8 -1 8 -1 #SUP: 34
1 -1 1 -1 8 -1 17 -1 8 -1 14 -1 #SUP: 35
1 -1 1 -1 8 -1 17 -1 8 -1 18 -1 #SUP: 39
1 -1 1 -1 8 -1 17 -1 14 -1 #SUP: 49
1 -1 1 -1 8 -1 17 -1 17 -1 #SUP: 41
1 -1 1 -1 8 -1 17 -1 18 -1 #SUP: 60
1 -1 1 -1 8 -1 17 -1 29 -1 #SUP: 33
1 -1 1 -1 8 -1 17 -1 71 -1 #SUP: 43
1 -1 1 -1 8 -1 17 -1 92 -1 #SUP: 30
1 -1 1 -1 8 -1 18 -1 #SUP: 225
1 -1 1 -1 8 -1 18 -1 3 -1 #SUP: 46
1 -1 1 -1 8 -1 18 -1 8 -1 #SUP: 145
1 -1 1 -1 8 -1 18 -1 8 -1 3 -1 #SUP: 30
1 -1 1 -1 8 -1 18 -1 8 -1 8 -1 #SUP: 87
1 -1 1 -1 8 -1 18 -1 8 -1 8 -1 8 -1 #SUP: 53
1 -1 1 -1 8 -1 18 -1 8 -1 8 -1 8 -1 8 -1 #SUP: 31
1 -1 1 -1 8 -1 18 -1 8 -1 8 -1 8 -1 18 -1 #SUP: 37
1 -1 1 -1 8 -1 18 -1 8 -1 8 -1 14 -1 #SUP: 41
1 -1 1 -1 8 -1 18 -1 8 -1 8 -1 18 -1 #SUP: 56
1 -1 1 -1 8 -1 18 -1 8 -1 8 -1 18 -1 8 -1 #SUP: 39
1 -1 1 -1 8 -1 18 -1 8 -1 8 -1 18 -1 18 -1 #SUP: 30
1 -1 1 -1 8 -1 18 -1 8 -1 8 -1 71 -1 #SUP: 32
1 -1 1 -1 8 -1 18 -1 8 -1 14 -1 #SUP: 71
1 -1 1 -1 8 -1 18 -1 8 -1 14 -1 8 -1 #SUP: 43
1 -1 1 -1 8 -1 18 -1 8 -1 14 -1 14 -1 #SUP: 31
1 -1 1 -1 8 -1 18 -1 8 -1 14 -1 18 -1 #SUP: 41
1 -1 1 -1 8 -1 18 -1 8 -1 14 -1 71 -1 #SUP: 31
1 -1 1 -1 8 -1 18 -1 8 -1 17 -1 #SUP: 42
1 -1 1 -1 8 -1 18 -1 8 -1 18 -1 #SUP: 100
1 -1 1 -1 8 -1 18 -1 8 -1 18 -1 8 -1 #SUP: 65
1 -1 1 -1 8 -1 18 -1 8 -1 18 -1 8 -1 8 -1 #SUP: 37
1 -1 1 -1 8 -1 18 -1 8 -1 18 -1 8 -1 18 -1 #SUP: 41
1 -1 1 -1 8 -1 18 -1 8 -1 18 -1 14 -1 #SUP: 41
1 -1 1 -1 8 -1 18 -1 8 -1 18 -1 17 -1 #SUP: 30
1 -1 1 -1 8 -1 18 -1 8 -1 18 -1 18 -1 #SUP: 55
1 -1 1 -1 8 -1 18 -1 8 -1 18 -1 18 -1 8 -1 #SUP: 32
1 -1 1 -1 8 -1 18 -1 8 -1 18 -1 21 -1 #SUP: 30
1 -1 1 -1 8 -1 18 -1 8 -1 18 -1 71 -1 #SUP: 37
1 -1 1 -1 8 -1 18 -1 8 -1 21 -1 #SUP: 43
1 -1 1 -1 8 -1 18 -1 8 -1 21 -1 8 -1 #SUP: 32
1 -1 1 -1 8 -1 18 -1 8 -1 29 -1 #SUP: 40
1 -1 1 -1 8 -1 18 -1 8 -1 290 -1 #SUP: 31
1 -1 1 -1 8 -1 18 -1 8 -1 71 -1 #SUP: 56
1 -1 1 -1 8 -1 18 -1 8 -1 71 -1 8 -1 #SUP: 38
1 -1 1 -1 8 -1 18 -1 8 -1 92 -1 #SUP: 37
1 -1 1 -1 8 -1 18 -1 14 -1 #SUP: 104
1 -1 1 -1 8 -1 18 -1 14 -1 8 -1 #SUP: 64
1 -1 1 -1 8 -1 18 -1 14 -1 8 -1 8 -1 #SUP: 37
1 -1 1 -1 8 -1 18 -1 14 -1 8 -1 14 -1 #SUP: 31
1 -1 1 -1 8 -1 18 -1 14 -1 8 -1 18 -1 #SUP: 43
1 -1 1 -1 8 -1 18 -1 14 -1 14 -1 #SUP: 52
1 -1 1 -1 8 -1 18 -1 14 -1 14 -1 8 -1 #SUP: 31
1 -1 1 -1 8 -1 18 -1 14 -1 14 -1 18 -1 #SUP: 33
1 -1 1 -1 8 -1 18 -1 14 -1 17 -1 #SUP: 35
1 -1 1 -1 8 -1 18 -1 14 -1 18 -1 #SUP: 62
1 -1 1 -1 8 -1 18 -1 14 -1 18 -1 8 -1 #SUP: 40
1 -1 1 -1 8 -1 18 -1 14 -1 18 -1 14 -1 #SUP: 33
1 -1 1 -1 8 -1 18 -1 14 -1 18 -1 18 -1 #SUP: 32
1 -1 1 -1 8 -1 18 -1 14 -1 21 -1 #SUP: 31
1 -1 1 -1 8 -1 18 -1 14 -1 29 -1 #SUP: 35
1 -1 1 -1 8 -1 18 -1 14 -1 71 -1 #SUP: 42
1 -1 1 -1 8 -1 18 -1 17 -1 #SUP: 81
1 -1 1 -1 8 -1 18 -1 17 -1 8 -1 #SUP: 45
1 -1 1 -1 8 -1 18 -1 17 -1 14 -1 #SUP: 38
1 -1 1 -1 8 -1 18 -1 17 -1 17 -1 #SUP: 30
1 -1 1 -1 8 -1 18 -1 17 -1 18 -1 #SUP: 44
1 -1 1 -1 8 -1 18 -1 17 -1 71 -1 #SUP: 34
1 -1 1 -1 8 -1 18 -1 18 -1 #SUP: 123
1 -1 1 -1 8 -1 18 -1 18 -1 8 -1 #SUP: 78
1 -1 1 -1 8 -1 18 -1 18 -1 8 -1 8 -1 #SUP: 54
1 -1 1 -1 8 -1 18 -1 18 -1 8 -1 8 -1 8 -1 #SUP: 30
1 -1 1 -1 8 -1 18 -1 18 -1 8 -1 8 -1 18 -1 #SUP: 38
1 -1 1 -1 8 -1 18 -1 18 -1 8 -1 14 -1 #SUP: 38
1 -1 1 -1 8 -1 18 -1 18 -1 8 -1 18 -1 #SUP: 54
1 -1 1 -1 8 -1 18 -1 18 -1 8 -1 18 -1 8 -1 #SUP: 38
1 -1 1 -1 8 -1 18 -1 18 -1 8 -1 71 -1 #SUP: 31
1 -1 1 -1 8 -1 18 -1 18 -1 14 -1 #SUP: 54
1 -1 1 -1 8 -1 18 -1 18 -1 14 -1 8 -1 #SUP: 37
1 -1 1 -1 8 -1 18 -1 18 -1 14 -1 18 -1 #SUP: 36
1 -1 1 -1 8 -1 18 -1 18 -1 17 -1 #SUP: 41
1 -1 1 -1 8 -1 18 -1 18 -1 18 -1 #SUP: 73
1 -1 1 -1 8 -1 18 -1 18 -1 18 -1 8 -1 #SUP: 45
1 -1 1 -1 8 -1 18 -1 18 -1 18 -1 14 -1 #SUP: 32
1 -1 1 -1 8 -1 18 -1 18 -1 18 -1 18 -1 #SUP: 34
1 -1 1 -1 8 -1 18 -1 18 -1 21 -1 #SUP: 35
1 -1 1 -1 8 -1 18 -1 18 -1 29 -1 #SUP: 38
1 -1 1 -1 8 -1 18 -1 18 -1 71 -1 #SUP: 45
1 -1 1 -1 8 -1 18 -1 18 -1 71 -1 8 -1 #SUP: 31
1 -1 1 -1 8 -1 18 -1 18 -1 92 -1 #SUP: 31
1 -1 1 -1 8 -1 18 -1 20 -1 #SUP: 46
1 -1 1 -1 8 -1 18 -1 21 -1 #SUP: 72
1 -1 1 -1 8 -1 18 -1 21 -1 8 -1 #SUP: 51
1 -1 1 -1 8 -1 18 -1 21 -1 8 -1 8 -1 #SUP: 33
1 -1 1 -1 8 -1 18 -1 21 -1 8 -1 18 -1 #SUP: 35
1 -1 1 -1 8 -1 18 -1 21 -1 14 -1 #SUP: 32
1 -1 1 -1 8 -1 18 -1 21 -1 18 -1 #SUP: 40
1 -1 1 -1 8 -1 18 -1 21 -1 71 -1 #SUP: 30
1 -1 1 -1 8 -1 18 -1 29 -1 #SUP: 77
1 -1 1 -1 8 -1 18 -1 29 -1 8 -1 #SUP: 48
1 -1 1 -1 8 -1 18 -1 29 -1 17 -1 #SUP: 39
1 -1 1 -1 8 -1 18 -1 29 -1 18 -1 #SUP: 44
1 -1 1 -1 8 -1 18 -1 29 -1 71 -1 #SUP: 36
1 -1 1 -1 8 -1 18 -1 30 -1 #SUP: 45
1 -1 1 -1 8 -1 18 -1 290 -1 #SUP: 48
1 -1 1 -1 8 -1 18 -1 290 -1 8 -1 #SUP: 32
1 -1 1 -1 8 -1 18 -1 290 -1 18 -1 #SUP: 30
1 -1 1 -1 8 -1 18 -1 40 -1 #SUP: 52
1 -1 1 -1 8 -1 18 -1 40 -1 8 -1 #SUP: 34
1 -1 1 -1 8 -1 18 -1 40 -1 18 -1 #SUP: 34
1 -1 1 -1 8 -1 18 -1 318 -1 #SUP: 33
1 -1 1 -1 8 -1 18 -1 71 -1 #SUP: 86
1 -1 1 -1 8 -1 18 -1 71 -1 8 -1 #SUP: 55
1 -1 1 -1 8 -1 18 -1 71 -1 8 -1 8 -1 #SUP: 31
1 -1 1 -1 8 -1 18 -1 71 -1 8 -1 18 -1 #SUP: 35
1 -1 1 -1 8 -1 18 -1 71 -1 14 -1 #SUP: 41
1 -1 1 -1 8 -1 18 -1 71 -1 18 -1 #SUP: 44
1 -1 1 -1 8 -1 18 -1 71 -1 71 -1 #SUP: 41
1 -1 1 -1 8 -1 18 -1 92 -1 #SUP: 60
1 -1 1 -1 8 -1 18 -1 92 -1 8 -1 #SUP: 37
1 -1 1 -1 8 -1 18 -1 92 -1 18 -1 #SUP: 33
1 -1 1 -1 8 -1 18 -1 96 -1 #SUP: 45
1 -1 1 -1 8 -1 18 -1 124 -1 #SUP: 37
1 -1 1 -1 8 -1 18 -1 206 -1 #SUP: 39
1 -1 1 -1 8 -1 18 -1 219 -1 #SUP: 30
1 -1 1 -1 8 -1 18 -1 224 -1 #SUP: 30
1 -1 1 -1 8 -1 18 -1 227 -1 #SUP: 32
1 -1 1 -1 8 -1 19 -1 #SUP: 31
1 -1 1 -1 8 -1 20 -1 #SUP: 55
1 -1 1 -1 8 -1 20 -1 8 -1 #SUP: 30
1 -1 1 -1 8 -1 21 -1 #SUP: 92
1 -1 1 -1 8 -1 21 -1 8 -1 #SUP: 69
1 -1 1 -1 8 -1 21 -1 8 -1 8 -1 #SUP: 44
1 -1 1 -1 8 -1 21 -1 8 -1 14 -1 #SUP: 30
1 -1 1 -1 8 -1 21 -1 8 -1 18 -1 #SUP: 46
1 -1 1 -1 8 -1 21 -1 14 -1 #SUP: 42
1 -1 1 -1 8 -1 21 -1 14 -1 8 -1 #SUP: 31
1 -1 1 -1 8 -1 21 -1 17 -1 #SUP: 33
1 -1 1 -1 8 -1 21 -1 18 -1 #SUP: 53
1 -1 1 -1 8 -1 21 -1 18 -1 8 -1 #SUP: 35
1 -1 1 -1 8 -1 21 -1 71 -1 #SUP: 38
1 -1 1 -1 8 -1 21 -1 92 -1 #SUP: 30
1 -1 1 -1 8 -1 23 -1 #SUP: 31
1 -1 1 -1 8 -1 29 -1 #SUP: 92
1 -1 1 -1 8 -1 29 -1 8 -1 #SUP: 58
1 -1 1 -1 8 -1 29 -1 8 -1 8 -1 #SUP: 31
1 -1 1 -1 8 -1 29 -1 8 -1 18 -1 #SUP: 34
1 -1 1 -1 8 -1 29 -1 14 -1 #SUP: 38
1 -1 1 -1 8 -1 29 -1 17 -1 #SUP: 50
1 -1 1 -1 8 -1 29 -1 18 -1 #SUP: 55
1 -1 1 -1 8 -1 29 -1 21 -1 #SUP: 31
1 -1 1 -1 8 -1 29 -1 71 -1 #SUP: 42
1 -1 1 -1 8 -1 29 -1 92 -1 #SUP: 32
1 -1 1 -1 8 -1 30 -1 #SUP: 53
1 -1 1 -1 8 -1 30 -1 8 -1 #SUP: 32
1 -1 1 -1 8 -1 290 -1 #SUP: 62
1 -1 1 -1 8 -1 290 -1 8 -1 #SUP: 43
1 -1 1 -1 8 -1 290 -1 18 -1 #SUP: 41
1 -1 1 -1 8 -1 290 -1 18 -1 8 -1 #SUP: 30
1 -1 1 -1 8 -1 290 -1 71 -1 #SUP: 30
1 -1 1 -1 8 -1 292 -1 #SUP: 30
1 -1 1 -1 8 -1 39 -1 #SUP: 38
1 -1 1 -1 8 -1 40 -1 #SUP: 64
1 -1 1 -1 8 -1 40 -1 8 -1 #SUP: 40
1 -1 1 -1 8 -1 40 -1 14 -1 #SUP: 34
1 -1 1 -1 8 -1 40 -1 18 -1 #SUP: 43
1 -1 1 -1 8 -1 40 -1 71 -1 #SUP: 32
1 -1 1 -1 8 -1 52 -1 #SUP: 45
1 -1 1 -1 8 -1 52 -1 8 -1 #SUP: 30
1 -1 1 -1 8 -1 54 -1 #SUP: 36
1 -1 1 -1 8 -1 318 -1 #SUP: 36
1 -1 1 -1 8 -1 71 -1 #SUP: 116
1 -1 1 -1 8 -1 71 -1 8 -1 #SUP: 77
1 -1 1 -1 8 -1 71 -1 8 -1 8 -1 #SUP: 42
1 -1 1 -1 8 -1 71 -1 8 -1 14 -1 #SUP: 35
1 -1 1 -1 8 -1 71 -1 8 -1 18 -1 #SUP: 45
1 -1 1 -1 8 -1 71 -1 14 -1 #SUP: 55
1 -1 1 -1 8 -1 71 -1 14 -1 8 -1 #SUP: 31
1 -1 1 -1 8 -1 71 -1 17 -1 #SUP: 37
1 -1 1 -1 8 -1 71 -1 18 -1 #SUP: 59
1 -1 1 -1 8 -1 71 -1 18 -1 8 -1 #SUP: 30
1 -1 1 -1 8 -1 71 -1 29 -1 #SUP: 30
1 -1 1 -1 8 -1 71 -1 290 -1 #SUP: 33
1 -1 1 -1 8 -1 71 -1 71 -1 #SUP: 49
1 -1 1 -1 8 -1 71 -1 92 -1 #SUP: 38
1 -1 1 -1 8 -1 92 -1 #SUP: 84
1 -1 1 -1 8 -1 92 -1 8 -1 #SUP: 53
1 -1 1 -1 8 -1 92 -1 8 -1 8 -1 #SUP: 31
1 -1 1 -1 8 -1 92 -1 8 -1 18 -1 #SUP: 32
1 -1 1 -1 8 -1 92 -1 14 -1 #SUP: 32
1 -1 1 -1 8 -1 92 -1 17 -1 #SUP: 37
1 -1 1 -1 8 -1 92 -1 18 -1 #SUP: 46
1 -1 1 -1 8 -1 92 -1 18 -1 8 -1 #SUP: 30
1 -1 1 -1 8 -1 92 -1 71 -1 #SUP: 36
1 -1 1 -1 8 -1 92 -1 92 -1 #SUP: 35
1 -1 1 -1 8 -1 96 -1 #SUP: 60
1 -1 1 -1 8 -1 96 -1 8 -1 #SUP: 31
1 -1 1 -1 8 -1 96 -1 17 -1 #SUP: 31
1 -1 1 -1 8 -1 96 -1 18 -1 #SUP: 33
1 -1 1 -1 8 -1 103 -1 #SUP: 33
1 -1 1 -1 8 -1 124 -1 #SUP: 44
1 -1 1 -1 8 -1 186 -1 #SUP: 32
1 -1 1 -1 8 -1 206 -1 #SUP: 49
1 -1 1 -1 8 -1 206 -1 18 -1 #SUP: 30
1 -1 1 -1 8 -1 219 -1 #SUP: 34
1 -1 1 -1 8 -1 224 -1 #SUP: 38
1 -1 1 -1 8 -1 227 -1 #SUP: 37
1 -1 1 -1 265 -1 #SUP: 45
1 -1 1 -1 14 -1 #SUP: 213
1 -1 1 -1 14 -1 3 -1 #SUP: 45
1 -1 1 -1 14 -1 8 -1 #SUP: 114
1 -1 1 -1 14 -1 8 -1 8 -1 #SUP: 70
1 -1 1 -1 14 -1 8 -1 8 -1 8 -1 #SUP: 36
1 -1 1 -1 14 -1 8 -1 8 -1 14 -1 #SUP: 31
1 -1 1 -1 14 -1 8 -1 8 -1 18 -1 #SUP: 42
1 -1 1 -1 14 -1 8 -1 14 -1 #SUP: 51
1 -1 1 -1 14 -1 8 -1 14 -1 8 -1 #SUP: 31
1 -1 1 -1 14 -1 8 -1 14 -1 18 -1 #SUP: 33
1 -1 1 -1 14 -1 8 -1 17 -1 #SUP: 36
1 -1 1 -1 14 -1 8 -1 18 -1 #SUP: 77
1 -1 1 -1 14 -1 8 -1 18 -1 8 -1 #SUP: 47
1 -1 1 -1 14 -1 8 -1 18 -1 14 -1 #SUP: 35
1 -1 1 -1 14 -1 8 -1 18 -1 18 -1 #SUP: 36
1 -1 1 -1 14 -1 8 -1 71 -1 #SUP: 39
1 -1 1 -1 14 -1 14 -1 #SUP: 91
1 -1 1 -1 14 -1 14 -1 8 -1 #SUP: 43
1 -1 1 -1 14 -1 14 -1 14 -1 #SUP: 39
1 -1 1 -1 14 -1 14 -1 18 -1 #SUP: 47
1 -1 1 -1 14 -1 14 -1 18 -1 8 -1 #SUP: 33
1 -1 1 -1 14 -1 17 -1 #SUP: 67
1 -1 1 -1 14 -1 17 -1 8 -1 #SUP: 33
1 -1 1 -1 14 -1 17 -1 18 -1 #SUP: 32
1 -1 1 -1 14 -1 18 -1 #SUP: 120
1 -1 1 -1 14 -1 18 -1 8 -1 #SUP: 71
1 -1 1 -1 14 -1 18 -1 8 -1 8 -1 #SUP: 40
1 -1 1 -1 14 -1 18 -1 8 -1 14 -1 #SUP: 35
1 -1 1 -1 14 -1 18 -1 8 -1 18 -1 #SUP: 46
1 -1 1 -1 14 -1 18 -1 8 -1 18 -1 8 -1 #SUP: 31
1 -1 1 -1 14 -1 18 -1 14 -1 #SUP: 54
1 -1 1 -1 14 -1 18 -1 14 -1 8 -1 #SUP: 35
1 -1 1 -1 14 -1 18 -1 14 -1 18 -1 #SUP: 34
1 -1 1 -1 14 -1 18 -1 18 -1 #SUP: 57
1 -1 1 -1 14 -1 18 -1 18 -1 8 -1 #SUP: 36
1 -1 1 -1 14 -1 18 -1 21 -1 #SUP: 30
1 -1 1 -1 14 -1 18 -1 29 -1 #SUP: 37
1 -1 1 -1 14 -1 18 -1 71 -1 #SUP: 41
1 -1 1 -1 14 -1 20 -1 #SUP: 42
1 -1 1 -1 14 -1 21 -1 #SUP: 58
1 -1 1 -1 14 -1 21 -1 8 -1 #SUP: 36
1 -1 1 -1 14 -1 29 -1 #SUP: 57
1 -1 1 -1 14 -1 29 -1 8 -1 #SUP: 32
1 -1 1 -1 14 -1 29 -1 18 -1 #SUP: 30
1 -1 1 -1 14 -1 30 -1 #SUP: 33
1 -1 1 -1 14 -1 290 -1 #SUP: 42
1 -1 1 -1 14 -1 40 -1 #SUP: 39
1 -1 1 -1 14 -1 318 -1 #SUP: 32
1 -1 1 -1 14 -1 71 -1 #SUP: 83
1 -1 1 -1 14 -1 71 -1 8 -1 #SUP: 43
1 -1 1 -1 14 -1 71 -1 8 -1 8 -1 #SUP: 31
1 -1 1 -1 14 -1 71 -1 14 -1 #SUP: 37
1 -1 1 -1 14 -1 71 -1 18 -1 #SUP: 32
1 -1 1 -1 14 -1 71 -1 71 -1 #SUP: 33
1 -1 1 -1 14 -1 92 -1 #SUP: 54
1 -1 1 -1 14 -1 96 -1 #SUP: 39
1 -1 1 -1 14 -1 124 -1 #SUP: 33
1 -1 1 -1 14 -1 227 -1 #SUP: 30
1 -1 1 -1 17 -1 #SUP: 241
1 -1 1 -1 17 -1 3 -1 #SUP: 58
1 -1 1 -1 17 -1 3 -1 8 -1 #SUP: 32
1 -1 1 -1 17 -1 3 -1 18 -1 #SUP: 30
1 -1 1 -1 17 -1 8 -1 #SUP: 134
1 -1 1 -1 17 -1 8 -1 8 -1 #SUP: 81
1 -1 1 -1 17 -1 8 -1 8 -1 8 -1 #SUP: 43
1 -1 1 -1 17 -1 8 -1 8 -1 8 -1 18 -1 #SUP: 30
1 -1 1 -1 17 -1 8 -1 8 -1 14 -1 #SUP: 41
1 -1 1 -1 17 -1 8 -1 8 -1 18 -1 #SUP: 54
1 -1 1 -1 17 -1 8 -1 14 -1 #SUP: 69
1 -1 1 -1 17 -1 8 -1 14 -1 8 -1 #SUP: 35
1 -1 1 -1 17 -1 8 -1 14 -1 18 -1 #SUP: 43
1 -1 1 -1 17 -1 8 -1 17 -1 #SUP: 40
1 -1 1 -1 17 -1 8 -1 18 -1 #SUP: 98
1 -1 1 -1 17 -1 8 -1 18 -1 8 -1 #SUP: 53
1 -1 1 -1 17 -1 8 -1 18 -1 8 -1 18 -1 #SUP: 38
1 -1 1 -1 17 -1 8 -1 18 -1 14 -1 #SUP: 46
1 -1 1 -1 17 -1 8 -1 18 -1 18 -1 #SUP: 46
1 -1 1 -1 17 -1 8 -1 18 -1 71 -1 #SUP: 31
1 -1 1 -1 17 -1 8 -1 21 -1 #SUP: 39
1 -1 1 -1 17 -1 8 -1 29 -1 #SUP: 34
1 -1 1 -1 17 -1 8 -1 71 -1 #SUP: 46
1 -1 1 -1 17 -1 8 -1 92 -1 #SUP: 40
1 -1 1 -1 17 -1 14 -1 #SUP: 107
1 -1 1 -1 17 -1 14 -1 8 -1 #SUP: 51
1 -1 1 -1 17 -1 14 -1 8 -1 18 -1 #SUP: 33
1 -1 1 -1 17 -1 14 -1 14 -1 #SUP: 36
1 -1 1 -1 17 -1 14 -1 17 -1 #SUP: 34
1 -1 1 -1 17 -1 14 -1 18 -1 #SUP: 56
1 -1 1 -1 17 -1 14 -1 71 -1 #SUP: 33
1 -1 1 -1 17 -1 17 -1 #SUP: 86
1 -1 1 -1 17 -1 17 -1 8 -1 #SUP: 44
1 -1 1 -1 17 -1 17 -1 14 -1 #SUP: 37
1 -1 1 -1 17 -1 17 -1 18 -1 #SUP: 46
1 -1 1 -1 17 -1 17 -1 71 -1 #SUP: 31
1 -1 1 -1 17 -1 18 -1 #SUP: 142
1 -1 1 -1 17 -1 18 -1 8 -1 #SUP: 70
1 -1 1 -1 17 -1 18 -1 8 -1 8 -1 #SUP: 42
1 -1 1 -1 17 -1 18 -1 8 -1 8 -1 18 -1 #SUP: 32
1 -1 1 -1 17 -1 18 -1 8 -1 14 -1 #SUP: 33
1 -1 1 -1 17 -1 18 -1 8 -1 18 -1 #SUP: 48
1 -1 1 -1 17 -1 18 -1 14 -1 #SUP: 59
1 -1 1 -1 17 -1 18 -1 14 -1 8 -1 #SUP: 32
1 -1 1 -1 17 -1 18 -1 14 -1 18 -1 #SUP: 32
1 -1 1 -1 17 -1 18 -1 17 -1 #SUP: 32
1 -1 1 -1 17 -1 18 -1 18 -1 #SUP: 67
1 -1 1 -1 17 -1 18 -1 18 -1 8 -1 #SUP: 38
1 -1 1 -1 17 -1 18 -1 18 -1 18 -1 #SUP: 33
1 -1 1 -1 17 -1 18 -1 21 -1 #SUP: 30
1 -1 1 -1 17 -1 18 -1 29 -1 #SUP: 35
1 -1 1 -1 17 -1 18 -1 71 -1 #SUP: 48
1 -1 1 -1 17 -1 18 -1 92 -1 #SUP: 32
1 -1 1 -1 17 -1 19 -1 #SUP: 32
1 -1 1 -1 17 -1 20 -1 #SUP: 53
1 -1 1 -1 17 -1 21 -1 #SUP: 61
1 -1 1 -1 17 -1 21 -1 8 -1 #SUP: 35
1 -1 1 -1 17 -1 21 -1 18 -1 #SUP: 30
1 -1 1 -1 17 -1 29 -1 #SUP: 75
1 -1 1 -1 17 -1 29 -1 8 -1 #SUP: 45
1 -1 1 -1 17 -1 29 -1 17 -1 #SUP: 39
1 -1 1 -1 17 -1 29 -1 18 -1 #SUP: 45
1 -1 1 -1 17 -1 29 -1 71 -1 #SUP: 33
1 -1 1 -1 17 -1 30 -1 #SUP: 44
1 -1 1 -1 17 -1 290 -1 #SUP: 43
1 -1 1 -1 17 -1 39 -1 #SUP: 30
1 -1 1 -1 17 -1 40 -1 #SUP: 63
1 -1 1 -1 17 -1 40 -1 8 -1 #SUP: 32
1 -1 1 -1 17 -1 40 -1 18 -1 #SUP: 39
1 -1 1 -1 17 -1 52 -1 #SUP: 39
1 -1 1 -1 17 -1 71 -1 #SUP: 110
1 -1 1 -1 17 -1 71 -1 8 -1 #SUP: 65
1 -1 1 -1 17 -1 71 -1 8 -1 8 -1 #SUP: 39
1 -1 1 -1 17 -1 71 -1 8 -1 14 -1 #SUP: 35
1 -1 1 -1 17 -1 71 -1 8 -1 18 -1 #SUP: 45
1 -1 1 -1 17 -1 71 -1 14 -1 #SUP: 53
1 -1 1 -1 17 -1 71 -1 17 -1 #SUP: 40
1 -1 1 -1 17 -1 71 -1 18 -1 #SUP: 59
1 -1 1 -1 17 -1 71 -1 71 -1 #SUP: 49
1 -1 1 -1 17 -1 71 -1 71 -1 8 -1 #SUP: 30
1 -1 1 -1 17 -1 71 -1 92 -1 #SUP: 38
1 -1 1 -1 17 -1 90 -1 #SUP: 30
1 -1 1 -1 17 -1 92 -1 #SUP: 73
1 -1 1 -1 17 -1 92 -1 8 -1 #SUP: 42
1 -1 1 -1 17 -1 92 -1 14 -1 #SUP: 32
1 -1 1 -1 17 -1 92 -1 18 -1 #SUP: 39
1 -1 1 -1 17 -1 96 -1 #SUP: 49
1 -1 1 -1 17 -1 103 -1 #SUP: 30
1 -1 1 -1 17 -1 186 -1 #SUP: 38
1 -1 1 -1 17 -1 206 -1 #SUP: 38
1 -1 1 -1 18 -1 #SUP: 325
1 -1 1 -1 18 -1 3 -1 #SUP: 74
1 -1 1 -1 18 -1 3 -1 8 -1 #SUP: 46
1 -1 1 -1 18 -1 3 -1 8 -1 18 -1 #SUP: 37
1 -1 1 -1 18 -1 3 -1 18 -1 #SUP: 44
1 -1 1 -1 18 -1 8 -1 #SUP: 203
1 -1 1 -1 18 -1 8 -1 3 -1 #SUP: 42
1 -1 1 -1 18 -1 8 -1 8 -1 #SUP: 127
1 -1 1 -1 18 -1 8 -1 8 -1 8 -1 #SUP: 75
1 -1 1 -1 18 -1 8 -1 8 -1 8 -1 8 -1 #SUP: 44
1 -1 1 -1 18 -1 8 -1 8 -1 8 -1 14 -1 #SUP: 31
1 -1 1 -1 18 -1 8 -1 8 -1 8 -1 18 -1 #SUP: 49
1 -1 1 -1 18 -1 8 -1 8 -1 14 -1 #SUP: 59
1 -1 1 -1 18 -1 8 -1 8 -1 14 -1 8 -1 #SUP: 33
1 -1 1 -1 18 -1 8 -1 8 -1 14 -1 18 -1 #SUP: 33
1 -1 1 -1 18 -1 8 -1 8 -1 17 -1 #SUP: 38
1 -1 1 -1 18 -1 8 -1 8 -1 18 -1 #SUP: 84
1 -1 1 -1 18 -1 8 -1 8 -1 18 -1 8 -1 #SUP: 55
1 -1 1 -1 18 -1 8 -1 8 -1 18 -1 8 -1 18 -1 #SUP: 32
1 -1 1 -1 18 -1 8 -1 8 -1 18 -1 14 -1 #SUP: 33
1 -1 1 -1 18 -1 8 -1 8 -1 18 -1 18 -1 #SUP: 43
1 -1 1 -1 18 -1 8 -1 8 -1 18 -1 71 -1 #SUP: 31
1 -1 1 -1 18 -1 8 -1 8 -1 21 -1 #SUP: 32
1 -1 1 -1 18 -1 8 -1 8 -1 71 -1 #SUP: 49
1 -1 1 -1 18 -1 8 -1 8 -1 71 -1 8 -1 #SUP: 31
1 -1 1 -1 18 -1 8 -1 14 -1 #SUP: 101
1 -1 1 -1 18 -1 8 -1 14 -1 8 -1 #SUP: 58
1 -1 1 -1 18 -1 8 -1 14 -1 8 -1 8 -1 #SUP: 33
1 -1 1 -1 18 -1 8 -1 14 -1 8 -1 18 -1 #SUP: 40
1 -1 1 -1 18 -1 8 -1 14 -1 14 -1 #SUP: 45
1 -1 1 -1 18 -1 8 -1 14 -1 17 -1 #SUP: 33
1 -1 1 -1 18 -1 8 -1 14 -1 18 -1 #SUP: 61
1 -1 1 -1 18 -1 8 -1 14 -1 18 -1 8 -1 #SUP: 37
1 -1 1 -1 18 -1 8 -1 14 -1 29 -1 #SUP: 31
1 -1 1 -1 18 -1 8 -1 14 -1 71 -1 #SUP: 37
1 -1 1 -1 18 -1 8 -1 17 -1 #SUP: 68
1 -1 1 -1 18 -1 8 -1 17 -1 8 -1 #SUP: 33
1 -1 1 -1 18 -1 8 -1 17 -1 18 -1 #SUP: 30
1 -1 1 -1 18 -1 8 -1 18 -1 #SUP: 151
1 -1 1 -1 18 -1 8 -1 18 -1 8 -1 #SUP: 96
1 -1 1 -1 18 -1 8 -1 18 -1 8 -1 8 -1 #SUP: 55
1 -1 1 -1 18 -1 8 -1 18 -1 8 -1 8 -1 18 -1 #SUP: 38
1 -1 1 -1 18 -1 8 -1 18 -1 8 -1 14 -1 #SUP: 42
1 -1 1 -1 18 -1 8 -1 18 -1 8 -1 18 -1 #SUP: 61
1 -1 1 -1 18 -1 8 -1 18 -1 8 -1 18 -1 8 -1 #SUP: 38
1 -1 1 -1 18 -1 8 -1 18 -1 8 -1 18 -1 18 -1 #SUP: 30
1 -1 1 -1 18 -1 8 -1 18 -1 8 -1 71 -1 #SUP: 38
1 -1 1 -1 18 -1 8 -1 18 -1 14 -1 #SUP: 63
1 -1 1 -1 18 -1 8 -1 18 -1 14 -1 8 -1 #SUP: 39
1 -1 1 -1 18 -1 8 -1 18 -1 14 -1 14 -1 #SUP: 30
1 -1 1 -1 18 -1 8 -1 18 -1 14 -1 18 -1 #SUP: 38
1 -1 1 -1 18 -1 8 -1 18 -1 17 -1 #SUP: 48
1 -1 1 -1 18 -1 8 -1 18 -1 18 -1 #SUP: 78
1 -1 1 -1 18 -1 8 -1 18 -1 18 -1 8 -1 #SUP: 48
1 -1 1 -1 18 -1 8 -1 18 -1 18 -1 8 -1 18 -1 #SUP: 32
1 -1 1 -1 18 -1 8 -1 18 -1 18 -1 14 -1 #SUP: 35
1 -1 1 -1 18 -1 8 -1 18 -1 18 -1 18 -1 #SUP: 40
1 -1 1 -1 18 -1 8 -1 18 -1 18 -1 71 -1 #SUP: 30
1 -1 1 -1 18 -1 8 -1 18 -1 21 -1 #SUP: 39
1 -1 1 -1 18 -1 8 -1 18 -1 29 -1 #SUP: 42
1 -1 1 -1 18 -1 8 -1 18 -1 40 -1 #SUP: 33
1 -1 1 -1 18 -1 8 -1 18 -1 71 -1 #SUP: 55
1 -1 1 -1 18 -1 8 -1 18 -1 71 -1 8 -1 #SUP: 35
1 -1 1 -1 18 -1 8 -1 18 -1 92 -1 #SUP: 30
1 -1 1 -1 18 -1 8 -1 18 -1 96 -1 #SUP: 31
1 -1 1 -1 18 -1 8 -1 20 -1 #SUP: 32
1 -1 1 -1 18 -1 8 -1 21 -1 #SUP: 58
1 -1 1 -1 18 -1 8 -1 21 -1 8 -1 #SUP: 44
1 -1 1 -1 18 -1 8 -1 21 -1 8 -1 18 -1 #SUP: 30
1 -1 1 -1 18 -1 8 -1 21 -1 18 -1 #SUP: 35
1 -1 1 -1 18 -1 8 -1 29 -1 #SUP: 56
1 -1 1 -1 18 -1 8 -1 29 -1 8 -1 #SUP: 34
1 -1 1 -1 18 -1 8 -1 29 -1 18 -1 #SUP: 30
1 -1 1 -1 18 -1 8 -1 30 -1 #SUP: 30
1 -1 1 -1 18 -1 8 -1 290 -1 #SUP: 42
1 -1 1 -1 18 -1 8 -1 40 -1 #SUP: 40
1 -1 1 -1 18 -1 8 -1 71 -1 #SUP: 73
1 -1 1 -1 18 -1 8 -1 71 -1 8 -1 #SUP: 49
1 -1 1 -1 18 -1 8 -1 71 -1 14 -1 #SUP: 35
1 -1 1 -1 18 -1 8 -1 71 -1 18 -1 #SUP: 34
1 -1 1 -1 18 -1 8 -1 71 -1 71 -1 #SUP: 35
1 -1 1 -1 18 -1 8 -1 92 -1 #SUP: 49
1 -1 1 -1 18 -1 8 -1 92 -1 8 -1 #SUP: 30
1 -1 1 -1 18 -1 8 -1 96 -1 #SUP: 40
1 -1 1 -1 18 -1 8 -1 124 -1 #SUP: 31
1 -1 1 -1 18 -1 265 -1 #SUP: 30
1 -1 1 -1 18 -1 14 -1 #SUP: 152
1 -1 1 -1 18 -1 14 -1 8 -1 #SUP: 85
1 -1 1 -1 18 -1 14 -1 8 -1 8 -1 #SUP: 55
1 -1 1 -1 18 -1 14 -1 8 -1 8 -1 8 -1 #SUP: 30
1 -1 1 -1 18 -1 14 -1 8 -1 8 -1 18 -1 #SUP: 34
1 -1 1 -1 18 -1 14 -1 8 -1 14 -1 #SUP: 40
1 -1 1 -1 18 -1 14 -1 8 -1 18 -1 #SUP: 58
1 -1 1 -1 18 -1 14 -1 8 -1 18 -1 8 -1 #SUP: 38
1 -1 1 -1 18 -1 14 -1 8 -1 18 -1 14 -1 #SUP: 30
1 -1 1 -1 18 -1 14 -1 8 -1 18 -1 18 -1 #SUP: 30
1 -1 1 -1 18 -1 14 -1 8 -1 71 -1 #SUP: 30
1 -1 1 -1 18 -1 14 -1 14 -1 #SUP: 68
1 -1 1 -1 18 -1 14 -1 14 -1 8 -1 #SUP: 36
1 -1 1 -1 18 -1 14 -1 14 -1 14 -1 #SUP: 33
1 -1 1 -1 18 -1 14 -1 14 -1 18 -1 #SUP: 38
1 -1 1 -1 18 -1 14 -1 17 -1 #SUP: 49
1 -1 1 -1 18 -1 14 -1 18 -1 #SUP: 88
1 -1 1 -1 18 -1 14 -1 18 -1 8 -1 #SUP: 57
1 -1 1 -1 18 -1 14 -1 18 -1 8 -1 8 -1 #SUP: 35
1 -1 1 -1 18 -1 14 -1 18 -1 8 -1 18 -1 #SUP: 38
1 -1 1 -1 18 -1 14 -1 18 -1 14 -1 #SUP: 44
1 -1 1 -1 18 -1 14 -1 18 -1 14 -1 8 -1 #SUP: 30
1 -1 1 -1 18 -1 14 -1 18 -1 18 -1 #SUP: 46
1 -1 1 -1 18 -1 14 -1 18 -1 18 -1 8 -1 #SUP: 30
1 -1 1 -1 18 -1 14 -1 18 -1 71 -1 #SUP: 33
1 -1 1 -1 18 -1 14 -1 20 -1 #SUP: 30
1 -1 1 -1 18 -1 14 -1 21 -1 #SUP: 44
1 -1 1 -1 18 -1 14 -1 29 -1 #SUP: 42
1 -1 1 -1 18 -1 14 -1 290 -1 #SUP: 32
1 -1 1 -1 18 -1 14 -1 40 -1 #SUP: 31
1 -1 1 -1 18 -1 14 -1 71 -1 #SUP: 57
1 -1 1 -1 18 -1 14 -1 71 -1 8 -1 #SUP: 31
1 -1 1 -1 18 -1 14 -1 92 -1 #SUP: 37
1 -1 1 -1 18 -1 17 -1 #SUP: 139
1 -1 1 -1 18 -1 17 -1 3 -1 #SUP: 33
1 -1 1 -1 18 -1 17 -1 8 -1 #SUP: 70
1 -1 1 -1 18 -1 17 -1 8 -1 8 -1 #SUP: 39
1 -1 1 -1 18 -1 17 -1 8 -1 14 -1 #SUP: 38
1 -1 1 -1 18 -1 17 -1 8 -1 18 -1 #SUP: 46
1 -1 1 -1 18 -1 17 -1 14 -1 #SUP: 56
1 -1 1 -1 18 -1 17 -1 14 -1 18 -1 #SUP: 30
1 -1 1 -1 18 -1 17 -1 17 -1 #SUP: 49
1 -1 1 -1 18 -1 17 -1 18 -1 #SUP: 72
1 -1 1 -1 18 -1 17 -1 18 -1 8 -1 #SUP: 36
1 -1 1 -1 18 -1 17 -1 18 -1 18 -1 #SUP: 33
1 -1 1 -1 18 -1 17 -1 21 -1 #SUP: 30
1 -1 1 -1 18 -1 17 -1 29 -1 #SUP: 42
1 -1 1 -1 18 -1 17 -1 71 -1 #SUP: 56
1 -1 1 -1 18 -1 17 -1 71 -1 8 -1 #SUP: 35
1 -1 1 -1 18 -1 17 -1 92 -1 #SUP: 36
1 -1 1 -1 18 -1 17 -1 96 -1 #SUP: 32
1 -1 1 -1 18 -1 18 -1 #SUP: 192
1 -1 1 -1 18 -1 18 -1 3 -1 #SUP: 38
1 -1 1 -1 18 -1 18 -1 8 -1 #SUP: 114
1 -1 1 -1 18 -1 18 -1 8 -1 8 -1 #SUP: 77
1 -1 1 -1 18 -1 18 -1 8 -1 8 -1 8 -1 #SUP: 41
1 -1 1 -1 18 -1 18 -1 8 -1 8 -1 14 -1 #SUP: 33
1 -1 1 -1 18 -1 18 -1 8 -1 8 -1 18 -1 #SUP: 55
1 -1 1 -1 18 -1 18 -1 8 -1 8 -1 18 -1 8 -1 #SUP: 31
1 -1 1 -1 18 -1 18 -1 8 -1 14 -1 #SUP: 52
1 -1 1 -1 18 -1 18 -1 8 -1 14 -1 8 -1 #SUP: 36
1 -1 1 -1 18 -1 18 -1 8 -1 14 -1 18 -1 #SUP: 34
1 -1 1 -1 18 -1 18 -1 8 -1 18 -1 #SUP: 78
1 -1 1 -1 18 -1 18 -1 8 -1 18 -1 8 -1 #SUP: 56
1 -1 1 -1 18 -1 18 -1 8 -1 18 -1 8 -1 18 -1 #SUP: 37
1 -1 1 -1 18 -1 18 -1 8 -1 18 -1 14 -1 #SUP: 35
1 -1 1 -1 18 -1 18 -1 8 -1 18 -1 18 -1 #SUP: 41
1 -1 1 -1 18 -1 18 -1 8 -1 71 -1 #SUP: 44
1 -1 1 -1 18 -1 18 -1 14 -1 #SUP: 78
1 -1 1 -1 18 -1 18 -1 14 -1 8 -1 #SUP: 51
1 -1 1 -1 18 -1 18 -1 14 -1 8 -1 8 -1 #SUP: 31
1 -1 1 -1 18 -1 18 -1 14 -1 8 -1 18 -1 #SUP: 37
1 -1 1 -1 18 -1 18 -1 14 -1 14 -1 #SUP: 40
1 -1 1 -1 18 -1 18 -1 14 -1 18 -1 #SUP: 48
1 -1 1 -1 18 -1 18 -1 14 -1 18 -1 8 -1 #SUP: 32
1 -1 1 -1 18 -1 18 -1 14 -1 71 -1 #SUP: 31
1 -1 1 -1 18 -1 18 -1 17 -1 #SUP: 61
1 -1 1 -1 18 -1 18 -1 17 -1 8 -1 #SUP: 31
1 -1 1 -1 18 -1 18 -1 18 -1 #SUP: 103
1 -1 1 -1 18 -1 18 -1 18 -1 8 -1 #SUP: 67
1 -1 1 -1 18 -1 18 -1 18 -1 8 -1 8 -1 #SUP: 40
1 -1 1 -1 18 -1 18 -1 18 -1 8 -1 14 -1 #SUP: 31
1 -1 1 -1 18 -1 18 -1 18 -1 8 -1 18 -1 #SUP: 47
1 -1 1 -1 18 -1 18 -1 18 -1 8 -1 18 -1 8 -1 #SUP: 30
1 -1 1 -1 18 -1 18 -1 18 -1 14 -1 #SUP: 48
1 -1 1 -1 18 -1 18 -1 18 -1 14 -1 8 -1 #SUP: 35
1 -1 1 -1 18 -1 18 -1 18 -1 14 -1 18 -1 #SUP: 34
1 -1 1 -1 18 -1 18 -1 18 -1 18 -1 #SUP: 55
1 -1 1 -1 18 -1 18 -1 18 -1 18 -1 8 -1 #SUP: 35
1 -1 1 -1 18 -1 18 -1 18 -1 18 -1 18 -1 #SUP: 32
1 -1 1 -1 18 -1 18 -1 18 -1 71 -1 #SUP: 40
1 -1 1 -1 18 -1 18 -1 20 -1 #SUP: 36
1 -1 1 -1 18 -1 18 -1 21 -1 #SUP: 48
1 -1 1 -1 18 -1 18 -1 21 -1 8 -1 #SUP: 34
1 -1 1 -1 18 -1 18 -1 21 -1 18 -1 #SUP: 32
1 -1 1 -1 18 -1 18 -1 29 -1 #SUP: 56
1 -1 1 -1 18 -1 18 -1 29 -1 8 -1 #SUP: 36
1 -1 1 -1 18 -1 18 -1 29 -1 18 -1 #SUP: 34
1 -1 1 -1 18 -1 18 -1 30 -1 #SUP: 31
1 -1 1 -1 18 -1 18 -1 290 -1 #SUP: 42
1 -1 1 -1 18 -1 18 -1 40 -1 #SUP: 38
1 -1 1 -1 18 -1 18 -1 318 -1 #SUP: 30
1 -1 1 -1 18 -1 18 -1 71 -1 #SUP: 72
1 -1 1 -1 18 -1 18 -1 71 -1 8 -1 #SUP: 46
1 -1 1 -1 18 -1 18 -1 71 -1 8 -1 18 -1 #SUP: 33
1 -1 1 -1 18 -1 18 -1 71 -1 14 -1 #SUP: 34
1 -1 1 -1 18 -1 18 -1 71 -1 18 -1 #SUP: 37
1 -1 1 -1 18 -1 18 -1 71 -1 71 -1 #SUP: 33
1 -1 1 -1 18 -1 18 -1 92 -1 #SUP: 42
1 -1 1 -1 18 -1 18 -1 96 -1 #SUP: 37
1 -1 1 -1 18 -1 18 -1 206 -1 #SUP: 31
1 -1 1 -1 18 -1 19 -1 #SUP: 41
1 -1 1 -1 18 -1 20 -1 #SUP: 72
1 -1 1 -1 18 -1 20 -1 8 -1 #SUP: 41
1 -1 1 -1 18 -1 20 -1 18 -1 #SUP: 38
1 -1 1 -1 18 -1 21 -1 #SUP: 101
1 -1 1 -1 18 -1 21 -1 8 -1 #SUP: 71
1 -1 1 -1 18 -1 21 -1 8 -1 8 -1 #SUP: 47
1 -1 1 -1 18 -1 21 -1 8 -1 14 -1 #SUP: 30
1 -1 1 -1 18 -1 21 -1 8 -1 18 -1 #SUP: 51
1 -1 1 -1 18 -1 21 -1 8 -1 18 -1 8 -1 #SUP: 33
1 -1 1 -1 18 -1 21 -1 14 -1 #SUP: 43
1 -1 1 -1 18 -1 21 -1 14 -1 8 -1 #SUP: 32
1 -1 1 -1 18 -1 21 -1 17 -1 #SUP: 39
1 -1 1 -1 18 -1 21 -1 18 -1 #SUP: 58
1 -1 1 -1 18 -1 21 -1 18 -1 8 -1 #SUP: 39
1 -1 1 -1 18 -1 21 -1 18 -1 18 -1 #SUP: 32
1 -1 1 -1 18 -1 21 -1 71 -1 #SUP: 40
1 -1 1 -1 18 -1 23 -1 #SUP: 35
1 -1 1 -1 18 -1 29 -1 #SUP: 105
1 -1 1 -1 18 -1 29 -1 3 -1 #SUP: 30
1 -1 1 -1 18 -1 29 -1 8 -1 #SUP: 65
1 -1 1 -1 18 -1 29 -1 8 -1 8 -1 #SUP: 34
1 -1 1 -1 18 -1 29 -1 8 -1 18 -1 #SUP: 42
1 -1 1 -1 18 -1 29 -1 14 -1 #SUP: 43
1 -1 1 -1 18 -1 29 -1 17 -1 #SUP: 57
1 -1 1 -1 18 -1 29 -1 17 -1 8 -1 #SUP: 31
1 -1 1 -1 18 -1 29 -1 17 -1 18 -1 #SUP: 34
1 -1 1 -1 18 -1 29 -1 18 -1 #SUP: 63
1 -1 1 -1 18 -1 29 -1 18 -1 8 -1 #SUP: 35
1 -1 1 -1 18 -1 29 -1 18 -1 18 -1 #SUP: 34
1 -1 1 -1 18 -1 29 -1 21 -1 #SUP: 36
1 -1 1 -1 18 -1 29 -1 71 -1 #SUP: 49
1 -1 1 -1 18 -1 29 -1 71 -1 8 -1 #SUP: 30
1 -1 1 -1 18 -1 29 -1 92 -1 #SUP: 32
1 -1 1 -1 18 -1 29 -1 96 -1 #SUP: 34
1 -1 1 -1 18 -1 30 -1 #SUP: 57
1 -1 1 -1 18 -1 30 -1 8 -1 #SUP: 36
1 -1 1 -1 18 -1 290 -1 #SUP: 68
1 -1 1 -1 18 -1 290 -1 8 -1 #SUP: 44
1 -1 1 -1 18 -1 290 -1 8 -1 18 -1 #SUP: 34
1 -1 1 -1 18 -1 290 -1 18 -1 #SUP: 44
1 -1 1 -1 18 -1 292 -1 #SUP: 36
1 -1 1 -1 18 -1 39 -1 #SUP: 37
1 -1 1 -1 18 -1 40 -1 #SUP: 85
1 -1 1 -1 18 -1 40 -1 8 -1 #SUP: 51
1 -1 1 -1 18 -1 40 -1 8 -1 18 -1 #SUP: 34
1 -1 1 -1 18 -1 40 -1 14 -1 #SUP: 40
1 -1 1 -1 18 -1 40 -1 18 -1 #SUP: 53
1 -1 1 -1 18 -1 40 -1 18 -1 8 -1 #SUP: 31
1 -1 1 -1 18 -1 40 -1 71 -1 #SUP: 35
1 -1 1 -1 18 -1 52 -1 #SUP: 46
1 -1 1 -1 18 -1 54 -1 #SUP: 37
1 -1 1 -1 18 -1 318 -1 #SUP: 41
1 -1 1 -1 18 -1 71 -1 #SUP: 139
1 -1 1 -1 18 -1 71 -1 3 -1 #SUP: 31
1 -1 1 -1 18 -1 71 -1 8 -1 #SUP: 87
1 -1 1 -1 18 -1 71 -1 8 -1 8 -1 #SUP: 51
1 -1 1 -1 18 -1 71 -1 8 -1 8 -1 18 -1 #SUP: 30
1 -1 1 -1 18 -1 71 -1 8 -1 14 -1 #SUP: 45
1 -1 1 -1 18 -1 71 -1 8 -1 18 -1 #SUP: 58
1 -1 1 -1 18 -1 71 -1 8 -1 18 -1 8 -1 #SUP: 35
1 -1 1 -1 18 -1 71 -1 8 -1 71 -1 #SUP: 33
1 -1 1 -1 18 -1 71 -1 14 -1 #SUP: 66
1 -1 1 -1 18 -1 71 -1 14 -1 8 -1 #SUP: 37
1 -1 1 -1 18 -1 71 -1 14 -1 18 -1 #SUP: 34
1 -1 1 -1 18 -1 71 -1 17 -1 #SUP: 44
1 -1 1 -1 18 -1 71 -1 18 -1 #SUP: 73
1 -1 1 -1 18 -1 71 -1 18 -1 8 -1 #SUP: 43
1 -1 1 -1 18 -1 71 -1 18 -1 14 -1 #SUP: 34
1 -1 1 -1 18 -1 71 -1 18 -1 18 -1 #SUP: 34
1 -1 1 -1 18 -1 71 -1 18 -1 71 -1 #SUP: 31
1 -1 1 -1 18 -1 71 -1 20 -1 #SUP: 31
1 -1 1 -1 18 -1 71 -1 21 -1 #SUP: 31
1 -1 1 -1 18 -1 71 -1 29 -1 #SUP: 32
1 -1 1 -1 18 -1 71 -1 290 -1 #SUP: 38
1 -1 1 -1 18 -1 71 -1 71 -1 #SUP: 65
1 -1 1 -1 18 -1 71 -1 71 -1 8 -1 #SUP: 37
1 -1 1 -1 18 -1 71 -1 92 -1 #SUP: 47
1 -1 1 -1 18 -1 92 -1 #SUP: 101
1 -1 1 -1 18 -1 92 -1 8 -1 #SUP: 53
1 -1 1 -1 18 -1 92 -1 8 -1 8 -1 #SUP: 33
1 -1 1 -1 18 -1 92 -1 8 -1 18 -1 #SUP: 39
1 -1 1 -1 18 -1 92 -1 14 -1 #SUP: 37
1 -1 1 -1 18 -1 92 -1 17 -1 #SUP: 38
1 -1 1 -1 18 -1 92 -1 18 -1 #SUP: 52
1 -1 1 -1 18 -1 92 -1 18 -1 8 -1 #SUP: 31
1 -1 1 -1 18 -1 92 -1 71 -1 #SUP: 45
1 -1 1 -1 18 -1 92 -1 92 -1 #SUP: 33
1 -1 1 -1 18 -1 96 -1 #SUP: 67
1 -1 1 -1 18 -1 96 -1 8 -1 #SUP: 39
1 -1 1 -1 18 -1 96 -1 17 -1 #SUP: 37
1 -1 1 -1 18 -1 96 -1 18 -1 #SUP: 36
1 -1 1 -1 18 -1 103 -1 #SUP: 42
1 -1 1 -1 18 -1 122 -1 #SUP: 33
1 -1 1 -1 18 -1 124 -1 #SUP: 64
1 -1 1 -1 18 -1 124 -1 8 -1 #SUP: 38
1 -1 1 -1 18 -1 124 -1 18 -1 #SUP: 36
1 -1 1 -1 18 -1 186 -1 #SUP: 46
1 -1 1 -1 18 -1 206 -1 #SUP: 63
1 -1 1 -1 18 -1 206 -1 8 -1 #SUP: 31
1 -1 1 -1 18 -1 206 -1 18 -1 #SUP: 34
1 -1 1 -1 18 -1 219 -1 #SUP: 40
1 -1 1 -1 18 -1 224 -1 #SUP: 43
1 -1 1 -1 18 -1 225 -1 #SUP: 35
1 -1 1 -1 18 -1 227 -1 #SUP: 40
1 -1 1 -1 19 -1 #SUP: 77
1 -1 1 -1 19 -1 8 -1 #SUP: 46
1 -1 1 -1 19 -1 8 -1 18 -1 #SUP: 31
1 -1 1 -1 19 -1 14 -1 #SUP: 34
1 -1 1 -1 19 -1 17 -1 #SUP: 36
1 -1 1 -1 19 -1 18 -1 #SUP: 45
1 -1 1 -1 19 -1 71 -1 #SUP: 45
1 -1 1 -1 20 -1 #SUP: 112
1 -1 1 -1 20 -1 8 -1 #SUP: 61
1 -1 1 -1 20 -1 8 -1 8 -1 #SUP: 33
1 -1 1 -1 20 -1 8 -1 18 -1 #SUP: 42
1 -1 1 -1 20 -1 14 -1 #SUP: 40
1 -1 1 -1 20 -1 17 -1 #SUP: 34
1 -1 1 -1 20 -1 18 -1 #SUP: 63
1 -1 1 -1 20 -1 18 -1 8 -1 #SUP: 33
1 -1 1 -1 20 -1 21 -1 #SUP: 40
1 -1 1 -1 20 -1 71 -1 #SUP: 43
1 -1 1 -1 20 -1 92 -1 #SUP: 31
1 -1 1 -1 21 -1 #SUP: 158
1 -1 1 -1 21 -1 3 -1 #SUP: 33
1 -1 1 -1 21 -1 8 -1 #SUP: 105
1 -1 1 -1 21 -1 8 -1 8 -1 #SUP: 67
1 -1 1 -1 21 -1 8 -1 8 -1 8 -1 #SUP: 30
1 -1 1 -1 21 -1 8 -1 8 -1 14 -1 #SUP: 30
1 -1 1 -1 21 -1 8 -1 8 -1 18 -1 #SUP: 40
1 -1 1 -1 21 -1 8 -1 14 -1 #SUP: 51
1 -1 1 -1 21 -1 8 -1 14 -1 8 -1 #SUP: 31
1 -1 1 -1 21 -1 8 -1 17 -1 #SUP: 35
1 -1 1 -1 21 -1 8 -1 18 -1 #SUP: 78
1 -1 1 -1 21 -1 8 -1 18 -1 8 -1 #SUP: 49
1 -1 1 -1 21 -1 8 -1 18 -1 8 -1 18 -1 #SUP: 34
1 -1 1 -1 21 -1 8 -1 18 -1 14 -1 #SUP: 34
1 -1 1 -1 21 -1 8 -1 18 -1 18 -1 #SUP: 42
1 -1 1 -1 21 -1 8 -1 21 -1 #SUP: 30
1 -1 1 -1 21 -1 8 -1 71 -1 #SUP: 40
1 -1 1 -1 21 -1 14 -1 #SUP: 75
1 -1 1 -1 21 -1 14 -1 8 -1 #SUP: 45
1 -1 1 -1 21 -1 14 -1 14 -1 #SUP: 32
1 -1 1 -1 21 -1 14 -1 18 -1 #SUP: 38
1 -1 1 -1 21 -1 17 -1 #SUP: 63
1 -1 1 -1 21 -1 18 -1 #SUP: 97
1 -1 1 -1 21 -1 18 -1 8 -1 #SUP: 60
1 -1 1 -1 21 -1 18 -1 8 -1 8 -1 #SUP: 34
1 -1 1 -1 21 -1 18 -1 8 -1 14 -1 #SUP: 30
1 -1 1 -1 21 -1 18 -1 8 -1 18 -1 #SUP: 42
1 -1 1 -1 21 -1 18 -1 14 -1 #SUP: 47
1 -1 1 -1 21 -1 18 -1 14 -1 8 -1 #SUP: 30
1 -1 1 -1 21 -1 18 -1 18 -1 #SUP: 50
1 -1 1 -1 21 -1 18 -1 71 -1 #SUP: 39
1 -1 1 -1 21 -1 20 -1 #SUP: 39
1 -1 1 -1 21 -1 21 -1 #SUP: 48
1 -1 1 -1 21 -1 29 -1 #SUP: 50
1 -1 1 -1 21 -1 29 -1 8 -1 #SUP: 35
1 -1 1 -1 21 -1 40 -1 #SUP: 47
1 -1 1 -1 21 -1 40 -1 18 -1 #SUP: 32
1 -1 1 -1 21 -1 71 -1 #SUP: 67
1 -1 1 -1 21 -1 71 -1 8 -1 #SUP: 37
1 -1 1 -1 21 -1 71 -1 71 -1 #SUP: 32
1 -1 1 -1 21 -1 92 -1 #SUP: 50
1 -1 1 -1 23 -1 #SUP: 52
1 -1 1 -1 23 -1 8 -1 #SUP: 31
1 -1 1 -1 23 -1 18 -1 #SUP: 32
1 -1 1 -1 23 -1 71 -1 #SUP: 30
1 -1 1 -1 24 -1 #SUP: 32
1 -1 1 -1 25 -1 #SUP: 39
1 -1 1 -1 26 -1 #SUP: 43
1 -1 1 -1 27 -1 #SUP: 31
1 -1 1 -1 29 -1 #SUP: 157
1 -1 1 -1 29 -1 3 -1 #SUP: 50
1 -1 1 -1 29 -1 3 -1 8 -1 #SUP: 32
1 -1 1 -1 29 -1 8 -1 #SUP: 102
1 -1 1 -1 29 -1 8 -1 8 -1 #SUP: 57
1 -1 1 -1 29 -1 8 -1 8 -1 18 -1 #SUP: 32
1 -1 1 -1 29 -1 8 -1 14 -1 #SUP: 44
1 -1 1 -1 29 -1 8 -1 17 -1 #SUP: 37
1 -1 1 -1 29 -1 8 -1 18 -1 #SUP: 73
1 -1 1 -1 29 -1 8 -1 18 -1 8 -1 #SUP: 38
1 -1 1 -1 29 -1 8 -1 18 -1 14 -1 #SUP: 32
1 -1 1 -1 29 -1 8 -1 18 -1 18 -1 #SUP: 32
1 -1 1 -1 29 -1 8 -1 21 -1 #SUP: 30
1 -1 1 -1 29 -1 8 -1 71 -1 #SUP: 39
1 -1 1 -1 29 -1 8 -1 92 -1 #SUP: 30
1 -1 1 -1 29 -1 14 -1 #SUP: 71
1 -1 1 -1 29 -1 14 -1 8 -1 #SUP: 35
1 -1 1 -1 29 -1 14 -1 18 -1 #SUP: 33
1 -1 1 -1 29 -1 17 -1 #SUP: 84
1 -1 1 -1 29 -1 17 -1 8 -1 #SUP: 49
1 -1 1 -1 29 -1 17 -1 8 -1 18 -1 #SUP: 34
1 -1 1 -1 29 -1 17 -1 14 -1 #SUP: 35
1 -1 1 -1 29 -1 17 -1 18 -1 #SUP: 48
1 -1 1 -1 29 -1 17 -1 71 -1 #SUP: 41
1 -1 1 -1 29 -1 18 -1 #SUP: 100
1 -1 1 -1 29 -1 18 -1 8 -1 #SUP: 54
1 -1 1 -1 29 -1 18 -1 8 -1 18 -1 #SUP: 36
1 -1 1 -1 29 -1 18 -1 14 -1 #SUP: 38
1 -1 1 -1 29 -1 18 -1 17 -1 #SUP: 33
1 -1 1 -1 29 -1 18 -1 18 -1 #SUP: 51
1 -1 1 -1 29 -1 18 -1 29 -1 #SUP: 30
1 -1 1 -1 29 -1 18 -1 71 -1 #SUP: 37
1 -1 1 -1 29 -1 20 -1 #SUP: 31
1 -1 1 -1 29 -1 21 -1 #SUP: 57
1 -1 1 -1 29 -1 21 -1 8 -1 #SUP: 33
1 -1 1 -1 29 -1 21 -1 18 -1 #SUP: 30
1 -1 1 -1 29 -1 29 -1 #SUP: 50
1 -1 1 -1 29 -1 29 -1 8 -1 #SUP: 31
1 -1 1 -1 29 -1 30 -1 #SUP: 34
1 -1 1 -1 29 -1 290 -1 #SUP: 43
1 -1 1 -1 29 -1 40 -1 #SUP: 41
1 -1 1 -1 29 -1 52 -1 #SUP: 33
1 -1 1 -1 29 -1 71 -1 #SUP: 85
1 -1 1 -1 29 -1 71 -1 8 -1 #SUP: 53
1 -1 1 -1 29 -1 71 -1 8 -1 18 -1 #SUP: 34
1 -1 1 -1 29 -1 71 -1 14 -1 #SUP: 39
1 -1 1 -1 29 -1 71 -1 17 -1 #SUP: 32
1 -1 1 -1 29 -1 71 -1 18 -1 #SUP: 43
1 -1 1 -1 29 -1 71 -1 71 -1 #SUP: 33
1 -1 1 -1 29 -1 92 -1 #SUP: 52
1 -1 1 -1 29 -1 92 -1 8 -1 #SUP: 33
1 -1 1 -1 29 -1 96 -1 #SUP: 50
1 -1 1 -1 29 -1 124 -1 #SUP: 30
1 -1 1 -1 30 -1 #SUP: 99
1 -1 1 -1 30 -1 8 -1 #SUP: 59
1 -1 1 -1 30 -1 8 -1 8 -1 #SUP: 33
1 -1 1 -1 30 -1 8 -1 18 -1 #SUP: 41
1 -1 1 -1 30 -1 14 -1 #SUP: 41
1 -1 1 -1 30 -1 17 -1 #SUP: 46
1 -1 1 -1 30 -1 18 -1 #SUP: 52
1 -1 1 -1 30 -1 21 -1 #SUP: 32
1 -1 1 -1 30 -1 29 -1 #SUP: 35
1 -1 1 -1 30 -1 290 -1 #SUP: 30
1 -1 1 -1 30 -1 71 -1 #SUP: 45
1 -1 1 -1 30 -1 71 -1 8 -1 #SUP: 30
1 -1 1 -1 30 -1 92 -1 #SUP: 33
1 -1 1 -1 290 -1 #SUP: 110
1 -1 1 -1 290 -1 3 -1 #SUP: 32
1 -1 1 -1 290 -1 8 -1 #SUP: 70
1 -1 1 -1 290 -1 8 -1 8 -1 #SUP: 46
1 -1 1 -1 290 -1 8 -1 18 -1 #SUP: 51
1 -1 1 -1 290 -1 8 -1 18 -1 8 -1 #SUP: 33
1 -1 1 -1 290 -1 14 -1 #SUP: 43
1 -1 1 -1 290 -1 17 -1 #SUP: 33
1 -1 1 -1 290 -1 18 -1 #SUP: 68
1 -1 1 -1 290 -1 18 -1 8 -1 #SUP: 47
1 -1 1 -1 290 -1 18 -1 18 -1 #SUP: 34
1 -1 1 -1 290 -1 20 -1 #SUP: 33
1 -1 1 -1 290 -1 21 -1 #SUP: 39
1 -1 1 -1 290 -1 29 -1 #SUP: 31
1 -1 1 -1 290 -1 290 -1 #SUP: 30
1 -1 1 -1 290 -1 71 -1 #SUP: 49
1 -1 1 -1 290 -1 71 -1 8 -1 #SUP: 33
1 -1 1 -1 290 -1 92 -1 #SUP: 41
1 -1 1 -1 292 -1 #SUP: 57
1 -1 1 -1 292 -1 8 -1 #SUP: 35
1 -1 1 -1 292 -1 18 -1 #SUP: 37
1 -1 1 -1 39 -1 #SUP: 59
1 -1 1 -1 39 -1 8 -1 #SUP: 30
1 -1 1 -1 39 -1 18 -1 #SUP: 34
1 -1 1 -1 40 -1 #SUP: 148
1 -1 1 -1 40 -1 8 -1 #SUP: 93
1 -1 1 -1 40 -1 8 -1 8 -1 #SUP: 58
1 -1 1 -1 40 -1 8 -1 8 -1 18 -1 #SUP: 30
1 -1 1 -1 40 -1 8 -1 14 -1 #SUP: 43
1 -1 1 -1 40 -1 8 -1 17 -1 #SUP: 36
1 -1 1 -1 40 -1 8 -1 18 -1 #SUP: 63
1 -1 1 -1 40 -1 8 -1 18 -1 8 -1 #SUP: 37
1 -1 1 -1 40 -1 8 -1 71 -1 #SUP: 33
1 -1 1 -1 40 -1 14 -1 #SUP: 70
1 -1 1 -1 40 -1 14 -1 8 -1 #SUP: 33
1 -1 1 -1 40 -1 14 -1 18 -1 #SUP: 35
1 -1 1 -1 40 -1 17 -1 #SUP: 69
1 -1 1 -1 40 -1 17 -1 8 -1 #SUP: 38
1 -1 1 -1 40 -1 17 -1 18 -1 #SUP: 34
1 -1 1 -1 40 -1 17 -1 71 -1 #SUP: 32
1 -1 1 -1 40 -1 18 -1 #SUP: 101
1 -1 1 -1 40 -1 18 -1 8 -1 #SUP: 60
1 -1 1 -1 40 -1 18 -1 8 -1 8 -1 #SUP: 33
1 -1 1 -1 40 -1 18 -1 8 -1 18 -1 #SUP: 38
1 -1 1 -1 40 -1 18 -1 14 -1 #SUP: 44
1 -1 1 -1 40 -1 18 -1 17 -1 #SUP: 34
1 -1 1 -1 40 -1 18 -1 18 -1 #SUP: 52
1 -1 1 -1 40 -1 18 -1 71 -1 #SUP: 38
1 -1 1 -1 40 -1 19 -1 #SUP: 43
1 -1 1 -1 40 -1 19 -1 71 -1 #SUP: 31
1 -1 1 -1 40 -1 20 -1 #SUP: 37
1 -1 1 -1 40 -1 21 -1 #SUP: 43
1 -1 1 -1 40 -1 29 -1 #SUP: 45
1 -1 1 -1 40 -1 30 -1 #SUP: 37
1 -1 1 -1 40 -1 290 -1 #SUP: 32
1 -1 1 -1 40 -1 40 -1 #SUP: 50
1 -1 1 -1 40 -1 71 -1 #SUP: 73
1 -1 1 -1 40 -1 71 -1 8 -1 #SUP: 49
1 -1 1 -1 40 -1 71 -1 14 -1 #SUP: 36
1 -1 1 -1 40 -1 71 -1 18 -1 #SUP: 34
1 -1 1 -1 40 -1 71 -1 71 -1 #SUP: 32
1 -1 1 -1 40 -1 92 -1 #SUP: 48
1 -1 1 -1 299 -1 #SUP: 42
1 -1 1 -1 45 -1 #SUP: 40
1 -1 1 -1 50 -1 #SUP: 39
1 -1 1 -1 307 -1 #SUP: 33
1 -1 1 -1 51 -1 #SUP: 32
1 -1 1 -1 52 -1 #SUP: 78
1 -1 1 -1 52 -1 8 -1 #SUP: 47
1 -1 1 -1 52 -1 8 -1 8 -1 #SUP: 30
1 -1 1 -1 52 -1 8 -1 18 -1 #SUP: 35
1 -1 1 -1 52 -1 18 -1 #SUP: 43
1 -1 1 -1 52 -1 39 -1 #SUP: 30
1 -1 1 -1 52 -1 71 -1 #SUP: 35
1 -1 1 -1 54 -1 #SUP: 58
1 -1 1 -1 54 -1 8 -1 #SUP: 39
1 -1 1 -1 54 -1 14 -1 #SUP: 30
1 -1 1 -1 54 -1 18 -1 #SUP: 34
1 -1 1 -1 310 -1 #SUP: 46
1 -1 1 -1 310 -1 8 -1 #SUP: 40
1 -1 1 -1 310 -1 8 -1 8 -1 #SUP: 33
1 -1 1 -1 310 -1 8 -1 18 -1 #SUP: 35
1 -1 1 -1 310 -1 18 -1 #SUP: 39
1 -1 1 -1 310 -1 18 -1 8 -1 #SUP: 35
1 -1 1 -1 310 -1 71 -1 #SUP: 30
1 -1 1 -1 318 -1 #SUP: 46
1 -1 1 -1 63 -1 #SUP: 54
1 -1 1 -1 63 -1 8 -1 #SUP: 31
1 -1 1 -1 63 -1 18 -1 #SUP: 30
1 -1 1 -1 71 -1 #SUP: 221
1 -1 1 -1 71 -1 3 -1 #SUP: 47
1 -1 1 -1 71 -1 8 -1 #SUP: 136
1 -1 1 -1 71 -1 8 -1 8 -1 #SUP: 82
1 -1 1 -1 71 -1 8 -1 8 -1 8 -1 #SUP: 40
1 -1 1 -1 71 -1 8 -1 8 -1 14 -1 #SUP: 35
1 -1 1 -1 71 -1 8 -1 8 -1 18 -1 #SUP: 48
1 -1 1 -1 71 -1 8 -1 14 -1 #SUP: 65
1 -1 1 -1 71 -1 8 -1 14 -1 8 -1 #SUP: 35
1 -1 1 -1 71 -1 8 -1 14 -1 18 -1 #SUP: 34
1 -1 1 -1 71 -1 8 -1 17 -1 #SUP: 37
1 -1 1 -1 71 -1 8 -1 18 -1 #SUP: 94
1 -1 1 -1 71 -1 8 -1 18 -1 8 -1 #SUP: 55
1 -1 1 -1 71 -1 8 -1 18 -1 8 -1 18 -1 #SUP: 34
1 -1 1 -1 71 -1 8 -1 18 -1 14 -1 #SUP: 41
1 -1 1 -1 71 -1 8 -1 18 -1 18 -1 #SUP: 41
1 -1 1 -1 71 -1 8 -1 18 -1 71 -1 #SUP: 33
1 -1 1 -1 71 -1 8 -1 21 -1 #SUP: 34
1 -1 1 -1 71 -1 8 -1 29 -1 #SUP: 30
1 -1 1 -1 71 -1 8 -1 71 -1 #SUP: 50
1 -1 1 -1 71 -1 8 -1 71 -1 8 -1 #SUP: 31
1 -1 1 -1 71 -1 8 -1 92 -1 #SUP: 33
1 -1 1 -1 71 -1 265 -1 #SUP: 30
1 -1 1 -1 71 -1 14 -1 #SUP: 105
1 -1 1 -1 71 -1 14 -1 8 -1 #SUP: 56
1 -1 1 -1 71 -1 14 -1 8 -1 8 -1 #SUP: 32
1 -1 1 -1 71 -1 14 -1 8 -1 18 -1 #SUP: 35
1 -1 1 -1 71 -1 14 -1 14 -1 #SUP: 40
1 -1 1 -1 71 -1 14 -1 17 -1 #SUP: 31
1 -1 1 -1 71 -1 14 -1 18 -1 #SUP: 53
1 -1 1 -1 71 -1 14 -1 18 -1 8 -1 #SUP: 31
1 -1 1 -1 71 -1 14 -1 71 -1 #SUP: 42
1 -1 1 -1 71 -1 17 -1 #SUP: 92
1 -1 1 -1 71 -1 17 -1 8 -1 #SUP: 46
1 -1 1 -1 71 -1 17 -1 14 -1 #SUP: 31
1 -1 1 -1 71 -1 17 -1 18 -1 #SUP: 45
1 -1 1 -1 71 -1 17 -1 71 -1 #SUP: 40
1 -1 1 -1 71 -1 18 -1 #SUP: 126
1 -1 1 -1 71 -1 18 -1 8 -1 #SUP: 67
1 -1 1 -1 71 -1 18 -1 8 -1 8 -1 #SUP: 41
1 -1 1 -1 71 -1 18 -1 8 -1 14 -1 #SUP: 31
1 -1 1 -1 71 -1 18 -1 8 -1 18 -1 #SUP: 41
1 -1 1 -1 71 -1 18 -1 14 -1 #SUP: 54
1 -1 1 -1 71 -1 18 -1 14 -1 8 -1 #SUP: 33
1 -1 1 -1 71 -1 18 -1 17 -1 #SUP: 31
1 -1 1 -1 71 -1 18 -1 18 -1 #SUP: 56
1 -1 1 -1 71 -1 18 -1 18 -1 8 -1 #SUP: 34
1 -1 1 -1 71 -1 18 -1 18 -1 18 -1 #SUP: 30
1 -1 1 -1 71 -1 18 -1 29 -1 #SUP: 31
1 -1 1 -1 71 -1 18 -1 71 -1 #SUP: 47
1 -1 1 -1 71 -1 20 -1 #SUP: 49
1 -1 1 -1 71 -1 21 -1 #SUP: 58
1 -1 1 -1 71 -1 21 -1 8 -1 #SUP: 37
1 -1 1 -1 71 -1 29 -1 #SUP: 56
1 -1 1 -1 71 -1 29 -1 8 -1 #SUP: 38
1 -1 1 -1 71 -1 29 -1 17 -1 #SUP: 33
1 -1 1 -1 71 -1 29 -1 18 -1 #SUP: 36
1 -1 1 -1 71 -1 30 -1 #SUP: 36
1 -1 1 -1 71 -1 290 -1 #SUP: 62
1 -1 1 -1 71 -1 290 -1 8 -1 #SUP: 37
1 -1 1 -1 71 -1 290 -1 18 -1 #SUP: 37
1 -1 1 -1 71 -1 40 -1 #SUP: 55
1 -1 1 -1 71 -1 40 -1 18 -1 #SUP: 35
1 -1 1 -1 71 -1 52 -1 #SUP: 30
1 -1 1 -1 71 -1 318 -1 #SUP: 30
1 -1 1 -1 71 -1 71 -1 #SUP: 104
1 -1 1 -1 71 -1 71 -1 8 -1 #SUP: 56
1 -1 1 -1 71 -1 71 -1 8 -1 8 -1 #SUP: 35
1 -1 1 -1 71 -1 71 -1 8 -1 18 -1 #SUP: 35
1 -1 1 -1 71 -1 71 -1 14 -1 #SUP: 39
1 -1 1 -1 71 -1 71 -1 17 -1 #SUP: 31
1 -1 1 -1 71 -1 71 -1 18 -1 #SUP: 45
1 -1 1 -1 71 -1 71 -1 71 -1 #SUP: 48
1 -1 1 -1 71 -1 71 -1 71 -1 8 -1 #SUP: 34
1 -1 1 -1 71 -1 71 -1 92 -1 #SUP: 30
1 -1 1 -1 71 -1 92 -1 #SUP: 69
1 -1 1 -1 71 -1 92 -1 8 -1 #SUP: 38
1 -1 1 -1 71 -1 96 -1 #SUP: 39
1 -1 1 -1 71 -1 206 -1 #SUP: 32
1 -1 1 -1 71 -1 219 -1 #SUP: 37
1 -1 1 -1 71 -1 225 -1 #SUP: 31
1 -1 1 -1 74 -1 #SUP: 42
1 -1 1 -1 90 -1 #SUP: 41
1 -1 1 -1 347 -1 #SUP: 42
1 -1 1 -1 347 -1 18 -1 #SUP: 31
1 -1 1 -1 92 -1 #SUP: 150
1 -1 1 -1 92 -1 3 -1 #SUP: 36
1 -1 1 -1 92 -1 8 -1 #SUP: 83
1 -1 1 -1 92 -1 8 -1 8 -1 #SUP: 52
1 -1 1 -1 92 -1 8 -1 14 -1 #SUP: 37
1 -1 1 -1 92 -1 8 -1 17 -1 #SUP: 34
1 -1 1 -1 92 -1 8 -1 18 -1 #SUP: 60
1 -1 1 -1 92 -1 8 -1 18 -1 8 -1 #SUP: 35
1 -1 1 -1 92 -1 8 -1 71 -1 #SUP: 35
1 -1 1 -1 92 -1 14 -1 #SUP: 57
1 -1 1 -1 92 -1 14 -1 18 -1 #SUP: 30
1 -1 1 -1 92 -1 17 -1 #SUP: 71
1 -1 1 -1 92 -1 17 -1 8 -1 #SUP: 38
1 -1 1 -1 92 -1 17 -1 18 -1 #SUP: 38
1 -1 1 -1 92 -1 17 -1 71 -1 #SUP: 31
1 -1 1 -1 92 -1 18 -1 #SUP: 86
1 -1 1 -1 92 -1 18 -1 8 -1 #SUP: 47
1 -1 1 -1 92 -1 18 -1 8 -1 18 -1 #SUP: 34
1 -1 1 -1 92 -1 18 -1 14 -1 #SUP: 37
1 -1 1 -1 92 -1 18 -1 17 -1 #SUP: 37
1 -1 1 -1 92 -1 18 -1 18 -1 #SUP: 47
1 -1 1 -1 92 -1 18 -1 18 -1 8 -1 #SUP: 30
1 -1 1 -1 92 -1 18 -1 71 -1 #SUP: 40
1 -1 1 -1 92 -1 20 -1 #SUP: 38
1 -1 1 -1 92 -1 21 -1 #SUP: 37
1 -1 1 -1 92 -1 29 -1 #SUP: 41
1 -1 1 -1 92 -1 30 -1 #SUP: 30
1 -1 1 -1 92 -1 40 -1 #SUP: 40
1 -1 1 -1 92 -1 71 -1 #SUP: 71
1 -1 1 -1 92 -1 71 -1 8 -1 #SUP: 40
1 -1 1 -1 92 -1 71 -1 8 -1 18 -1 #SUP: 30
1 -1 1 -1 92 -1 71 -1 18 -1 #SUP: 34
1 -1 1 -1 92 -1 71 -1 71 -1 #SUP: 31
1 -1 1 -1 92 -1 92 -1 #SUP: 57
1 -1 1 -1 92 -1 96 -1 #SUP: 30
1 -1 1 -1 96 -1 #SUP: 101
1 -1 1 -1 96 -1 3 -1 #SUP: 32
1 -1 1 -1 96 -1 8 -1 #SUP: 61
1 -1 1 -1 96 -1 8 -1 8 -1 #SUP: 38
1 -1 1 -1 96 -1 8 -1 18 -1 #SUP: 46
1 -1 1 -1 96 -1 14 -1 #SUP: 42
1 -1 1 -1 96 -1 17 -1 #SUP: 57
1 -1 1 -1 96 -1 18 -1 #SUP: 59
1 -1 1 -1 96 -1 18 -1 8 -1 #SUP: 34
1 -1 1 -1 96 -1 21 -1 #SUP: 37
1 -1 1 -1 96 -1 29 -1 #SUP: 30
1 -1 1 -1 96 -1 71 -1 #SUP: 47
1 -1 1 -1 96 -1 92 -1 #SUP: 33
1 -1 1 -1 103 -1 #SUP: 78
1 -1 1 -1 103 -1 8 -1 #SUP: 52
1 -1 1 -1 103 -1 8 -1 8 -1 #SUP: 30
1 -1 1 -1 103 -1 8 -1 18 -1 #SUP: 33
1 -1 1 -1 103 -1 14 -1 #SUP: 31
1 -1 1 -1 103 -1 17 -1 #SUP: 32
1 -1 1 -1 103 -1 18 -1 #SUP: 46
1 -1 1 -1 103 -1 71 -1 #SUP: 33
1 -1 1 -1 122 -1 #SUP: 47
1 -1 1 -1 124 -1 #SUP: 97
1 -1 1 -1 124 -1 8 -1 #SUP: 48
1 -1 1 -1 124 -1 8 -1 18 -1 #SUP: 35
1 -1 1 -1 124 -1 14 -1 #SUP: 45
1 -1 1 -1 124 -1 18 -1 #SUP: 53
1 -1 1 -1 124 -1 18 -1 8 -1 #SUP: 30
1 -1 1 -1 124 -1 18 -1 18 -1 #SUP: 30
1 -1 1 -1 124 -1 71 -1 #SUP: 38
1 -1 1 -1 381 -1 #SUP: 31
1 -1 1 -1 126 -1 #SUP: 30
1 -1 1 -1 388 -1 #SUP: 52
1 -1 1 -1 388 -1 8 -1 #SUP: 33
1 -1 1 -1 388 -1 14 -1 #SUP: 30
1 -1 1 -1 388 -1 18 -1 #SUP: 43
1 -1 1 -1 436 -1 #SUP: 46
1 -1 1 -1 436 -1 8 -1 #SUP: 31
1 -1 1 -1 436 -1 18 -1 #SUP: 31
1 -1 1 -1 186 -1 #SUP: 64
1 -1 1 -1 197 -1 #SUP: 40
1 -1 1 -1 206 -1 #SUP: 85
1 -1 1 -1 206 -1 8 -1 #SUP: 48
1 -1 1 -1 206 -1 8 -1 18 -1 #SUP: 40
1 -1 1 -1 206 -1 14 -1 #SUP: 34
1 -1 1 -1 206 -1 18 -1 #SUP: 51
1 -1 1 -1 206 -1 21 -1 #SUP: 31
1 -1 1 -1 206 -1 71 -1 #SUP: 42
1 -1 1 -1 212 -1 #SUP: 42
1 -1 1 -1 214 -1 #SUP: 30
1 -1 1 -1 219 -1 #SUP: 61
1 -1 1 -1 219 -1 8 -1 #SUP: 31
1 -1 1 -1 219 -1 18 -1 #SUP: 32
1 -1 1 -1 224 -1 #SUP: 55
1 -1 1 -1 224 -1 8 -1 #SUP: 35
1 -1 1 -1 224 -1 18 -1 #SUP: 34
1 -1 1 -1 224 -1 71 -1 #SUP: 32
1 -1 1 -1 225 -1 #SUP: 50
1 -1 1 -1 227 -1 #SUP: 55
1 -1 3 -1 #SUP: 115
1 -1 3 -1 3 -1 #SUP: 31
1 -1 3 -1 8 -1 #SUP: 71
1 -1 3 -1 8 -1 8 -1 #SUP: 43
1 -1 3 -1 8 -1 18 -1 #SUP: 54
1 -1 3 -1 8 -1 18 -1 8 -1 #SUP: 35
1 -1 3 -1 14 -1 #SUP: 43
1 -1 3 -1 17 -1 #SUP: 34
1 -1 3 -1 18 -1 #SUP: 66
1 -1 3 -1 18 -1 8 -1 #SUP: 40
1 -1 3 -1 18 -1 18 -1 #SUP: 30
1 -1 3 -1 29 -1 #SUP: 33
1 -1 3 -1 71 -1 #SUP: 43
1 -1 3 -1 92 -1 #SUP: 34
1 -1 8 -1 #SUP: 272
1 -1 8 -1 3 -1 #SUP: 67
1 -1 8 -1 3 -1 8 -1 #SUP: 41
1 -1 8 -1 3 -1 8 -1 18 -1 #SUP: 30
1 -1 8 -1 3 -1 18 -1 #SUP: 39
1 -1 8 -1 8 -1 #SUP: 190
1 -1 8 -1 8 -1 3 -1 #SUP: 39
1 -1 8 -1 8 -1 8 -1 #SUP: 109
1 -1 8 -1 8 -1 8 -1 8 -1 #SUP: 69
1 -1 8 -1 8 -1 8 -1 8 -1 8 -1 #SUP: 39
1 -1 8 -1 8 -1 8 -1 8 -1 18 -1 #SUP: 42
1 -1 8 -1 8 -1 8 -1 14 -1 #SUP: 49
1 -1 8 -1 8 -1 8 -1 17 -1 #SUP: 31
1 -1 8 -1 8 -1 8 -1 18 -1 #SUP: 69
1 -1 8 -1 8 -1 8 -1 18 -1 8 -1 #SUP: 46
1 -1 8 -1 8 -1 8 -1 18 -1 14 -1 #SUP: 32
1 -1 8 -1 8 -1 8 -1 18 -1 18 -1 #SUP: 36
1 -1 8 -1 8 -1 8 -1 71 -1 #SUP: 39
1 -1 8 -1 8 -1 14 -1 #SUP: 97
1 -1 8 -1 8 -1 14 -1 8 -1 #SUP: 54
1 -1 8 -1 8 -1 14 -1 8 -1 8 -1 #SUP: 31
1 -1 8 -1 8 -1 14 -1 8 -1 18 -1 #SUP: 34
1 -1 8 -1 8 -1 14 -1 14 -1 #SUP: 38
1 -1 8 -1 8 -1 14 -1 17 -1 #SUP: 30
1 -1 8 -1 8 -1 14 -1 18 -1 #SUP: 56
1 -1 8 -1 8 -1 14 -1 18 -1 8 -1 #SUP: 33
1 -1 8 -1 8 -1 14 -1 71 -1 #SUP: 37
1 -1 8 -1 8 -1 17 -1 #SUP: 57
1 -1 8 -1 8 -1 18 -1 #SUP: 130
1 -1 8 -1 8 -1 18 -1 8 -1 #SUP: 78
1 -1 8 -1 8 -1 18 -1 8 -1 8 -1 #SUP: 48
1 -1 8 -1 8 -1 18 -1 8 -1 8 -1 18 -1 #SUP: 32
1 -1 8 -1 8 -1 18 -1 8 -1 14 -1 #SUP: 35
1 -1 8 -1 8 -1 18 -1 8 -1 18 -1 #SUP: 52
1 -1 8 -1 8 -1 18 -1 8 -1 18 -1 8 -1 #SUP: 34
1 -1 8 -1 8 -1 18 -1 8 -1 71 -1 #SUP: 30
1 -1 8 -1 8 -1 18 -1 14 -1 #SUP: 57
1 -1 8 -1 8 -1 18 -1 14 -1 8 -1 #SUP: 34
1 -1 8 -1 8 -1 18 -1 14 -1 18 -1 #SUP: 36
1 -1 8 -1 8 -1 18 -1 17 -1 #SUP: 36
1 -1 8 -1 8 -1 18 -1 18 -1 #SUP: 71
1 -1 8 -1 8 -1 18 -1 18 -1 8 -1 #SUP: 43
1 -1 8 -1 8 -1 18 -1 18 -1 14 -1 #SUP: 33
1 -1 8 -1 8 -1 18 -1 18 -1 18 -1 #SUP: 37
1 -1 8 -1 8 -1 18 -1 21 -1 #SUP: 34
1 -1 8 -1 8 -1 18 -1 29 -1 #SUP: 37
1 -1 8 -1 8 -1 18 -1 71 -1 #SUP: 47
1 -1 8 -1 8 -1 18 -1 71 -1 8 -1 #SUP: 31
1 -1 8 -1 8 -1 20 -1 #SUP: 33
1 -1 8 -1 8 -1 21 -1 #SUP: 50
1 -1 8 -1 8 -1 21 -1 8 -1 #SUP: 37
1 -1 8 -1 8 -1 21 -1 18 -1 #SUP: 30
1 -1 8 -1 8 -1 29 -1 #SUP: 50
1 -1 8 -1 8 -1 29 -1 8 -1 #SUP: 32
1 -1 8 -1 8 -1 29 -1 18 -1 #SUP: 30
1 -1 8 -1 8 -1 30 -1 #SUP: 32
1 -1 8 -1 8 -1 290 -1 #SUP: 38
1 -1 8 -1 8 -1 40 -1 #SUP: 33
1 -1 8 -1 8 -1 71 -1 #SUP: 69
1 -1 8 -1 8 -1 71 -1 8 -1 #SUP: 47
1 -1 8 -1 8 -1 71 -1 71 -1 #SUP: 31
1 -1 8 -1 8 -1 92 -1 #SUP: 52
1 -1 8 -1 8 -1 92 -1 8 -1 #SUP: 30
1 -1 8 -1 8 -1 96 -1 #SUP: 33
1 -1 8 -1 14 -1 #SUP: 139
1 -1 8 -1 14 -1 8 -1 #SUP: 84
1 -1 8 -1 14 -1 8 -1 8 -1 #SUP: 48
1 -1 8 -1 14 -1 8 -1 14 -1 #SUP: 39
1 -1 8 -1 14 -1 8 -1 18 -1 #SUP: 53
1 -1 8 -1 14 -1 14 -1 #SUP: 61
1 -1 8 -1 14 -1 14 -1 8 -1 #SUP: 32
1 -1 8 -1 14 -1 14 -1 14 -1 #SUP: 32
1 -1 8 -1 14 -1 14 -1 18 -1 #SUP: 33
1 -1 8 -1 14 -1 17 -1 #SUP: 44
1 -1 8 -1 14 -1 18 -1 #SUP: 89
1 -1 8 -1 14 -1 18 -1 8 -1 #SUP: 53
1 -1 8 -1 14 -1 18 -1 8 -1 18 -1 #SUP: 32
1 -1 8 -1 14 -1 18 -1 14 -1 #SUP: 42
1 -1 8 -1 14 -1 18 -1 18 -1 #SUP: 37
1 -1 8 -1 14 -1 21 -1 #SUP: 37
1 -1 8 -1 14 -1 29 -1 #SUP: 40
1 -1 8 -1 14 -1 40 -1 #SUP: 30
1 -1 8 -1 14 -1 71 -1 #SUP: 52
1 -1 8 -1 14 -1 71 -1 8 -1 #SUP: 32
1 -1 8 -1 14 -1 92 -1 #SUP: 37
1 -1 8 -1 17 -1 #SUP: 115
1 -1 8 -1 17 -1 8 -1 #SUP: 66
1 -1 8 -1 17 -1 8 -1 8 -1 #SUP: 34
1 -1 8 -1 17 -1 8 -1 14 -1 #SUP: 35
1 -1 8 -1 17 -1 8 -1 18 -1 #SUP: 39
1 -1 8 -1 17 -1 14 -1 #SUP: 49
1 -1 8 -1 17 -1 17 -1 #SUP: 41
1 -1 8 -1 17 -1 18 -1 #SUP: 60
1 -1 8 -1 17 -1 29 -1 #SUP: 33
1 -1 8 -1 17 -1 71 -1 #SUP: 43
1 -1 8 -1 17 -1 92 -1 #SUP: 30
1 -1 8 -1 18 -1 #SUP: 226
1 -1 8 -1 18 -1 3 -1 #SUP: 46
1 -1 8 -1 18 -1 8 -1 #SUP: 145
1 -1 8 -1 18 -1 8 -1 3 -1 #SUP: 30
1 -1 8 -1 18 -1 8 -1 8 -1 #SUP: 87
1 -1 8 -1 18 -1 8 -1 8 -1 8 -1 #SUP: 53
1 -1 8 -1 18 -1 8 -1 8 -1 8 -1 8 -1 #SUP: 31
1 -1 8 -1 18 -1 8 -1 8 -1 8 -1 18 -1 #SUP: 37
1 -1 8 -1 18 -1 8 -1 8 -1 14 -1 #SUP: 41
1 -1 8 -1 18 -1 8 -1 8 -1 18 -1 #SUP: 56
1 -1 8 -1 18 -1 8 -1 8 -1 18 -1 8 -1 #SUP: 39
1 -1 8 -1 18 -1 8 -1 8 -1 18 -1 18 -1 #SUP: 30
1 -1 8 -1 18 -1 8 -1 8 -1 71 -1 #SUP: 32
1 -1 8 -1 18 -1 8 -1 14 -1 #SUP: 71
1 -1 8 -1 18 -1 8 -1 14 -1 8 -1 #SUP: 43
1 -1 8 -1 18 -1 8 -1 14 -1 14 -1 #SUP: 31
1 -1 8 -1 18 -1 8 -1 14 -1 18 -1 #SUP: 41
1 -1 8 -1 18 -1 8 -1 14 -1 71 -1 #SUP: 31
1 -1 8 -1 18 -1 8 -1 17 -1 #SUP: 42
1 -1 8 -1 18 -1 8 -1 18 -1 #SUP: 100
1 -1 8 -1 18 -1 8 -1 18 -1 8 -1 #SUP: 65
1 -1 8 -1 18 -1 8 -1 18 -1 8 -1 8 -1 #SUP: 37
1 -1 8 -1 18 -1 8 -1 18 -1 8 -1 18 -1 #SUP: 41
1 -1 8 -1 18 -1 8 -1 18 -1 14 -1 #SUP: 41
1 -1 8 -1 18 -1 8 -1 18 -1 17 -1 #SUP: 30
1 -1 8 -1 18 -1 8 -1 18 -1 18 -1 #SUP: 55
1 -1 8 -1 18 -1 8 -1 18 -1 18 -1 8 -1 #SUP: 32
1 -1 8 -1 18 -1 8 -1 18 -1 21 -1 #SUP: 30
1 -1 8 -1 18 -1 8 -1 18 -1 71 -1 #SUP: 37
1 -1 8 -1 18 -1 8 -1 21 -1 #SUP: 43
1 -1 8 -1 18 -1 8 -1 21 -1 8 -1 #SUP: 32
1 -1 8 -1 18 -1 8 -1 29 -1 #SUP: 40
1 -1 8 -1 18 -1 8 -1 290 -1 #SUP: 31
1 -1 8 -1 18 -1 8 -1 71 -1 #SUP: 56
1 -1 8 -1 18 -1 8 -1 71 -1 8 -1 #SUP: 38
1 -1 8 -1 18 -1 8 -1 92 -1 #SUP: 37
1 -1 8 -1 18 -1 14 -1 #SUP: 104
1 -1 8 -1 18 -1 14 -1 8 -1 #SUP: 64
1 -1 8 -1 18 -1 14 -1 8 -1 8 -1 #SUP: 37
1 -1 8 -1 18 -1 14 -1 8 -1 14 -1 #SUP: 31
1 -1 8 -1 18 -1 14 -1 8 -1 18 -1 #SUP: 43
1 -1 8 -1 18 -1 14 -1 14 -1 #SUP: 52
1 -1 8 -1 18 -1 14 -1 14 -1 8 -1 #SUP: 31
1 -1 8 -1 18 -1 14 -1 14 -1 18 -1 #SUP: 33
1 -1 8 -1 18 -1 14 -1 17 -1 #SUP: 35
1 -1 8 -1 18 -1 14 -1 18 -1 #SUP: 62
1 -1 8 -1 18 -1 14 -1 18 -1 8 -1 #SUP: 40
1 -1 8 -1 18 -1 14 -1 18 -1 14 -1 #SUP: 33
1 -1 8 -1 18 -1 14 -1 18 -1 18 -1 #SUP: 32
1 -1 8 -1 18 -1 14 -1 21 -1 #SUP: 31
1 -1 8 -1 18 -1 14 -1 29 -1 #SUP: 35
1 -1 8 -1 18 -1 14 -1 71 -1 #SUP: 42
1 -1 8 -1 18 -1 17 -1 #SUP: 81
1 -1 8 -1 18 -1 17 -1 8 -1 #SUP: 45
1 -1 8 -1 18 -1 17 -1 14 -1 #SUP: 38
1 -1 8 -1 18 -1 17 -1 17 -1 #SUP: 30
1 -1 8 -1 18 -1 17 -1 18 -1 #SUP: 44
1 -1 8 -1 18 -1 17 -1 71 -1 #SUP: 34
1 -1 8 -1 18 -1 18 -1 #SUP: 123
1 -1 8 -1 18 -1 18 -1 8 -1 #SUP: 78
1 -1 8 -1 18 -1 18 -1 8 -1 8 -1 #SUP: 54
1 -1 8 -1 18 -1 18 -1 8 -1 8 -1 8 -1 #SUP: 30
1 -1 8 -1 18 -1 18 -1 8 -1 8 -1 18 -1 #SUP: 38
1 -1 8 -1 18 -1 18 -1 8 -1 14 -1 #SUP: 38
1 -1 8 -1 18 -1 18 -1 8 -1 18 -1 #SUP: 54
1 -1 8 -1 18 -1 18 -1 8 -1 18 -1 8 -1 #SUP: 38
1 -1 8 -1 18 -1 18 -1 8 -1 71 -1 #SUP: 31
1 -1 8 -1 18 -1 18 -1 14 -1 #SUP: 54
1 -1 8 -1 18 -1 18 -1 14 -1 8 -1 #SUP: 37
1 -1 8 -1 18 -1 18 -1 14 -1 18 -1 #SUP: 36
1 -1 8 -1 18 -1 18 -1 17 -1 #SUP: 41
1 -1 8 -1 18 -1 18 -1 18 -1 #SUP: 73
1 -1 8 -1 18 -1 18 -1 18 -1 8 -1 #SUP: 45
1 -1 8 -1 18 -1 18 -1 18 -1 14 -1 #SUP: 32
1 -1 8 -1 18 -1 18 -1 18 -1 18 -1 #SUP: 34
1 -1 8 -1 18 -1 18 -1 21 -1 #SUP: 35
1 -1 8 -1 18 -1 18 -1 29 -1 #SUP: 38
1 -1 8 -1 18 -1 18 -1 71 -1 #SUP: 45
1 -1 8 -1 18 -1 18 -1 71 -1 8 -1 #SUP: 31
1 -1 8 -1 18 -1 18 -1 92 -1 #SUP: 31
1 -1 8 -1 18 -1 20 -1 #SUP: 46
1 -1 8 -1 18 -1 21 -1 #SUP: 72
1 -1 8 -1 18 -1 21 -1 8 -1 #SUP: 51
1 -1 8 -1 18 -1 21 -1 8 -1 8 -1 #SUP: 33
1 -1 8 -1 18 -1 21 -1 8 -1 18 -1 #SUP: 35
1 -1 8 -1 18 -1 21 -1 14 -1 #SUP: 32
1 -1 8 -1 18 -1 21 -1 18 -1 #SUP: 40
1 -1 8 -1 18 -1 21 -1 71 -1 #SUP: 30
1 -1 8 -1 18 -1 29 -1 #SUP: 78
1 -1 8 -1 18 -1 29 -1 8 -1 #SUP: 48
1 -1 8 -1 18 -1 29 -1 17 -1 #SUP: 39
1 -1 8 -1 18 -1 29 -1 18 -1 #SUP: 44
1 -1 8 -1 18 -1 29 -1 71 -1 #SUP: 36
1 -1 8 -1 18 -1 30 -1 #SUP: 45
1 -1 8 -1 18 -1 290 -1 #SUP: 48
1 -1 8 -1 18 -1 290 -1 8 -1 #SUP: 32
1 -1 8 -1 18 -1 290 -1 18 -1 #SUP: 30
1 -1 8 -1 18 -1 40 -1 #SUP: 52
1 -1 8 -1 18 -1 40 -1 8 -1 #SUP: 34
1 -1 8 -1 18 -1 40 -1 18 -1 #SUP: 34
1 -1 8 -1 18 -1 318 -1 #SUP: 33
1 -1 8 -1 18 -1 71 -1 #SUP: 86
1 -1 8 -1 18 -1 71 -1 8 -1 #SUP: 55
1 -1 8 -1 18 -1 71 -1 8 -1 8 -1 #SUP: 31
1 -1 8 -1 18 -1 71 -1 8 -1 18 -1 #SUP: 35
1 -1 8 -1 18 -1 71 -1 14 -1 #SUP: 41
1 -1 8 -1 18 -1 71 -1 18 -1 #SUP: 44
1 -1 8 -1 18 -1 71 -1 71 -1 #SUP: 41
1 -1 8 -1 18 -1 92 -1 #SUP: 60
1 -1 8 -1 18 -1 92 -1 8 -1 #SUP: 37
1 -1 8 -1 18 -1 92 -1 18 -1 #SUP: 33
1 -1 8 -1 18 -1 96 -1 #SUP: 45
1 -1 8 -1 18 -1 124 -1 #SUP: 37
1 -1 8 -1 18 -1 206 -1 #SUP: 39
1 -1 8 -1 18 -1 219 -1 #SUP: 30
1 -1 8 -1 18 -1 224 -1 #SUP: 30
1 -1 8 -1 18 -1 227 -1 #SUP: 32
1 -1 8 -1 19 -1 #SUP: 31
1 -1 8 -1 20 -1 #SUP: 55
1 -1 8 -1 20 -1 8 -1 #SUP: 30
1 -1 8 -1 21 -1 #SUP: 92
1 -1 8 -1 21 -1 8 -1 #SUP: 69
1 -1 8 -1 21 -1 8 -1 8 -1 #SUP: 44
1 -1 8 -1 21 -1 8 -1 14 -1 #SUP: 30
1 -1 8 -1 21 -1 8 -1 18 -1 #SUP: 46
1 -1 8 -1 21 -1 14 -1 #SUP: 42
1 -1 8 -1 21 -1 14 -1 8 -1 #SUP: 31
1 -1 8 -1 21 -1 17 -1 #SUP: 33
1 -1 8 -1 21 -1 18 -1 #SUP: 53
1 -1 8 -1 21 -1 18 -1 8 -1 #SUP: 35
1 -1 8 -1 21 -1 71 -1 #SUP: 38
1 -1 8 -1 21 -1 92 -1 #SUP: 30
1 -1 8 -1 23 -1 #SUP: 31
1 -1 8 -1 29 -1 #SUP: 93
1 -1 8 -1 29 -1 8 -1 #SUP: 58
1 -1 8 -1 29 -1 8 -1 8 -1 #SUP: 31
1 -1 8 -1 29 -1 8 -1 18 -1 #SUP: 34
1 -1 8 -1 29 -1 14 -1 #SUP: 38
1 -1 8 -1 29 -1 17 -1 #SUP: 50
1 -1 8 -1 29 -1 18 -1 #SUP: 55
1 -1 8 -1 29 -1 21 -1 #SUP: 31
1 -1 8 -1 29 -1 71 -1 #SUP: 42
1 -1 8 -1 29 -1 92 -1 #SUP: 32
1 -1 8 -1 30 -1 #SUP: 53
1 -1 8 -1 30 -1 8 -1 #SUP: 32
1 -1 8 -1 290 -1 #SUP: 62
1 -1 8 -1 290 -1 8 -1 #SUP: 43
1 -1 8 -1 290 -1 18 -1 #SUP: 41
1 -1 8 -1 290 -1 18 -1 8 -1 #SUP: 30
1 -1 8 -1 290 -1 71 -1 #SUP: 30
1 -1 8 -1 292 -1 #SUP: 30
1 -1 8 -1 39 -1 #SUP: 39
1 -1 8 -1 40 -1 #SUP: 64
1 -1 8 -1 40 -1 8 -1 #SUP: 40
1 -1 8 -1 40 -1 14 -1 #SUP: 34
1 -1 8 -1 40 -1 18 -1 #SUP: 43
1 -1 8 -1 40 -1 71 -1 #SUP: 32
1 -1 8 -1 52 -1 #SUP: 46
1 -1 8 -1 52 -1 8 -1 #SUP: 30
1 -1 8 -1 54 -1 #SUP: 36
1 -1 8 -1 318 -1 #SUP: 36
1 -1 8 -1 71 -1 #SUP: 117
1 -1 8 -1 71 -1 8 -1 #SUP: 77
1 -1 8 -1 71 -1 8 -1 8 -1 #SUP: 42
1 -1 8 -1 71 -1 8 -1 14 -1 #SUP: 35
1 -1 8 -1 71 -1 8 -1 18 -1 #SUP: 45
1 -1 8 -1 71 -1 14 -1 #SUP: 55
1 -1 8 -1 71 -1 14 -1 8 -1 #SUP: 31
1 -1 8 -1 71 -1 17 -1 #SUP: 37
1 -1 8 -1 71 -1 18 -1 #SUP: 59
1 -1 8 -1 71 -1 18 -1 8 -1 #SUP: 30
1 -1 8 -1 71 -1 29 -1 #SUP: 30
1 -1 8 -1 71 -1 290 -1 #SUP: 33
1 -1 8 -1 71 -1 71 -1 #SUP: 49
1 -1 8 -1 71 -1 92 -1 #SUP: 38
1 -1 8 -1 92 -1 #SUP: 84
1 -1 8 -1 92 -1 8 -1 #SUP: 53
1 -1 8 -1 92 -1 8 -1 8 -1 #SUP: 31
1 -1 8 -1 92 -1 8 -1 18 -1 #SUP: 32
1 -1 8 -1 92 -1 14 -1 #SUP: 32
1 -1 8 -1 92 -1 17 -1 #SUP: 37
1 -1 8 -1 92 -1 18 -1 #SUP: 46
1 -1 8 -1 92 -1 18 -1 8 -1 #SUP: 30
1 -1 8 -1 92 -1 71 -1 #SUP: 36
1 -1 8 -1 92 -1 92 -1 #SUP: 35
1 -1 8 -1 96 -1 #SUP: 60
1 -1 8 -1 96 -1 8 -1 #SUP: 31
1 -1 8 -1 96 -1 17 -1 #SUP: 31
1 -1 8 -1 96 -1 18 -1 #SUP: 33
1 -1 8 -1 103 -1 #SUP: 33
1 -1 8 -1 124 -1 #SUP: 44
1 -1 8 -1 186 -1 #SUP: 32
1 -1 8 -1 206 -1 #SUP: 49
1 -1 8 -1 206 -1 18 -1 #SUP: 30
1 -1 8 -1 219 -1 #SUP: 34
1 -1 8 -1 224 -1 #SUP: 38
1 -1 8 -1 227 -1 #SUP: 37
1 -1 265 -1 #SUP: 45
1 -1 14 -1 #SUP: 213
1 -1 14 -1 3 -1 #SUP: 45
1 -1 14 -1 8 -1 #SUP: 114
1 -1 14 -1 8 -1 8 -1 #SUP: 70
1 -1 14 -1 8 -1 8 -1 8 -1 #SUP: 36
1 -1 14 -1 8 -1 8 -1 14 -1 #SUP: 31
1 -1 14 -1 8 -1 8 -1 18 -1 #SUP: 42
1 -1 14 -1 8 -1 14 -1 #SUP: 51
1 -1 14 -1 8 -1 14 -1 8 -1 #SUP: 31
1 -1 14 -1 8 -1 14 -1 18 -1 #SUP: 33
1 -1 14 -1 8 -1 17 -1 #SUP: 36
1 -1 14 -1 8 -1 18 -1 #SUP: 77
1 -1 14 -1 8 -1 18 -1 8 -1 #SUP: 47
1 -1 14 -1 8 -1 18 -1 14 -1 #SUP: 35
1 -1 14 -1 8 -1 18 -1 18 -1 #SUP: 36
1 -1 14 -1 8 -1 71 -1 #SUP: 39
1 -1 14 -1 14 -1 #SUP: 91
1 -1 14 -1 14 -1 8 -1 #SUP: 43
1 -1 14 -1 14 -1 14 -1 #SUP: 39
1 -1 14 -1 14 -1 18 -1 #SUP: 47
1 -1 14 -1 14 -1 18 -1 8 -1 #SUP: 33
1 -1 14 -1 17 -1 #SUP: 67
1 -1 14 -1 17 -1 8 -1 #SUP: 33
1 -1 14 -1 17 -1 18 -1 #SUP: 32
1 -1 14 -1 18 -1 #SUP: 120
1 -1 14 -1 18 -1 8 -1 #SUP: 71
1 -1 14 -1 18 -1 8 -1 8 -1 #SUP: 40
1 -1 14 -1 18 -1 8 -1 14 -1 #SUP: 35
1 -1 14 -1 18 -1 8 -1 18 -1 #SUP: 46
1 -1 14 -1 18 -1 8 -1 18 -1 8 -1 #SUP: 31
1 -1 14 -1 18 -1 14 -1 #SUP: 54
1 -1 14 -1 18 -1 14 -1 8 -1 #SUP: 35
1 -1 14 -1 18 -1 14 -1 18 -1 #SUP: 34
1 -1 14 -1 18 -1 18 -1 #SUP: 57
1 -1 14 -1 18 -1 18 -1 8 -1 #SUP: 36
1 -1 14 -1 18 -1 21 -1 #SUP: 30
1 -1 14 -1 18 -1 29 -1 #SUP: 37
1 -1 14 -1 18 -1 71 -1 #SUP: 41
1 -1 14 -1 20 -1 #SUP: 42
1 -1 14 -1 21 -1 #SUP: 58
1 -1 14 -1 21 -1 8 -1 #SUP: 36
1 -1 14 -1 29 -1 #SUP: 57
1 -1 14 -1 29 -1 8 -1 #SUP: 32
1 -1 14 -1 29 -1 18 -1 #SUP: 30
1 -1 14 -1 30 -1 #SUP: 33
1 -1 14 -1 290 -1 #SUP: 42
1 -1 14 -1 40 -1 #SUP: 39
1 -1 14 -1 318 -1 #SUP: 32
1 -1 14 -1 71 -1 #SUP: 83
1 -1 14 -1 71 -1 8 -1 #SUP: 43
1 -1 14 -1 71 -1 8 -1 8 -1 #SUP: 31
1 -1 14 -1 71 -1 14 -1 #SUP: 37
1 -1 14 -1 71 -1 18 -1 #SUP: 32
1 -1 14 -1 71 -1 71 -1 #SUP: 33
1 -1 14 -1 92 -1 #SUP: 54
1 -1 14 -1 96 -1 #SUP: 39
1 -1 14 -1 124 -1 #SUP: 33
1 -1 14 -1 227 -1 #SUP: 30
1 -1 17 -1 #SUP: 241
1 -1 17 -1 3 -1 #SUP: 58
1 -1 17 -1 3 -1 8 -1 #SUP: 32
1 -1 17 -1 3 -1 18 -1 #SUP: 30
1 -1 17 -1 8 -1 #SUP: 134
1 -1 17 -1 8 -1 8 -1 #SUP: 81
1 -1 17 -1 8 -1 8 -1 8 -1 #SUP: 43
1 -1 17 -1 8 -1 8 -1 8 -1 18 -1 #SUP: 30
1 -1 17 -1 8 -1 8 -1 14 -1 #SUP: 41
1 -1 17 -1 8 -1 8 -1 18 -1 #SUP: 54
1 -1 17 -1 8 -1 14 -1 #SUP: 69
1 -1 17 -1 8 -1 14 -1 8 -1 #SUP: 35
1 -1 17 -1 8 -1 14 -1 18 -1 #SUP: 43
1 -1 17 -1 8 -1 17 -1 #SUP: 40
1 -1 17 -1 8 -1 18 -1 #SUP: 98
1 -1 17 -1 8 -1 18 -1 8 -1 #SUP: 53
1 -1 17 -1 8 -1 18 -1 8 -1 18 -1 #SUP: 38
1 -1 17 -1 8 -1 18 -1 14 -1 #SUP: 46
1 -1 17 -1 8 -1 18 -1 18 -1 #SUP: 46
1 -1 17 -1 8 -1 18 -1 71 -1 #SUP: 31
1 -1 17 -1 8 -1 21 -1 #SUP: 39
1 -1 17 -1 8 -1 29 -1 #SUP: 34
1 -1 17 -1 8 -1 71 -1 #SUP: 46
1 -1 17 -1 8 -1 92 -1 #SUP: 40
1 -1 17 -1 14 -1 #SUP: 107
1 -1 17 -1 14 -1 8 -1 #SUP: 51
1 -1 17 -1 14 -1 8 -1 18 -1 #SUP: 33
1 -1 17 -1 14 -1 14 -1 #SUP: 36
1 -1 17 -1 14 -1 17 -1 #SUP: 34
1 -1 17 -1 14 -1 18 -1 #SUP: 56
1 -1 17 -1 14 -1 71 -1 #SUP: 33
1 -1 17 -1 17 -1 #SUP: 86
1 -1 17 -1 17 -1 8 -1 #SUP: 44
1 -1 17 -1 17 -1 14 -1 #SUP: 37
1 -1 17 -1 17 -1 18 -1 #SUP: 46
1 -1 17 -1 17 -1 71 -1 #SUP: 31
1 -1 17 -1 18 -1 #SUP: 142
1 -1 17 -1 18 -1 8 -1 #SUP: 70
1 -1 17 -1 18 -1 8 -1 8 -1 #SUP: 42
1 -1 17 -1 18 -1 8 -1 8 -1 18 -1 #SUP: 32
1 -1 17 -1 18 -1 8 -1 14 -1 #SUP: 33
1 -1 17 -1 18 -1 8 -1 18 -1 #SUP: 48
1 -1 17 -1 18 -1 14 -1 #SUP: 59
1 -1 17 -1 18 -1 14 -1 8 -1 #SUP: 32
1 -1 17 -1 18 -1 14 -1 18 -1 #SUP: 32
1 -1 17 -1 18 -1 17 -1 #SUP: 32
1 -1 17 -1 18 -1 18 -1 #SUP: 67
1 -1 17 -1 18 -1 18 -1 8 -1 #SUP: 38
1 -1 17 -1 18 -1 18 -1 18 -1 #SUP: 33
1 -1 17 -1 18 -1 21 -1 #SUP: 30
1 -1 17 -1 18 -1 29 -1 #SUP: 35
1 -1 17 -1 18 -1 71 -1 #SUP: 48
1 -1 17 -1 18 -1 92 -1 #SUP: 32
1 -1 17 -1 19 -1 #SUP: 32
1 -1 17 -1 20 -1 #SUP: 53
1 -1 17 -1 21 -1 #SUP: 61
1 -1 17 -1 21 -1 8 -1 #SUP: 35
1 -1 17 -1 21 -1 18 -1 #SUP: 30
1 -1 17 -1 29 -1 #SUP: 75
1 -1 17 -1 29 -1 8 -1 #SUP: 45
1 -1 17 -1 29 -1 17 -1 #SUP: 39
1 -1 17 -1 29 -1 18 -1 #SUP: 45
1 -1 17 -1 29 -1 71 -1 #SUP: 33
1 -1 17 -1 30 -1 #SUP: 44
1 -1 17 -1 290 -1 #SUP: 43
1 -1 17 -1 39 -1 #SUP: 30
1 -1 17 -1 40 -1 #SUP: 63
1 -1 17 -1 40 -1 8 -1 #SUP: 32
1 -1 17 -1 40 -1 18 -1 #SUP: 39
1 -1 17 -1 52 -1 #SUP: 39
1 -1 17 -1 71 -1 #SUP: 110
1 -1 17 -1 71 -1 8 -1 #SUP: 65
1 -1 17 -1 71 -1 8 -1 8 -1 #SUP: 39
1 -1 17 -1 71 -1 8 -1 14 -1 #SUP: 35
1 -1 17 -1 71 -1 8 -1 18 -1 #SUP: 45
1 -1 17 -1 71 -1 14 -1 #SUP: 53
1 -1 17 -1 71 -1 17 -1 #SUP: 40
1 -1 17 -1 71 -1 18 -1 #SUP: 59
1 -1 17 -1 71 -1 71 -1 #SUP: 49
1 -1 17 -1 71 -1 71 -1 8 -1 #SUP: 30
1 -1 17 -1 71 -1 92 -1 #SUP: 38
1 -1 17 -1 90 -1 #SUP: 30
1 -1 17 -1 92 -1 #SUP: 73
1 -1 17 -1 92 -1 8 -1 #SUP: 42
1 -1 17 -1 92 -1 14 -1 #SUP: 32
1 -1 17 -1 92 -1 18 -1 #SUP: 39
1 -1 17 -1 96 -1 #SUP: 49
1 -1 17 -1 103 -1 #SUP: 30
1 -1 17 -1 186 -1 #SUP: 38
1 -1 17 -1 206 -1 #SUP: 38
1 -1 18 -1 #SUP: 326
1 -1 18 -1 3 -1 #SUP: 74
1 -1 18 -1 3 -1 8 -1 #SUP: 46
1 -1 18 -1 3 -1 8 -1 18 -1 #SUP: 37
1 -1 18 -1 3 -1 18 -1 #SUP: 44
1 -1 18 -1 8 -1 #SUP: 203
1 -1 18 -1 8 -1 3 -1 #SUP: 42
1 -1 18 -1 8 -1 8 -1 #SUP: 127
1 -1 18 -1 8 -1 8 -1 8 -1 #SUP: 75
1 -1 18 -1 8 -1 8 -1 8 -1 8 -1 #SUP: 44
1 -1 18 -1 8 -1 8 -1 8 -1 14 -1 #SUP: 31
1 -1 18 -1 8 -1 8 -1 8 -1 18 -1 #SUP: 49
1 -1 18 -1 8 -1 8 -1 14 -1 #SUP: 59
1 -1 18 -1 8 -1 8 -1 14 -1 8 -1 #SUP: 33
1 -1 18 -1 8 -1 8 -1 14 -1 18 -1 #SUP: 33
1 -1 18 -1 8 -1 8 -1 17 -1 #SUP: 38
1 -1 18 -1 8 -1 8 -1 18 -1 #SUP: 84
1 -1 18 -1 8 -1 8 -1 18 -1 8 -1 #SUP: 55
1 -1 18 -1 8 -1 8 -1 18 -1 8 -1 18 -1 #SUP: 32
1 -1 18 -1 8 -1 8 -1 18 -1 14 -1 #SUP: 33
1 -1 18 -1 8 -1 8 -1 18 -1 18 -1 #SUP: 43
1 -1 18 -1 8 -1 8 -1 18 -1 71 -1 #SUP: 31
1 -1 18 -1 8 -1 8 -1 21 -1 #SUP: 32
1 -1 18 -1 8 -1 8 -1 71 -1 #SUP: 49
1 -1 18 -1 8 -1 8 -1 71 -1 8 -1 #SUP: 31
1 -1 18 -1 8 -1 14 -1 #SUP: 101
1 -1 18 -1 8 -1 14 -1 8 -1 #SUP: 58
1 -1 18 -1 8 -1 14 -1 8 -1 8 -1 #SUP: 33
1 -1 18 -1 8 -1 14 -1 8 -1 18 -1 #SUP: 40
1 -1 18 -1 8 -1 14 -1 14 -1 #SUP: 45
1 -1 18 -1 8 -1 14 -1 17 -1 #SUP: 33
1 -1 18 -1 8 -1 14 -1 18 -1 #SUP: 61
1 -1 18 -1 8 -1 14 -1 18 -1 8 -1 #SUP: 37
1 -1 18 -1 8 -1 14 -1 29 -1 #SUP: 31
1 -1 18 -1 8 -1 14 -1 71 -1 #SUP: 37
1 -1 18 -1 8 -1 17 -1 #SUP: 68
1 -1 18 -1 8 -1 17 -1 8 -1 #SUP: 33
1 -1 18 -1 8 -1 17 -1 18 -1 #SUP: 30
1 -1 18 -1 8 -1 18 -1 #SUP: 151
1 -1 18 -1 8 -1 18 -1 8 -1 #SUP: 96
1 -1 18 -1 8 -1 18 -1 8 -1 8 -1 #SUP: 55
1 -1 18 -1 8 -1 18 -1 8 -1 8 -1 18 -1 #SUP: 38
1 -1 18 -1 8 -1 18 -1 8 -1 14 -1 #SUP: 42
1 -1 18 -1 8 -1 18 -1 8 -1 18 -1 #SUP: 61
1 -1 18 -1 8 -1 18 -1 8 -1 18 -1 8 -1 #SUP: 38
1 -1 18 -1 8 -1 18 -1 8 -1 18 -1 18 -1 #SUP: 30
1 -1 18 -1 8 -1 18 -1 8 -1 71 -1 #SUP: 38
1 -1 18 -1 8 -1 18 -1 14 -1 #SUP: 63
1 -1 18 -1 8 -1 18 -1 14 -1 8 -1 #SUP: 39
1 -1 18 -1 8 -1 18 -1 14 -1 14 -1 #SUP: 30
1 -1 18 -1 8 -1 18 -1 14 -1 18 -1 #SUP: 38
1 -1 18 -1 8 -1 18 -1 17 -1 #SUP: 48
1 -1 18 -1 8 -1 18 -1 18 -1 #SUP: 78
1 -1 18 -1 8 -1 18 -1 18 -1 8 -1 #SUP: 48
1 -1 18 -1 8 -1 18 -1 18 -1 8 -1 18 -1 #SUP: 32
1 -1 18 -1 8 -1 18 -1 18 -1 14 -1 #SUP: 35
1 -1 18 -1 8 -1 18 -1 18 -1 18 -1 #SUP: 40
1 -1 18 -1 8 -1 18 -1 18 -1 71 -1 #SUP: 30
1 -1 18 -1 8 -1 18 -1 21 -1 #SUP: 39
1 -1 18 -1 8 -1 18 -1 29 -1 #SUP: 42
1 -1 18 -1 8 -1 18 -1 40 -1 #SUP: 33
1 -1 18 -1 8 -1 18 -1 71 -1 #SUP: 55
1 -1 18 -1 8 -1 18 -1 71 -1 8 -1 #SUP: 35
1 -1 18 -1 8 -1 18 -1 92 -1 #SUP: 30
1 -1 18 -1 8 -1 18 -1 96 -1 #SUP: 31
1 -1 18 -1 8 -1 20 -1 #SUP: 32
1 -1 18 -1 8 -1 21 -1 #SUP: 58
1 -1 18 -1 8 -1 21 -1 8 -1 #SUP: 44
1 -1 18 -1 8 -1 21 -1 8 -1 18 -1 #SUP: 30
1 -1 18 -1 8 -1 21 -1 18 -1 #SUP: 35
1 -1 18 -1 8 -1 29 -1 #SUP: 56
1 -1 18 -1 8 -1 29 -1 8 -1 #SUP: 34
1 -1 18 -1 8 -1 29 -1 18 -1 #SUP: 30
1 -1 18 -1 8 -1 30 -1 #SUP: 30
1 -1 18 -1 8 -1 290 -1 #SUP: 42
1 -1 18 -1 8 -1 40 -1 #SUP: 40
1 -1 18 -1 8 -1 71 -1 #SUP: 73
1 -1 18 -1 8 -1 71 -1 8 -1 #SUP: 49
1 -1 18 -1 8 -1 71 -1 14 -1 #SUP: 35
1 -1 18 -1 8 -1 71 -1 18 -1 #SUP: 34
1 -1 18 -1 8 -1 71 -1 71 -1 #SUP: 35
1 -1 18 -1 8 -1 92 -1 #SUP: 49
1 -1 18 -1 8 -1 92 -1 8 -1 #SUP: 30
1 -1 18 -1 8 -1 96 -1 #SUP: 40
1 -1 18 -1 8 -1 124 -1 #SUP: 31
1 -1 18 -1 265 -1 #SUP: 30
1 -1 18 -1 14 -1 #SUP: 152
1 -1 18 -1 14 -1 8 -1 #SUP: 85
1 -1 18 -1 14 -1 8 -1 8 -1 #SUP: 55
1 -1 18 -1 14 -1 8 -1 8 -1 8 -1 #SUP: 30
1 -1 18 -1 14 -1 8 -1 8 -1 18 -1 #SUP: 34
1 -1 18 -1 14 -1 8 -1 14 -1 #SUP: 40
1 -1 18 -1 14 -1 8 -1 18 -1 #SUP: 58
1 -1 18 -1 14 -1 8 -1 18 -1 8 -1 #SUP: 38
1 -1 18 -1 14 -1 8 -1 18 -1 14 -1 #SUP: 30
1 -1 18 -1 14 -1 8 -1 18 -1 18 -1 #SUP: 30
1 -1 18 -1 14 -1 8 -1 71 -1 #SUP: 30
1 -1 18 -1 14 -1 14 -1 #SUP: 68
1 -1 18 -1 14 -1 14 -1 8 -1 #SUP: 36
1 -1 18 -1 14 -1 14 -1 14 -1 #SUP: 33
1 -1 18 -1 14 -1 14 -1 18 -1 #SUP: 38
1 -1 18 -1 14 -1 17 -1 #SUP: 49
1 -1 18 -1 14 -1 18 -1 #SUP: 88
1 -1 18 -1 14 -1 18 -1 8 -1 #SUP: 57
1 -1 18 -1 14 -1 18 -1 8 -1 8 -1 #SUP: 35
1 -1 18 -1 14 -1 18 -1 8 -1 18 -1 #SUP: 38
1 -1 18 -1 14 -1 18 -1 14 -1 #SUP: 44
1 -1 18 -1 14 -1 18 -1 14 -1 8 -1 #SUP: 30
1 -1 18 -1 14 -1 18 -1 18 -1 #SUP: 46
1 -1 18 -1 14 -1 18 -1 18 -1 8 -1 #SUP: 30
1 -1 18 -1 14 -1 18 -1 71 -1 #SUP: 33
1 -1 18 -1 14 -1 20 -1 #SUP: 30
1 -1 18 -1 14 -1 21 -1 #SUP: 44
1 -1 18 -1 14 -1 29 -1 #SUP: 42
1 -1 18 -1 14 -1 290 -1 #SUP: 32
1 -1 18 -1 14 -1 40 -1 #SUP: 31
1 -1 18 -1 14 -1 71 -1 #SUP: 57
1 -1 18 -1 14 -1 71 -1 8 -1 #SUP: 31
1 -1 18 -1 14 -1 92 -1 #SUP: 37
1 -1 18 -1 17 -1 #SUP: 139
1 -1 18 -1 17 -1 3 -1 #SUP: 33
1 -1 18 -1 17 -1 8 -1 #SUP: 70
1 -1 18 -1 17 -1 8 -1 8 -1 #SUP: 39
1 -1 18 -1 17 -1 8 -1 14 -1 #SUP: 38
1 -1 18 -1 17 -1 8 -1 18 -1 #SUP: 46
1 -1 18 -1 17 -1 14 -1 #SUP: 56
1 -1 18 -1 17 -1 14 -1 18 -1 #SUP: 30
1 -1 18 -1 17 -1 17 -1 #SUP: 49
1 -1 18 -1 17 -1 18 -1 #SUP: 72
1 -1 18 -1 17 -1 18 -1 8 -1 #SUP: 36
1 -1 18 -1 17 -1 18 -1 18 -1 #SUP: 33
1 -1 18 -1 17 -1 21 -1 #SUP: 30
1 -1 18 -1 17 -1 29 -1 #SUP: 42
1 -1 18 -1 17 -1 71 -1 #SUP: 56
1 -1 18 -1 17 -1 71 -1 8 -1 #SUP: 35
1 -1 18 -1 17 -1 92 -1 #SUP: 36
1 -1 18 -1 17 -1 96 -1 #SUP: 32
1 -1 18 -1 18 -1 #SUP: 192
1 -1 18 -1 18 -1 3 -1 #SUP: 38
1 -1 18 -1 18 -1 8 -1 #SUP: 114
1 -1 18 -1 18 -1 8 -1 8 -1 #SUP: 77
1 -1 18 -1 18 -1 8 -1 8 -1 8 -1 #SUP: 41
1 -1 18 -1 18 -1 8 -1 8 -1 14 -1 #SUP: 33
1 -1 18 -1 18 -1 8 -1 8 -1 18 -1 #SUP: 55
1 -1 18 -1 18 -1 8 -1 8 -1 18 -1 8 -1 #SUP: 31
1 -1 18 -1 18 -1 8 -1 14 -1 #SUP: 52
1 -1 18 -1 18 -1 8 -1 14 -1 8 -1 #SUP: 36
1 -1 18 -1 18 -1 8 -1 14 -1 18 -1 #SUP: 34
1 -1 18 -1 18 -1 8 -1 18 -1 #SUP: 78
1 -1 18 -1 18 -1 8 -1 18 -1 8 -1 #SUP: 56
1 -1 18 -1 18 -1 8 -1 18 -1 8 -1 18 -1 #SUP: 37
1 -1 18 -1 18 -1 8 -1 18 -1 14 -1 #SUP: 35
1 -1 18 -1 18 -1 8 -1 18 -1 18 -1 #SUP: 41
1 -1 18 -1 18 -1 8 -1 71 -1 #SUP: 44
1 -1 18 -1 18 -1 14 -1 #SUP: 78
1 -1 18 -1 18 -1 14 -1 8 -1 #SUP: 51
1 -1 18 -1 18 -1 14 -1 8 -1 8 -1 #SUP: 31
1 -1 18 -1 18 -1 14 -1 8 -1 18 -1 #SUP: 37
1 -1 18 -1 18 -1 14 -1 14 -1 #SUP: 40
1 -1 18 -1 18 -1 14 -1 18 -1 #SUP: 48
1 -1 18 -1 18 -1 14 -1 18 -1 8 -1 #SUP: 32
1 -1 18 -1 18 -1 14 -1 71 -1 #SUP: 31
1 -1 18 -1 18 -1 17 -1 #SUP: 61
1 -1 18 -1 18 -1 17 -1 8 -1 #SUP: 31
1 -1 18 -1 18 -1 18 -1 #SUP: 103
1 -1 18 -1 18 -1 18 -1 8 -1 #SUP: 67
1 -1 18 -1 18 -1 18 -1 8 -1 8 -1 #SUP: 40
1 -1 18 -1 18 -1 18 -1 8 -1 14 -1 #SUP: 31
1 -1 18 -1 18 -1 18 -1 8 -1 18 -1 #SUP: 47
1 -1 18 -1 18 -1 18 -1 8 -1 18 -1 8 -1 #SUP: 30
1 -1 18 -1 18 -1 18 -1 14 -1 #SUP: 48
1 -1 18 -1 18 -1 18 -1 14 -1 8 -1 #SUP: 35
1 -1 18 -1 18 -1 18 -1 14 -1 18 -1 #SUP: 34
1 -1 18 -1 18 -1 18 -1 18 -1 #SUP: 55
1 -1 18 -1 18 -1 18 -1 18 -1 8 -1 #SUP: 35
1 -1 18 -1 18 -1 18 -1 18 -1 18 -1 #SUP: 32
1 -1 18 -1 18 -1 18 -1 71 -1 #SUP: 40
1 -1 18 -1 18 -1 20 -1 #SUP: 36
1 -1 18 -1 18 -1 21 -1 #SUP: 48
1 -1 18 -1 18 -1 21 -1 8 -1 #SUP: 34
1 -1 18 -1 18 -1 21 -1 18 -1 #SUP: 32
1 -1 18 -1 18 -1 29 -1 #SUP: 56
1 -1 18 -1 18 -1 29 -1 8 -1 #SUP: 36
1 -1 18 -1 18 -1 29 -1 18 -1 #SUP: 34
1 -1 18 -1 18 -1 30 -1 #SUP: 31
1 -1 18 -1 18 -1 290 -1 #SUP: 42
1 -1 18 -1 18 -1 40 -1 #SUP: 38
1 -1 18 -1 18 -1 318 -1 #SUP: 30
1 -1 18 -1 18 -1 71 -1 #SUP: 72
1 -1 18 -1 18 -1 71 -1 8 -1 #SUP: 46
1 -1 18 -1 18 -1 71 -1 8 -1 18 -1 #SUP: 33
1 -1 18 -1 18 -1 71 -1 14 -1 #SUP: 34
1 -1 18 -1 18 -1 71 -1 18 -1 #SUP: 37
1 -1 18 -1 18 -1 71 -1 71 -1 #SUP: 33
1 -1 18 -1 18 -1 92 -1 #SUP: 42
1 -1 18 -1 18 -1 96 -1 #SUP: 37
1 -1 18 -1 18 -1 206 -1 #SUP: 31
1 -1 18 -1 19 -1 #SUP: 41
1 -1 18 -1 20 -1 #SUP: 72
1 -1 18 -1 20 -1 8 -1 #SUP: 41
1 -1 18 -1 20 -1 18 -1 #SUP: 38
1 -1 18 -1 21 -1 #SUP: 101
1 -1 18 -1 21 -1 8 -1 #SUP: 71
1 -1 18 -1 21 -1 8 -1 8 -1 #SUP: 47
1 -1 18 -1 21 -1 8 -1 14 -1 #SUP: 30
1 -1 18 -1 21 -1 8 -1 18 -1 #SUP: 51
1 -1 18 -1 21 -1 8 -1 18 -1 8 -1 #SUP: 33
1 -1 18 -1 21 -1 14 -1 #SUP: 43
1 -1 18 -1 21 -1 14 -1 8 -1 #SUP: 32
1 -1 18 -1 21 -1 17 -1 #SUP: 39
1 -1 18 -1 21 -1 18 -1 #SUP: 58
1 -1 18 -1 21 -1 18 -1 8 -1 #SUP: 39
1 -1 18 -1 21 -1 18 -1 18 -1 #SUP: 32
1 -1 18 -1 21 -1 71 -1 #SUP: 40
1 -1 18 -1 23 -1 #SUP: 35
1 -1 18 -1 29 -1 #SUP: 106
1 -1 18 -1 29 -1 3 -1 #SUP: 30
1 -1 18 -1 29 -1 8 -1 #SUP: 65
1 -1 18 -1 29 -1 8 -1 8 -1 #SUP: 34
1 -1 18 -1 29 -1 8 -1 18 -1 #SUP: 42
1 -1 18 -1 29 -1 14 -1 #SUP: 43
1 -1 18 -1 29 -1 17 -1 #SUP: 57
1 -1 18 -1 29 -1 17 -1 8 -1 #SUP: 31
1 -1 18 -1 29 -1 17 -1 18 -1 #SUP: 34
1 -1 18 -1 29 -1 18 -1 #SUP: 63
1 -1 18 -1 29 -1 18 -1 8 -1 #SUP: 35
1 -1 18 -1 29 -1 18 -1 18 -1 #SUP: 34
1 -1 18 -1 29 -1 21 -1 #SUP: 36
1 -1 18 -1 29 -1 71 -1 #SUP: 49
1 -1 18 -1 29 -1 71 -1 8 -1 #SUP: 30
1 -1 18 -1 29 -1 92 -1 #SUP: 32
1 -1 18 -1 29 -1 96 -1 #SUP: 34
1 -1 18 -1 30 -1 #SUP: 57
1 -1 18 -1 30 -1 8 -1 #SUP: 36
1 -1 18 -1 290 -1 #SUP: 68
1 -1 18 -1 290 -1 8 -1 #SUP: 44
1 -1 18 -1 290 -1 8 -1 18 -1 #SUP: 34
1 -1 18 -1 290 -1 18 -1 #SUP: 44
1 -1 18 -1 292 -1 #SUP: 36
1 -1 18 -1 39 -1 #SUP: 37
1 -1 18 -1 40 -1 #SUP: 85
1 -1 18 -1 40 -1 8 -1 #SUP: 51
1 -1 18 -1 40 -1 8 -1 18 -1 #SUP: 34
1 -1 18 -1 40 -1 14 -1 #SUP: 40
1 -1 18 -1 40 -1 18 -1 #SUP: 53
1 -1 18 -1 40 -1 18 -1 8 -1 #SUP: 31
1 -1 18 -1 40 -1 71 -1 #SUP: 35
1 -1 18 -1 52 -1 #SUP: 46
1 -1 18 -1 54 -1 #SUP: 37
1 -1 18 -1 318 -1 #SUP: 41
1 -1 18 -1 71 -1 #SUP: 139
1 -1 18 -1 71 -1 3 -1 #SUP: 31
1 -1 18 -1 71 -1 8 -1 #SUP: 87
1 -1 18 -1 71 -1 8 -1 8 -1 #SUP: 51
1 -1 18 -1 71 -1 8 -1 8 -1 18 -1 #SUP: 30
1 -1 18 -1 71 -1 8 -1 14 -1 #SUP: 45
1 -1 18 -1 71 -1 8 -1 18 -1 #SUP: 58
1 -1 18 -1 71 -1 8 -1 18 -1 8 -1 #SUP: 35
1 -1 18 -1 71 -1 8 -1 71 -1 #SUP: 33
1 -1 18 -1 71 -1 14 -1 #SUP: 66
1 -1 18 -1 71 -1 14 -1 8 -1 #SUP: 37
1 -1 18 -1 71 -1 14 -1 18 -1 #SUP: 34
1 -1 18 -1 71 -1 17 -1 #SUP: 44
1 -1 18 -1 71 -1 18 -1 #SUP: 73
1 -1 18 -1 71 -1 18 -1 8 -1 #SUP: 43
1 -1 18 -1 71 -1 18 -1 14 -1 #SUP: 34
1 -1 18 -1 71 -1 18 -1 18 -1 #SUP: 34
1 -1 18 -1 71 -1 18 -1 71 -1 #SUP: 31
1 -1 18 -1 71 -1 20 -1 #SUP: 31
1 -1 18 -1 71 -1 21 -1 #SUP: 31
1 -1 18 -1 71 -1 29 -1 #SUP: 32
1 -1 18 -1 71 -1 290 -1 #SUP: 38
1 -1 18 -1 71 -1 71 -1 #SUP: 65
1 -1 18 -1 71 -1 71 -1 8 -1 #SUP: 37
1 -1 18 -1 71 -1 92 -1 #SUP: 47
1 -1 18 -1 92 -1 #SUP: 101
1 -1 18 -1 92 -1 8 -1 #SUP: 53
1 -1 18 -1 92 -1 8 -1 8 -1 #SUP: 33
1 -1 18 -1 92 -1 8 -1 18 -1 #SUP: 39
1 -1 18 -1 92 -1 14 -1 #SUP: 37
1 -1 18 -1 92 -1 17 -1 #SUP: 38
1 -1 18 -1 92 -1 18 -1 #SUP: 52
1 -1 18 -1 92 -1 18 -1 8 -1 #SUP: 31
1 -1 18 -1 92 -1 71 -1 #SUP: 45
1 -1 18 -1 92 -1 92 -1 #SUP: 33
1 -1 18 -1 96 -1 #SUP: 67
1 -1 18 -1 96 -1 8 -1 #SUP: 39
1 -1 18 -1 96 -1 17 -1 #SUP: 37
1 -1 18 -1 96 -1 18 -1 #SUP: 36
1 -1 18 -1 103 -1 #SUP: 42
1 -1 18 -1 122 -1 #SUP: 33
1 -1 18 -1 124 -1 #SUP: 64
1 -1 18 -1 124 -1 8 -1 #SUP: 38
1 -1 18 -1 124 -1 18 -1 #SUP: 36
1 -1 18 -1 186 -1 #SUP: 46
1 -1 18 -1 206 -1 #SUP: 63
1 -1 18 -1 206 -1 8 -1 #SUP: 31
1 -1 18 -1 206 -1 18 -1 #SUP: 34
1 -1 18 -1 219 -1 #SUP: 40
1 -1 18 -1 224 -1 #SUP: 43
1 -1 18 -1 225 -1 #SUP: 35
1 -1 18 -1 227 -1 #SUP: 40
1 -1 19 -1 #SUP: 77
1 -1 19 -1 8 -1 #SUP: 46
1 -1 19 -1 8 -1 18 -1 #SUP: 31
1 -1 19 -1 14 -1 #SUP: 34
1 -1 19 -1 17 -1 #SUP: 36
1 -1 19 -1 18 -1 #SUP: 45
1 -1 19 -1 71 -1 #SUP: 45
1 -1 20 -1 #SUP: 112
1 -1 20 -1 8 -1 #SUP: 61
1 -1 20 -1 8 -1 8 -1 #SUP: 33
1 -1 20 -1 8 -1 18 -1 #SUP: 42
1 -1 20 -1 14 -1 #SUP: 40
1 -1 20 -1 17 -1 #SUP: 34
1 -1 20 -1 18 -1 #SUP: 63
1 -1 20 -1 18 -1 8 -1 #SUP: 33
1 -1 20 -1 21 -1 #SUP: 40
1 -1 20 -1 71 -1 #SUP: 43
1 -1 20 -1 92 -1 #SUP: 31
1 -1 21 -1 #SUP: 158
1 -1 21 -1 3 -1 #SUP: 33
1 -1 21 -1 8 -1 #SUP: 105
1 -1 21 -1 8 -1 8 -1 #SUP: 67
1 -1 21 -1 8 -1 8 -1 8 -1 #SUP: 30
1 -1 21 -1 8 -1 8 -1 14 -1 #SUP: 30
1 -1 21 -1 8 -1 8 -1 18 -1 #SUP: 40
1 -1 21 -1 8 -1 14 -1 #SUP: 51
1 -1 21 -1 8 -1 14 -1 8 -1 #SUP: 31
1 -1 21 -1 8 -1 17 -1 #SUP: 35
1 -1 21 -1 8 -1 18 -1 #SUP: 78
1 -1 21 -1 8 -1 18 -1 8 -1 #SUP: 49
1 -1 21 -1 8 -1 18 -1 8 -1 18 -1 #SUP: 34
1 -1 21 -1 8 -1 18 -1 14 -1 #SUP: 34
1 -1 21 -1 8 -1 18 -1 18 -1 #SUP: 42
1 -1 21 -1 8 -1 21 -1 #SUP: 30
1 -1 21 -1 8 -1 71 -1 #SUP: 40
1 -1 21 -1 14 -1 #SUP: 75
1 -1 21 -1 14 -1 8 -1 #SUP: 45
1 -1 21 -1 14 -1 14 -1 #SUP: 32
1 -1 21 -1 14 -1 18 -1 #SUP: 38
1 -1 21 -1 17 -1 #SUP: 63
1 -1 21 -1 18 -1 #SUP: 97
1 -1 21 -1 18 -1 8 -1 #SUP: 60
1 -1 21 -1 18 -1 8 -1 8 -1 #SUP: 34
1 -1 21 -1 18 -1 8 -1 14 -1 #SUP: 30
1 -1 21 -1 18 -1 8 -1 18 -1 #SUP: 42
1 -1 21 -1 18 -1 14 -1 #SUP: 47
1 -1 21 -1 18 -1 14 -1 8 -1 #SUP: 30
1 -1 21 -1 18 -1 18 -1 #SUP: 50
1 -1 21 -1 18 -1 71 -1 #SUP: 39
1 -1 21 -1 20 -1 #SUP: 39
1 -1 21 -1 21 -1 #SUP: 48
1 -1 21 -1 29 -1 #SUP: 50
1 -1 21 -1 29 -1 8 -1 #SUP: 35
1 -1 21 -1 40 -1 #SUP: 47
1 -1 21 -1 40 -1 18 -1 #SUP: 32
1 -1 21 -1 71 -1 #SUP: 67
1 -1 21 -1 71 -1 8 -1 #SUP: 37
1 -1 21 -1 71 -1 71 -1 #SUP: 32
1 -1 21 -1 92 -1 #SUP: 50
1 -1 23 -1 #SUP: 52
1 -1 23 -1 8 -1 #SUP: 31
1 -1 23 -1 18 -1 #SUP: 32
1 -1 23 -1 71 -1 #SUP: 30
1 -1 24 -1 #SUP: 32
1 -1 25 -1 #SUP: 39
1 -1 26 -1 #SUP: 43
1 -1 27 -1 #SUP: 31
1 -1 29 -1 #SUP: 158
1 -1 29 -1 3 -1 #SUP: 50
1 -1 29 -1 3 -1 8 -1 #SUP: 32
1 -1 29 -1 8 -1 #SUP: 102
1 -1 29 -1 8 -1 8 -1 #SUP: 57
1 -1 29 -1 8 -1 8 -1 18 -1 #SUP: 32
1 -1 29 -1 8 -1 14 -1 #SUP: 44
1 -1 29 -1 8 -1 17 -1 #SUP: 37
1 -1 29 -1 8 -1 18 -1 #SUP: 73
1 -1 29 -1 8 -1 18 -1 8 -1 #SUP: 38
1 -1 29 -1 8 -1 18 -1 14 -1 #SUP: 32
1 -1 29 -1 8 -1 18 -1 18 -1 #SUP: 32
1 -1 29 -1 8 -1 21 -1 #SUP: 30
1 -1 29 -1 8 -1 71 -1 #SUP: 39
1 -1 29 -1 8 -1 92 -1 #SUP: 30
1 -1 29 -1 14 -1 #SUP: 71
1 -1 29 -1 14 -1 8 -1 #SUP: 35
1 -1 29 -1 14 -1 18 -1 #SUP: 33
1 -1 29 -1 17 -1 #SUP: 84
1 -1 29 -1 17 -1 8 -1 #SUP: 49
1 -1 29 -1 17 -1 8 -1 18 -1 #SUP: 34
1 -1 29 -1 17 -1 14 -1 #SUP: 35
1 -1 29 -1 17 -1 18 -1 #SUP: 48
1 -1 29 -1 17 -1 71 -1 #SUP: 41
1 -1 29 -1 18 -1 #SUP: 100
1 -1 29 -1 18 -1 8 -1 #SUP: 54
1 -1 29 -1 18 -1 8 -1 18 -1 #SUP: 36
1 -1 29 -1 18 -1 14 -1 #SUP: 38
1 -1 29 -1 18 -1 17 -1 #SUP: 33
1 -1 29 -1 18 -1 18 -1 #SUP: 51
1 -1 29 -1 18 -1 29 -1 #SUP: 30
1 -1 29 -1 18 -1 71 -1 #SUP: 37
1 -1 29 -1 20 -1 #SUP: 31
1 -1 29 -1 21 -1 #SUP: 57
1 -1 29 -1 21 -1 8 -1 #SUP: 33
1 -1 29 -1 21 -1 18 -1 #SUP: 30
1 -1 29 -1 29 -1 #SUP: 50
1 -1 29 -1 29 -1 8 -1 #SUP: 31
1 -1 29 -1 30 -1 #SUP: 34
1 -1 29 -1 290 -1 #SUP: 43
1 -1 29 -1 40 -1 #SUP: 41
1 -1 29 -1 52 -1 #SUP: 33
1 -1 29 -1 71 -1 #SUP: 85
1 -1 29 -1 71 -1 8 -1 #SUP: 53
1 -1 29 -1 71 -1 8 -1 18 -1 #SUP: 34
1 -1 29 -1 71 -1 14 -1 #SUP: 39
1 -1 29 -1 71 -1 17 -1 #SUP: 32
1 -1 29 -1 71 -1 18 -1 #SUP: 43
1 -1 29 -1 71 -1 71 -1 #SUP: 33
1 -1 29 -1 92 -1 #SUP: 52
1 -1 29 -1 92 -1 8 -1 #SUP: 33
1 -1 29 -1 96 -1 #SUP: 50
1 -1 29 -1 124 -1 #SUP: 30
1 -1 30 -1 #SUP: 99
1 -1 30 -1 8 -1 #SUP: 59
1 -1 30 -1 8 -1 8 -1 #SUP: 33
1 -1 30 -1 8 -1 18 -1 #SUP: 41
1 -1 30 -1 14 -1 #SUP: 41
1 -1 30 -1 17 -1 #SUP: 46
1 -1 30 -1 18 -1 #SUP: 52
1 -1 30 -1 21 -1 #SUP: 32
1 -1 30 -1 29 -1 #SUP: 35
1 -1 30 -1 290 -1 #SUP: 30
1 -1 30 -1 71 -1 #SUP: 45
1 -1 30 -1 71 -1 8 -1 #SUP: 30
1 -1 30 -1 92 -1 #SUP: 33
1 -1 290 -1 #SUP: 110
1 -1 290 -1 3 -1 #SUP: 32
1 -1 290 -1 8 -1 #SUP: 70
1 -1 290 -1 8 -1 8 -1 #SUP: 46
1 -1 290 -1 8 -1 18 -1 #SUP: 51
1 -1 290 -1 8 -1 18 -1 8 -1 #SUP: 33
1 -1 290 -1 14 -1 #SUP: 43
1 -1 290 -1 17 -1 #SUP: 33
1 -1 290 -1 18 -1 #SUP: 68
1 -1 290 -1 18 -1 8 -1 #SUP: 47
1 -1 290 -1 18 -1 18 -1 #SUP: 34
1 -1 290 -1 20 -1 #SUP: 33
1 -1 290 -1 21 -1 #SUP: 39
1 -1 290 -1 29 -1 #SUP: 31
1 -1 290 -1 290 -1 #SUP: 30
1 -1 290 -1 71 -1 #SUP: 49
1 -1 290 -1 71 -1 8 -1 #SUP: 33
1 -1 290 -1 92 -1 #SUP: 41
1 -1 292 -1 #SUP: 57
1 -1 292 -1 8 -1 #SUP: 35
1 -1 292 -1 18 -1 #SUP: 37
1 -1 39 -1 #SUP: 60
1 -1 39 -1 8 -1 #SUP: 30
1 -1 39 -1 18 -1 #SUP: 34
1 -1 40 -1 #SUP: 148
1 -1 40 -1 8 -1 #SUP: 93
1 -1 40 -1 8 -1 8 -1 #SUP: 58
1 -1 40 -1 8 -1 8 -1 18 -1 #SUP: 30
1 -1 40 -1 8 -1 14 -1 #SUP: 43
1 -1 40 -1 8 -1 17 -1 #SUP: 36
1 -1 40 -1 8 -1 18 -1 #SUP: 63
1 -1 40 -1 8 -1 18 -1 8 -1 #SUP: 37
1 -1 40 -1 8 -1 71 -1 #SUP: 33
1 -1 40 -1 14 -1 #SUP: 70
1 -1 40 -1 14 -1 8 -1 #SUP: 33
1 -1 40 -1 14 -1 18 -1 #SUP: 35
1 -1 40 -1 17 -1 #SUP: 69
1 -1 40 -1 17 -1 8 -1 #SUP: 38
1 -1 40 -1 17 -1 18 -1 #SUP: 34
1 -1 40 -1 17 -1 71 -1 #SUP: 32
1 -1 40 -1 18 -1 #SUP: 101
1 -1 40 -1 18 -1 8 -1 #SUP: 60
1 -1 40 -1 18 -1 8 -1 8 -1 #SUP: 33
1 -1 40 -1 18 -1 8 -1 18 -1 #SUP: 38
1 -1 40 -1 18 -1 14 -1 #SUP: 44
1 -1 40 -1 18 -1 17 -1 #SUP: 34
1 -1 40 -1 18 -1 18 -1 #SUP: 52
1 -1 40 -1 18 -1 71 -1 #SUP: 38
1 -1 40 -1 19 -1 #SUP: 43
1 -1 40 -1 19 -1 71 -1 #SUP: 31
1 -1 40 -1 20 -1 #SUP: 37
1 -1 40 -1 21 -1 #SUP: 43
1 -1 40 -1 29 -1 #SUP: 45
1 -1 40 -1 30 -1 #SUP: 37
1 -1 40 -1 290 -1 #SUP: 32
1 -1 40 -1 40 -1 #SUP: 50
1 -1 40 -1 71 -1 #SUP: 73
1 -1 40 -1 71 -1 8 -1 #SUP: 49
1 -1 40 -1 71 -1 14 -1 #SUP: 36
1 -1 40 -1 71 -1 18 -1 #SUP: 34
1 -1 40 -1 71 -1 71 -1 #SUP: 32
1 -1 40 -1 92 -1 #SUP: 48
1 -1 299 -1 #SUP: 42
1 -1 45 -1 #SUP: 40
1 -1 50 -1 #SUP: 39
1 -1 307 -1 #SUP: 33
1 -1 51 -1 #SUP: 32
1 -1 52 -1 #SUP: 79
1 -1 52 -1 8 -1 #SUP: 47
1 -1 52 -1 8 -1 8 -1 #SUP: 30
1 -1 52 -1 8 -1 18 -1 #SUP: 35
1 -1 52 -1 18 -1 #SUP: 43
1 -1 52 -1 39 -1 #SUP: 30
1 -1 52 -1 71 -1 #SUP: 36
1 -1 54 -1 #SUP: 58
1 -1 54 -1 8 -1 #SUP: 39
1 -1 54 -1 14 -1 #SUP: 30
1 -1 54 -1 18 -1 #SUP: 34
1 -1 310 -1 #SUP: 46
1 -1 310 -1 8 -1 #SUP: 40
1 -1 310 -1 8 -1 8 -1 #SUP: 33
1 -1 310 -1 8 -1 18 -1 #SUP: 35
1 -1 310 -1 18 -1 #SUP: 39
1 -1 310 -1 18 -1 8 -1 #SUP: 35
1 -1 310 -1 71 -1 #SUP: 30
1 -1 318 -1 #SUP: 46
1 -1 63 -1 #SUP: 54
1 -1 63 -1 8 -1 #SUP: 31
1 -1 63 -1 18 -1 #SUP: 30
1 -1 71 -1 #SUP: 222
1 -1 71 -1 3 -1 #SUP: 48
1 -1 71 -1 8 -1 #SUP: 136
1 -1 71 -1 8 -1 8 -1 #SUP: 82
1 -1 71 -1 8 -1 8 -1 8 -1 #SUP: 40
1 -1 71 -1 8 -1 8 -1 14 -1 #SUP: 35
1 -1 71 -1 8 -1 8 -1 18 -1 #SUP: 48
1 -1 71 -1 8 -1 14 -1 #SUP: 65
1 -1 71 -1 8 -1 14 -1 8 -1 #SUP: 35
1 -1 71 -1 8 -1 14 -1 18 -1 #SUP: 34
1 -1 71 -1 8 -1 17 -1 #SUP: 37
1 -1 71 -1 8 -1 18 -1 #SUP: 94
1 -1 71 -1 8 -1 18 -1 8 -1 #SUP: 55
1 -1 71 -1 8 -1 18 -1 8 -1 18 -1 #SUP: 34
1 -1 71 -1 8 -1 18 -1 14 -1 #SUP: 41
1 -1 71 -1 8 -1 18 -1 18 -1 #SUP: 41
1 -1 71 -1 8 -1 18 -1 71 -1 #SUP: 33
1 -1 71 -1 8 -1 21 -1 #SUP: 34
1 -1 71 -1 8 -1 29 -1 #SUP: 30
1 -1 71 -1 8 -1 71 -1 #SUP: 50
1 -1 71 -1 8 -1 71 -1 8 -1 #SUP: 31
1 -1 71 -1 8 -1 92 -1 #SUP: 33
1 -1 71 -1 265 -1 #SUP: 30
1 -1 71 -1 14 -1 #SUP: 105
1 -1 71 -1 14 -1 8 -1 #SUP: 56
1 -1 71 -1 14 -1 8 -1 8 -1 #SUP: 32
1 -1 71 -1 14 -1 8 -1 18 -1 #SUP: 35
1 -1 71 -1 14 -1 14 -1 #SUP: 40
1 -1 71 -1 14 -1 17 -1 #SUP: 31
1 -1 71 -1 14 -1 18 -1 #SUP: 53
1 -1 71 -1 14 -1 18 -1 8 -1 #SUP: 31
1 -1 71 -1 14 -1 71 -1 #SUP: 42
1 -1 71 -1 17 -1 #SUP: 92
1 -1 71 -1 17 -1 8 -1 #SUP: 46
1 -1 71 -1 17 -1 14 -1 #SUP: 31
1 -1 71 -1 17 -1 18 -1 #SUP: 45
1 -1 71 -1 17 -1 71 -1 #SUP: 40
1 -1 71 -1 18 -1 #SUP: 126
1 -1 71 -1 18 -1 8 -1 #SUP: 67
1 -1 71 -1 18 -1 8 -1 8 -1 #SUP: 41
1 -1 71 -1 18 -1 8 -1 14 -1 #SUP: 31
1 -1 71 -1 18 -1 8 -1 18 -1 #SUP: 41
1 -1 71 -1 18 -1 14 -1 #SUP: 54
1 -1 71 -1 18 -1 14 -1 8 -1 #SUP: 33
1 -1 71 -1 18 -1 17 -1 #SUP: 31
1 -1 71 -1 18 -1 18 -1 #SUP: 56
1 -1 71 -1 18 -1 18 -1 8 -1 #SUP: 34
1 -1 71 -1 18 -1 18 -1 18 -1 #SUP: 30
1 -1 71 -1 18 -1 29 -1 #SUP: 31
1 -1 71 -1 18 -1 71 -1 #SUP: 47
1 -1 71 -1 20 -1 #SUP: 49
1 -1 71 -1 21 -1 #SUP: 58
1 -1 71 -1 21 -1 8 -1 #SUP: 37
1 -1 71 -1 29 -1 #SUP: 56
1 -1 71 -1 29 -1 8 -1 #SUP: 38
1 -1 71 -1 29 -1 17 -1 #SUP: 33
1 -1 71 -1 29 -1 18 -1 #SUP: 36
1 -1 71 -1 30 -1 #SUP: 36
1 -1 71 -1 290 -1 #SUP: 62
1 -1 71 -1 290 -1 8 -1 #SUP: 37
1 -1 71 -1 290 -1 18 -1 #SUP: 37
1 -1 71 -1 40 -1 #SUP: 55
1 -1 71 -1 40 -1 18 -1 #SUP: 35
1 -1 71 -1 52 -1 #SUP: 30
1 -1 71 -1 318 -1 #SUP: 30
1 -1 71 -1 71 -1 #SUP: 104
1 -1 71 -1 71 -1 8 -1 #SUP: 56
1 -1 71 -1 71 -1 8 -1 8 -1 #SUP: 35
1 -1 71 -1 71 -1 8 -1 18 -1 #SUP: 35
1 -1 71 -1 71 -1 14 -1 #SUP: 39
1 -1 71 -1 71 -1 17 -1 #SUP: 31
1 -1 71 -1 71 -1 18 -1 #SUP: 45
1 -1 71 -1 71 -1 71 -1 #SUP: 48
1 -1 71 -1 71 -1 71 -1 8 -1 #SUP: 34
1 -1 71 -1 71 -1 92 -1 #SUP: 30
1 -1 71 -1 92 -1 #SUP: 69
1 -1 71 -1 92 -1 8 -1 #SUP: 38
1 -1 71 -1 96 -1 #SUP: 39
1 -1 71 -1 206 -1 #SUP: 32
1 -1 71 -1 219 -1 #SUP: 37
1 -1 71 -1 225 -1 #SUP: 31
1 -1 74 -1 #SUP: 42
1 -1 90 -1 #SUP: 41
1 -1 347 -1 #SUP: 42
1 -1 347 -1 18 -1 #SUP: 31
1 -1 92 -1 #SUP: 150
1 -1 92 -1 3 -1 #SUP: 36
1 -1 92 -1 8 -1 #SUP: 83
1 -1 92 -1 8 -1 8 -1 #SUP: 52
1 -1 92 -1 8 -1 14 -1 #SUP: 37
1 -1 92 -1 8 -1 17 -1 #SUP: 34
1 -1 92 -1 8 -1 18 -1 #SUP: 60
1 -1 92 -1 8 -1 18 -1 8 -1 #SUP: 35
1 -1 92 -1 8 -1 71 -1 #SUP: 35
1 -1 92 -1 14 -1 #SUP: 57
1 -1 92 -1 14 -1 18 -1 #SUP: 30
1 -1 92 -1 17 -1 #SUP: 71
1 -1 92 -1 17 -1 8 -1 #SUP: 38
1 -1 92 -1 17 -1 18 -1 #SUP: 38
1 -1 92 -1 17 -1 71 -1 #SUP: 31
1 -1 92 -1 18 -1 #SUP: 86
1 -1 92 -1 18 -1 8 -1 #SUP: 47
1 -1 92 -1 18 -1 8 -1 18 -1 #SUP: 34
1 -1 92 -1 18 -1 14 -1 #SUP: 37
1 -1 92 -1 18 -1 17 -1 #SUP: 37
1 -1 92 -1 18 -1 18 -1 #SUP: 47
1 -1 92 -1 18 -1 18 -1 8 -1 #SUP: 30
1 -1 92 -1 18 -1 71 -1 #SUP: 40
1 -1 92 -1 20 -1 #SUP: 38
1 -1 92 -1 21 -1 #SUP: 37
1 -1 92 -1 29 -1 #SUP: 41
1 -1 92 -1 30 -1 #SUP: 30
1 -1 92 -1 40 -1 #SUP: 40
1 -1 92 -1 71 -1 #SUP: 71
1 -1 92 -1 71 -1 8 -1 #SUP: 40
1 -1 92 -1 71 -1 8 -1 18 -1 #SUP: 30
1 -1 92 -1 71 -1 18 -1 #SUP: 34
1 -1 92 -1 71 -1 71 -1 #SUP: 31
1 -1 92 -1 92 -1 #SUP: 57
1 -1 92 -1 96 -1 #SUP: 30
1 -1 96 -1 #SUP: 102
1 -1 96 -1 3 -1 #SUP: 32
1 -1 96 -1 8 -1 #SUP: 62
1 -1 96 -1 8 -1 8 -1 #SUP: 38
1 -1 96 -1 8 -1 18 -1 #SUP: 47
1 -1 96 -1 14 -1 #SUP: 42
1 -1 96 -1 17 -1 #SUP: 57
1 -1 96 -1 18 -1 #SUP: 60
1 -1 96 -1 18 -1 8 -1 #SUP: 34
1 -1 96 -1 21 -1 #SUP: 37
1 -1 96 -1 29 -1 #SUP: 31
1 -1 96 -1 71 -1 #SUP: 47
1 -1 96 -1 92 -1 #SUP: 33
1 -1 103 -1 #SUP: 79
1 -1 103 -1 8 -1 #SUP: 53
1 -1 103 -1 8 -1 8 -1 #SUP: 30
1 -1 103 -1 8 -1 18 -1 #SUP: 33
1 -1 103 -1 14 -1 #SUP: 31
1 -1 103 -1 17 -1 #SUP: 32
1 -1 103 -1 18 -1 #SUP: 46
1 -1 103 -1 71 -1 #SUP: 34
1 -1 122 -1 #SUP: 47
1 -1 124 -1 #SUP: 97
1 -1 124 -1 8 -1 #SUP: 48
1 -1 124 -1 8 -1 18 -1 #SUP: 35
1 -1 124 -1 14 -1 #SUP: 45
1 -1 124 -1 18 -1 #SUP: 53
1 -1 124 -1 18 -1 8 -1 #SUP: 30
1 -1 124 -1 18 -1 18 -1 #SUP: 30
1 -1 124 -1 71 -1 #SUP: 38
1 -1 381 -1 #SUP: 31
1 -1 126 -1 #SUP: 30
1 -1 388 -1 #SUP: 52
1 -1 388 -1 8 -1 #SUP: 33
1 -1 388 -1 14 -1 #SUP: 30
1 -1 388 -1 18 -1 #SUP: 43
1 -1 436 -1 #SUP: 47
1 -1 436 -1 8 -1 #SUP: 32
1 -1 436 -1 18 -1 #SUP: 31
1 -1 186 -1 #SUP: 64
1 -1 197 -1 #SUP: 40
1 -1 206 -1 #SUP: 85
1 -1 206 -1 8 -1 #SUP: 48
1 -1 206 -1 8 -1 18 -1 #SUP: 40
1 -1 206 -1 14 -1 #SUP: 34
1 -1 206 -1 18 -1 #SUP: 51
1 -1 206 -1 21 -1 #SUP: 31
1 -1 206 -1 71 -1 #SUP: 42
1 -1 212 -1 #SUP: 42
1 -1 214 -1 #SUP: 30
1 -1 219 -1 #SUP: 62
1 -1 219 -1 8 -1 #SUP: 32
1 -1 219 -1 18 -1 #SUP: 32
1 -1 219 -1 71 -1 #SUP: 30
1 -1 224 -1 #SUP: 55
1 -1 224 -1 8 -1 #SUP: 35
1 -1 224 -1 18 -1 #SUP: 34
1 -1 224 -1 71 -1 #SUP: 32
1 -1 225 -1 #SUP: 50
1 -1 227 -1 #SUP: 55
3 -1 #SUP: 404
3 -1 3 -1 #SUP: 101
3 -1 3 -1 8 -1 #SUP: 59
3 -1 3 -1 8 -1 18 -1 #SUP: 39
3 -1 3 -1 14 -1 #SUP: 37
3 -1 3 -1 18 -1 #SUP: 47
3 -1 3 -1 71 -1 #SUP: 35
3 -1 8 -1 #SUP: 242
3 -1 8 -1 3 -1 #SUP: 57
3 -1 8 -1 3 -1 8 -1 #SUP: 32
3 -1 8 -1 8 -1 #SUP: 134
3 -1 8 -1 8 -1 8 -1 #SUP: 66
3 -1 8 -1 8 -1 8 -1 8 -1 #SUP: 35
3 -1 8 -1 8 -1 8 -1 18 -1 #SUP: 35
3 -1 8 -1 8 -1 14 -1 #SUP: 59
3 -1 8 -1 8 -1 14 -1 8 -1 #SUP: 35
3 -1 8 -1 8 -1 14 -1 18 -1 #SUP: 32
3 -1 8 -1 8 -1 17 -1 #SUP: 31
3 -1 8 -1 8 -1 18 -1 #SUP: 73
3 -1 8 -1 8 -1 18 -1 8 -1 #SUP: 43
3 -1 8 -1 8 -1 18 -1 14 -1 #SUP: 32
3 -1 8 -1 8 -1 18 -1 18 -1 #SUP: 38
3 -1 8 -1 8 -1 71 -1 #SUP: 43
3 -1 8 -1 265 -1 #SUP: 30
3 -1 8 -1 14 -1 #SUP: 111
3 -1 8 -1 14 -1 8 -1 #SUP: 73
3 -1 8 -1 14 -1 8 -1 8 -1 #SUP: 30
3 -1 8 -1 14 -1 8 -1 18 -1 #SUP: 40
3 -1 8 -1 14 -1 14 -1 #SUP: 38
3 -1 8 -1 14 -1 17 -1 #SUP: 34
3 -1 8 -1 14 -1 18 -1 #SUP: 63
3 -1 8 -1 14 -1 18 -1 8 -1 #SUP: 37
3 -1 8 -1 14 -1 71 -1 #SUP: 44
3 -1 8 -1 17 -1 #SUP: 66
3 -1 8 -1 18 -1 #SUP: 170
3 -1 8 -1 18 -1 3 -1 #SUP: 38
3 -1 8 -1 18 -1 8 -1 #SUP: 102
3 -1 8 -1 18 -1 8 -1 8 -1 #SUP: 50
3 -1 8 -1 18 -1 8 -1 8 -1 18 -1 #SUP: 30
3 -1 8 -1 18 -1 8 -1 14 -1 #SUP: 45
3 -1 8 -1 18 -1 8 -1 18 -1 #SUP: 56
3 -1 8 -1 18 -1 8 -1 18 -1 8 -1 #SUP: 33
3 -1 8 -1 18 -1 8 -1 18 -1 18 -1 #SUP: 33
3 -1 8 -1 18 -1 8 -1 71 -1 #SUP: 34
3 -1 8 -1 18 -1 14 -1 #SUP: 75
3 -1 8 -1 18 -1 14 -1 8 -1 #SUP: 44
3 -1 8 -1 18 -1 14 -1 18 -1 #SUP: 40
3 -1 8 -1 18 -1 17 -1 #SUP: 43
3 -1 8 -1 18 -1 18 -1 #SUP: 70
3 -1 8 -1 18 -1 18 -1 8 -1 #SUP: 36
3 -1 8 -1 18 -1 18 -1 14 -1 #SUP: 32
3 -1 8 -1 18 -1 18 -1 18 -1 #SUP: 39
3 -1 8 -1 18 -1 21 -1 #SUP: 37
3 -1 8 -1 18 -1 29 -1 #SUP: 37
3 -1 8 -1 18 -1 40 -1 #SUP: 32
3 -1 8 -1 18 -1 71 -1 #SUP: 60
3 -1 8 -1 18 -1 96 -1 #SUP: 32
3 -1 8 -1 20 -1 #SUP: 33
3 -1 8 -1 21 -1 #SUP: 55
3 -1 8 -1 21 -1 8 -1 #SUP: 34
3 -1 8 -1 23 -1 #SUP: 31
3 -1 8 -1 29 -1 #SUP: 56
3 -1 8 -1 30 -1 #SUP: 31
3 -1 8 -1 290 -1 #SUP: 42
3 -1 8 -1 39 -1 #SUP: 31
3 -1 8 -1 40 -1 #SUP: 42
3 -1 8 -1 71 -1 #SUP: 88
3 -1 8 -1 71 -1 8 -1 #SUP: 45
3 -1 8 -1 71 -1 14 -1 #SUP: 30
3 -1 8 -1 71 -1 18 -1 #SUP: 37
3 -1 8 -1 71 -1 71 -1 #SUP: 32
3 -1 8 -1 92 -1 #SUP: 46
3 -1 8 -1 96 -1 #SUP: 49
3 -1 265 -1 #SUP: 50
3 -1 14 -1 #SUP: 171
3 -1 14 -1 3 -1 #SUP: 46
3 -1 14 -1 8 -1 #SUP: 102
3 -1 14 -1 8 -1 8 -1 #SUP: 50
3 -1 14 -1 8 -1 14 -1 #SUP: 39
3 -1 14 -1 8 -1 18 -1 #SUP: 58
3 -1 14 -1 8 -1 18 -1 8 -1 #SUP: 36
3 -1 14 -1 8 -1 18 -1 18 -1 #SUP: 32
3 -1 14 -1 8 -1 71 -1 #SUP: 37
3 -1 14 -1 14 -1 #SUP: 62
3 -1 14 -1 14 -1 8 -1 #SUP: 39
3 -1 14 -1 14 -1 18 -1 #SUP: 35
3 -1 14 -1 17 -1 #SUP: 48
3 -1 14 -1 18 -1 #SUP: 91
3 -1 14 -1 18 -1 8 -1 #SUP: 53
3 -1 14 -1 18 -1 8 -1 18 -1 #SUP: 33
3 -1 14 -1 18 -1 14 -1 #SUP: 40
3 -1 14 -1 18 -1 18 -1 #SUP: 42
3 -1 14 -1 18 -1 71 -1 #SUP: 36
3 -1 14 -1 21 -1 #SUP: 39
3 -1 14 -1 29 -1 #SUP: 39
3 -1 14 -1 40 -1 #SUP: 34
3 -1 14 -1 71 -1 #SUP: 72
3 -1 14 -1 71 -1 8 -1 #SUP: 37
3 -1 14 -1 71 -1 18 -1 #SUP: 31
3 -1 14 -1 92 -1 #SUP: 32
3 -1 14 -1 96 -1 #SUP: 34
3 -1 17 -1 #SUP: 116
3 -1 17 -1 3 -1 #SUP: 32
3 -1 17 -1 8 -1 #SUP: 55
3 -1 17 -1 8 -1 18 -1 #SUP: 33
3 -1 17 -1 14 -1 #SUP: 47
3 -1 17 -1 17 -1 #SUP: 30
3 -1 17 -1 18 -1 #SUP: 55
3 -1 17 -1 71 -1 #SUP: 41
3 -1 18 -1 #SUP: 223
3 -1 18 -1 3 -1 #SUP: 50
3 -1 18 -1 3 -1 8 -1 #SUP: 30
3 -1 18 -1 8 -1 #SUP: 129
3 -1 18 -1 8 -1 3 -1 #SUP: 31
3 -1 18 -1 8 -1 8 -1 #SUP: 65
3 -1 18 -1 8 -1 8 -1 8 -1 #SUP: 35
3 -1 18 -1 8 -1 8 -1 18 -1 #SUP: 40
3 -1 18 -1 8 -1 14 -1 #SUP: 58
3 -1 18 -1 8 -1 14 -1 8 -1 #SUP: 34
3 -1 18 -1 8 -1 14 -1 18 -1 #SUP: 35
3 -1 18 -1 8 -1 18 -1 #SUP: 80
3 -1 18 -1 8 -1 18 -1 8 -1 #SUP: 48
3 -1 18 -1 8 -1 18 -1 14 -1 #SUP: 34
3 -1 18 -1 8 -1 18 -1 18 -1 #SUP: 38
3 -1 18 -1 8 -1 18 -1 71 -1 #SUP: 32
3 -1 18 -1 8 -1 29 -1 #SUP: 30
3 -1 18 -1 8 -1 71 -1 #SUP: 45
3 -1 18 -1 14 -1 #SUP: 96
3 -1 18 -1 14 -1 8 -1 #SUP: 59
3 -1 18 -1 14 -1 8 -1 18 -1 #SUP: 39
3 -1 18 -1 14 -1 14 -1 #SUP: 34
3 -1 18 -1 14 -1 18 -1 #SUP: 53
3 -1 18 -1 14 -1 71 -1 #SUP: 39
3 -1 18 -1 17 -1 #SUP: 55
3 -1 18 -1 18 -1 #SUP: 98
3 -1 18 -1 18 -1 8 -1 #SUP: 53
3 -1 18 -1 18 -1 8 -1 8 -1 #SUP: 30
3 -1 18 -1 18 -1 8 -1 18 -1 #SUP: 35
3 -1 18 -1 18 -1 14 -1 #SUP: 41
3 -1 18 -1 18 -1 18 -1 #SUP: 46
3 -1 18 -1 18 -1 71 -1 #SUP: 39
3 -1 18 -1 20 -1 #SUP: 34
3 -1 18 -1 21 -1 #SUP: 50
3 -1 18 -1 29 -1 #SUP: 46
3 -1 18 -1 30 -1 #SUP: 32
3 -1 18 -1 290 -1 #SUP: 35
3 -1 18 -1 39 -1 #SUP: 32
3 -1 18 -1 40 -1 #SUP: 38
3 -1 18 -1 71 -1 #SUP: 73
3 -1 18 -1 71 -1 8 -1 #SUP: 37
3 -1 18 -1 71 -1 18 -1 #SUP: 33
3 -1 18 -1 71 -1 71 -1 #SUP: 30
3 -1 18 -1 92 -1 #SUP: 43
3 -1 18 -1 96 -1 #SUP: 39
3 -1 18 -1 122 -1 #SUP: 38
3 -1 18 -1 227 -1 #SUP: 31
3 -1 19 -1 #SUP: 39
3 -1 20 -1 #SUP: 68
3 -1 20 -1 8 -1 #SUP: 31
3 -1 20 -1 18 -1 #SUP: 35
3 -1 21 -1 #SUP: 84
3 -1 21 -1 8 -1 #SUP: 54
3 -1 21 -1 8 -1 18 -1 #SUP: 33
3 -1 21 -1 18 -1 #SUP: 40
3 -1 23 -1 #SUP: 52
3 -1 25 -1 #SUP: 31
3 -1 29 -1 #SUP: 104
3 -1 29 -1 8 -1 #SUP: 47
3 -1 29 -1 14 -1 #SUP: 35
3 -1 29 -1 17 -1 #SUP: 40
3 -1 29 -1 18 -1 #SUP: 43
3 -1 29 -1 71 -1 #SUP: 42
3 -1 30 -1 #SUP: 63
3 -1 30 -1 8 -1 #SUP: 30
3 -1 290 -1 #SUP: 66
3 -1 290 -1 8 -1 #SUP: 32
3 -1 290 -1 18 -1 #SUP: 30
3 -1 290 -1 71 -1 #SUP: 32
3 -1 292 -1 #SUP: 43
3 -1 39 -1 #SUP: 62
3 -1 39 -1 8 -1 #SUP: 31
3 -1 39 -1 18 -1 #SUP: 34
3 -1 40 -1 #SUP: 79
3 -1 40 -1 8 -1 #SUP: 40
3 -1 40 -1 18 -1 #SUP: 39
3 -1 40 -1 71 -1 #SUP: 34
3 -1 307 -1 #SUP: 35
3 -1 52 -1 #SUP: 50
3 -1 54 -1 #SUP: 43
3 -1 318 -1 #SUP: 41
3 -1 63 -1 #SUP: 36
3 -1 71 -1 #SUP: 157
3 -1 71 -1 3 -1 #SUP: 35
3 -1 71 -1 8 -1 #SUP: 83
3 -1 71 -1 8 -1 8 -1 #SUP: 39
3 -1 71 -1 8 -1 14 -1 #SUP: 37
3 -1 71 -1 8 -1 18 -1 #SUP: 51
3 -1 71 -1 8 -1 71 -1 #SUP: 30
3 -1 71 -1 14 -1 #SUP: 56
3 -1 71 -1 14 -1 8 -1 #SUP: 31
3 -1 71 -1 14 -1 18 -1 #SUP: 32
3 -1 71 -1 17 -1 #SUP: 36
3 -1 71 -1 18 -1 #SUP: 68
3 -1 71 -1 18 -1 8 -1 #SUP: 37
3 -1 71 -1 18 -1 18 -1 #SUP: 33
3 -1 71 -1 21 -1 #SUP: 32
3 -1 71 -1 29 -1 #SUP: 34
3 -1 71 -1 290 -1 #SUP: 34
3 -1 71 -1 71 -1 #SUP: 53
3 -1 71 -1 92 -1 #SUP: 33
3 -1 74 -1 #SUP: 35
3 -1 347 -1 #SUP: 32
3 -1 92 -1 #SUP: 109
3 -1 92 -1 3 -1 #SUP: 34
3 -1 92 -1 8 -1 #SUP: 49
3 -1 92 -1 8 -1 18 -1 #SUP: 30
3 -1 92 -1 14 -1 #SUP: 34
3 -1 92 -1 18 -1 #SUP: 56
3 -1 92 -1 71 -1 #SUP: 33
3 -1 92 -1 92 -1 #SUP: 30
3 -1 96 -1 #SUP: 90
3 -1 96 -1 8 -1 #SUP: 51
3 -1 96 -1 14 -1 #SUP: 38
3 -1 96 -1 17 -1 #SUP: 39
3 -1 96 -1 18 -1 #SUP: 42
3 -1 96 -1 71 -1 #SUP: 36
3 -1 103 -1 #SUP: 50
3 -1 122 -1 #SUP: 63
3 -1 124 -1 #SUP: 46
3 -1 206 -1 #SUP: 43
3 -1 212 -1 #SUP: 31
3 -1 219 -1 #SUP: 63
3 -1 224 -1 #SUP: 51
3 -1 224 -1 8 -1 #SUP: 30
3 -1 227 -1 #SUP: 54
8 -1 #SUP: 1041
8 -1 3 -1 #SUP: 227
8 -1 3 -1 3 -1 #SUP: 42
8 -1 3 -1 8 -1 #SUP: 131
8 -1 3 -1 8 -1 8 -1 #SUP: 72
8 -1 3 -1 8 -1 8 -1 8 -1 #SUP: 32
8 -1 3 -1 8 -1 8 -1 18 -1 #SUP: 34
8 -1 3 -1 8 -1 14 -1 #SUP: 54
8 -1 3 -1 8 -1 14 -1 8 -1 #SUP: 36
8 -1 3 -1 8 -1 18 -1 #SUP: 88
8 -1 3 -1 8 -1 18 -1 8 -1 #SUP: 55
8 -1 3 -1 8 -1 18 -1 8 -1 18 -1 #SUP: 30
8 -1 3 -1 8 -1 18 -1 14 -1 #SUP: 33
8 -1 3 -1 8 -1 18 -1 18 -1 #SUP: 38
8 -1 3 -1 8 -1 21 -1 #SUP: 32
8 -1 3 -1 8 -1 71 -1 #SUP: 44
8 -1 3 -1 14 -1 #SUP: 82
8 -1 3 -1 14 -1 8 -1 #SUP: 49
8 -1 3 -1 14 -1 18 -1 #SUP: 41
8 -1 3 -1 14 -1 71 -1 #SUP: 32
8 -1 3 -1 17 -1 #SUP: 55
8 -1 3 -1 18 -1 #SUP: 117
8 -1 3 -1 18 -1 8 -1 #SUP: 64
8 -1 3 -1 18 -1 8 -1 8 -1 #SUP: 31
8 -1 3 -1 18 -1 8 -1 18 -1 #SUP: 39
8 -1 3 -1 18 -1 14 -1 #SUP: 39
8 -1 3 -1 18 -1 18 -1 #SUP: 55
8 -1 3 -1 18 -1 71 -1 #SUP: 34
8 -1 3 -1 20 -1 #SUP: 35
8 -1 3 -1 21 -1 #SUP: 47
8 -1 3 -1 29 -1 #SUP: 53
8 -1 3 -1 290 -1 #SUP: 35
8 -1 3 -1 40 -1 #SUP: 37
8 -1 3 -1 71 -1 #SUP: 75
8 -1 3 -1 71 -1 8 -1 #SUP: 38
8 -1 3 -1 92 -1 #SUP: 54
8 -1 3 -1 96 -1 #SUP: 46
8 -1 3 -1 219 -1 #SUP: 34
8 -1 3 -1 227 -1 #SUP: 32
8 -1 262 -1 #SUP: 50
8 -1 262 -1 8 -1 #SUP: 35
8 -1 263 -1 #SUP: 38
8 -1 8 -1 #SUP: 665
8 -1 8 -1 3 -1 #SUP: 120
8 -1 8 -1 3 -1 8 -1 #SUP: 63
8 -1 8 -1 3 -1 8 -1 8 -1 #SUP: 32
8 -1 8 -1 3 -1 8 -1 18 -1 #SUP: 40
8 -1 8 -1 3 -1 14 -1 #SUP: 37
8 -1 8 -1 3 -1 18 -1 #SUP: 54
8 -1 8 -1 3 -1 71 -1 #SUP: 30
8 -1 8 -1 262 -1 #SUP: 31
8 -1 8 -1 8 -1 #SUP: 392
8 -1 8 -1 8 -1 3 -1 #SUP: 51
8 -1 8 -1 8 -1 3 -1 8 -1 #SUP: 33
8 -1 8 -1 8 -1 8 -1 #SUP: 219
8 -1 8 -1 8 -1 8 -1 8 -1 #SUP: 114
8 -1 8 -1 8 -1 8 -1 8 -1 8 -1 #SUP: 56
8 -1 8 -1 8 -1 8 -1 8 -1 8 -1 18 -1 #SUP: 30
8 -1 8 -1 8 -1 8 -1 8 -1 14 -1 #SUP: 43
8 -1 8 -1 8 -1 8 -1 8 -1 18 -1 #SUP: 66
8 -1 8 -1 8 -1 8 -1 8 -1 18 -1 8 -1 #SUP: 40
8 -1 8 -1 8 -1 8 -1 8 -1 71 -1 #SUP: 30
8 -1 8 -1 8 -1 8 -1 14 -1 #SUP: 85
8 -1 8 -1 8 -1 8 -1 14 -1 8 -1 #SUP: 55
8 -1 8 -1 8 -1 8 -1 14 -1 8 -1 18 -1 #SUP: 37
8 -1 8 -1 8 -1 8 -1 14 -1 18 -1 #SUP: 52
8 -1 8 -1 8 -1 8 -1 14 -1 18 -1 8 -1 #SUP: 33
8 -1 8 -1 8 -1 8 -1 17 -1 #SUP: 53
8 -1 8 -1 8 -1 8 -1 18 -1 #SUP: 124
8 -1 8 -1 8 -1 8 -1 18 -1 8 -1 #SUP: 69
8 -1 8 -1 8 -1 8 -1 18 -1 8 -1 8 -1 #SUP: 36
8 -1 8 -1 8 -1 8 -1 18 -1 8 -1 18 -1 #SUP: 43
8 -1 8 -1 8 -1 8 -1 18 -1 14 -1 #SUP: 50
8 -1 8 -1 8 -1 8 -1 18 -1 18 -1 #SUP: 59
8 -1 8 -1 8 -1 8 -1 18 -1 18 -1 8 -1 #SUP: 36
8 -1 8 -1 8 -1 8 -1 18 -1 21 -1 #SUP: 32
8 -1 8 -1 8 -1 8 -1 18 -1 71 -1 #SUP: 33
8 -1 8 -1 8 -1 8 -1 20 -1 #SUP: 30
8 -1 8 -1 8 -1 8 -1 21 -1 #SUP: 46
8 -1 8 -1 8 -1 8 -1 21 -1 8 -1 #SUP: 32
8 -1 8 -1 8 -1 8 -1 29 -1 #SUP: 38
8 -1 8 -1 8 -1 8 -1 40 -1 #SUP: 32
8 -1 8 -1 8 -1 8 -1 71 -1 #SUP: 62
8 -1 8 -1 8 -1 8 -1 71 -1 8 -1 #SUP: 36
8 -1 8 -1 8 -1 8 -1 92 -1 #SUP: 41
8 -1 8 -1 8 -1 8 -1 96 -1 #SUP: 30
8 -1 8 -1 8 -1 14 -1 #SUP: 162
8 -1 8 -1 8 -1 14 -1 8 -1 #SUP: 98
8 -1 8 -1 8 -1 14 -1 8 -1 8 -1 #SUP: 42
8 -1 8 -1 8 -1 14 -1 8 -1 14 -1 #SUP: 32
8 -1 8 -1 8 -1 14 -1 8 -1 18 -1 #SUP: 61
8 -1 8 -1 8 -1 14 -1 14 -1 #SUP: 57
8 -1 8 -1 8 -1 14 -1 14 -1 8 -1 #SUP: 34
8 -1 8 -1 8 -1 14 -1 14 -1 18 -1 #SUP: 37
8 -1 8 -1 8 -1 14 -1 17 -1 #SUP: 38
8 -1 8 -1 8 -1 14 -1 18 -1 #SUP: 94
8 -1 8 -1 8 -1 14 -1 18 -1 8 -1 #SUP: 50
8 -1 8 -1 8 -1 14 -1 18 -1 14 -1 #SUP: 32
8 -1 8 -1 8 -1 14 -1 18 -1 18 -1 #SUP: 40
8 -1 8 -1 8 -1 14 -1 21 -1 #SUP: 43
8 -1 8 -1 8 -1 14 -1 29 -1 #SUP: 36
8 -1 8 -1 8 -1 14 -1 71 -1 #SUP: 50
8 -1 8 -1 8 -1 17 -1 #SUP: 94
8 -1 8 -1 8 -1 17 -1 8 -1 #SUP: 50
8 -1 8 -1 8 -1 17 -1 14 -1 #SUP: 34
8 -1 8 -1 8 -1 17 -1 18 -1 #SUP: 38
8 -1 8 -1 8 -1 18 -1 #SUP: 256
8 -1 8 -1 8 -1 18 -1 8 -1 #SUP: 147
8 -1 8 -1 8 -1 18 -1 8 -1 8 -1 #SUP: 71
8 -1 8 -1 8 -1 18 -1 8 -1 8 -1 8 -1 #SUP: 34
8 -1 8 -1 8 -1 18 -1 8 -1 8 -1 18 -1 #SUP: 42
8 -1 8 -1 8 -1 18 -1 8 -1 14 -1 #SUP: 61
8 -1 8 -1 8 -1 18 -1 8 -1 14 -1 8 -1 #SUP: 38
8 -1 8 -1 8 -1 18 -1 8 -1 14 -1 18 -1 #SUP: 38
8 -1 8 -1 8 -1 18 -1 8 -1 17 -1 #SUP: 35
8 -1 8 -1 8 -1 18 -1 8 -1 18 -1 #SUP: 80
8 -1 8 -1 8 -1 18 -1 8 -1 18 -1 8 -1 #SUP: 46
8 -1 8 -1 8 -1 18 -1 8 -1 18 -1 8 -1 18 -1 #SUP: 31
8 -1 8 -1 8 -1 18 -1 8 -1 18 -1 14 -1 #SUP: 32
8 -1 8 -1 8 -1 18 -1 8 -1 18 -1 18 -1 #SUP: 41
8 -1 8 -1 8 -1 18 -1 8 -1 21 -1 #SUP: 33
8 -1 8 -1 8 -1 18 -1 8 -1 29 -1 #SUP: 31
8 -1 8 -1 8 -1 18 -1 8 -1 71 -1 #SUP: 43
8 -1 8 -1 8 -1 18 -1 8 -1 92 -1 #SUP: 31
8 -1 8 -1 8 -1 18 -1 14 -1 #SUP: 103
8 -1 8 -1 8 -1 18 -1 14 -1 8 -1 #SUP: 56
8 -1 8 -1 8 -1 18 -1 14 -1 8 -1 18 -1 #SUP: 35
8 -1 8 -1 8 -1 18 -1 14 -1 18 -1 #SUP: 58
8 -1 8 -1 8 -1 18 -1 14 -1 18 -1 8 -1 #SUP: 31
8 -1 8 -1 8 -1 18 -1 17 -1 #SUP: 55
8 -1 8 -1 8 -1 18 -1 17 -1 8 -1 #SUP: 35
8 -1 8 -1 8 -1 18 -1 18 -1 #SUP: 111
8 -1 8 -1 8 -1 18 -1 18 -1 8 -1 #SUP: 58
8 -1 8 -1 8 -1 18 -1 18 -1 8 -1 18 -1 #SUP: 34
8 -1 8 -1 8 -1 18 -1 18 -1 14 -1 #SUP: 40
8 -1 8 -1 8 -1 18 -1 18 -1 18 -1 #SUP: 49
8 -1 8 -1 8 -1 18 -1 18 -1 71 -1 #SUP: 33
8 -1 8 -1 8 -1 18 -1 20 -1 #SUP: 39
8 -1 8 -1 8 -1 18 -1 21 -1 #SUP: 62
8 -1 8 -1 8 -1 18 -1 21 -1 8 -1 #SUP: 38
8 -1 8 -1 8 -1 18 -1 21 -1 18 -1 #SUP: 34
8 -1 8 -1 8 -1 18 -1 29 -1 #SUP: 50
8 -1 8 -1 8 -1 18 -1 40 -1 #SUP: 42
8 -1 8 -1 8 -1 18 -1 71 -1 #SUP: 71
8 -1 8 -1 8 -1 18 -1 71 -1 8 -1 #SUP: 36
8 -1 8 -1 8 -1 18 -1 71 -1 18 -1 #SUP: 31
8 -1 8 -1 8 -1 18 -1 92 -1 #SUP: 41
8 -1 8 -1 8 -1 18 -1 96 -1 #SUP: 38
8 -1 8 -1 8 -1 18 -1 206 -1 #SUP: 33
8 -1 8 -1 8 -1 18 -1 227 -1 #SUP: 36
8 -1 8 -1 8 -1 20 -1 #SUP: 62
8 -1 8 -1 8 -1 20 -1 8 -1 #SUP: 33
8 -1 8 -1 8 -1 21 -1 #SUP: 101
8 -1 8 -1 8 -1 21 -1 8 -1 #SUP: 72
8 -1 8 -1 8 -1 21 -1 8 -1 8 -1 #SUP: 46
8 -1 8 -1 8 -1 21 -1 8 -1 14 -1 #SUP: 32
8 -1 8 -1 8 -1 21 -1 8 -1 18 -1 #SUP: 46
8 -1 8 -1 8 -1 21 -1 8 -1 18 -1 8 -1 #SUP: 32
8 -1 8 -1 8 -1 21 -1 14 -1 #SUP: 45
8 -1 8 -1 8 -1 21 -1 18 -1 #SUP: 60
8 -1 8 -1 8 -1 21 -1 18 -1 8 -1 #SUP: 39
8 -1 8 -1 8 -1 23 -1 #SUP: 42
8 -1 8 -1 8 -1 29 -1 #SUP: 78
8 -1 8 -1 8 -1 29 -1 8 -1 #SUP: 45
8 -1 8 -1 8 -1 29 -1 18 -1 #SUP: 39
8 -1 8 -1 8 -1 30 -1 #SUP: 43
8 -1 8 -1 8 -1 290 -1 #SUP: 50
8 -1 8 -1 8 -1 290 -1 8 -1 #SUP: 31
8 -1 8 -1 8 -1 292 -1 #SUP: 33
8 -1 8 -1 8 -1 39 -1 #SUP: 39
8 -1 8 -1 8 -1 40 -1 #SUP: 57
8 -1 8 -1 8 -1 40 -1 8 -1 #SUP: 38
8 -1 8 -1 8 -1 40 -1 18 -1 #SUP: 38
8 -1 8 -1 8 -1 52 -1 #SUP: 36
8 -1 8 -1 8 -1 54 -1 #SUP: 31
8 -1 8 -1 8 -1 318 -1 #SUP: 33
8 -1 8 -1 8 -1 71 -1 #SUP: 127
8 -1 8 -1 8 -1 71 -1 8 -1 #SUP: 79
8 -1 8 -1 8 -1 71 -1 8 -1 8 -1 #SUP: 41
8 -1 8 -1 8 -1 71 -1 8 -1 18 -1 #SUP: 42
8 -1 8 -1 8 -1 71 -1 14 -1 #SUP: 50
8 -1 8 -1 8 -1 71 -1 18 -1 #SUP: 55
8 -1 8 -1 8 -1 71 -1 18 -1 8 -1 #SUP: 34
8 -1 8 -1 8 -1 71 -1 71 -1 #SUP: 43
8 -1 8 -1 8 -1 92 -1 #SUP: 72
8 -1 8 -1 8 -1 92 -1 8 -1 #SUP: 42
8 -1 8 -1 8 -1 92 -1 18 -1 #SUP: 38
8 -1 8 -1 8 -1 96 -1 #SUP: 59
8 -1 8 -1 8 -1 96 -1 8 -1 #SUP: 38
8 -1 8 -1 8 -1 96 -1 18 -1 #SUP: 33
8 -1 8 -1 8 -1 124 -1 #SUP: 42
8 -1 8 -1 8 -1 126 -1 #SUP: 31
8 -1 8 -1 8 -1 206 -1 #SUP: 38
8 -1 8 -1 8 -1 219 -1 #SUP: 33
8 -1 8 -1 8 -1 224 -1 #SUP: 31
8 -1 8 -1 8 -1 227 -1 #SUP: 39
8 -1 8 -1 265 -1 #SUP: 59
8 -1 8 -1 14 -1 #SUP: 311
8 -1 8 -1 14 -1 3 -1 #SUP: 49
8 -1 8 -1 14 -1 8 -1 #SUP: 191
8 -1 8 -1 14 -1 8 -1 8 -1 #SUP: 91
8 -1 8 -1 14 -1 8 -1 8 -1 8 -1 #SUP: 48
8 -1 8 -1 14 -1 8 -1 8 -1 8 -1 18 -1 #SUP: 31
8 -1 8 -1 14 -1 8 -1 8 -1 14 -1 #SUP: 41
8 -1 8 -1 14 -1 8 -1 8 -1 18 -1 #SUP: 53
8 -1 8 -1 14 -1 8 -1 8 -1 18 -1 8 -1 #SUP: 31
8 -1 8 -1 14 -1 8 -1 14 -1 #SUP: 72
8 -1 8 -1 14 -1 8 -1 14 -1 8 -1 #SUP: 38
8 -1 8 -1 14 -1 8 -1 14 -1 18 -1 #SUP: 45
8 -1 8 -1 14 -1 8 -1 17 -1 #SUP: 48
8 -1 8 -1 14 -1 8 -1 18 -1 #SUP: 126
8 -1 8 -1 14 -1 8 -1 18 -1 8 -1 #SUP: 65
8 -1 8 -1 14 -1 8 -1 18 -1 8 -1 8 -1 #SUP: 31
8 -1 8 -1 14 -1 8 -1 18 -1 8 -1 18 -1 #SUP: 36
8 -1 8 -1 14 -1 8 -1 18 -1 14 -1 #SUP: 47
8 -1 8 -1 14 -1 8 -1 18 -1 18 -1 #SUP: 52
8 -1 8 -1 14 -1 8 -1 18 -1 21 -1 #SUP: 31
8 -1 8 -1 14 -1 8 -1 18 -1 71 -1 #SUP: 31
8 -1 8 -1 14 -1 8 -1 21 -1 #SUP: 44
8 -1 8 -1 14 -1 8 -1 29 -1 #SUP: 31
8 -1 8 -1 14 -1 8 -1 71 -1 #SUP: 58
8 -1 8 -1 14 -1 8 -1 71 -1 8 -1 #SUP: 32
8 -1 8 -1 14 -1 8 -1 92 -1 #SUP: 31
8 -1 8 -1 14 -1 14 -1 #SUP: 112
8 -1 8 -1 14 -1 14 -1 8 -1 #SUP: 63
8 -1 8 -1 14 -1 14 -1 8 -1 8 -1 #SUP: 36
8 -1 8 -1 14 -1 14 -1 8 -1 14 -1 #SUP: 31
8 -1 8 -1 14 -1 14 -1 8 -1 18 -1 #SUP: 49
8 -1 8 -1 14 -1 14 -1 14 -1 #SUP: 46
8 -1 8 -1 14 -1 14 -1 17 -1 #SUP: 30
8 -1 8 -1 14 -1 14 -1 18 -1 #SUP: 67
8 -1 8 -1 14 -1 14 -1 18 -1 8 -1 #SUP: 36
8 -1 8 -1 14 -1 14 -1 18 -1 18 -1 #SUP: 34
8 -1 8 -1 14 -1 14 -1 21 -1 #SUP: 30
8 -1 8 -1 14 -1 14 -1 71 -1 #SUP: 31
8 -1 8 -1 14 -1 17 -1 #SUP: 81
8 -1 8 -1 14 -1 17 -1 8 -1 #SUP: 40
8 -1 8 -1 14 -1 17 -1 14 -1 #SUP: 34
8 -1 8 -1 14 -1 17 -1 18 -1 #SUP: 36
8 -1 8 -1 14 -1 18 -1 #SUP: 182
8 -1 8 -1 14 -1 18 -1 8 -1 #SUP: 99
8 -1 8 -1 14 -1 18 -1 8 -1 8 -1 #SUP: 45
8 -1 8 -1 14 -1 18 -1 8 -1 8 -1 18 -1 #SUP: 33
8 -1 8 -1 14 -1 18 -1 8 -1 14 -1 #SUP: 39
8 -1 8 -1 14 -1 18 -1 8 -1 18 -1 #SUP: 56
8 -1 8 -1 14 -1 18 -1 14 -1 #SUP: 64
8 -1 8 -1 14 -1 18 -1 14 -1 8 -1 #SUP: 36
8 -1 8 -1 14 -1 18 -1 14 -1 18 -1 #SUP: 38
8 -1 8 -1 14 -1 18 -1 17 -1 #SUP: 34
8 -1 8 -1 14 -1 18 -1 18 -1 #SUP: 76
8 -1 8 -1 14 -1 18 -1 18 -1 8 -1 #SUP: 34
8 -1 8 -1 14 -1 18 -1 18 -1 18 -1 #SUP: 31
8 -1 8 -1 14 -1 18 -1 21 -1 #SUP: 44
8 -1 8 -1 14 -1 18 -1 29 -1 #SUP: 32
8 -1 8 -1 14 -1 18 -1 71 -1 #SUP: 47
8 -1 8 -1 14 -1 18 -1 92 -1 #SUP: 32
8 -1 8 -1 14 -1 20 -1 #SUP: 54
8 -1 8 -1 14 -1 21 -1 #SUP: 91
8 -1 8 -1 14 -1 21 -1 8 -1 #SUP: 61
8 -1 8 -1 14 -1 21 -1 8 -1 8 -1 #SUP: 34
8 -1 8 -1 14 -1 21 -1 8 -1 18 -1 #SUP: 43
8 -1 8 -1 14 -1 21 -1 14 -1 #SUP: 37
8 -1 8 -1 14 -1 21 -1 18 -1 #SUP: 51
8 -1 8 -1 14 -1 23 -1 #SUP: 42
8 -1 8 -1 14 -1 29 -1 #SUP: 73
8 -1 8 -1 14 -1 29 -1 8 -1 #SUP: 45
8 -1 8 -1 14 -1 29 -1 18 -1 #SUP: 40
8 -1 8 -1 14 -1 30 -1 #SUP: 43
8 -1 8 -1 14 -1 290 -1 #SUP: 45
8 -1 8 -1 14 -1 292 -1 #SUP: 37
8 -1 8 -1 14 -1 39 -1 #SUP: 32
8 -1 8 -1 14 -1 40 -1 #SUP: 47
8 -1 8 -1 14 -1 40 -1 18 -1 #SUP: 31
8 -1 8 -1 14 -1 52 -1 #SUP: 36
8 -1 8 -1 14 -1 318 -1 #SUP: 36
8 -1 8 -1 14 -1 71 -1 #SUP: 112
8 -1 8 -1 14 -1 71 -1 8 -1 #SUP: 61
8 -1 8 -1 14 -1 71 -1 8 -1 8 -1 #SUP: 34
8 -1 8 -1 14 -1 71 -1 8 -1 18 -1 #SUP: 40
8 -1 8 -1 14 -1 71 -1 14 -1 #SUP: 41
8 -1 8 -1 14 -1 71 -1 18 -1 #SUP: 49
8 -1 8 -1 14 -1 71 -1 71 -1 #SUP: 35
8 -1 8 -1 14 -1 92 -1 #SUP: 61
8 -1 8 -1 14 -1 92 -1 8 -1 #SUP: 31
8 -1 8 -1 14 -1 92 -1 18 -1 #SUP: 35
8 -1 8 -1 14 -1 96 -1 #SUP: 53
8 -1 8 -1 14 -1 96 -1 8 -1 #SUP: 32
8 -1 8 -1 14 -1 103 -1 #SUP: 33
8 -1 8 -1 14 -1 206 -1 #SUP: 37
8 -1 8 -1 14 -1 224 -1 #SUP: 30
8 -1 8 -1 14 -1 227 -1 #SUP: 42
8 -1 8 -1 17 -1 #SUP: 195
8 -1 8 -1 17 -1 3 -1 #SUP: 35
8 -1 8 -1 17 -1 8 -1 #SUP: 114
8 -1 8 -1 17 -1 8 -1 8 -1 #SUP: 50
8 -1 8 -1 17 -1 8 -1 14 -1 #SUP: 38
8 -1 8 -1 17 -1 8 -1 18 -1 #SUP: 65
8 -1 8 -1 17 -1 8 -1 18 -1 8 -1 #SUP: 32
8 -1 8 -1 17 -1 14 -1 #SUP: 76
8 -1 8 -1 17 -1 14 -1 8 -1 #SUP: 42
8 -1 8 -1 17 -1 14 -1 18 -1 #SUP: 40
8 -1 8 -1 17 -1 17 -1 #SUP: 48
8 -1 8 -1 17 -1 18 -1 #SUP: 90
8 -1 8 -1 17 -1 18 -1 8 -1 #SUP: 47
8 -1 8 -1 17 -1 18 -1 18 -1 #SUP: 38
8 -1 8 -1 17 -1 21 -1 #SUP: 47
8 -1 8 -1 17 -1 21 -1 8 -1 #SUP: 34
8 -1 8 -1 17 -1 29 -1 #SUP: 43
8 -1 8 -1 17 -1 40 -1 #SUP: 35
8 -1 8 -1 17 -1 52 -1 #SUP: 32
8 -1 8 -1 17 -1 71 -1 #SUP: 61
8 -1 8 -1 17 -1 71 -1 8 -1 #SUP: 38
8 -1 8 -1 17 -1 92 -1 #SUP: 43
8 -1 8 -1 17 -1 96 -1 #SUP: 36
8 -1 8 -1 18 -1 #SUP: 443
8 -1 8 -1 18 -1 3 -1 #SUP: 71
8 -1 8 -1 18 -1 3 -1 8 -1 #SUP: 42
8 -1 8 -1 18 -1 3 -1 8 -1 18 -1 #SUP: 30
8 -1 8 -1 18 -1 3 -1 18 -1 #SUP: 38
8 -1 8 -1 18 -1 8 -1 #SUP: 272
8 -1 8 -1 18 -1 8 -1 3 -1 #SUP: 40
8 -1 8 -1 18 -1 8 -1 8 -1 #SUP: 144
8 -1 8 -1 18 -1 8 -1 8 -1 8 -1 #SUP: 75
8 -1 8 -1 18 -1 8 -1 8 -1 8 -1 8 -1 #SUP: 39
8 -1 8 -1 18 -1 8 -1 8 -1 8 -1 18 -1 #SUP: 52
8 -1 8 -1 18 -1 8 -1 8 -1 8 -1 18 -1 8 -1 #SUP: 30
8 -1 8 -1 18 -1 8 -1 8 -1 14 -1 #SUP: 60
8 -1 8 -1 18 -1 8 -1 8 -1 14 -1 8 -1 #SUP: 39
8 -1 8 -1 18 -1 8 -1 8 -1 14 -1 18 -1 #SUP: 40
8 -1 8 -1 18 -1 8 -1 8 -1 17 -1 #SUP: 30
8 -1 8 -1 18 -1 8 -1 8 -1 18 -1 #SUP: 91
8 -1 8 -1 18 -1 8 -1 8 -1 18 -1 8 -1 #SUP: 56
8 -1 8 -1 18 -1 8 -1 8 -1 18 -1 8 -1 18 -1 #SUP: 35
8 -1 8 -1 18 -1 8 -1 8 -1 18 -1 14 -1 #SUP: 36
8 -1 8 -1 18 -1 8 -1 8 -1 18 -1 18 -1 #SUP: 47
8 -1 8 -1 18 -1 8 -1 8 -1 18 -1 18 -1 8 -1 #SUP: 30
8 -1 8 -1 18 -1 8 -1 8 -1 71 -1 #SUP: 38
8 -1 8 -1 18 -1 8 -1 14 -1 #SUP: 115
8 -1 8 -1 18 -1 8 -1 14 -1 8 -1 #SUP: 72
8 -1 8 -1 18 -1 8 -1 14 -1 8 -1 8 -1 #SUP: 33
8 -1 8 -1 18 -1 8 -1 14 -1 8 -1 18 -1 #SUP: 48
8 -1 8 -1 18 -1 8 -1 14 -1 14 -1 #SUP: 40
8 -1 8 -1 18 -1 8 -1 14 -1 18 -1 #SUP: 69
8 -1 8 -1 18 -1 8 -1 14 -1 18 -1 8 -1 #SUP: 39
8 -1 8 -1 18 -1 8 -1 14 -1 18 -1 18 -1 #SUP: 33
8 -1 8 -1 18 -1 8 -1 14 -1 71 -1 #SUP: 38
8 -1 8 -1 18 -1 8 -1 17 -1 #SUP: 55
8 -1 8 -1 18 -1 8 -1 17 -1 8 -1 #SUP: 31
8 -1 8 -1 18 -1 8 -1 18 -1 #SUP: 176
8 -1 8 -1 18 -1 8 -1 18 -1 8 -1 #SUP: 93
8 -1 8 -1 18 -1 8 -1 18 -1 8 -1 8 -1 #SUP: 46
8 -1 8 -1 18 -1 8 -1 18 -1 8 -1 8 -1 18 -1 #SUP: 34
8 -1 8 -1 18 -1 8 -1 18 -1 8 -1 14 -1 #SUP: 40
8 -1 8 -1 18 -1 8 -1 18 -1 8 -1 18 -1 #SUP: 59
8 -1 8 -1 18 -1 8 -1 18 -1 8 -1 18 -1 8 -1 #SUP: 38
8 -1 8 -1 18 -1 8 -1 18 -1 8 -1 18 -1 18 -1 #SUP: 32
8 -1 8 -1 18 -1 8 -1 18 -1 14 -1 #SUP: 76
8 -1 8 -1 18 -1 8 -1 18 -1 14 -1 8 -1 #SUP: 40
8 -1 8 -1 18 -1 8 -1 18 -1 14 -1 18 -1 #SUP: 43
8 -1 8 -1 18 -1 8 -1 18 -1 17 -1 #SUP: 33
8 -1 8 -1 18 -1 8 -1 18 -1 18 -1 #SUP: 78
8 -1 8 -1 18 -1 8 -1 18 -1 18 -1 8 -1 #SUP: 43
8 -1 8 -1 18 -1 8 -1 18 -1 18 -1 18 -1 #SUP: 37
8 -1 8 -1 18 -1 8 -1 18 -1 21 -1 #SUP: 41
8 -1 8 -1 18 -1 8 -1 18 -1 29 -1 #SUP: 35
8 -1 8 -1 18 -1 8 -1 18 -1 71 -1 #SUP: 49
8 -1 8 -1 18 -1 8 -1 18 -1 92 -1 #SUP: 31
8 -1 8 -1 18 -1 8 -1 20 -1 #SUP: 43
8 -1 8 -1 18 -1 8 -1 21 -1 #SUP: 70
8 -1 8 -1 18 -1 8 -1 21 -1 8 -1 #SUP: 50
8 -1 8 -1 18 -1 8 -1 21 -1 8 -1 8 -1 #SUP: 33
8 -1 8 -1 18 -1 8 -1 21 -1 8 -1 18 -1 #SUP: 33
8 -1 8 -1 18 -1 8 -1 21 -1 14 -1 #SUP: 33
8 -1 8 -1 18 -1 8 -1 21 -1 18 -1 #SUP: 42
8 -1 8 -1 18 -1 8 -1 23 -1 #SUP: 31
8 -1 8 -1 18 -1 8 -1 29 -1 #SUP: 53
8 -1 8 -1 18 -1 8 -1 29 -1 8 -1 #SUP: 34
8 -1 8 -1 18 -1 8 -1 30 -1 #SUP: 30
8 -1 8 -1 18 -1 8 -1 290 -1 #SUP: 37
8 -1 8 -1 18 -1 8 -1 40 -1 #SUP: 39
8 -1 8 -1 18 -1 8 -1 71 -1 #SUP: 88
8 -1 8 -1 18 -1 8 -1 71 -1 8 -1 #SUP: 51
8 -1 8 -1 18 -1 8 -1 71 -1 8 -1 18 -1 #SUP: 33
8 -1 8 -1 18 -1 8 -1 71 -1 14 -1 #SUP: 37
8 -1 8 -1 18 -1 8 -1 71 -1 18 -1 #SUP: 43
8 -1 8 -1 18 -1 8 -1 92 -1 #SUP: 46
8 -1 8 -1 18 -1 8 -1 96 -1 #SUP: 38
8 -1 8 -1 18 -1 8 -1 124 -1 #SUP: 32
8 -1 8 -1 18 -1 265 -1 #SUP: 34
8 -1 8 -1 18 -1 14 -1 #SUP: 181
8 -1 8 -1 18 -1 14 -1 3 -1 #SUP: 31
8 -1 8 -1 18 -1 14 -1 8 -1 #SUP: 111
8 -1 8 -1 18 -1 14 -1 8 -1 8 -1 #SUP: 55
8 -1 8 -1 18 -1 14 -1 8 -1 8 -1 18 -1 #SUP: 36
8 -1 8 -1 18 -1 14 -1 8 -1 14 -1 #SUP: 46
8 -1 8 -1 18 -1 14 -1 8 -1 14 -1 18 -1 #SUP: 30
8 -1 8 -1 18 -1 14 -1 8 -1 18 -1 #SUP: 79
8 -1 8 -1 18 -1 14 -1 8 -1 18 -1 8 -1 #SUP: 40
8 -1 8 -1 18 -1 14 -1 8 -1 18 -1 14 -1 #SUP: 33
8 -1 8 -1 18 -1 14 -1 8 -1 18 -1 18 -1 #SUP: 34
8 -1 8 -1 18 -1 14 -1 14 -1 #SUP: 71
8 -1 8 -1 18 -1 14 -1 14 -1 8 -1 #SUP: 42
8 -1 8 -1 18 -1 14 -1 14 -1 8 -1 18 -1 #SUP: 33
8 -1 8 -1 18 -1 14 -1 14 -1 18 -1 #SUP: 42
8 -1 8 -1 18 -1 14 -1 17 -1 #SUP: 47
8 -1 8 -1 18 -1 14 -1 18 -1 #SUP: 113
8 -1 8 -1 18 -1 14 -1 18 -1 8 -1 #SUP: 58
8 -1 8 -1 18 -1 14 -1 18 -1 8 -1 18 -1 #SUP: 37
8 -1 8 -1 18 -1 14 -1 18 -1 14 -1 #SUP: 44
8 -1 8 -1 18 -1 14 -1 18 -1 18 -1 #SUP: 47
8 -1 8 -1 18 -1 14 -1 20 -1 #SUP: 34
8 -1 8 -1 18 -1 14 -1 21 -1 #SUP: 50
8 -1 8 -1 18 -1 14 -1 21 -1 8 -1 #SUP: 34
8 -1 8 -1 18 -1 14 -1 21 -1 18 -1 #SUP: 31
8 -1 8 -1 18 -1 14 -1 29 -1 #SUP: 44
8 -1 8 -1 18 -1 14 -1 40 -1 #SUP: 34
8 -1 8 -1 18 -1 14 -1 71 -1 #SUP: 60
8 -1 8 -1 18 -1 14 -1 71 -1 8 -1 #SUP: 32
8 -1 8 -1 18 -1 14 -1 71 -1 18 -1 #SUP: 31
8 -1 8 -1 18 -1 14 -1 92 -1 #SUP: 33
8 -1 8 -1 18 -1 14 -1 96 -1 #SUP: 31
8 -1 8 -1 18 -1 17 -1 #SUP: 109
8 -1 8 -1 18 -1 17 -1 8 -1 #SUP: 64
8 -1 8 -1 18 -1 17 -1 8 -1 18 -1 #SUP: 34
8 -1 8 -1 18 -1 17 -1 14 -1 #SUP: 44
8 -1 8 -1 18 -1 17 -1 18 -1 #SUP: 52
8 -1 8 -1 18 -1 17 -1 71 -1 #SUP: 34
8 -1 8 -1 18 -1 18 -1 #SUP: 218
8 -1 8 -1 18 -1 18 -1 3 -1 #SUP: 31
8 -1 8 -1 18 -1 18 -1 8 -1 #SUP: 117
8 -1 8 -1 18 -1 18 -1 8 -1 8 -1 #SUP: 62
8 -1 8 -1 18 -1 18 -1 8 -1 8 -1 8 -1 #SUP: 39
8 -1 8 -1 18 -1 18 -1 8 -1 8 -1 18 -1 #SUP: 48
8 -1 8 -1 18 -1 18 -1 8 -1 14 -1 #SUP: 50
8 -1 8 -1 18 -1 18 -1 8 -1 14 -1 8 -1 #SUP: 32
8 -1 8 -1 18 -1 18 -1 8 -1 14 -1 18 -1 #SUP: 32
8 -1 8 -1 18 -1 18 -1 8 -1 18 -1 #SUP: 79
8 -1 8 -1 18 -1 18 -1 8 -1 18 -1 8 -1 #SUP: 45
8 -1 8 -1 18 -1 18 -1 8 -1 18 -1 8 -1 18 -1 #SUP: 31
8 -1 8 -1 18 -1 18 -1 8 -1 18 -1 18 -1 #SUP: 40
8 -1 8 -1 18 -1 18 -1 8 -1 29 -1 #SUP: 31
8 -1 8 -1 18 -1 18 -1 8 -1 71 -1 #SUP: 37
8 -1 8 -1 18 -1 18 -1 14 -1 #SUP: 96
8 -1 8 -1 18 -1 18 -1 14 -1 8 -1 #SUP: 53
8 -1 8 -1 18 -1 18 -1 14 -1 8 -1 18 -1 #SUP: 37
8 -1 8 -1 18 -1 18 -1 14 -1 18 -1 #SUP: 55
8 -1 8 -1 18 -1 18 -1 17 -1 #SUP: 43
8 -1 8 -1 18 -1 18 -1 18 -1 #SUP: 105
8 -1 8 -1 18 -1 18 -1 18 -1 8 -1 #SUP: 50
8 -1 8 -1 18 -1 18 -1 18 -1 8 -1 18 -1 #SUP: 33
8 -1 8 -1 18 -1 18 -1 18 -1 14 -1 #SUP: 39
8 -1 8 -1 18 -1 18 -1 18 -1 18 -1 #SUP: 50
8 -1 8 -1 18 -1 18 -1 18 -1 18 -1 8 -1 #SUP: 33
8 -1 8 -1 18 -1 18 -1 18 -1 71 -1 #SUP: 30
8 -1 8 -1 18 -1 18 -1 21 -1 #SUP: 54
8 -1 8 -1 18 -1 18 -1 21 -1 8 -1 #SUP: 34
8 -1 8 -1 18 -1 18 -1 21 -1 18 -1 #SUP: 32
8 -1 8 -1 18 -1 18 -1 29 -1 #SUP: 47
8 -1 8 -1 18 -1 18 -1 40 -1 #SUP: 36
8 -1 8 -1 18 -1 18 -1 71 -1 #SUP: 63
8 -1 8 -1 18 -1 18 -1 71 -1 8 -1 #SUP: 34
8 -1 8 -1 18 -1 18 -1 71 -1 18 -1 #SUP: 30
8 -1 8 -1 18 -1 18 -1 92 -1 #SUP: 35
8 -1 8 -1 18 -1 18 -1 96 -1 #SUP: 35
8 -1 8 -1 18 -1 18 -1 227 -1 #SUP: 30
8 -1 8 -1 18 -1 19 -1 #SUP: 35
8 -1 8 -1 18 -1 20 -1 #SUP: 75
8 -1 8 -1 18 -1 20 -1 8 -1 #SUP: 42
8 -1 8 -1 18 -1 20 -1 18 -1 #SUP: 38
8 -1 8 -1 18 -1 21 -1 #SUP: 115
8 -1 8 -1 18 -1 21 -1 8 -1 #SUP: 77
8 -1 8 -1 18 -1 21 -1 8 -1 8 -1 #SUP: 47
8 -1 8 -1 18 -1 21 -1 8 -1 8 -1 18 -1 #SUP: 32
8 -1 8 -1 18 -1 21 -1 8 -1 14 -1 #SUP: 31
8 -1 8 -1 18 -1 21 -1 8 -1 18 -1 #SUP: 55
8 -1 8 -1 18 -1 21 -1 8 -1 18 -1 8 -1 #SUP: 33
8 -1 8 -1 18 -1 21 -1 14 -1 #SUP: 49
8 -1 8 -1 18 -1 21 -1 14 -1 8 -1 #SUP: 30
8 -1 8 -1 18 -1 21 -1 14 -1 18 -1 #SUP: 33
8 -1 8 -1 18 -1 21 -1 18 -1 #SUP: 69
8 -1 8 -1 18 -1 21 -1 18 -1 8 -1 #SUP: 41
8 -1 8 -1 18 -1 21 -1 18 -1 14 -1 #SUP: 30
8 -1 8 -1 18 -1 21 -1 18 -1 18 -1 #SUP: 35
8 -1 8 -1 18 -1 21 -1 71 -1 #SUP: 33
8 -1 8 -1 18 -1 23 -1 #SUP: 49
8 -1 8 -1 18 -1 25 -1 #SUP: 30
8 -1 8 -1 18 -1 29 -1 #SUP: 103
8 -1 8 -1 18 -1 29 -1 8 -1 #SUP: 61
8 -1 8 -1 18 -1 29 -1 8 -1 18 -1 #SUP: 32
8 -1 8 -1 18 -1 29 -1 14 -1 #SUP: 34
8 -1 8 -1 18 -1 29 -1 17 -1 #SUP: 37
8 -1 8 -1 18 -1 29 -1 18 -1 #SUP: 51
8 -1 8 -1 18 -1 29 -1 71 -1 #SUP: 42
8 -1 8 -1 18 -1 30 -1 #SUP: 61
8 -1 8 -1 18 -1 30 -1 8 -1 #SUP: 33
8 -1 8 -1 18 -1 290 -1 #SUP: 63
8 -1 8 -1 18 -1 290 -1 8 -1 #SUP: 34
8 -1 8 -1 18 -1 292 -1 #SUP: 39
8 -1 8 -1 18 -1 39 -1 #SUP: 49
8 -1 8 -1 18 -1 40 -1 #SUP: 77
8 -1 8 -1 18 -1 40 -1 8 -1 #SUP: 42
8 -1 8 -1 18 -1 40 -1 18 -1 #SUP: 48
8 -1 8 -1 18 -1 40 -1 18 -1 8 -1 #SUP: 30
8 -1 8 -1 18 -1 52 -1 #SUP: 51
8 -1 8 -1 18 -1 54 -1 #SUP: 43
8 -1 8 -1 18 -1 318 -1 #SUP: 48
8 -1 8 -1 18 -1 71 -1 #SUP: 143
8 -1 8 -1 18 -1 71 -1 8 -1 #SUP: 83
8 -1 8 -1 18 -1 71 -1 8 -1 8 -1 #SUP: 37
8 -1 8 -1 18 -1 71 -1 8 -1 14 -1 #SUP: 30
8 -1 8 -1 18 -1 71 -1 8 -1 18 -1 #SUP: 54
8 -1 8 -1 18 -1 71 -1 8 -1 18 -1 8 -1 #SUP: 30
8 -1 8 -1 18 -1 71 -1 14 -1 #SUP: 52
8 -1 8 -1 18 -1 71 -1 18 -1 #SUP: 71
8 -1 8 -1 18 -1 71 -1 18 -1 8 -1 #SUP: 40
8 -1 8 -1 18 -1 71 -1 18 -1 14 -1 #SUP: 30
8 -1 8 -1 18 -1 71 -1 18 -1 18 -1 #SUP: 36
8 -1 8 -1 18 -1 71 -1 21 -1 #SUP: 31
8 -1 8 -1 18 -1 71 -1 29 -1 #SUP: 36
8 -1 8 -1 18 -1 71 -1 290 -1 #SUP: 32
8 -1 8 -1 18 -1 71 -1 71 -1 #SUP: 55
8 -1 8 -1 18 -1 71 -1 92 -1 #SUP: 30
8 -1 8 -1 18 -1 92 -1 #SUP: 83
8 -1 8 -1 18 -1 92 -1 8 -1 #SUP: 44
8 -1 8 -1 18 -1 92 -1 18 -1 #SUP: 46
8 -1 8 -1 18 -1 96 -1 #SUP: 70
8 -1 8 -1 18 -1 96 -1 8 -1 #SUP: 46
8 -1 8 -1 18 -1 96 -1 18 -1 #SUP: 43
8 -1 8 -1 18 -1 103 -1 #SUP: 34
8 -1 8 -1 18 -1 122 -1 #SUP: 48
8 -1 8 -1 18 -1 124 -1 #SUP: 47
8 -1 8 -1 18 -1 206 -1 #SUP: 51
8 -1 8 -1 18 -1 219 -1 #SUP: 49
8 -1 8 -1 18 -1 224 -1 #SUP: 38
8 -1 8 -1 18 -1 227 -1 #SUP: 62
8 -1 8 -1 19 -1 #SUP: 52
8 -1 8 -1 20 -1 #SUP: 107
8 -1 8 -1 20 -1 8 -1 #SUP: 62
8 -1 8 -1 20 -1 8 -1 18 -1 #SUP: 36
8 -1 8 -1 20 -1 14 -1 #SUP: 46
8 -1 8 -1 20 -1 18 -1 #SUP: 52
8 -1 8 -1 20 -1 21 -1 #SUP: 31
8 -1 8 -1 20 -1 71 -1 #SUP: 36
8 -1 8 -1 276 -1 #SUP: 30
8 -1 8 -1 21 -1 #SUP: 181
8 -1 8 -1 21 -1 8 -1 #SUP: 124
8 -1 8 -1 21 -1 8 -1 8 -1 #SUP: 68
8 -1 8 -1 21 -1 8 -1 8 -1 8 -1 #SUP: 30
8 -1 8 -1 21 -1 8 -1 8 -1 18 -1 #SUP: 42
8 -1 8 -1 21 -1 8 -1 14 -1 #SUP: 48
8 -1 8 -1 21 -1 8 -1 14 -1 8 -1 #SUP: 32
8 -1 8 -1 21 -1 8 -1 14 -1 18 -1 #SUP: 30
8 -1 8 -1 21 -1 8 -1 18 -1 #SUP: 84
8 -1 8 -1 21 -1 8 -1 18 -1 8 -1 #SUP: 48
8 -1 8 -1 21 -1 8 -1 18 -1 8 -1 18 -1 #SUP: 30
8 -1 8 -1 21 -1 8 -1 18 -1 14 -1 #SUP: 31
8 -1 8 -1 21 -1 8 -1 18 -1 18 -1 #SUP: 41
8 -1 8 -1 21 -1 8 -1 21 -1 #SUP: 33
8 -1 8 -1 21 -1 8 -1 71 -1 #SUP: 33
8 -1 8 -1 21 -1 14 -1 #SUP: 74
8 -1 8 -1 21 -1 14 -1 8 -1 #SUP: 46
8 -1 8 -1 21 -1 14 -1 8 -1 18 -1 #SUP: 37
8 -1 8 -1 21 -1 14 -1 18 -1 #SUP: 48
8 -1 8 -1 21 -1 17 -1 #SUP: 37
8 -1 8 -1 21 -1 18 -1 #SUP: 100
8 -1 8 -1 21 -1 18 -1 8 -1 #SUP: 57
8 -1 8 -1 21 -1 18 -1 8 -1 18 -1 #SUP: 35
8 -1 8 -1 21 -1 18 -1 14 -1 #SUP: 39
8 -1 8 -1 21 -1 18 -1 18 -1 #SUP: 47
8 -1 8 -1 21 -1 18 -1 21 -1 #SUP: 30
8 -1 8 -1 21 -1 21 -1 #SUP: 50
8 -1 8 -1 21 -1 21 -1 8 -1 #SUP: 32
8 -1 8 -1 21 -1 29 -1 #SUP: 36
8 -1 8 -1 21 -1 40 -1 #SUP: 34
8 -1 8 -1 21 -1 71 -1 #SUP: 49
8 -1 8 -1 21 -1 92 -1 #SUP: 39
8 -1 8 -1 23 -1 #SUP: 74
8 -1 8 -1 23 -1 18 -1 #SUP: 36
8 -1 8 -1 25 -1 #SUP: 47
8 -1 8 -1 25 -1 8 -1 #SUP: 33
8 -1 8 -1 29 -1 #SUP: 176
8 -1 8 -1 29 -1 3 -1 #SUP: 40
8 -1 8 -1 29 -1 8 -1 #SUP: 102
8 -1 8 -1 29 -1 8 -1 8 -1 #SUP: 48
8 -1 8 -1 29 -1 8 -1 8 -1 18 -1 #SUP: 32
8 -1 8 -1 29 -1 8 -1 14 -1 #SUP: 35
8 -1 8 -1 29 -1 8 -1 18 -1 #SUP: 58
8 -1 8 -1 29 -1 8 -1 18 -1 8 -1 #SUP: 30
8 -1 8 -1 29 -1 14 -1 #SUP: 62
8 -1 8 -1 29 -1 14 -1 8 -1 #SUP: 35
8 -1 8 -1 29 -1 14 -1 18 -1 #SUP: 34
8 -1 8 -1 29 -1 17 -1 #SUP: 64
8 -1 8 -1 29 -1 17 -1 8 -1 #SUP: 36
8 -1 8 -1 29 -1 17 -1 18 -1 #SUP: 31
8 -1 8 -1 29 -1 18 -1 #SUP: 87
8 -1 8 -1 29 -1 18 -1 8 -1 #SUP: 45
8 -1 8 -1 29 -1 18 -1 14 -1 #SUP: 33
8 -1 8 -1 29 -1 18 -1 18 -1 #SUP: 41
8 -1 8 -1 29 -1 21 -1 #SUP: 52
8 -1 8 -1 29 -1 21 -1 8 -1 #SUP: 35
8 -1 8 -1 29 -1 21 -1 18 -1 #SUP: 30
8 -1 8 -1 29 -1 29 -1 #SUP: 34
8 -1 8 -1 29 -1 30 -1 #SUP: 34
8 -1 8 -1 29 -1 290 -1 #SUP: 30
8 -1 8 -1 29 -1 71 -1 #SUP: 63
8 -1 8 -1 29 -1 71 -1 8 -1 #SUP: 32
8 -1 8 -1 29 -1 92 -1 #SUP: 38
8 -1 8 -1 29 -1 96 -1 #SUP: 40
8 -1 8 -1 30 -1 #SUP: 98
8 -1 8 -1 30 -1 8 -1 #SUP: 51
8 -1 8 -1 30 -1 14 -1 #SUP: 31
8 -1 8 -1 30 -1 17 -1 #SUP: 37
8 -1 8 -1 30 -1 18 -1 #SUP: 39
8 -1 8 -1 33 -1 #SUP: 34
8 -1 8 -1 290 -1 #SUP: 102
8 -1 8 -1 290 -1 8 -1 #SUP: 55
8 -1 8 -1 290 -1 8 -1 8 -1 #SUP: 31
8 -1 8 -1 290 -1 8 -1 18 -1 #SUP: 35
8 -1 8 -1 290 -1 14 -1 #SUP: 32
8 -1 8 -1 290 -1 18 -1 #SUP: 47
8 -1 8 -1 290 -1 18 -1 8 -1 #SUP: 33
8 -1 8 -1 290 -1 71 -1 #SUP: 39
8 -1 8 -1 292 -1 #SUP: 55
8 -1 8 -1 292 -1 8 -1 #SUP: 39
8 -1 8 -1 292 -1 18 -1 #SUP: 33
8 -1 8 -1 39 -1 #SUP: 91
8 -1 8 -1 39 -1 8 -1 #SUP: 58
8 -1 8 -1 39 -1 8 -1 8 -1 #SUP: 30
8 -1 8 -1 39 -1 8 -1 18 -1 #SUP: 41
8 -1 8 -1 39 -1 14 -1 #SUP: 35
8 -1 8 -1 39 -1 18 -1 #SUP: 51
8 -1 8 -1 39 -1 71 -1 #SUP: 31
8 -1 8 -1 40 -1 #SUP: 114
8 -1 8 -1 40 -1 8 -1 #SUP: 62
8 -1 8 -1 40 -1 8 -1 8 -1 #SUP: 34
8 -1 8 -1 40 -1 8 -1 18 -1 #SUP: 40
8 -1 8 -1 40 -1 14 -1 #SUP: 40
8 -1 8 -1 40 -1 18 -1 #SUP: 69
8 -1 8 -1 40 -1 18 -1 8 -1 #SUP: 43
8 -1 8 -1 40 -1 18 -1 18 -1 #SUP: 34
8 -1 8 -1 40 -1 21 -1 #SUP: 32
8 -1 8 -1 40 -1 29 -1 #SUP: 30
8 -1 8 -1 40 -1 71 -1 #SUP: 34
8 -1 8 -1 40 -1 92 -1 #SUP: 32
8 -1 8 -1 299 -1 #SUP: 36
8 -1 8 -1 306 -1 #SUP: 31
8 -1 8 -1 50 -1 #SUP: 30
8 -1 8 -1 307 -1 #SUP: 37
8 -1 8 -1 52 -1 #SUP: 87
8 -1 8 -1 52 -1 8 -1 #SUP: 38
8 -1 8 -1 52 -1 18 -1 #SUP: 42
8 -1 8 -1 54 -1 #SUP: 66
8 -1 8 -1 54 -1 8 -1 #SUP: 34
8 -1 8 -1 54 -1 14 -1 #SUP: 31
8 -1 8 -1 54 -1 18 -1 #SUP: 30
8 -1 8 -1 318 -1 #SUP: 61
8 -1 8 -1 63 -1 #SUP: 44
8 -1 8 -1 71 -1 #SUP: 234
8 -1 8 -1 71 -1 3 -1 #SUP: 38
8 -1 8 -1 71 -1 8 -1 #SUP: 145
8 -1 8 -1 71 -1 8 -1 8 -1 #SUP: 73
8 -1 8 -1 71 -1 8 -1 8 -1 8 -1 #SUP: 37
8 -1 8 -1 71 -1 8 -1 8 -1 18 -1 #SUP: 44
8 -1 8 -1 71 -1 8 -1 14 -1 #SUP: 51
8 -1 8 -1 71 -1 8 -1 18 -1 #SUP: 87
8 -1 8 -1 71 -1 8 -1 18 -1 8 -1 #SUP: 51
8 -1 8 -1 71 -1 8 -1 18 -1 8 -1 18 -1 #SUP: 33
8 -1 8 -1 71 -1 8 -1 18 -1 14 -1 #SUP: 31
8 -1 8 -1 71 -1 8 -1 18 -1 18 -1 #SUP: 39
8 -1 8 -1 71 -1 8 -1 29 -1 #SUP: 31
8 -1 8 -1 71 -1 8 -1 71 -1 #SUP: 50
8 -1 8 -1 71 -1 14 -1 #SUP: 89
8 -1 8 -1 71 -1 14 -1 8 -1 #SUP: 49
8 -1 8 -1 71 -1 14 -1 8 -1 18 -1 #SUP: 37
8 -1 8 -1 71 -1 14 -1 14 -1 #SUP: 32
8 -1 8 -1 71 -1 14 -1 18 -1 #SUP: 47
8 -1 8 -1 71 -1 14 -1 71 -1 #SUP: 37
8 -1 8 -1 71 -1 17 -1 #SUP: 46
8 -1 8 -1 71 -1 18 -1 #SUP: 109
8 -1 8 -1 71 -1 18 -1 8 -1 #SUP: 65
8 -1 8 -1 71 -1 18 -1 8 -1 8 -1 #SUP: 33
8 -1 8 -1 71 -1 18 -1 8 -1 18 -1 #SUP: 40
8 -1 8 -1 71 -1 18 -1 14 -1 #SUP: 41
8 -1 8 -1 71 -1 18 -1 18 -1 #SUP: 51
8 -1 8 -1 71 -1 18 -1 71 -1 #SUP: 39
8 -1 8 -1 71 -1 20 -1 #SUP: 41
8 -1 8 -1 71 -1 21 -1 #SUP: 55
8 -1 8 -1 71 -1 21 -1 8 -1 #SUP: 40
8 -1 8 -1 71 -1 21 -1 18 -1 #SUP: 34
8 -1 8 -1 71 -1 29 -1 #SUP: 60
8 -1 8 -1 71 -1 29 -1 8 -1 #SUP: 35
8 -1 8 -1 71 -1 30 -1 #SUP: 33
8 -1 8 -1 71 -1 290 -1 #SUP: 50
8 -1 8 -1 71 -1 40 -1 #SUP: 35
8 -1 8 -1 71 -1 318 -1 #SUP: 31
8 -1 8 -1 71 -1 71 -1 #SUP: 88
8 -1 8 -1 71 -1 71 -1 8 -1 #SUP: 43
8 -1 8 -1 71 -1 71 -1 14 -1 #SUP: 34
8 -1 8 -1 71 -1 71 -1 18 -1 #SUP: 37
8 -1 8 -1 71 -1 71 -1 71 -1 #SUP: 32
8 -1 8 -1 71 -1 92 -1 #SUP: 57
8 -1 8 -1 71 -1 96 -1 #SUP: 36
8 -1 8 -1 74 -1 #SUP: 40
8 -1 8 -1 332 -1 #SUP: 30
8 -1 8 -1 90 -1 #SUP: 30
8 -1 8 -1 347 -1 #SUP: 32
8 -1 8 -1 92 -1 #SUP: 147
8 -1 8 -1 92 -1 8 -1 #SUP: 78
8 -1 8 -1 92 -1 8 -1 8 -1 #SUP: 41
8 -1 8 -1 92 -1 8 -1 18 -1 #SUP: 43
8 -1 8 -1 92 -1 14 -1 #SUP: 51
8 -1 8 -1 92 -1 14 -1 18 -1 #SUP: 30
8 -1 8 -1 92 -1 17 -1 #SUP: 37
8 -1 8 -1 92 -1 18 -1 #SUP: 76
8 -1 8 -1 92 -1 18 -1 8 -1 #SUP: 43
8 -1 8 -1 92 -1 21 -1 #SUP: 38
8 -1 8 -1 92 -1 29 -1 #SUP: 34
8 -1 8 -1 92 -1 71 -1 #SUP: 43
8 -1 8 -1 92 -1 92 -1 #SUP: 45
8 -1 8 -1 604 -1 #SUP: 36
8 -1 8 -1 96 -1 #SUP: 127
8 -1 8 -1 96 -1 8 -1 #SUP: 72
8 -1 8 -1 96 -1 8 -1 18 -1 #SUP: 39
8 -1 8 -1 96 -1 14 -1 #SUP: 47
8 -1 8 -1 96 -1 17 -1 #SUP: 48
8 -1 8 -1 96 -1 18 -1 #SUP: 60
8 -1 8 -1 96 -1 21 -1 #SUP: 32
8 -1 8 -1 96 -1 71 -1 #SUP: 33
8 -1 8 -1 103 -1 #SUP: 61
8 -1 8 -1 103 -1 8 -1 #SUP: 35
8 -1 8 -1 103 -1 18 -1 #SUP: 34
8 -1 8 -1 122 -1 #SUP: 62
8 -1 8 -1 124 -1 #SUP: 76
8 -1 8 -1 124 -1 8 -1 #SUP: 44
8 -1 8 -1 124 -1 14 -1 #SUP: 31
8 -1 8 -1 124 -1 18 -1 #SUP: 34
8 -1 8 -1 124 -1 71 -1 #SUP: 31
8 -1 8 -1 126 -1 #SUP: 70
8 -1 8 -1 126 -1 8 -1 #SUP: 33
8 -1 8 -1 905 -1 #SUP: 30
8 -1 8 -1 161 -1 #SUP: 31
8 -1 8 -1 174 -1 #SUP: 30
8 -1 8 -1 186 -1 #SUP: 36
8 -1 8 -1 197 -1 #SUP: 35
8 -1 8 -1 206 -1 #SUP: 63
8 -1 8 -1 206 -1 18 -1 #SUP: 31
8 -1 8 -1 212 -1 #SUP: 44
8 -1 8 -1 219 -1 #SUP: 70
8 -1 8 -1 219 -1 8 -1 #SUP: 39
8 -1 8 -1 219 -1 18 -1 #SUP: 35
8 -1 8 -1 224 -1 #SUP: 64
8 -1 8 -1 224 -1 8 -1 #SUP: 31
8 -1 8 -1 225 -1 #SUP: 37
8 -1 8 -1 227 -1 #SUP: 80
8 -1 8 -1 227 -1 8 -1 #SUP: 31
8 -1 8 -1 227 -1 14 -1 #SUP: 32
8 -1 8 -1 227 -1 18 -1 #SUP: 31
8 -1 265 -1 #SUP: 98
8 -1 265 -1 8 -1 #SUP: 50
8 -1 265 -1 265 -1 #SUP: 40
8 -1 265 -1 14 -1 #SUP: 37
8 -1 265 -1 17 -1 #SUP: 33
8 -1 265 -1 18 -1 #SUP: 38
8 -1 265 -1 29 -1 #SUP: 31
8 -1 265 -1 71 -1 #SUP: 47
8 -1 266 -1 #SUP: 53
8 -1 266 -1 8 -1 #SUP: 35
8 -1 11 -1 #SUP: 42
8 -1 12 -1 #SUP: 37
8 -1 13 -1 #SUP: 37
8 -1 14 -1 #SUP: 518
8 -1 14 -1 3 -1 #SUP: 92
8 -1 14 -1 3 -1 8 -1 #SUP: 50
8 -1 14 -1 3 -1 8 -1 8 -1 #SUP: 30
8 -1 14 -1 3 -1 8 -1 18 -1 #SUP: 33
8 -1 14 -1 3 -1 18 -1 #SUP: 46
8 -1 14 -1 8 -1 #SUP: 309
8 -1 14 -1 8 -1 3 -1 #SUP: 46
8 -1 14 -1 8 -1 8 -1 #SUP: 169
8 -1 14 -1 8 -1 8 -1 8 -1 #SUP: 79
8 -1 14 -1 8 -1 8 -1 8 -1 8 -1 #SUP: 37
8 -1 14 -1 8 -1 8 -1 8 -1 18 -1 #SUP: 46
8 -1 14 -1 8 -1 8 -1 14 -1 #SUP: 70
8 -1 14 -1 8 -1 8 -1 14 -1 8 -1 #SUP: 43
8 -1 14 -1 8 -1 8 -1 14 -1 8 -1 18 -1 #SUP: 30
8 -1 14 -1 8 -1 8 -1 14 -1 18 -1 #SUP: 40
8 -1 14 -1 8 -1 8 -1 17 -1 #SUP: 38
8 -1 14 -1 8 -1 8 -1 18 -1 #SUP: 101
8 -1 14 -1 8 -1 8 -1 18 -1 8 -1 #SUP: 53
8 -1 14 -1 8 -1 8 -1 18 -1 8 -1 18 -1 #SUP: 34
8 -1 14 -1 8 -1 8 -1 18 -1 14 -1 #SUP: 43
8 -1 14 -1 8 -1 8 -1 18 -1 18 -1 #SUP: 45
8 -1 14 -1 8 -1 8 -1 21 -1 #SUP: 33
8 -1 14 -1 8 -1 8 -1 29 -1 #SUP: 30
8 -1 14 -1 8 -1 8 -1 71 -1 #SUP: 49
8 -1 14 -1 8 -1 14 -1 #SUP: 135
8 -1 14 -1 8 -1 14 -1 8 -1 #SUP: 75
8 -1 14 -1 8 -1 14 -1 8 -1 8 -1 #SUP: 37
8 -1 14 -1 8 -1 14 -1 8 -1 18 -1 #SUP: 51
8 -1 14 -1 8 -1 14 -1 14 -1 #SUP: 46
8 -1 14 -1 8 -1 14 -1 17 -1 #SUP: 36
8 -1 14 -1 8 -1 14 -1 18 -1 #SUP: 76
8 -1 14 -1 8 -1 14 -1 18 -1 8 -1 #SUP: 40
8 -1 14 -1 8 -1 14 -1 18 -1 18 -1 #SUP: 37
8 -1 14 -1 8 -1 14 -1 21 -1 #SUP: 36
8 -1 14 -1 8 -1 14 -1 71 -1 #SUP: 46
8 -1 14 -1 8 -1 17 -1 #SUP: 77
8 -1 14 -1 8 -1 17 -1 8 -1 #SUP: 38
8 -1 14 -1 8 -1 17 -1 14 -1 #SUP: 34
8 -1 14 -1 8 -1 17 -1 18 -1 #SUP: 30
8 -1 14 -1 8 -1 18 -1 #SUP: 205
8 -1 14 -1 8 -1 18 -1 8 -1 #SUP: 114
8 -1 14 -1 8 -1 18 -1 8 -1 8 -1 #SUP: 49
8 -1 14 -1 8 -1 18 -1 8 -1 14 -1 #SUP: 44
8 -1 14 -1 8 -1 18 -1 8 -1 18 -1 #SUP: 72
8 -1 14 -1 8 -1 18 -1 8 -1 18 -1 8 -1 #SUP: 33
8 -1 14 -1 8 -1 18 -1 8 -1 18 -1 14 -1 #SUP: 31
8 -1 14 -1 8 -1 18 -1 8 -1 18 -1 18 -1 #SUP: 30
8 -1 14 -1 8 -1 18 -1 8 -1 71 -1 #SUP: 35
8 -1 14 -1 8 -1 18 -1 14 -1 #SUP: 79
8 -1 14 -1 8 -1 18 -1 14 -1 8 -1 #SUP: 42
8 -1 14 -1 8 -1 18 -1 14 -1 8 -1 18 -1 #SUP: 31
8 -1 14 -1 8 -1 18 -1 14 -1 18 -1 #SUP: 43
8 -1 14 -1 8 -1 18 -1 17 -1 #SUP: 45
8 -1 14 -1 8 -1 18 -1 18 -1 #SUP: 91
8 -1 14 -1 8 -1 18 -1 18 -1 8 -1 #SUP: 39
8 -1 14 -1 8 -1 18 -1 18 -1 14 -1 #SUP: 34
8 -1 14 -1 8 -1 18 -1 18 -1 18 -1 #SUP: 38
8 -1 14 -1 8 -1 18 -1 21 -1 #SUP: 49
8 -1 14 -1 8 -1 18 -1 29 -1 #SUP: 39
8 -1 14 -1 8 -1 18 -1 40 -1 #SUP: 31
8 -1 14 -1 8 -1 18 -1 71 -1 #SUP: 61
8 -1 14 -1 8 -1 18 -1 227 -1 #SUP: 32
8 -1 14 -1 8 -1 20 -1 #SUP: 47
8 -1 14 -1 8 -1 21 -1 #SUP: 75
8 -1 14 -1 8 -1 21 -1 8 -1 #SUP: 50
8 -1 14 -1 8 -1 21 -1 8 -1 18 -1 #SUP: 30
8 -1 14 -1 8 -1 21 -1 14 -1 #SUP: 32
8 -1 14 -1 8 -1 21 -1 18 -1 #SUP: 38
8 -1 14 -1 8 -1 29 -1 #SUP: 64
8 -1 14 -1 8 -1 29 -1 8 -1 #SUP: 31
8 -1 14 -1 8 -1 290 -1 #SUP: 49
8 -1 14 -1 8 -1 40 -1 #SUP: 44
8 -1 14 -1 8 -1 318 -1 #SUP: 31
8 -1 14 -1 8 -1 71 -1 #SUP: 99
8 -1 14 -1 8 -1 71 -1 8 -1 #SUP: 58
8 -1 14 -1 8 -1 71 -1 8 -1 8 -1 #SUP: 32
8 -1 14 -1 8 -1 71 -1 8 -1 18 -1 #SUP: 35
8 -1 14 -1 8 -1 71 -1 14 -1 #SUP: 44
8 -1 14 -1 8 -1 71 -1 18 -1 #SUP: 45
8 -1 14 -1 8 -1 71 -1 71 -1 #SUP: 39
8 -1 14 -1 8 -1 92 -1 #SUP: 53
8 -1 14 -1 8 -1 92 -1 8 -1 #SUP: 30
8 -1 14 -1 8 -1 92 -1 18 -1 #SUP: 31
8 -1 14 -1 8 -1 96 -1 #SUP: 47
8 -1 14 -1 8 -1 126 -1 #SUP: 30
8 -1 14 -1 8 -1 206 -1 #SUP: 30
8 -1 14 -1 8 -1 227 -1 #SUP: 39
8 -1 14 -1 265 -1 #SUP: 50
8 -1 14 -1 14 -1 #SUP: 210
8 -1 14 -1 14 -1 3 -1 #SUP: 32
8 -1 14 -1 14 -1 8 -1 #SUP: 111
8 -1 14 -1 14 -1 8 -1 8 -1 #SUP: 61
8 -1 14 -1 14 -1 8 -1 8 -1 8 -1 #SUP: 30
8 -1 14 -1 14 -1 8 -1 8 -1 18 -1 #SUP: 35
8 -1 14 -1 14 -1 8 -1 14 -1 #SUP: 51
8 -1 14 -1 14 -1 8 -1 14 -1 8 -1 #SUP: 33
8 -1 14 -1 14 -1 8 -1 18 -1 #SUP: 72
8 -1 14 -1 14 -1 8 -1 18 -1 8 -1 #SUP: 40
8 -1 14 -1 14 -1 8 -1 18 -1 18 -1 #SUP: 36
8 -1 14 -1 14 -1 8 -1 71 -1 #SUP: 32
8 -1 14 -1 14 -1 14 -1 #SUP: 85
8 -1 14 -1 14 -1 14 -1 8 -1 #SUP: 50
8 -1 14 -1 14 -1 14 -1 8 -1 18 -1 #SUP: 33
8 -1 14 -1 14 -1 14 -1 14 -1 #SUP: 34
8 -1 14 -1 14 -1 14 -1 18 -1 #SUP: 49
8 -1 14 -1 14 -1 17 -1 #SUP: 59
8 -1 14 -1 14 -1 17 -1 8 -1 #SUP: 30
8 -1 14 -1 14 -1 18 -1 #SUP: 110
8 -1 14 -1 14 -1 18 -1 8 -1 #SUP: 61
8 -1 14 -1 14 -1 18 -1 8 -1 8 -1 #SUP: 31
8 -1 14 -1 14 -1 18 -1 8 -1 18 -1 #SUP: 40
8 -1 14 -1 14 -1 18 -1 14 -1 #SUP: 45
8 -1 14 -1 14 -1 18 -1 14 -1 8 -1 #SUP: 30
8 -1 14 -1 14 -1 18 -1 18 -1 #SUP: 55
8 -1 14 -1 14 -1 18 -1 21 -1 #SUP: 30
8 -1 14 -1 14 -1 18 -1 71 -1 #SUP: 34
8 -1 14 -1 14 -1 20 -1 #SUP: 38
8 -1 14 -1 14 -1 21 -1 #SUP: 53
8 -1 14 -1 14 -1 21 -1 8 -1 #SUP: 31
8 -1 14 -1 14 -1 21 -1 18 -1 #SUP: 30
8 -1 14 -1 14 -1 29 -1 #SUP: 48
8 -1 14 -1 14 -1 290 -1 #SUP: 33
8 -1 14 -1 14 -1 40 -1 #SUP: 35
8 -1 14 -1 14 -1 71 -1 #SUP: 71
8 -1 14 -1 14 -1 71 -1 8 -1 #SUP: 37
8 -1 14 -1 14 -1 71 -1 14 -1 #SUP: 31
8 -1 14 -1 14 -1 71 -1 18 -1 #SUP: 36
8 -1 14 -1 14 -1 92 -1 #SUP: 37
8 -1 14 -1 17 -1 #SUP: 146
8 -1 14 -1 17 -1 3 -1 #SUP: 30
8 -1 14 -1 17 -1 8 -1 #SUP: 66
8 -1 14 -1 17 -1 8 -1 18 -1 #SUP: 40
8 -1 14 -1 17 -1 14 -1 #SUP: 64
8 -1 14 -1 17 -1 17 -1 #SUP: 36
8 -1 14 -1 17 -1 18 -1 #SUP: 63
8 -1 14 -1 17 -1 18 -1 8 -1 #SUP: 30
8 -1 14 -1 17 -1 29 -1 #SUP: 32
8 -1 14 -1 17 -1 71 -1 #SUP: 45
8 -1 14 -1 18 -1 #SUP: 310
8 -1 14 -1 18 -1 3 -1 #SUP: 50
8 -1 14 -1 18 -1 3 -1 8 -1 #SUP: 30
8 -1 14 -1 18 -1 8 -1 #SUP: 174
8 -1 14 -1 18 -1 8 -1 8 -1 #SUP: 82
8 -1 14 -1 18 -1 8 -1 8 -1 8 -1 #SUP: 39
8 -1 14 -1 18 -1 8 -1 8 -1 14 -1 #SUP: 38
8 -1 14 -1 18 -1 8 -1 8 -1 18 -1 #SUP: 49
8 -1 14 -1 18 -1 8 -1 8 -1 18 -1 8 -1 #SUP: 30
8 -1 14 -1 18 -1 8 -1 14 -1 #SUP: 78
8 -1 14 -1 18 -1 8 -1 14 -1 8 -1 #SUP: 45
8 -1 14 -1 18 -1 8 -1 14 -1 18 -1 #SUP: 41
8 -1 14 -1 18 -1 8 -1 14 -1 71 -1 #SUP: 30
8 -1 14 -1 18 -1 8 -1 17 -1 #SUP: 36
8 -1 14 -1 18 -1 8 -1 18 -1 #SUP: 104
8 -1 14 -1 18 -1 8 -1 18 -1 8 -1 #SUP: 51
8 -1 14 -1 18 -1 8 -1 18 -1 8 -1 18 -1 #SUP: 33
8 -1 14 -1 18 -1 8 -1 18 -1 14 -1 #SUP: 44
8 -1 14 -1 18 -1 8 -1 18 -1 18 -1 #SUP: 43
8 -1 14 -1 18 -1 8 -1 18 -1 71 -1 #SUP: 30
8 -1 14 -1 18 -1 8 -1 21 -1 #SUP: 39
8 -1 14 -1 18 -1 8 -1 29 -1 #SUP: 34
8 -1 14 -1 18 -1 8 -1 71 -1 #SUP: 56
8 -1 14 -1 18 -1 14 -1 #SUP: 129
8 -1 14 -1 18 -1 14 -1 8 -1 #SUP: 71
8 -1 14 -1 18 -1 14 -1 8 -1 8 -1 #SUP: 35
8 -1 14 -1 18 -1 14 -1 8 -1 14 -1 #SUP: 30
8 -1 14 -1 18 -1 14 -1 8 -1 18 -1 #SUP: 43
8 -1 14 -1 18 -1 14 -1 14 -1 #SUP: 51
8 -1 14 -1 18 -1 14 -1 14 -1 8 -1 #SUP: 34
8 -1 14 -1 18 -1 14 -1 17 -1 #SUP: 31
8 -1 14 -1 18 -1 14 -1 18 -1 #SUP: 71
8 -1 14 -1 18 -1 14 -1 18 -1 8 -1 #SUP: 37
8 -1 14 -1 18 -1 14 -1 18 -1 18 -1 #SUP: 36
8 -1 14 -1 18 -1 14 -1 21 -1 #SUP: 34
8 -1 14 -1 18 -1 14 -1 71 -1 #SUP: 46
8 -1 14 -1 18 -1 17 -1 #SUP: 68
8 -1 14 -1 18 -1 17 -1 8 -1 #SUP: 37
8 -1 14 -1 18 -1 17 -1 14 -1 #SUP: 34
8 -1 14 -1 18 -1 17 -1 18 -1 #SUP: 31
8 -1 14 -1 18 -1 18 -1 #SUP: 137
8 -1 14 -1 18 -1 18 -1 8 -1 #SUP: 63
8 -1 14 -1 18 -1 18 -1 8 -1 8 -1 #SUP: 33
8 -1 14 -1 18 -1 18 -1 8 -1 18 -1 #SUP: 40
8 -1 14 -1 18 -1 18 -1 14 -1 #SUP: 57
8 -1 14 -1 18 -1 18 -1 14 -1 8 -1 #SUP: 33
8 -1 14 -1 18 -1 18 -1 14 -1 18 -1 #SUP: 33
8 -1 14 -1 18 -1 18 -1 18 -1 #SUP: 56
8 -1 14 -1 18 -1 18 -1 18 -1 8 -1 #SUP: 30
8 -1 14 -1 18 -1 18 -1 71 -1 #SUP: 42
8 -1 14 -1 18 -1 20 -1 #SUP: 48
8 -1 14 -1 18 -1 21 -1 #SUP: 79
8 -1 14 -1 18 -1 21 -1 8 -1 #SUP: 44
8 -1 14 -1 18 -1 21 -1 14 -1 #SUP: 36
8 -1 14 -1 18 -1 21 -1 18 -1 #SUP: 31
8 -1 14 -1 18 -1 29 -1 #SUP: 68
8 -1 14 -1 18 -1 29 -1 8 -1 #SUP: 32
8 -1 14 -1 18 -1 29 -1 18 -1 #SUP: 30
8 -1 14 -1 18 -1 29 -1 71 -1 #SUP: 32
8 -1 14 -1 18 -1 290 -1 #SUP: 47
8 -1 14 -1 18 -1 39 -1 #SUP: 30
8 -1 14 -1 18 -1 40 -1 #SUP: 53
8 -1 14 -1 18 -1 52 -1 #SUP: 33
8 -1 14 -1 18 -1 318 -1 #SUP: 44
8 -1 14 -1 18 -1 71 -1 #SUP: 102
8 -1 14 -1 18 -1 71 -1 8 -1 #SUP: 51
8 -1 14 -1 18 -1 71 -1 8 -1 18 -1 #SUP: 31
8 -1 14 -1 18 -1 71 -1 14 -1 #SUP: 42
8 -1 14 -1 18 -1 71 -1 18 -1 #SUP: 45
8 -1 14 -1 18 -1 71 -1 71 -1 #SUP: 40
8 -1 14 -1 18 -1 92 -1 #SUP: 56
8 -1 14 -1 18 -1 92 -1 8 -1 #SUP: 30
8 -1 14 -1 18 -1 96 -1 #SUP: 44
8 -1 14 -1 18 -1 206 -1 #SUP: 33
8 -1 14 -1 18 -1 224 -1 #SUP: 32
8 -1 14 -1 18 -1 227 -1 #SUP: 50
8 -1 14 -1 19 -1 #SUP: 39
8 -1 14 -1 20 -1 #SUP: 97
8 -1 14 -1 20 -1 8 -1 #SUP: 48
8 -1 14 -1 20 -1 14 -1 #SUP: 40
8 -1 14 -1 20 -1 18 -1 #SUP: 42
8 -1 14 -1 20 -1 40 -1 #SUP: 31
8 -1 14 -1 20 -1 71 -1 #SUP: 30
8 -1 14 -1 21 -1 #SUP: 150
8 -1 14 -1 21 -1 8 -1 #SUP: 101
8 -1 14 -1 21 -1 8 -1 8 -1 #SUP: 58
8 -1 14 -1 21 -1 8 -1 8 -1 18 -1 #SUP: 32
8 -1 14 -1 21 -1 8 -1 14 -1 #SUP: 46
8 -1 14 -1 21 -1 8 -1 18 -1 #SUP: 66
8 -1 14 -1 21 -1 8 -1 18 -1 8 -1 #SUP: 39
8 -1 14 -1 21 -1 8 -1 18 -1 18 -1 #SUP: 30
8 -1 14 -1 21 -1 8 -1 71 -1 #SUP: 34
8 -1 14 -1 21 -1 14 -1 #SUP: 65
8 -1 14 -1 21 -1 14 -1 8 -1 #SUP: 40
8 -1 14 -1 21 -1 14 -1 8 -1 18 -1 #SUP: 31
8 -1 14 -1 21 -1 14 -1 18 -1 #SUP: 38
8 -1 14 -1 21 -1 17 -1 #SUP: 31
8 -1 14 -1 21 -1 18 -1 #SUP: 80
8 -1 14 -1 21 -1 18 -1 8 -1 #SUP: 50
8 -1 14 -1 21 -1 18 -1 8 -1 18 -1 #SUP: 30
8 -1 14 -1 21 -1 18 -1 14 -1 #SUP: 36
8 -1 14 -1 21 -1 18 -1 18 -1 #SUP: 38
8 -1 14 -1 21 -1 21 -1 #SUP: 34
8 -1 14 -1 21 -1 29 -1 #SUP: 32
8 -1 14 -1 21 -1 40 -1 #SUP: 33
8 -1 14 -1 21 -1 71 -1 #SUP: 50
8 -1 14 -1 23 -1 #SUP: 70
8 -1 14 -1 23 -1 18 -1 #SUP: 35
8 -1 14 -1 25 -1 #SUP: 44
8 -1 14 -1 29 -1 #SUP: 139
8 -1 14 -1 29 -1 8 -1 #SUP: 77
8 -1 14 -1 29 -1 8 -1 8 -1 #SUP: 35
8 -1 14 -1 29 -1 8 -1 18 -1 #SUP: 45
8 -1 14 -1 29 -1 14 -1 #SUP: 54
8 -1 14 -1 29 -1 17 -1 #SUP: 55
8 -1 14 -1 29 -1 18 -1 #SUP: 69
8 -1 14 -1 29 -1 18 -1 8 -1 #SUP: 32
8 -1 14 -1 29 -1 18 -1 14 -1 #SUP: 30
8 -1 14 -1 29 -1 18 -1 18 -1 #SUP: 31
8 -1 14 -1 29 -1 21 -1 #SUP: 37
8 -1 14 -1 29 -1 29 -1 #SUP: 33
8 -1 14 -1 29 -1 71 -1 #SUP: 53
8 -1 14 -1 29 -1 96 -1 #SUP: 32
8 -1 14 -1 30 -1 #SUP: 68
8 -1 14 -1 290 -1 #SUP: 87
8 -1 14 -1 290 -1 8 -1 #SUP: 42
8 -1 14 -1 290 -1 18 -1 #SUP: 36
8 -1 14 -1 290 -1 71 -1 #SUP: 32
8 -1 14 -1 292 -1 #SUP: 61
8 -1 14 -1 292 -1 8 -1 #SUP: 43
8 -1 14 -1 292 -1 8 -1 18 -1 #SUP: 31
8 -1 14 -1 292 -1 14 -1 #SUP: 35
8 -1 14 -1 292 -1 18 -1 #SUP: 36
8 -1 14 -1 39 -1 #SUP: 59
8 -1 14 -1 39 -1 18 -1 #SUP: 30
8 -1 14 -1 40 -1 #SUP: 99
8 -1 14 -1 40 -1 8 -1 #SUP: 52
8 -1 14 -1 40 -1 8 -1 18 -1 #SUP: 30
8 -1 14 -1 40 -1 14 -1 #SUP: 36
8 -1 14 -1 40 -1 18 -1 #SUP: 55
8 -1 14 -1 40 -1 18 -1 8 -1 #SUP: 32
8 -1 14 -1 40 -1 21 -1 #SUP: 30
8 -1 14 -1 40 -1 71 -1 #SUP: 32
8 -1 14 -1 40 -1 92 -1 #SUP: 30
8 -1 14 -1 50 -1 #SUP: 31
8 -1 14 -1 307 -1 #SUP: 30
8 -1 14 -1 52 -1 #SUP: 71
8 -1 14 -1 52 -1 18 -1 #SUP: 33
8 -1 14 -1 54 -1 #SUP: 47
8 -1 14 -1 318 -1 #SUP: 62
8 -1 14 -1 63 -1 #SUP: 43
8 -1 14 -1 71 -1 #SUP: 190
8 -1 14 -1 71 -1 8 -1 #SUP: 105
8 -1 14 -1 71 -1 8 -1 8 -1 #SUP: 56
8 -1 14 -1 71 -1 8 -1 8 -1 18 -1 #SUP: 30
8 -1 14 -1 71 -1 8 -1 14 -1 #SUP: 47
8 -1 14 -1 71 -1 8 -1 18 -1 #SUP: 67
8 -1 14 -1 71 -1 8 -1 18 -1 8 -1 #SUP: 39
8 -1 14 -1 71 -1 8 -1 71 -1 #SUP: 39
8 -1 14 -1 71 -1 14 -1 #SUP: 85
8 -1 14 -1 71 -1 14 -1 8 -1 #SUP: 39
8 -1 14 -1 71 -1 14 -1 18 -1 #SUP: 39
8 -1 14 -1 71 -1 14 -1 71 -1 #SUP: 36
8 -1 14 -1 71 -1 17 -1 #SUP: 36
8 -1 14 -1 71 -1 18 -1 #SUP: 86
8 -1 14 -1 71 -1 18 -1 8 -1 #SUP: 45
8 -1 14 -1 71 -1 18 -1 14 -1 #SUP: 34
8 -1 14 -1 71 -1 18 -1 18 -1 #SUP: 38
8 -1 14 -1 71 -1 18 -1 71 -1 #SUP: 36
8 -1 14 -1 71 -1 20 -1 #SUP: 37
8 -1 14 -1 71 -1 21 -1 #SUP: 42
8 -1 14 -1 71 -1 29 -1 #SUP: 35
8 -1 14 -1 71 -1 290 -1 #SUP: 44
8 -1 14 -1 71 -1 71 -1 #SUP: 83
8 -1 14 -1 71 -1 71 -1 8 -1 #SUP: 34
8 -1 14 -1 71 -1 71 -1 14 -1 #SUP: 35
8 -1 14 -1 71 -1 71 -1 18 -1 #SUP: 32
8 -1 14 -1 71 -1 71 -1 71 -1 #SUP: 31
8 -1 14 -1 71 -1 92 -1 #SUP: 37
8 -1 14 -1 74 -1 #SUP: 36
8 -1 14 -1 92 -1 #SUP: 107
8 -1 14 -1 92 -1 8 -1 #SUP: 50
8 -1 14 -1 92 -1 14 -1 #SUP: 32
8 -1 14 -1 92 -1 18 -1 #SUP: 52
8 -1 14 -1 92 -1 71 -1 #SUP: 32
8 -1 14 -1 92 -1 92 -1 #SUP: 31
8 -1 14 -1 96 -1 #SUP: 87
8 -1 14 -1 96 -1 8 -1 #SUP: 50
8 -1 14 -1 96 -1 8 -1 18 -1 #SUP: 30
8 -1 14 -1 96 -1 14 -1 #SUP: 35
8 -1 14 -1 96 -1 17 -1 #SUP: 35
8 -1 14 -1 96 -1 18 -1 #SUP: 47
8 -1 14 -1 103 -1 #SUP: 59
8 -1 14 -1 103 -1 8 -1 #SUP: 31
8 -1 14 -1 632 -1 #SUP: 30
8 -1 14 -1 122 -1 #SUP: 46
8 -1 14 -1 124 -1 #SUP: 59
8 -1 14 -1 124 -1 8 -1 #SUP: 32
8 -1 14 -1 126 -1 #SUP: 30
8 -1 14 -1 206 -1 #SUP: 47
8 -1 14 -1 212 -1 #SUP: 33
8 -1 14 -1 219 -1 #SUP: 56
8 -1 14 -1 224 -1 #SUP: 57
8 -1 14 -1 224 -1 8 -1 #SUP: 32
8 -1 14 -1 225 -1 #SUP: 34
8 -1 14 -1 227 -1 #SUP: 74
8 -1 14 -1 227 -1 8 -1 #SUP: 30
8 -1 14 -1 227 -1 14 -1 #SUP: 36
8 -1 272 -1 #SUP: 33
8 -1 17 -1 #SUP: 420
8 -1 17 -1 3 -1 #SUP: 80
8 -1 17 -1 3 -1 8 -1 #SUP: 45
8 -1 17 -1 3 -1 8 -1 18 -1 #SUP: 31
8 -1 17 -1 3 -1 18 -1 #SUP: 40
8 -1 17 -1 8 -1 #SUP: 228
8 -1 17 -1 8 -1 3 -1 #SUP: 31
8 -1 17 -1 8 -1 8 -1 #SUP: 110
8 -1 17 -1 8 -1 8 -1 8 -1 #SUP: 56
8 -1 17 -1 8 -1 8 -1 8 -1 18 -1 #SUP: 31
8 -1 17 -1 8 -1 8 -1 14 -1 #SUP: 45
8 -1 17 -1 8 -1 8 -1 17 -1 #SUP: 30
8 -1 17 -1 8 -1 8 -1 18 -1 #SUP: 64
8 -1 17 -1 8 -1 14 -1 #SUP: 92
8 -1 17 -1 8 -1 14 -1 8 -1 #SUP: 48
8 -1 17 -1 8 -1 14 -1 8 -1 18 -1 #SUP: 35
8 -1 17 -1 8 -1 14 -1 18 -1 #SUP: 51
8 -1 17 -1 8 -1 17 -1 #SUP: 61
8 -1 17 -1 8 -1 17 -1 8 -1 #SUP: 32
8 -1 17 -1 8 -1 18 -1 #SUP: 140
8 -1 17 -1 8 -1 18 -1 8 -1 #SUP: 69
8 -1 17 -1 8 -1 18 -1 8 -1 8 -1 #SUP: 31
8 -1 17 -1 8 -1 18 -1 8 -1 18 -1 #SUP: 47
8 -1 17 -1 8 -1 18 -1 14 -1 #SUP: 48
8 -1 17 -1 8 -1 18 -1 18 -1 #SUP: 59
8 -1 17 -1 8 -1 18 -1 21 -1 #SUP: 32
8 -1 17 -1 8 -1 18 -1 71 -1 #SUP: 30
8 -1 17 -1 8 -1 20 -1 #SUP: 32
8 -1 17 -1 8 -1 21 -1 #SUP: 54
8 -1 17 -1 8 -1 21 -1 8 -1 #SUP: 33
8 -1 17 -1 8 -1 29 -1 #SUP: 35
8 -1 17 -1 8 -1 40 -1 #SUP: 30
8 -1 17 -1 8 -1 71 -1 #SUP: 52
8 -1 17 -1 8 -1 92 -1 #SUP: 45
8 -1 17 -1 8 -1 96 -1 #SUP: 34
8 -1 17 -1 265 -1 #SUP: 33
8 -1 17 -1 14 -1 #SUP: 171
8 -1 17 -1 14 -1 8 -1 #SUP: 88
8 -1 17 -1 14 -1 8 -1 8 -1 #SUP: 41
8 -1 17 -1 14 -1 8 -1 14 -1 #SUP: 31
8 -1 17 -1 14 -1 8 -1 17 -1 #SUP: 30
8 -1 17 -1 14 -1 8 -1 18 -1 #SUP: 59
8 -1 17 -1 14 -1 14 -1 #SUP: 47
8 -1 17 -1 14 -1 17 -1 #SUP: 52
8 -1 17 -1 14 -1 18 -1 #SUP: 87
8 -1 17 -1 14 -1 18 -1 8 -1 #SUP: 40
8 -1 17 -1 14 -1 18 -1 18 -1 #SUP: 32
8 -1 17 -1 14 -1 21 -1 #SUP: 43
8 -1 17 -1 14 -1 71 -1 #SUP: 53
8 -1 17 -1 17 -1 #SUP: 123
8 -1 17 -1 17 -1 8 -1 #SUP: 56
8 -1 17 -1 17 -1 8 -1 18 -1 #SUP: 35
8 -1 17 -1 17 -1 14 -1 #SUP: 43
8 -1 17 -1 17 -1 18 -1 #SUP: 48
8 -1 17 -1 17 -1 71 -1 #SUP: 30
8 -1 17 -1 18 -1 #SUP: 205
8 -1 17 -1 18 -1 3 -1 #SUP: 31
8 -1 17 -1 18 -1 8 -1 #SUP: 100
8 -1 17 -1 18 -1 8 -1 8 -1 #SUP: 47
8 -1 17 -1 18 -1 8 -1 8 -1 18 -1 #SUP: 31
8 -1 17 -1 18 -1 8 -1 14 -1 #SUP: 42
8 -1 17 -1 18 -1 8 -1 18 -1 #SUP: 65
8 -1 17 -1 18 -1 14 -1 #SUP: 72
8 -1 17 -1 18 -1 14 -1 8 -1 #SUP: 40
8 -1 17 -1 18 -1 14 -1 8 -1 18 -1 #SUP: 32
8 -1 17 -1 18 -1 14 -1 18 -1 #SUP: 44
8 -1 17 -1 18 -1 17 -1 #SUP: 48
8 -1 17 -1 18 -1 18 -1 #SUP: 92
8 -1 17 -1 18 -1 18 -1 8 -1 #SUP: 41
8 -1 17 -1 18 -1 18 -1 14 -1 #SUP: 30
8 -1 17 -1 18 -1 18 -1 18 -1 #SUP: 36
8 -1 17 -1 18 -1 21 -1 #SUP: 44
8 -1 17 -1 18 -1 29 -1 #SUP: 36
8 -1 17 -1 18 -1 40 -1 #SUP: 32
8 -1 17 -1 18 -1 71 -1 #SUP: 50
8 -1 17 -1 18 -1 96 -1 #SUP: 31
8 -1 17 -1 19 -1 #SUP: 36
8 -1 17 -1 20 -1 #SUP: 64
8 -1 17 -1 20 -1 8 -1 #SUP: 31
8 -1 17 -1 21 -1 #SUP: 106
8 -1 17 -1 21 -1 8 -1 #SUP: 72
8 -1 17 -1 21 -1 8 -1 8 -1 #SUP: 41
8 -1 17 -1 21 -1 8 -1 18 -1 #SUP: 46
8 -1 17 -1 21 -1 14 -1 #SUP: 39
8 -1 17 -1 21 -1 18 -1 #SUP: 58
8 -1 17 -1 21 -1 18 -1 8 -1 #SUP: 31
8 -1 17 -1 21 -1 21 -1 #SUP: 31
8 -1 17 -1 23 -1 #SUP: 30
8 -1 17 -1 29 -1 #SUP: 101
8 -1 17 -1 29 -1 8 -1 #SUP: 44
8 -1 17 -1 29 -1 14 -1 #SUP: 31
8 -1 17 -1 29 -1 17 -1 #SUP: 31
8 -1 17 -1 29 -1 18 -1 #SUP: 47
8 -1 17 -1 29 -1 71 -1 #SUP: 31
8 -1 17 -1 30 -1 #SUP: 59
8 -1 17 -1 30 -1 8 -1 #SUP: 31
8 -1 17 -1 290 -1 #SUP: 53
8 -1 17 -1 292 -1 #SUP: 30
8 -1 17 -1 39 -1 #SUP: 67
8 -1 17 -1 39 -1 8 -1 #SUP: 37
8 -1 17 -1 39 -1 18 -1 #SUP: 40
8 -1 17 -1 40 -1 #SUP: 89
8 -1 17 -1 40 -1 8 -1 #SUP: 42
8 -1 17 -1 40 -1 8 -1 18 -1 #SUP: 30
8 -1 17 -1 40 -1 14 -1 #SUP: 35
8 -1 17 -1 40 -1 18 -1 #SUP: 50
8 -1 17 -1 52 -1 #SUP: 83
8 -1 17 -1 52 -1 8 -1 #SUP: 36
8 -1 17 -1 52 -1 18 -1 #SUP: 39
8 -1 17 -1 52 -1 39 -1 #SUP: 34
8 -1 17 -1 52 -1 71 -1 #SUP: 33
8 -1 17 -1 318 -1 #SUP: 30
8 -1 17 -1 71 -1 #SUP: 145
8 -1 17 -1 71 -1 8 -1 #SUP: 86
8 -1 17 -1 71 -1 8 -1 8 -1 #SUP: 39
8 -1 17 -1 71 -1 8 -1 18 -1 #SUP: 51
8 -1 17 -1 71 -1 8 -1 71 -1 #SUP: 31
8 -1 17 -1 71 -1 14 -1 #SUP: 56
8 -1 17 -1 71 -1 14 -1 8 -1 #SUP: 31
8 -1 17 -1 71 -1 17 -1 #SUP: 41
8 -1 17 -1 71 -1 18 -1 #SUP: 73
8 -1 17 -1 71 -1 18 -1 8 -1 #SUP: 33
8 -1 17 -1 71 -1 29 -1 #SUP: 31
8 -1 17 -1 71 -1 290 -1 #SUP: 32
8 -1 17 -1 71 -1 71 -1 #SUP: 67
8 -1 17 -1 71 -1 71 -1 8 -1 #SUP: 35
8 -1 17 -1 71 -1 71 -1 18 -1 #SUP: 30
8 -1 17 -1 71 -1 92 -1 #SUP: 38
8 -1 17 -1 90 -1 #SUP: 42
8 -1 17 -1 92 -1 #SUP: 92
8 -1 17 -1 92 -1 8 -1 #SUP: 43
8 -1 17 -1 92 -1 14 -1 #SUP: 30
8 -1 17 -1 92 -1 18 -1 #SUP: 49
8 -1 17 -1 96 -1 #SUP: 69
8 -1 17 -1 96 -1 8 -1 #SUP: 39
8 -1 17 -1 96 -1 17 -1 #SUP: 32
8 -1 17 -1 96 -1 18 -1 #SUP: 36
8 -1 17 -1 103 -1 #SUP: 49
8 -1 17 -1 122 -1 #SUP: 37
8 -1 17 -1 124 -1 #SUP: 30
8 -1 17 -1 206 -1 #SUP: 34
8 -1 17 -1 212 -1 #SUP: 37
8 -1 17 -1 224 -1 #SUP: 39
8 -1 17 -1 227 -1 #SUP: 33
8 -1 18 -1 #SUP: 779
8 -1 18 -1 3 -1 #SUP: 146
8 -1 18 -1 3 -1 8 -1 #SUP: 85
8 -1 18 -1 3 -1 8 -1 8 -1 #SUP: 46
8 -1 18 -1 3 -1 8 -1 14 -1 #SUP: 35
8 -1 18 -1 3 -1 8 -1 18 -1 #SUP: 61
8 -1 18 -1 3 -1 8 -1 18 -1 8 -1 #SUP: 36
8 -1 18 -1 3 -1 14 -1 #SUP: 56
8 -1 18 -1 3 -1 14 -1 8 -1 #SUP: 31
8 -1 18 -1 3 -1 17 -1 #SUP: 30
8 -1 18 -1 3 -1 18 -1 #SUP: 79
8 -1 18 -1 3 -1 18 -1 8 -1 #SUP: 40
8 -1 18 -1 3 -1 18 -1 18 -1 #SUP: 37
8 -1 18 -1 3 -1 29 -1 #SUP: 35
8 -1 18 -1 3 -1 71 -1 #SUP: 47
8 -1 18 -1 3 -1 92 -1 #SUP: 32
8 -1 18 -1 262 -1 #SUP: 35
8 -1 18 -1 8 -1 #SUP: 499
8 -1 18 -1 8 -1 3 -1 #SUP: 85
8 -1 18 -1 8 -1 3 -1 8 -1 #SUP: 50
8 -1 18 -1 8 -1 3 -1 8 -1 18 -1 #SUP: 36
8 -1 18 -1 8 -1 3 -1 18 -1 #SUP: 47
8 -1 18 -1 8 -1 8 -1 #SUP: 287
8 -1 18 -1 8 -1 8 -1 3 -1 #SUP: 33
8 -1 18 -1 8 -1 8 -1 8 -1 #SUP: 154
8 -1 18 -1 8 -1 8 -1 8 -1 8 -1 #SUP: 76
8 -1 18 -1 8 -1 8 -1 8 -1 8 -1 8 -1 #SUP: 34
8 -1 18 -1 8 -1 8 -1 8 -1 8 -1 18 -1 #SUP: 43
8 -1 18 -1 8 -1 8 -1 8 -1 14 -1 #SUP: 57
8 -1 18 -1 8 -1 8 -1 8 -1 14 -1 8 -1 #SUP: 36
8 -1 18 -1 8 -1 8 -1 8 -1 14 -1 18 -1 #SUP: 36
8 -1 18 -1 8 -1 8 -1 8 -1 17 -1 #SUP: 33
8 -1 18 -1 8 -1 8 -1 8 -1 18 -1 #SUP: 91
8 -1 18 -1 8 -1 8 -1 8 -1 18 -1 8 -1 #SUP: 45
8 -1 18 -1 8 -1 8 -1 8 -1 18 -1 14 -1 #SUP: 34
8 -1 18 -1 8 -1 8 -1 8 -1 18 -1 18 -1 #SUP: 43
8 -1 18 -1 8 -1 8 -1 8 -1 21 -1 #SUP: 33
8 -1 18 -1 8 -1 8 -1 8 -1 71 -1 #SUP: 44
8 -1 18 -1 8 -1 8 -1 14 -1 #SUP: 121
8 -1 18 -1 8 -1 8 -1 14 -1 8 -1 #SUP: 73
8 -1 18 -1 8 -1 8 -1 14 -1 8 -1 18 -1 #SUP: 48
8 -1 18 -1 8 -1 8 -1 14 -1 14 -1 #SUP: 38
8 -1 18 -1 8 -1 8 -1 14 -1 18 -1 #SUP: 71
8 -1 18 -1 8 -1 8 -1 14 -1 18 -1 8 -1 #SUP: 37
8 -1 18 -1 8 -1 8 -1 14 -1 18 -1 18 -1 #SUP: 32
8 -1 18 -1 8 -1 8 -1 14 -1 21 -1 #SUP: 32
8 -1 18 -1 8 -1 8 -1 14 -1 71 -1 #SUP: 37
8 -1 18 -1 8 -1 8 -1 17 -1 #SUP: 61
8 -1 18 -1 8 -1 8 -1 17 -1 8 -1 #SUP: 34
8 -1 18 -1 8 -1 8 -1 18 -1 #SUP: 193
8 -1 18 -1 8 -1 8 -1 18 -1 8 -1 #SUP: 115
8 -1 18 -1 8 -1 8 -1 18 -1 8 -1 8 -1 #SUP: 52
8 -1 18 -1 8 -1 8 -1 18 -1 8 -1 8 -1 18 -1 #SUP: 30
8 -1 18 -1 8 -1 8 -1 18 -1 8 -1 14 -1 #SUP: 42
8 -1 18 -1 8 -1 8 -1 18 -1 8 -1 18 -1 #SUP: 63
8 -1 18 -1 8 -1 8 -1 18 -1 8 -1 18 -1 8 -1 #SUP: 30
8 -1 18 -1 8 -1 8 -1 18 -1 8 -1 18 -1 18 -1 #SUP: 30
8 -1 18 -1 8 -1 8 -1 18 -1 8 -1 71 -1 #SUP: 35
8 -1 18 -1 8 -1 8 -1 18 -1 14 -1 #SUP: 76
8 -1 18 -1 8 -1 8 -1 18 -1 14 -1 8 -1 #SUP: 42
8 -1 18 -1 8 -1 8 -1 18 -1 14 -1 18 -1 #SUP: 43
8 -1 18 -1 8 -1 8 -1 18 -1 17 -1 #SUP: 40
8 -1 18 -1 8 -1 8 -1 18 -1 18 -1 #SUP: 86
8 -1 18 -1 8 -1 8 -1 18 -1 18 -1 8 -1 #SUP: 44
8 -1 18 -1 8 -1 8 -1 18 -1 18 -1 14 -1 #SUP: 33
8 -1 18 -1 8 -1 8 -1 18 -1 18 -1 18 -1 #SUP: 39
8 -1 18 -1 8 -1 8 -1 18 -1 21 -1 #SUP: 46
8 -1 18 -1 8 -1 8 -1 18 -1 29 -1 #SUP: 39
8 -1 18 -1 8 -1 8 -1 18 -1 40 -1 #SUP: 35
8 -1 18 -1 8 -1 8 -1 18 -1 71 -1 #SUP: 58
8 -1 18 -1 8 -1 8 -1 18 -1 96 -1 #SUP: 30
8 -1 18 -1 8 -1 8 -1 20 -1 #SUP: 36
8 -1 18 -1 8 -1 8 -1 21 -1 #SUP: 66
8 -1 18 -1 8 -1 8 -1 21 -1 8 -1 #SUP: 44
8 -1 18 -1 8 -1 8 -1 21 -1 8 -1 8 -1 #SUP: 31
8 -1 18 -1 8 -1 8 -1 21 -1 8 -1 18 -1 #SUP: 30
8 -1 18 -1 8 -1 8 -1 21 -1 18 -1 #SUP: 40
8 -1 18 -1 8 -1 8 -1 29 -1 #SUP: 55
8 -1 18 -1 8 -1 8 -1 29 -1 8 -1 #SUP: 30
8 -1 18 -1 8 -1 8 -1 290 -1 #SUP: 33
8 -1 18 -1 8 -1 8 -1 40 -1 #SUP: 45
8 -1 18 -1 8 -1 8 -1 71 -1 #SUP: 90
8 -1 18 -1 8 -1 8 -1 71 -1 8 -1 #SUP: 51
8 -1 18 -1 8 -1 8 -1 71 -1 8 -1 18 -1 #SUP: 31
8 -1 18 -1 8 -1 8 -1 71 -1 14 -1 #SUP: 36
8 -1 18 -1 8 -1 8 -1 71 -1 18 -1 #SUP: 40
8 -1 18 -1 8 -1 8 -1 92 -1 #SUP: 47
8 -1 18 -1 8 -1 8 -1 92 -1 8 -1 #SUP: 31
8 -1 18 -1 8 -1 8 -1 96 -1 #SUP: 44
8 -1 18 -1 8 -1 8 -1 124 -1 #SUP: 32
8 -1 18 -1 8 -1 8 -1 206 -1 #SUP: 32
8 -1 18 -1 8 -1 8 -1 227 -1 #SUP: 30
8 -1 18 -1 8 -1 265 -1 #SUP: 34
8 -1 18 -1 8 -1 14 -1 #SUP: 227
8 -1 18 -1 8 -1 14 -1 3 -1 #SUP: 35
8 -1 18 -1 8 -1 14 -1 8 -1 #SUP: 141
8 -1 18 -1 8 -1 14 -1 8 -1 8 -1 #SUP: 64
8 -1 18 -1 8 -1 14 -1 8 -1 8 -1 8 -1 #SUP: 30
8 -1 18 -1 8 -1 14 -1 8 -1 8 -1 18 -1 #SUP: 39
8 -1 18 -1 8 -1 14 -1 8 -1 14 -1 #SUP: 49
8 -1 18 -1 8 -1 14 -1 8 -1 14 -1 18 -1 #SUP: 36
8 -1 18 -1 8 -1 14 -1 8 -1 17 -1 #SUP: 33
8 -1 18 -1 8 -1 14 -1 8 -1 18 -1 #SUP: 96
8 -1 18 -1 8 -1 14 -1 8 -1 18 -1 8 -1 #SUP: 47
8 -1 18 -1 8 -1 14 -1 8 -1 18 -1 14 -1 #SUP: 33
8 -1 18 -1 8 -1 14 -1 8 -1 18 -1 18 -1 #SUP: 40
8 -1 18 -1 8 -1 14 -1 8 -1 71 -1 #SUP: 39
8 -1 18 -1 8 -1 14 -1 14 -1 #SUP: 81
8 -1 18 -1 8 -1 14 -1 14 -1 8 -1 #SUP: 44
8 -1 18 -1 8 -1 14 -1 14 -1 8 -1 18 -1 #SUP: 37
8 -1 18 -1 8 -1 14 -1 14 -1 14 -1 #SUP: 36
8 -1 18 -1 8 -1 14 -1 14 -1 18 -1 #SUP: 53
8 -1 18 -1 8 -1 14 -1 17 -1 #SUP: 55
8 -1 18 -1 8 -1 14 -1 18 -1 #SUP: 140
8 -1 18 -1 8 -1 14 -1 18 -1 8 -1 #SUP: 75
8 -1 18 -1 8 -1 14 -1 18 -1 8 -1 18 -1 #SUP: 46
8 -1 18 -1 8 -1 14 -1 18 -1 14 -1 #SUP: 46
8 -1 18 -1 8 -1 14 -1 18 -1 14 -1 18 -1 #SUP: 30
8 -1 18 -1 8 -1 14 -1 18 -1 18 -1 #SUP: 64
8 -1 18 -1 8 -1 14 -1 18 -1 71 -1 #SUP: 34
8 -1 18 -1 8 -1 14 -1 20 -1 #SUP: 36
8 -1 18 -1 8 -1 14 -1 21 -1 #SUP: 61
8 -1 18 -1 8 -1 14 -1 21 -1 8 -1 #SUP: 38
8 -1 18 -1 8 -1 14 -1 21 -1 8 -1 18 -1 #SUP: 30
8 -1 18 -1 8 -1 14 -1 21 -1 18 -1 #SUP: 37
8 -1 18 -1 8 -1 14 -1 29 -1 #SUP: 53
8 -1 18 -1 8 -1 14 -1 29 -1 8 -1 #SUP: 30
8 -1 18 -1 8 -1 14 -1 29 -1 18 -1 #SUP: 31
8 -1 18 -1 8 -1 14 -1 30 -1 #SUP: 32
8 -1 18 -1 8 -1 14 -1 290 -1 #SUP: 34
8 -1 18 -1 8 -1 14 -1 40 -1 #SUP: 38
8 -1 18 -1 8 -1 14 -1 71 -1 #SUP: 81
8 -1 18 -1 8 -1 14 -1 71 -1 8 -1 #SUP: 41
8 -1 18 -1 8 -1 14 -1 71 -1 14 -1 #SUP: 31
8 -1 18 -1 8 -1 14 -1 71 -1 18 -1 #SUP: 37
8 -1 18 -1 8 -1 14 -1 92 -1 #SUP: 38
8 -1 18 -1 8 -1 14 -1 96 -1 #SUP: 40
8 -1 18 -1 8 -1 14 -1 206 -1 #SUP: 30
8 -1 18 -1 8 -1 17 -1 #SUP: 134
8 -1 18 -1 8 -1 17 -1 8 -1 #SUP: 79
8 -1 18 -1 8 -1 17 -1 8 -1 8 -1 #SUP: 34
8 -1 18 -1 8 -1 17 -1 8 -1 18 -1 #SUP: 50
8 -1 18 -1 8 -1 17 -1 14 -1 #SUP: 55
8 -1 18 -1 8 -1 17 -1 14 -1 8 -1 #SUP: 31
8 -1 18 -1 8 -1 17 -1 14 -1 18 -1 #SUP: 34
8 -1 18 -1 8 -1 17 -1 18 -1 #SUP: 68
8 -1 18 -1 8 -1 17 -1 18 -1 8 -1 #SUP: 36
8 -1 18 -1 8 -1 17 -1 21 -1 #SUP: 34
8 -1 18 -1 8 -1 17 -1 29 -1 #SUP: 32
8 -1 18 -1 8 -1 17 -1 71 -1 #SUP: 39
8 -1 18 -1 8 -1 18 -1 #SUP: 336
8 -1 18 -1 8 -1 18 -1 3 -1 #SUP: 47
8 -1 18 -1 8 -1 18 -1 8 -1 #SUP: 195
8 -1 18 -1 8 -1 18 -1 8 -1 8 -1 #SUP: 95
8 -1 18 -1 8 -1 18 -1 8 -1 8 -1 8 -1 #SUP: 49
8 -1 18 -1 8 -1 18 -1 8 -1 8 -1 8 -1 18 -1 #SUP: 36
8 -1 18 -1 8 -1 18 -1 8 -1 8 -1 14 -1 #SUP: 41
8 -1 18 -1 8 -1 18 -1 8 -1 8 -1 18 -1 #SUP: 63
8 -1 18 -1 8 -1 18 -1 8 -1 8 -1 18 -1 8 -1 #SUP: 34
8 -1 18 -1 8 -1 18 -1 8 -1 8 -1 18 -1 18 -1 #SUP: 33
8 -1 18 -1 8 -1 18 -1 8 -1 14 -1 #SUP: 78
8 -1 18 -1 8 -1 18 -1 8 -1 14 -1 8 -1 #SUP: 48
8 -1 18 -1 8 -1 18 -1 8 -1 14 -1 8 -1 18 -1 #SUP: 33
8 -1 18 -1 8 -1 18 -1 8 -1 14 -1 18 -1 #SUP: 45
8 -1 18 -1 8 -1 18 -1 8 -1 17 -1 #SUP: 35
8 -1 18 -1 8 -1 18 -1 8 -1 18 -1 #SUP: 120
8 -1 18 -1 8 -1 18 -1 8 -1 18 -1 8 -1 #SUP: 68
8 -1 18 -1 8 -1 18 -1 8 -1 18 -1 8 -1 8 -1 #SUP: 33
8 -1 18 -1 8 -1 18 -1 8 -1 18 -1 8 -1 18 -1 #SUP: 47
8 -1 18 -1 8 -1 18 -1 8 -1 18 -1 14 -1 #SUP: 54
8 -1 18 -1 8 -1 18 -1 8 -1 18 -1 14 -1 8 -1 #SUP: 31
8 -1 18 -1 8 -1 18 -1 8 -1 18 -1 14 -1 18 -1 #SUP: 30
8 -1 18 -1 8 -1 18 -1 8 -1 18 -1 18 -1 #SUP: 57
8 -1 18 -1 8 -1 18 -1 8 -1 18 -1 18 -1 8 -1 #SUP: 31
8 -1 18 -1 8 -1 18 -1 8 -1 18 -1 18 -1 18 -1 #SUP: 30
8 -1 18 -1 8 -1 18 -1 8 -1 18 -1 71 -1 #SUP: 40
8 -1 18 -1 8 -1 18 -1 8 -1 21 -1 #SUP: 43
8 -1 18 -1 8 -1 18 -1 8 -1 21 -1 8 -1 #SUP: 31
8 -1 18 -1 8 -1 18 -1 8 -1 29 -1 #SUP: 36
8 -1 18 -1 8 -1 18 -1 8 -1 71 -1 #SUP: 63
8 -1 18 -1 8 -1 18 -1 8 -1 71 -1 8 -1 #SUP: 33
8 -1 18 -1 8 -1 18 -1 8 -1 71 -1 18 -1 #SUP: 30
8 -1 18 -1 8 -1 18 -1 8 -1 92 -1 #SUP: 35
8 -1 18 -1 8 -1 18 -1 14 -1 #SUP: 126
8 -1 18 -1 8 -1 18 -1 14 -1 8 -1 #SUP: 73
8 -1 18 -1 8 -1 18 -1 14 -1 8 -1 8 -1 #SUP: 32
8 -1 18 -1 8 -1 18 -1 14 -1 8 -1 18 -1 #SUP: 53
8 -1 18 -1 8 -1 18 -1 14 -1 14 -1 #SUP: 44
8 -1 18 -1 8 -1 18 -1 14 -1 18 -1 #SUP: 81
8 -1 18 -1 8 -1 18 -1 14 -1 18 -1 8 -1 #SUP: 41
8 -1 18 -1 8 -1 18 -1 14 -1 18 -1 18 -1 #SUP: 35
8 -1 18 -1 8 -1 18 -1 14 -1 21 -1 #SUP: 32
8 -1 18 -1 8 -1 18 -1 14 -1 29 -1 #SUP: 30
8 -1 18 -1 8 -1 18 -1 14 -1 71 -1 #SUP: 40
8 -1 18 -1 8 -1 18 -1 17 -1 #SUP: 77
8 -1 18 -1 8 -1 18 -1 17 -1 8 -1 #SUP: 45
8 -1 18 -1 8 -1 18 -1 17 -1 18 -1 #SUP: 37
8 -1 18 -1 8 -1 18 -1 18 -1 #SUP: 163
8 -1 18 -1 8 -1 18 -1 18 -1 8 -1 #SUP: 85
8 -1 18 -1 8 -1 18 -1 18 -1 8 -1 8 -1 #SUP: 43
8 -1 18 -1 8 -1 18 -1 18 -1 8 -1 8 -1 18 -1 #SUP: 32
8 -1 18 -1 8 -1 18 -1 18 -1 8 -1 14 -1 #SUP: 35
8 -1 18 -1 8 -1 18 -1 18 -1 8 -1 18 -1 #SUP: 59
8 -1 18 -1 8 -1 18 -1 18 -1 14 -1 #SUP: 68
8 -1 18 -1 8 -1 18 -1 18 -1 14 -1 8 -1 #SUP: 38
8 -1 18 -1 8 -1 18 -1 18 -1 14 -1 18 -1 #SUP: 37
8 -1 18 -1 8 -1 18 -1 18 -1 18 -1 #SUP: 75
8 -1 18 -1 8 -1 18 -1 18 -1 18 -1 8 -1 #SUP: 37
8 -1 18 -1 8 -1 18 -1 18 -1 18 -1 14 -1 #SUP: 31
8 -1 18 -1 8 -1 18 -1 18 -1 18 -1 18 -1 #SUP: 39
8 -1 18 -1 8 -1 18 -1 18 -1 21 -1 #SUP: 36
8 -1 18 -1 8 -1 18 -1 18 -1 29 -1 #SUP: 36
8 -1 18 -1 8 -1 18 -1 18 -1 71 -1 #SUP: 52
8 -1 18 -1 8 -1 18 -1 20 -1 #SUP: 54
8 -1 18 -1 8 -1 18 -1 21 -1 #SUP: 78
8 -1 18 -1 8 -1 18 -1 21 -1 8 -1 #SUP: 50
8 -1 18 -1 8 -1 18 -1 21 -1 8 -1 8 -1 #SUP: 34
8 -1 18 -1 8 -1 18 -1 21 -1 8 -1 18 -1 #SUP: 39
8 -1 18 -1 8 -1 18 -1 21 -1 14 -1 #SUP: 32
8 -1 18 -1 8 -1 18 -1 21 -1 18 -1 #SUP: 50
8 -1 18 -1 8 -1 18 -1 23 -1 #SUP: 33
8 -1 18 -1 8 -1 18 -1 29 -1 #SUP: 74
8 -1 18 -1 8 -1 18 -1 29 -1 8 -1 #SUP: 43
8 -1 18 -1 8 -1 18 -1 29 -1 18 -1 #SUP: 37
8 -1 18 -1 8 -1 18 -1 29 -1 71 -1 #SUP: 30
8 -1 18 -1 8 -1 18 -1 30 -1 #SUP: 41
8 -1 18 -1 8 -1 18 -1 290 -1 #SUP: 42
8 -1 18 -1 8 -1 18 -1 39 -1 #SUP: 34
8 -1 18 -1 8 -1 18 -1 40 -1 #SUP: 61
8 -1 18 -1 8 -1 18 -1 40 -1 8 -1 #SUP: 32
8 -1 18 -1 8 -1 18 -1 40 -1 18 -1 #SUP: 37
8 -1 18 -1 8 -1 18 -1 52 -1 #SUP: 31
8 -1 18 -1 8 -1 18 -1 318 -1 #SUP: 37
8 -1 18 -1 8 -1 18 -1 71 -1 #SUP: 105
8 -1 18 -1 8 -1 18 -1 71 -1 8 -1 #SUP: 57
8 -1 18 -1 8 -1 18 -1 71 -1 8 -1 18 -1 #SUP: 40
8 -1 18 -1 8 -1 18 -1 71 -1 14 -1 #SUP: 41
8 -1 18 -1 8 -1 18 -1 71 -1 18 -1 #SUP: 53
8 -1 18 -1 8 -1 18 -1 71 -1 18 -1 8 -1 #SUP: 31
8 -1 18 -1 8 -1 18 -1 71 -1 71 -1 #SUP: 42
8 -1 18 -1 8 -1 18 -1 92 -1 #SUP: 62
8 -1 18 -1 8 -1 18 -1 92 -1 8 -1 #SUP: 33
8 -1 18 -1 8 -1 18 -1 92 -1 18 -1 #SUP: 34
8 -1 18 -1 8 -1 18 -1 96 -1 #SUP: 56
8 -1 18 -1 8 -1 18 -1 96 -1 8 -1 #SUP: 38
8 -1 18 -1 8 -1 18 -1 96 -1 18 -1 #SUP: 36
8 -1 18 -1 8 -1 18 -1 122 -1 #SUP: 39
8 -1 18 -1 8 -1 18 -1 124 -1 #SUP: 32
8 -1 18 -1 8 -1 18 -1 206 -1 #SUP: 44
8 -1 18 -1 8 -1 18 -1 219 -1 #SUP: 33
8 -1 18 -1 8 -1 18 -1 224 -1 #SUP: 31
8 -1 18 -1 8 -1 18 -1 227 -1 #SUP: 48
8 -1 18 -1 8 -1 19 -1 #SUP: 33
8 -1 18 -1 8 -1 20 -1 #SUP: 78
8 -1 18 -1 8 -1 20 -1 8 -1 #SUP: 43
8 -1 18 -1 8 -1 20 -1 18 -1 #SUP: 40
8 -1 18 -1 8 -1 21 -1 #SUP: 136
8 -1 18 -1 8 -1 21 -1 8 -1 #SUP: 90
8 -1 18 -1 8 -1 21 -1 8 -1 8 -1 #SUP: 53
8 -1 18 -1 8 -1 21 -1 8 -1 8 -1 18 -1 #SUP: 32
8 -1 18 -1 8 -1 21 -1 8 -1 14 -1 #SUP: 33
8 -1 18 -1 8 -1 21 -1 8 -1 18 -1 #SUP: 63
8 -1 18 -1 8 -1 21 -1 8 -1 18 -1 8 -1 #SUP: 38
8 -1 18 -1 8 -1 21 -1 8 -1 18 -1 18 -1 #SUP: 30
8 -1 18 -1 8 -1 21 -1 14 -1 #SUP: 57
8 -1 18 -1 8 -1 21 -1 14 -1 8 -1 #SUP: 35
8 -1 18 -1 8 -1 21 -1 14 -1 8 -1 18 -1 #SUP: 30
8 -1 18 -1 8 -1 21 -1 14 -1 18 -1 #SUP: 38
8 -1 18 -1 8 -1 21 -1 18 -1 #SUP: 79
8 -1 18 -1 8 -1 21 -1 18 -1 8 -1 #SUP: 45
8 -1 18 -1 8 -1 21 -1 18 -1 18 -1 #SUP: 35
8 -1 18 -1 8 -1 21 -1 21 -1 #SUP: 34
8 -1 18 -1 8 -1 21 -1 71 -1 #SUP: 38
8 -1 18 -1 8 -1 23 -1 #SUP: 50
8 -1 18 -1 8 -1 25 -1 #SUP: 31
8 -1 18 -1 8 -1 29 -1 #SUP: 125
8 -1 18 -1 8 -1 29 -1 8 -1 #SUP: 74
8 -1 18 -1 8 -1 29 -1 8 -1 8 -1 #SUP: 36
8 -1 18 -1 8 -1 29 -1 8 -1 18 -1 #SUP: 42
8 -1 18 -1 8 -1 29 -1 14 -1 #SUP: 46
8 -1 18 -1 8 -1 29 -1 17 -1 #SUP: 44
8 -1 18 -1 8 -1 29 -1 18 -1 #SUP: 64
8 -1 18 -1 8 -1 29 -1 18 -1 8 -1 #SUP: 36
8 -1 18 -1 8 -1 29 -1 18 -1 18 -1 #SUP: 33
8 -1 18 -1 8 -1 29 -1 21 -1 #SUP: 41
8 -1 18 -1 8 -1 29 -1 29 -1 #SUP: 30
8 -1 18 -1 8 -1 29 -1 71 -1 #SUP: 48
8 -1 18 -1 8 -1 29 -1 96 -1 #SUP: 31
8 -1 18 -1 8 -1 30 -1 #SUP: 67
8 -1 18 -1 8 -1 30 -1 8 -1 #SUP: 34
8 -1 18 -1 8 -1 290 -1 #SUP: 77
8 -1 18 -1 8 -1 290 -1 8 -1 #SUP: 41
8 -1 18 -1 8 -1 290 -1 18 -1 #SUP: 36
8 -1 18 -1 8 -1 292 -1 #SUP: 41
8 -1 18 -1 8 -1 39 -1 #SUP: 72
8 -1 18 -1 8 -1 39 -1 8 -1 #SUP: 48
8 -1 18 -1 8 -1 39 -1 8 -1 18 -1 #SUP: 35
8 -1 18 -1 8 -1 39 -1 18 -1 #SUP: 43
8 -1 18 -1 8 -1 40 -1 #SUP: 86
8 -1 18 -1 8 -1 40 -1 8 -1 #SUP: 48
8 -1 18 -1 8 -1 40 -1 8 -1 18 -1 #SUP: 31
8 -1 18 -1 8 -1 40 -1 14 -1 #SUP: 32
8 -1 18 -1 8 -1 40 -1 18 -1 #SUP: 55
8 -1 18 -1 8 -1 40 -1 18 -1 8 -1 #SUP: 35
8 -1 18 -1 8 -1 307 -1 #SUP: 32
8 -1 18 -1 8 -1 52 -1 #SUP: 61
8 -1 18 -1 8 -1 52 -1 18 -1 #SUP: 34
8 -1 18 -1 8 -1 54 -1 #SUP: 45
8 -1 18 -1 8 -1 318 -1 #SUP: 50
8 -1 18 -1 8 -1 63 -1 #SUP: 36
8 -1 18 -1 8 -1 71 -1 #SUP: 175
8 -1 18 -1 8 -1 71 -1 3 -1 #SUP: 30
8 -1 18 -1 8 -1 71 -1 8 -1 #SUP: 105
8 -1 18 -1 8 -1 71 -1 8 -1 8 -1 #SUP: 53
8 -1 18 -1 8 -1 71 -1 8 -1 8 -1 18 -1 #SUP: 33
8 -1 18 -1 8 -1 71 -1 8 -1 14 -1 #SUP: 38
8 -1 18 -1 8 -1 71 -1 8 -1 18 -1 #SUP: 65
8 -1 18 -1 8 -1 71 -1 8 -1 18 -1 8 -1 #SUP: 39
8 -1 18 -1 8 -1 71 -1 8 -1 18 -1 18 -1 #SUP: 31
8 -1 18 -1 8 -1 71 -1 8 -1 71 -1 #SUP: 34
8 -1 18 -1 8 -1 71 -1 14 -1 #SUP: 71
8 -1 18 -1 8 -1 71 -1 14 -1 8 -1 #SUP: 40
8 -1 18 -1 8 -1 71 -1 14 -1 8 -1 18 -1 #SUP: 30
8 -1 18 -1 8 -1 71 -1 14 -1 18 -1 #SUP: 39
8 -1 18 -1 8 -1 71 -1 14 -1 71 -1 #SUP: 30
8 -1 18 -1 8 -1 71 -1 17 -1 #SUP: 33
8 -1 18 -1 8 -1 71 -1 18 -1 #SUP: 84
8 -1 18 -1 8 -1 71 -1 18 -1 8 -1 #SUP: 49
8 -1 18 -1 8 -1 71 -1 18 -1 8 -1 18 -1 #SUP: 33
8 -1 18 -1 8 -1 71 -1 18 -1 14 -1 #SUP: 30
8 -1 18 -1 8 -1 71 -1 18 -1 18 -1 #SUP: 41
8 -1 18 -1 8 -1 71 -1 18 -1 71 -1 #SUP: 31
8 -1 18 -1 8 -1 71 -1 21 -1 #SUP: 41
8 -1 18 -1 8 -1 71 -1 29 -1 #SUP: 46
8 -1 18 -1 8 -1 71 -1 290 -1 #SUP: 36
8 -1 18 -1 8 -1 71 -1 71 -1 #SUP: 69
8 -1 18 -1 8 -1 71 -1 71 -1 8 -1 #SUP: 33
8 -1 18 -1 8 -1 71 -1 92 -1 #SUP: 41
8 -1 18 -1 8 -1 92 -1 #SUP: 99
8 -1 18 -1 8 -1 92 -1 8 -1 #SUP: 53
8 -1 18 -1 8 -1 92 -1 14 -1 #SUP: 36
8 -1 18 -1 8 -1 92 -1 18 -1 #SUP: 55
8 -1 18 -1 8 -1 92 -1 18 -1 8 -1 #SUP: 33
8 -1 18 -1 8 -1 92 -1 71 -1 #SUP: 33
8 -1 18 -1 8 -1 92 -1 92 -1 #SUP: 32
8 -1 18 -1 8 -1 96 -1 #SUP: 94
8 -1 18 -1 8 -1 96 -1 8 -1 #SUP: 59
8 -1 18 -1 8 -1 96 -1 8 -1 18 -1 #SUP: 33
8 -1 18 -1 8 -1 96 -1 14 -1 #SUP: 36
8 -1 18 -1 8 -1 96 -1 17 -1 #SUP: 36
8 -1 18 -1 8 -1 96 -1 18 -1 #SUP: 52
8 -1 18 -1 8 -1 103 -1 #SUP: 40
8 -1 18 -1 8 -1 122 -1 #SUP: 49
8 -1 18 -1 8 -1 124 -1 #SUP: 58
8 -1 18 -1 8 -1 124 -1 8 -1 #SUP: 36
8 -1 18 -1 8 -1 126 -1 #SUP: 46
8 -1 18 -1 8 -1 206 -1 #SUP: 51
8 -1 18 -1 8 -1 212 -1 #SUP: 34
8 -1 18 -1 8 -1 219 -1 #SUP: 51
8 -1 18 -1 8 -1 224 -1 #SUP: 50
8 -1 18 -1 8 -1 227 -1 #SUP: 58
8 -1 18 -1 265 -1 #SUP: 65
8 -1 18 -1 265 -1 71 -1 #SUP: 31
8 -1 18 -1 266 -1 #SUP: 38
8 -1 18 -1 11 -1 #SUP: 36
8 -1 18 -1 14 -1 #SUP: 356
8 -1 18 -1 14 -1 3 -1 #SUP: 56
8 -1 18 -1 14 -1 3 -1 8 -1 #SUP: 31
8 -1 18 -1 14 -1 3 -1 18 -1 #SUP: 31
8 -1 18 -1 14 -1 8 -1 #SUP: 211
8 -1 18 -1 14 -1 8 -1 8 -1 #SUP: 109
8 -1 18 -1 14 -1 8 -1 8 -1 8 -1 #SUP: 50
8 -1 18 -1 14 -1 8 -1 8 -1 8 -1 18 -1 #SUP: 31
8 -1 18 -1 14 -1 8 -1 8 -1 14 -1 #SUP: 51
8 -1 18 -1 14 -1 8 -1 8 -1 14 -1 8 -1 #SUP: 31
8 -1 18 -1 14 -1 8 -1 8 -1 18 -1 #SUP: 69
8 -1 18 -1 14 -1 8 -1 8 -1 18 -1 8 -1 #SUP: 37
8 -1 18 -1 14 -1 8 -1 8 -1 18 -1 14 -1 #SUP: 32
8 -1 18 -1 14 -1 8 -1 8 -1 18 -1 18 -1 #SUP: 31
8 -1 18 -1 14 -1 8 -1 14 -1 #SUP: 92
8 -1 18 -1 14 -1 8 -1 14 -1 8 -1 #SUP: 51
8 -1 18 -1 14 -1 8 -1 14 -1 8 -1 18 -1 #SUP: 37
8 -1 18 -1 14 -1 8 -1 14 -1 14 -1 #SUP: 30
8 -1 18 -1 14 -1 8 -1 14 -1 18 -1 #SUP: 57
8 -1 18 -1 14 -1 8 -1 17 -1 #SUP: 54
8 -1 18 -1 14 -1 8 -1 18 -1 #SUP: 145
8 -1 18 -1 14 -1 8 -1 18 -1 8 -1 #SUP: 75
8 -1 18 -1 14 -1 8 -1 18 -1 8 -1 8 -1 #SUP: 34
8 -1 18 -1 14 -1 8 -1 18 -1 8 -1 14 -1 #SUP: 32
8 -1 18 -1 14 -1 8 -1 18 -1 8 -1 18 -1 #SUP: 50
8 -1 18 -1 14 -1 8 -1 18 -1 14 -1 #SUP: 57
8 -1 18 -1 14 -1 8 -1 18 -1 14 -1 8 -1 #SUP: 31
8 -1 18 -1 14 -1 8 -1 18 -1 14 -1 18 -1 #SUP: 33
8 -1 18 -1 14 -1 8 -1 18 -1 17 -1 #SUP: 33
8 -1 18 -1 14 -1 8 -1 18 -1 18 -1 #SUP: 68
8 -1 18 -1 14 -1 8 -1 18 -1 18 -1 8 -1 #SUP: 32
8 -1 18 -1 14 -1 8 -1 18 -1 21 -1 #SUP: 32
8 -1 18 -1 14 -1 8 -1 18 -1 71 -1 #SUP: 41
8 -1 18 -1 14 -1 8 -1 21 -1 #SUP: 46
8 -1 18 -1 14 -1 8 -1 29 -1 #SUP: 38
8 -1 18 -1 14 -1 8 -1 290 -1 #SUP: 31
8 -1 18 -1 14 -1 8 -1 40 -1 #SUP: 31
8 -1 18 -1 14 -1 8 -1 71 -1 #SUP: 62
8 -1 18 -1 14 -1 8 -1 71 -1 8 -1 #SUP: 32
8 -1 18 -1 14 -1 8 -1 92 -1 #SUP: 38
8 -1 18 -1 14 -1 8 -1 96 -1 #SUP: 31
8 -1 18 -1 14 -1 14 -1 #SUP: 144
8 -1 18 -1 14 -1 14 -1 8 -1 #SUP: 78
8 -1 18 -1 14 -1 14 -1 8 -1 8 -1 #SUP: 35
8 -1 18 -1 14 -1 14 -1 8 -1 14 -1 #SUP: 32
8 -1 18 -1 14 -1 14 -1 8 -1 18 -1 #SUP: 54
8 -1 18 -1 14 -1 14 -1 14 -1 #SUP: 54
8 -1 18 -1 14 -1 14 -1 14 -1 18 -1 #SUP: 33
8 -1 18 -1 14 -1 14 -1 17 -1 #SUP: 37
8 -1 18 -1 14 -1 14 -1 18 -1 #SUP: 83
8 -1 18 -1 14 -1 14 -1 18 -1 8 -1 #SUP: 43
8 -1 18 -1 14 -1 14 -1 18 -1 8 -1 18 -1 #SUP: 30
8 -1 18 -1 14 -1 14 -1 18 -1 14 -1 #SUP: 31
8 -1 18 -1 14 -1 14 -1 18 -1 18 -1 #SUP: 39
8 -1 18 -1 14 -1 14 -1 21 -1 #SUP: 31
8 -1 18 -1 14 -1 14 -1 29 -1 #SUP: 31
8 -1 18 -1 14 -1 14 -1 71 -1 #SUP: 43
8 -1 18 -1 14 -1 17 -1 #SUP: 99
8 -1 18 -1 14 -1 17 -1 8 -1 #SUP: 46
8 -1 18 -1 14 -1 17 -1 14 -1 #SUP: 45
8 -1 18 -1 14 -1 17 -1 18 -1 #SUP: 45
8 -1 18 -1 14 -1 18 -1 #SUP: 213
8 -1 18 -1 14 -1 18 -1 8 -1 #SUP: 112
8 -1 18 -1 14 -1 18 -1 8 -1 8 -1 #SUP: 51
8 -1 18 -1 14 -1 18 -1 8 -1 8 -1 18 -1 #SUP: 34
8 -1 18 -1 14 -1 18 -1 8 -1 14 -1 #SUP: 50
8 -1 18 -1 14 -1 18 -1 8 -1 18 -1 #SUP: 70
8 -1 18 -1 14 -1 18 -1 8 -1 18 -1 8 -1 #SUP: 36
8 -1 18 -1 14 -1 18 -1 8 -1 18 -1 14 -1 #SUP: 31
8 -1 18 -1 14 -1 18 -1 8 -1 71 -1 #SUP: 34
8 -1 18 -1 14 -1 18 -1 14 -1 #SUP: 82
8 -1 18 -1 14 -1 18 -1 14 -1 8 -1 #SUP: 46
8 -1 18 -1 14 -1 18 -1 14 -1 8 -1 18 -1 #SUP: 30
8 -1 18 -1 14 -1 18 -1 14 -1 18 -1 #SUP: 49
8 -1 18 -1 14 -1 18 -1 17 -1 #SUP: 43
8 -1 18 -1 14 -1 18 -1 18 -1 #SUP: 101
8 -1 18 -1 14 -1 18 -1 18 -1 8 -1 #SUP: 45
8 -1 18 -1 14 -1 18 -1 18 -1 14 -1 #SUP: 39
8 -1 18 -1 14 -1 18 -1 18 -1 18 -1 #SUP: 34
8 -1 18 -1 14 -1 18 -1 21 -1 #SUP: 46
8 -1 18 -1 14 -1 18 -1 29 -1 #SUP: 45
8 -1 18 -1 14 -1 18 -1 290 -1 #SUP: 32
8 -1 18 -1 14 -1 18 -1 40 -1 #SUP: 38
8 -1 18 -1 14 -1 18 -1 318 -1 #SUP: 30
8 -1 18 -1 14 -1 18 -1 71 -1 #SUP: 65
8 -1 18 -1 14 -1 18 -1 71 -1 18 -1 #SUP: 30
8 -1 18 -1 14 -1 18 -1 92 -1 #SUP: 41
8 -1 18 -1 14 -1 18 -1 206 -1 #SUP: 30
8 -1 18 -1 14 -1 18 -1 227 -1 #SUP: 36
8 -1 18 -1 14 -1 20 -1 #SUP: 61
8 -1 18 -1 14 -1 20 -1 8 -1 #SUP: 30
8 -1 18 -1 14 -1 21 -1 #SUP: 102
8 -1 18 -1 14 -1 21 -1 8 -1 #SUP: 62
8 -1 18 -1 14 -1 21 -1 8 -1 8 -1 #SUP: 37
8 -1 18 -1 14 -1 21 -1 8 -1 14 -1 #SUP: 31
8 -1 18 -1 14 -1 21 -1 8 -1 18 -1 #SUP: 45
8 -1 18 -1 14 -1 21 -1 14 -1 #SUP: 44
8 -1 18 -1 14 -1 21 -1 18 -1 #SUP: 57
8 -1 18 -1 14 -1 21 -1 18 -1 8 -1 #SUP: 33
8 -1 18 -1 14 -1 21 -1 71 -1 #SUP: 31
8 -1 18 -1 14 -1 23 -1 #SUP: 44
8 -1 18 -1 14 -1 29 -1 #SUP: 91
8 -1 18 -1 14 -1 29 -1 8 -1 #SUP: 46
8 -1 18 -1 14 -1 29 -1 8 -1 18 -1 #SUP: 30
8 -1 18 -1 14 -1 29 -1 14 -1 #SUP: 31
8 -1 18 -1 14 -1 29 -1 17 -1 #SUP: 38
8 -1 18 -1 14 -1 29 -1 18 -1 #SUP: 47
8 -1 18 -1 14 -1 29 -1 71 -1 #SUP: 35
8 -1 18 -1 14 -1 30 -1 #SUP: 46
8 -1 18 -1 14 -1 290 -1 #SUP: 63
8 -1 18 -1 14 -1 292 -1 #SUP: 41
8 -1 18 -1 14 -1 39 -1 #SUP: 38
8 -1 18 -1 14 -1 40 -1 #SUP: 65
8 -1 18 -1 14 -1 40 -1 8 -1 #SUP: 31
8 -1 18 -1 14 -1 40 -1 18 -1 #SUP: 38
8 -1 18 -1 14 -1 52 -1 #SUP: 48
8 -1 18 -1 14 -1 54 -1 #SUP: 33
8 -1 18 -1 14 -1 318 -1 #SUP: 44
8 -1 18 -1 14 -1 71 -1 #SUP: 131
8 -1 18 -1 14 -1 71 -1 8 -1 #SUP: 64
8 -1 18 -1 14 -1 71 -1 8 -1 8 -1 #SUP: 39
8 -1 18 -1 14 -1 71 -1 8 -1 14 -1 #SUP: 31
8 -1 18 -1 14 -1 71 -1 8 -1 18 -1 #SUP: 46
8 -1 18 -1 14 -1 71 -1 8 -1 18 -1 8 -1 #SUP: 30
8 -1 18 -1 14 -1 71 -1 14 -1 #SUP: 61
8 -1 18 -1 14 -1 71 -1 14 -1 18 -1 #SUP: 32
8 -1 18 -1 14 -1 71 -1 18 -1 #SUP: 63
8 -1 18 -1 14 -1 71 -1 18 -1 8 -1 #SUP: 35
8 -1 18 -1 14 -1 71 -1 18 -1 18 -1 #SUP: 30
8 -1 18 -1 14 -1 71 -1 290 -1 #SUP: 33
8 -1 18 -1 14 -1 71 -1 71 -1 #SUP: 52
8 -1 18 -1 14 -1 92 -1 #SUP: 70
8 -1 18 -1 14 -1 92 -1 8 -1 #SUP: 30
8 -1 18 -1 14 -1 92 -1 18 -1 #SUP: 34
8 -1 18 -1 14 -1 96 -1 #SUP: 62
8 -1 18 -1 14 -1 96 -1 8 -1 #SUP: 35
8 -1 18 -1 14 -1 96 -1 18 -1 #SUP: 35
8 -1 18 -1 14 -1 103 -1 #SUP: 39
8 -1 18 -1 14 -1 124 -1 #SUP: 45
8 -1 18 -1 14 -1 206 -1 #SUP: 39
8 -1 18 -1 14 -1 219 -1 #SUP: 34
8 -1 18 -1 14 -1 224 -1 #SUP: 34
8 -1 18 -1 14 -1 227 -1 #SUP: 49
8 -1 18 -1 17 -1 #SUP: 266
8 -1 18 -1 17 -1 3 -1 #SUP: 54
8 -1 18 -1 17 -1 3 -1 8 -1 #SUP: 33
8 -1 18 -1 17 -1 3 -1 18 -1 #SUP: 30
8 -1 18 -1 17 -1 8 -1 #SUP: 150
8 -1 18 -1 17 -1 8 -1 8 -1 #SUP: 69
8 -1 18 -1 17 -1 8 -1 8 -1 8 -1 #SUP: 34
8 -1 18 -1 17 -1 8 -1 8 -1 14 -1 #SUP: 30
8 -1 18 -1 17 -1 8 -1 8 -1 18 -1 #SUP: 43
8 -1 18 -1 17 -1 8 -1 14 -1 #SUP: 66
8 -1 18 -1 17 -1 8 -1 14 -1 8 -1 #SUP: 34
8 -1 18 -1 17 -1 8 -1 14 -1 18 -1 #SUP: 37
8 -1 18 -1 17 -1 8 -1 17 -1 #SUP: 34
8 -1 18 -1 17 -1 8 -1 18 -1 #SUP: 98
8 -1 18 -1 17 -1 8 -1 18 -1 8 -1 #SUP: 46
8 -1 18 -1 17 -1 8 -1 18 -1 8 -1 18 -1 #SUP: 33
8 -1 18 -1 17 -1 8 -1 18 -1 14 -1 #SUP: 33
8 -1 18 -1 17 -1 8 -1 18 -1 18 -1 #SUP: 43
8 -1 18 -1 17 -1 8 -1 21 -1 #SUP: 35
8 -1 18 -1 17 -1 8 -1 71 -1 #SUP: 31
8 -1 18 -1 17 -1 14 -1 #SUP: 112
8 -1 18 -1 17 -1 14 -1 8 -1 #SUP: 58
8 -1 18 -1 17 -1 14 -1 8 -1 18 -1 #SUP: 41
8 -1 18 -1 17 -1 14 -1 14 -1 #SUP: 31
8 -1 18 -1 17 -1 14 -1 17 -1 #SUP: 33
8 -1 18 -1 17 -1 14 -1 18 -1 #SUP: 63
8 -1 18 -1 17 -1 14 -1 21 -1 #SUP: 30
8 -1 18 -1 17 -1 14 -1 71 -1 #SUP: 36
8 -1 18 -1 17 -1 17 -1 #SUP: 74
8 -1 18 -1 17 -1 17 -1 8 -1 #SUP: 37
8 -1 18 -1 17 -1 17 -1 18 -1 #SUP: 31
8 -1 18 -1 17 -1 18 -1 #SUP: 142
8 -1 18 -1 17 -1 18 -1 8 -1 #SUP: 67
8 -1 18 -1 17 -1 18 -1 8 -1 8 -1 #SUP: 30
8 -1 18 -1 17 -1 18 -1 8 -1 18 -1 #SUP: 44
8 -1 18 -1 17 -1 18 -1 14 -1 #SUP: 46
8 -1 18 -1 17 -1 18 -1 17 -1 #SUP: 32
8 -1 18 -1 17 -1 18 -1 18 -1 #SUP: 62
8 -1 18 -1 17 -1 18 -1 71 -1 #SUP: 34
8 -1 18 -1 17 -1 20 -1 #SUP: 37
8 -1 18 -1 17 -1 21 -1 #SUP: 70
8 -1 18 -1 17 -1 21 -1 8 -1 #SUP: 44
8 -1 18 -1 17 -1 21 -1 8 -1 18 -1 #SUP: 32
8 -1 18 -1 17 -1 21 -1 18 -1 #SUP: 41
8 -1 18 -1 17 -1 29 -1 #SUP: 71
8 -1 18 -1 17 -1 29 -1 8 -1 #SUP: 32
8 -1 18 -1 17 -1 29 -1 18 -1 #SUP: 33
8 -1 18 -1 17 -1 30 -1 #SUP: 39
8 -1 18 -1 17 -1 290 -1 #SUP: 39
8 -1 18 -1 17 -1 39 -1 #SUP: 45
8 -1 18 -1 17 -1 39 -1 18 -1 #SUP: 31
8 -1 18 -1 17 -1 40 -1 #SUP: 57
8 -1 18 -1 17 -1 40 -1 8 -1 #SUP: 31
8 -1 18 -1 17 -1 40 -1 18 -1 #SUP: 37
8 -1 18 -1 17 -1 52 -1 #SUP: 47
8 -1 18 -1 17 -1 71 -1 #SUP: 95
8 -1 18 -1 17 -1 71 -1 8 -1 #SUP: 58
8 -1 18 -1 17 -1 71 -1 8 -1 18 -1 #SUP: 37
8 -1 18 -1 17 -1 71 -1 14 -1 #SUP: 42
8 -1 18 -1 17 -1 71 -1 18 -1 #SUP: 51
8 -1 18 -1 17 -1 71 -1 71 -1 #SUP: 43
8 -1 18 -1 17 -1 92 -1 #SUP: 52
8 -1 18 -1 17 -1 92 -1 18 -1 #SUP: 32
8 -1 18 -1 17 -1 96 -1 #SUP: 50
8 -1 18 -1 17 -1 103 -1 #SUP: 34
8 -1 18 -1 18 -1 #SUP: 421
8 -1 18 -1 18 -1 3 -1 #SUP: 59
8 -1 18 -1 18 -1 3 -1 8 -1 #SUP: 36
8 -1 18 -1 18 -1 3 -1 18 -1 #SUP: 32
8 -1 18 -1 18 -1 8 -1 #SUP: 237
8 -1 18 -1 18 -1 8 -1 3 -1 #SUP: 33
8 -1 18 -1 18 -1 8 -1 8 -1 #SUP: 124
8 -1 18 -1 18 -1 8 -1 8 -1 8 -1 #SUP: 66
8 -1 18 -1 18 -1 8 -1 8 -1 8 -1 18 -1 #SUP: 47
8 -1 18 -1 18 -1 8 -1 8 -1 14 -1 #SUP: 54
8 -1 18 -1 18 -1 8 -1 8 -1 14 -1 8 -1 #SUP: 36
8 -1 18 -1 18 -1 8 -1 8 -1 14 -1 18 -1 #SUP: 35
8 -1 18 -1 18 -1 8 -1 8 -1 18 -1 #SUP: 85
8 -1 18 -1 18 -1 8 -1 8 -1 18 -1 8 -1 #SUP: 45
8 -1 18 -1 18 -1 8 -1 8 -1 18 -1 8 -1 18 -1 #SUP: 30
8 -1 18 -1 18 -1 8 -1 8 -1 18 -1 14 -1 #SUP: 33
8 -1 18 -1 18 -1 8 -1 8 -1 18 -1 18 -1 #SUP: 42
8 -1 18 -1 18 -1 8 -1 8 -1 71 -1 #SUP: 42
8 -1 18 -1 18 -1 8 -1 14 -1 #SUP: 103
8 -1 18 -1 18 -1 8 -1 14 -1 8 -1 #SUP: 65
8 -1 18 -1 18 -1 8 -1 14 -1 8 -1 18 -1 #SUP: 42
8 -1 18 -1 18 -1 8 -1 14 -1 14 -1 #SUP: 30
8 -1 18 -1 18 -1 8 -1 14 -1 18 -1 #SUP: 57
8 -1 18 -1 18 -1 8 -1 14 -1 18 -1 8 -1 #SUP: 32
8 -1 18 -1 18 -1 8 -1 14 -1 18 -1 18 -1 #SUP: 30
8 -1 18 -1 18 -1 8 -1 14 -1 71 -1 #SUP: 34
8 -1 18 -1 18 -1 8 -1 17 -1 #SUP: 46
8 -1 18 -1 18 -1 8 -1 18 -1 #SUP: 150
8 -1 18 -1 18 -1 8 -1 18 -1 8 -1 #SUP: 87
8 -1 18 -1 18 -1 8 -1 18 -1 8 -1 8 -1 #SUP: 40
8 -1 18 -1 18 -1 8 -1 18 -1 8 -1 14 -1 #SUP: 35
8 -1 18 -1 18 -1 8 -1 18 -1 8 -1 18 -1 #SUP: 58
8 -1 18 -1 18 -1 8 -1 18 -1 8 -1 71 -1 #SUP: 31
8 -1 18 -1 18 -1 8 -1 18 -1 14 -1 #SUP: 63
8 -1 18 -1 18 -1 8 -1 18 -1 14 -1 8 -1 #SUP: 38
8 -1 18 -1 18 -1 8 -1 18 -1 14 -1 18 -1 #SUP: 35
8 -1 18 -1 18 -1 8 -1 18 -1 17 -1 #SUP: 30
8 -1 18 -1 18 -1 8 -1 18 -1 18 -1 #SUP: 71
8 -1 18 -1 18 -1 8 -1 18 -1 18 -1 8 -1 #SUP: 38
8 -1 18 -1 18 -1 8 -1 18 -1 18 -1 18 -1 #SUP: 36
8 -1 18 -1 18 -1 8 -1 18 -1 21 -1 #SUP: 37
8 -1 18 -1 18 -1 8 -1 18 -1 29 -1 #SUP: 32
8 -1 18 -1 18 -1 8 -1 18 -1 71 -1 #SUP: 54
8 -1 18 -1 18 -1 8 -1 20 -1 #SUP: 35
8 -1 18 -1 18 -1 8 -1 21 -1 #SUP: 53
8 -1 18 -1 18 -1 8 -1 21 -1 8 -1 #SUP: 38
8 -1 18 -1 18 -1 8 -1 21 -1 18 -1 #SUP: 32
8 -1 18 -1 18 -1 8 -1 29 -1 #SUP: 50
8 -1 18 -1 18 -1 8 -1 290 -1 #SUP: 36
8 -1 18 -1 18 -1 8 -1 40 -1 #SUP: 35
8 -1 18 -1 18 -1 8 -1 71 -1 #SUP: 85
8 -1 18 -1 18 -1 8 -1 71 -1 8 -1 #SUP: 45
8 -1 18 -1 18 -1 8 -1 71 -1 8 -1 18 -1 #SUP: 31
8 -1 18 -1 18 -1 8 -1 71 -1 14 -1 #SUP: 37
8 -1 18 -1 18 -1 8 -1 71 -1 18 -1 #SUP: 41
8 -1 18 -1 18 -1 8 -1 71 -1 71 -1 #SUP: 32
8 -1 18 -1 18 -1 8 -1 92 -1 #SUP: 42
8 -1 18 -1 18 -1 8 -1 96 -1 #SUP: 34
8 -1 18 -1 18 -1 8 -1 124 -1 #SUP: 34
8 -1 18 -1 18 -1 14 -1 #SUP: 165
8 -1 18 -1 18 -1 14 -1 8 -1 #SUP: 96
8 -1 18 -1 18 -1 14 -1 8 -1 8 -1 #SUP: 42
8 -1 18 -1 18 -1 14 -1 8 -1 14 -1 #SUP: 36
8 -1 18 -1 18 -1 14 -1 8 -1 18 -1 #SUP: 68
8 -1 18 -1 18 -1 14 -1 8 -1 18 -1 8 -1 #SUP: 32
8 -1 18 -1 18 -1 14 -1 14 -1 #SUP: 60
8 -1 18 -1 18 -1 14 -1 14 -1 8 -1 #SUP: 33
8 -1 18 -1 18 -1 14 -1 14 -1 18 -1 #SUP: 36
8 -1 18 -1 18 -1 14 -1 17 -1 #SUP: 38
8 -1 18 -1 18 -1 14 -1 18 -1 #SUP: 105
8 -1 18 -1 18 -1 14 -1 18 -1 8 -1 #SUP: 52
8 -1 18 -1 18 -1 14 -1 18 -1 8 -1 18 -1 #SUP: 35
8 -1 18 -1 18 -1 14 -1 18 -1 14 -1 #SUP: 36
8 -1 18 -1 18 -1 14 -1 18 -1 18 -1 #SUP: 45
8 -1 18 -1 18 -1 14 -1 18 -1 71 -1 #SUP: 33
8 -1 18 -1 18 -1 14 -1 21 -1 #SUP: 42
8 -1 18 -1 18 -1 14 -1 29 -1 #SUP: 38
8 -1 18 -1 18 -1 14 -1 40 -1 #SUP: 30
8 -1 18 -1 18 -1 14 -1 71 -1 #SUP: 60
8 -1 18 -1 18 -1 17 -1 #SUP: 100
8 -1 18 -1 18 -1 17 -1 8 -1 #SUP: 53
8 -1 18 -1 18 -1 17 -1 8 -1 18 -1 #SUP: 32
8 -1 18 -1 18 -1 17 -1 14 -1 #SUP: 37
8 -1 18 -1 18 -1 17 -1 18 -1 #SUP: 49
8 -1 18 -1 18 -1 18 -1 #SUP: 212
8 -1 18 -1 18 -1 18 -1 8 -1 #SUP: 106
8 -1 18 -1 18 -1 18 -1 8 -1 8 -1 #SUP: 52
8 -1 18 -1 18 -1 18 -1 8 -1 8 -1 18 -1 #SUP: 38
8 -1 18 -1 18 -1 18 -1 8 -1 14 -1 #SUP: 43
8 -1 18 -1 18 -1 18 -1 8 -1 18 -1 #SUP: 70
8 -1 18 -1 18 -1 18 -1 8 -1 18 -1 8 -1 #SUP: 38
8 -1 18 -1 18 -1 18 -1 8 -1 18 -1 18 -1 #SUP: 36
8 -1 18 -1 18 -1 18 -1 8 -1 71 -1 #SUP: 37
8 -1 18 -1 18 -1 18 -1 14 -1 #SUP: 81
8 -1 18 -1 18 -1 18 -1 14 -1 8 -1 #SUP: 49
8 -1 18 -1 18 -1 18 -1 14 -1 8 -1 18 -1 #SUP: 32
8 -1 18 -1 18 -1 18 -1 14 -1 18 -1 #SUP: 45
8 -1 18 -1 18 -1 18 -1 17 -1 #SUP: 39
8 -1 18 -1 18 -1 18 -1 18 -1 #SUP: 93
8 -1 18 -1 18 -1 18 -1 18 -1 8 -1 #SUP: 50
8 -1 18 -1 18 -1 18 -1 18 -1 8 -1 18 -1 #SUP: 34
8 -1 18 -1 18 -1 18 -1 18 -1 14 -1 #SUP: 36
8 -1 18 -1 18 -1 18 -1 18 -1 18 -1 #SUP: 50
8 -1 18 -1 18 -1 18 -1 21 -1 #SUP: 48
8 -1 18 -1 18 -1 18 -1 21 -1 8 -1 #SUP: 31
8 -1 18 -1 18 -1 18 -1 29 -1 #SUP: 44
8 -1 18 -1 18 -1 18 -1 40 -1 #SUP: 32
8 -1 18 -1 18 -1 18 -1 318 -1 #SUP: 30
8 -1 18 -1 18 -1 18 -1 71 -1 #SUP: 73
8 -1 18 -1 18 -1 18 -1 71 -1 8 -1 #SUP: 36
8 -1 18 -1 18 -1 18 -1 71 -1 18 -1 #SUP: 34
8 -1 18 -1 18 -1 18 -1 92 -1 #SUP: 35
8 -1 18 -1 18 -1 18 -1 96 -1 #SUP: 30
8 -1 18 -1 18 -1 20 -1 #SUP: 71
8 -1 18 -1 18 -1 20 -1 8 -1 #SUP: 38
8 -1 18 -1 18 -1 20 -1 18 -1 #SUP: 36
8 -1 18 -1 18 -1 21 -1 #SUP: 104
8 -1 18 -1 18 -1 21 -1 8 -1 #SUP: 63
8 -1 18 -1 18 -1 21 -1 8 -1 8 -1 #SUP: 44
8 -1 18 -1 18 -1 21 -1 8 -1 8 -1 18 -1 #SUP: 30
8 -1 18 -1 18 -1 21 -1 8 -1 18 -1 #SUP: 49
8 -1 18 -1 18 -1 21 -1 8 -1 18 -1 8 -1 #SUP: 30
8 -1 18 -1 18 -1 21 -1 14 -1 #SUP: 42
8 -1 18 -1 18 -1 21 -1 18 -1 #SUP: 64
8 -1 18 -1 18 -1 21 -1 18 -1 8 -1 #SUP: 34
8 -1 18 -1 18 -1 21 -1 18 -1 18 -1 #SUP: 31
8 -1 18 -1 18 -1 21 -1 71 -1 #SUP: 33
8 -1 18 -1 18 -1 23 -1 #SUP: 38
8 -1 18 -1 18 -1 29 -1 #SUP: 102
8 -1 18 -1 18 -1 29 -1 8 -1 #SUP: 55
8 -1 18 -1 18 -1 29 -1 8 -1 8 -1 #SUP: 30
8 -1 18 -1 18 -1 29 -1 8 -1 18 -1 #SUP: 32
8 -1 18 -1 18 -1 29 -1 14 -1 #SUP: 39
8 -1 18 -1 18 -1 29 -1 17 -1 #SUP: 38
8 -1 18 -1 18 -1 29 -1 18 -1 #SUP: 52
8 -1 18 -1 18 -1 29 -1 18 -1 8 -1 #SUP: 30
8 -1 18 -1 18 -1 29 -1 71 -1 #SUP: 41
8 -1 18 -1 18 -1 30 -1 #SUP: 53
8 -1 18 -1 18 -1 290 -1 #SUP: 63
8 -1 18 -1 18 -1 290 -1 18 -1 #SUP: 31
8 -1 18 -1 18 -1 292 -1 #SUP: 32
8 -1 18 -1 18 -1 39 -1 #SUP: 49
8 -1 18 -1 18 -1 39 -1 18 -1 #SUP: 30
8 -1 18 -1 18 -1 40 -1 #SUP: 81
8 -1 18 -1 18 -1 40 -1 8 -1 #SUP: 41
8 -1 18 -1 18 -1 40 -1 18 -1 #SUP: 49
8 -1 18 -1 18 -1 52 -1 #SUP: 47
8 -1 18 -1 18 -1 54 -1 #SUP: 37
8 -1 18 -1 18 -1 318 -1 #SUP: 50
8 -1 18 -1 18 -1 71 -1 #SUP: 141
8 -1 18 -1 18 -1 71 -1 8 -1 #SUP: 76
8 -1 18 -1 18 -1 71 -1 8 -1 8 -1 #SUP: 35
8 -1 18 -1 18 -1 71 -1 8 -1 14 -1 #SUP: 32
8 -1 18 -1 18 -1 71 -1 8 -1 18 -1 #SUP: 50
8 -1 18 -1 18 -1 71 -1 14 -1 #SUP: 59
8 -1 18 -1 18 -1 71 -1 14 -1 8 -1 #SUP: 33
8 -1 18 -1 18 -1 71 -1 14 -1 18 -1 #SUP: 31
8 -1 18 -1 18 -1 71 -1 18 -1 #SUP: 71
8 -1 18 -1 18 -1 71 -1 18 -1 8 -1 #SUP: 39
8 -1 18 -1 18 -1 71 -1 18 -1 18 -1 #SUP: 36
8 -1 18 -1 18 -1 71 -1 18 -1 71 -1 #SUP: 30
8 -1 18 -1 18 -1 71 -1 29 -1 #SUP: 36
8 -1 18 -1 18 -1 71 -1 290 -1 #SUP: 34
8 -1 18 -1 18 -1 71 -1 71 -1 #SUP: 60
8 -1 18 -1 18 -1 71 -1 92 -1 #SUP: 31
8 -1 18 -1 18 -1 92 -1 #SUP: 86
8 -1 18 -1 18 -1 92 -1 8 -1 #SUP: 40
8 -1 18 -1 18 -1 92 -1 18 -1 #SUP: 42
8 -1 18 -1 18 -1 92 -1 71 -1 #SUP: 31
8 -1 18 -1 18 -1 96 -1 #SUP: 74
8 -1 18 -1 18 -1 96 -1 8 -1 #SUP: 46
8 -1 18 -1 18 -1 96 -1 14 -1 #SUP: 30
8 -1 18 -1 18 -1 96 -1 18 -1 #SUP: 44
8 -1 18 -1 18 -1 103 -1 #SUP: 36
8 -1 18 -1 18 -1 122 -1 #SUP: 45
8 -1 18 -1 18 -1 124 -1 #SUP: 46
8 -1 18 -1 18 -1 206 -1 #SUP: 54
8 -1 18 -1 18 -1 219 -1 #SUP: 47
8 -1 18 -1 18 -1 224 -1 #SUP: 48
8 -1 18 -1 18 -1 225 -1 #SUP: 30
8 -1 18 -1 18 -1 227 -1 #SUP: 64
8 -1 18 -1 19 -1 #SUP: 83
8 -1 18 -1 19 -1 8 -1 #SUP: 39
8 -1 18 -1 19 -1 14 -1 #SUP: 39
8 -1 18 -1 19 -1 18 -1 #SUP: 42
8 -1 18 -1 19 -1 71 -1 #SUP: 36
8 -1 18 -1 20 -1 #SUP: 138
8 -1 18 -1 20 -1 8 -1 #SUP: 76
8 -1 18 -1 20 -1 8 -1 8 -1 #SUP: 33
8 -1 18 -1 20 -1 8 -1 14 -1 #SUP: 32
8 -1 18 -1 20 -1 8 -1 18 -1 #SUP: 48
8 -1 18 -1 20 -1 14 -1 #SUP: 58
8 -1 18 -1 20 -1 14 -1 18 -1 #SUP: 32
8 -1 18 -1 20 -1 17 -1 #SUP: 39
8 -1 18 -1 20 -1 18 -1 #SUP: 67
8 -1 18 -1 20 -1 18 -1 8 -1 #SUP: 33
8 -1 18 -1 20 -1 18 -1 18 -1 #SUP: 33
8 -1 18 -1 20 -1 21 -1 #SUP: 45
8 -1 18 -1 20 -1 29 -1 #SUP: 34
8 -1 18 -1 20 -1 40 -1 #SUP: 37
8 -1 18 -1 20 -1 71 -1 #SUP: 50
8 -1 18 -1 20 -1 92 -1 #SUP: 31
8 -1 18 -1 21 -1 #SUP: 241
8 -1 18 -1 21 -1 3 -1 #SUP: 35
8 -1 18 -1 21 -1 8 -1 #SUP: 158
8 -1 18 -1 21 -1 8 -1 8 -1 #SUP: 90
8 -1 18 -1 21 -1 8 -1 8 -1 8 -1 #SUP: 33
8 -1 18 -1 21 -1 8 -1 8 -1 14 -1 #SUP: 32
8 -1 18 -1 21 -1 8 -1 8 -1 18 -1 #SUP: 55
8 -1 18 -1 21 -1 8 -1 14 -1 #SUP: 64
8 -1 18 -1 21 -1 8 -1 14 -1 8 -1 #SUP: 37
8 -1 18 -1 21 -1 8 -1 14 -1 18 -1 #SUP: 35
8 -1 18 -1 21 -1 8 -1 17 -1 #SUP: 38
8 -1 18 -1 21 -1 8 -1 18 -1 #SUP: 106
8 -1 18 -1 21 -1 8 -1 18 -1 8 -1 #SUP: 63
8 -1 18 -1 21 -1 8 -1 18 -1 8 -1 18 -1 #SUP: 41
8 -1 18 -1 21 -1 8 -1 18 -1 14 -1 #SUP: 40
8 -1 18 -1 21 -1 8 -1 18 -1 18 -1 #SUP: 53
8 -1 18 -1 21 -1 8 -1 18 -1 71 -1 #SUP: 31
8 -1 18 -1 21 -1 8 -1 21 -1 #SUP: 37
8 -1 18 -1 21 -1 8 -1 71 -1 #SUP: 47
8 -1 18 -1 21 -1 14 -1 #SUP: 98
8 -1 18 -1 21 -1 14 -1 8 -1 #SUP: 54
8 -1 18 -1 21 -1 14 -1 8 -1 18 -1 #SUP: 38
8 -1 18 -1 21 -1 14 -1 18 -1 #SUP: 55
8 -1 18 -1 21 -1 17 -1 #SUP: 65
8 -1 18 -1 21 -1 17 -1 8 -1 #SUP: 33
8 -1 18 -1 21 -1 17 -1 18 -1 #SUP: 31
8 -1 18 -1 21 -1 18 -1 #SUP: 133
8 -1 18 -1 21 -1 18 -1 8 -1 #SUP: 76
8 -1 18 -1 21 -1 18 -1 8 -1 8 -1 #SUP: 31
8 -1 18 -1 21 -1 18 -1 8 -1 18 -1 #SUP: 49
8 -1 18 -1 21 -1 18 -1 14 -1 #SUP: 52
8 -1 18 -1 21 -1 18 -1 14 -1 8 -1 #SUP: 30
8 -1 18 -1 21 -1 18 -1 14 -1 18 -1 #SUP: 33
8 -1 18 -1 21 -1 18 -1 18 -1 #SUP: 65
8 -1 18 -1 21 -1 18 -1 18 -1 8 -1 #SUP: 31
8 -1 18 -1 21 -1 18 -1 18 -1 18 -1 #SUP: 31
8 -1 18 -1 21 -1 18 -1 71 -1 #SUP: 38
8 -1 18 -1 21 -1 20 -1 #SUP: 44
8 -1 18 -1 21 -1 21 -1 #SUP: 63
8 -1 18 -1 21 -1 21 -1 8 -1 #SUP: 35
8 -1 18 -1 21 -1 21 -1 18 -1 #SUP: 33
8 -1 18 -1 21 -1 29 -1 #SUP: 54
8 -1 18 -1 21 -1 30 -1 #SUP: 36
8 -1 18 -1 21 -1 290 -1 #SUP: 35
8 -1 18 -1 21 -1 40 -1 #SUP: 47
8 -1 18 -1 21 -1 40 -1 18 -1 #SUP: 30
8 -1 18 -1 21 -1 52 -1 #SUP: 31
8 -1 18 -1 21 -1 71 -1 #SUP: 84
8 -1 18 -1 21 -1 71 -1 8 -1 #SUP: 45
8 -1 18 -1 21 -1 71 -1 14 -1 #SUP: 36
8 -1 18 -1 21 -1 71 -1 18 -1 #SUP: 37
8 -1 18 -1 21 -1 71 -1 71 -1 #SUP: 30
8 -1 18 -1 21 -1 92 -1 #SUP: 53
8 -1 18 -1 21 -1 96 -1 #SUP: 35
8 -1 18 -1 21 -1 227 -1 #SUP: 35
8 -1 18 -1 23 -1 #SUP: 92
8 -1 18 -1 23 -1 8 -1 #SUP: 35
8 -1 18 -1 23 -1 14 -1 #SUP: 34
8 -1 18 -1 23 -1 18 -1 #SUP: 48
8 -1 18 -1 23 -1 71 -1 #SUP: 30
8 -1 18 -1 24 -1 #SUP: 35
8 -1 18 -1 25 -1 #SUP: 46
8 -1 18 -1 26 -1 #SUP: 32
8 -1 18 -1 27 -1 #SUP: 38
8 -1 18 -1 29 -1 #SUP: 238
8 -1 18 -1 29 -1 3 -1 #SUP: 48
8 -1 18 -1 29 -1 8 -1 #SUP: 137
8 -1 18 -1 29 -1 8 -1 8 -1 #SUP: 61
8 -1 18 -1 29 -1 8 -1 8 -1 18 -1 #SUP: 41
8 -1 18 -1 29 -1 8 -1 14 -1 #SUP: 52
8 -1 18 -1 29 -1 8 -1 14 -1 18 -1 #SUP: 31
8 -1 18 -1 29 -1 8 -1 17 -1 #SUP: 33
8 -1 18 -1 29 -1 8 -1 18 -1 #SUP: 79
8 -1 18 -1 29 -1 8 -1 18 -1 8 -1 #SUP: 37
8 -1 18 -1 29 -1 8 -1 18 -1 14 -1 #SUP: 33
8 -1 18 -1 29 -1 8 -1 18 -1 18 -1 #SUP: 42
8 -1 18 -1 29 -1 8 -1 71 -1 #SUP: 36
8 -1 18 -1 29 -1 14 -1 #SUP: 88
8 -1 18 -1 29 -1 14 -1 8 -1 #SUP: 43
8 -1 18 -1 29 -1 14 -1 14 -1 #SUP: 32
8 -1 18 -1 29 -1 14 -1 18 -1 #SUP: 42
8 -1 18 -1 29 -1 17 -1 #SUP: 89
8 -1 18 -1 29 -1 17 -1 8 -1 #SUP: 45
8 -1 18 -1 29 -1 17 -1 14 -1 #SUP: 36
8 -1 18 -1 29 -1 17 -1 18 -1 #SUP: 50
8 -1 18 -1 29 -1 17 -1 71 -1 #SUP: 34
8 -1 18 -1 29 -1 18 -1 #SUP: 122
8 -1 18 -1 29 -1 18 -1 8 -1 #SUP: 55
8 -1 18 -1 29 -1 18 -1 8 -1 18 -1 #SUP: 35
8 -1 18 -1 29 -1 18 -1 14 -1 #SUP: 45
8 -1 18 -1 29 -1 18 -1 18 -1 #SUP: 62
8 -1 18 -1 29 -1 18 -1 71 -1 #SUP: 37
8 -1 18 -1 29 -1 20 -1 #SUP: 38
8 -1 18 -1 29 -1 21 -1 #SUP: 74
8 -1 18 -1 29 -1 21 -1 8 -1 #SUP: 43
8 -1 18 -1 29 -1 21 -1 18 -1 #SUP: 39
8 -1 18 -1 29 -1 29 -1 #SUP: 57
8 -1 18 -1 29 -1 30 -1 #SUP: 43
8 -1 18 -1 29 -1 290 -1 #SUP: 49
8 -1 18 -1 29 -1 39 -1 #SUP: 34
8 -1 18 -1 29 -1 40 -1 #SUP: 53
8 -1 18 -1 29 -1 52 -1 #SUP: 36
8 -1 18 -1 29 -1 318 -1 #SUP: 33
8 -1 18 -1 29 -1 71 -1 #SUP: 96
8 -1 18 -1 29 -1 71 -1 8 -1 #SUP: 51
8 -1 18 -1 29 -1 71 -1 14 -1 #SUP: 42
8 -1 18 -1 29 -1 71 -1 18 -1 #SUP: 46
8 -1 18 -1 29 -1 71 -1 71 -1 #SUP: 39
8 -1 18 -1 29 -1 92 -1 #SUP: 56
8 -1 18 -1 29 -1 96 -1 #SUP: 58
8 -1 18 -1 29 -1 96 -1 8 -1 #SUP: 30
8 -1 18 -1 29 -1 124 -1 #SUP: 33
8 -1 18 -1 29 -1 219 -1 #SUP: 31
8 -1 18 -1 29 -1 227 -1 #SUP: 39
8 -1 18 -1 30 -1 #SUP: 131
8 -1 18 -1 30 -1 8 -1 #SUP: 65
8 -1 18 -1 30 -1 8 -1 8 -1 #SUP: 31
8 -1 18 -1 30 -1 8 -1 18 -1 #SUP: 39
8 -1 18 -1 30 -1 14 -1 #SUP: 46
8 -1 18 -1 30 -1 17 -1 #SUP: 50
8 -1 18 -1 30 -1 18 -1 #SUP: 57
8 -1 18 -1 30 -1 21 -1 #SUP: 31
8 -1 18 -1 30 -1 29 -1 #SUP: 33
8 -1 18 -1 30 -1 71 -1 #SUP: 37
8 -1 18 -1 30 -1 92 -1 #SUP: 30
8 -1 18 -1 33 -1 #SUP: 50
8 -1 18 -1 33 -1 18 -1 #SUP: 30
8 -1 18 -1 290 -1 #SUP: 145
8 -1 18 -1 290 -1 3 -1 #SUP: 33
8 -1 18 -1 290 -1 8 -1 #SUP: 74
8 -1 18 -1 290 -1 8 -1 8 -1 #SUP: 47
8 -1 18 -1 290 -1 8 -1 18 -1 #SUP: 52
8 -1 18 -1 290 -1 8 -1 18 -1 8 -1 #SUP: 35
8 -1 18 -1 290 -1 14 -1 #SUP: 50
8 -1 18 -1 290 -1 14 -1 8 -1 #SUP: 30
8 -1 18 -1 290 -1 17 -1 #SUP: 30
8 -1 18 -1 290 -1 18 -1 #SUP: 74
8 -1 18 -1 290 -1 18 -1 8 -1 #SUP: 46
8 -1 18 -1 290 -1 18 -1 18 -1 #SUP: 40
8 -1 18 -1 290 -1 20 -1 #SUP: 33
8 -1 18 -1 290 -1 21 -1 #SUP: 32
8 -1 18 -1 290 -1 29 -1 #SUP: 37
8 -1 18 -1 290 -1 40 -1 #SUP: 30
8 -1 18 -1 290 -1 71 -1 #SUP: 54
8 -1 18 -1 290 -1 71 -1 8 -1 #SUP: 33
8 -1 18 -1 290 -1 71 -1 18 -1 #SUP: 30
8 -1 18 -1 290 -1 92 -1 #SUP: 40
8 -1 18 -1 292 -1 #SUP: 70
8 -1 18 -1 292 -1 8 -1 #SUP: 48
8 -1 18 -1 292 -1 8 -1 8 -1 #SUP: 35
8 -1 18 -1 292 -1 8 -1 14 -1 #SUP: 31
8 -1 18 -1 292 -1 8 -1 18 -1 #SUP: 35
8 -1 18 -1 292 -1 14 -1 #SUP: 39
8 -1 18 -1 292 -1 18 -1 #SUP: 46
8 -1 18 -1 292 -1 71 -1 #SUP: 30
8 -1 18 -1 293 -1 #SUP: 33
8 -1 18 -1 39 -1 #SUP: 122
8 -1 18 -1 39 -1 8 -1 #SUP: 75
8 -1 18 -1 39 -1 8 -1 8 -1 #SUP: 40
8 -1 18 -1 39 -1 8 -1 18 -1 #SUP: 58
8 -1 18 -1 39 -1 14 -1 #SUP: 44
8 -1 18 -1 39 -1 18 -1 #SUP: 78
8 -1 18 -1 39 -1 18 -1 8 -1 #SUP: 38
8 -1 18 -1 39 -1 18 -1 18 -1 #SUP: 33
8 -1 18 -1 39 -1 21 -1 #SUP: 31
8 -1 18 -1 39 -1 71 -1 #SUP: 46
8 -1 18 -1 40 -1 #SUP: 176
8 -1 18 -1 40 -1 8 -1 #SUP: 89
8 -1 18 -1 40 -1 8 -1 8 -1 #SUP: 46
8 -1 18 -1 40 -1 8 -1 14 -1 #SUP: 40
8 -1 18 -1 40 -1 8 -1 18 -1 #SUP: 58
8 -1 18 -1 40 -1 14 -1 #SUP: 73
8 -1 18 -1 40 -1 14 -1 8 -1 #SUP: 38
8 -1 18 -1 40 -1 14 -1 18 -1 #SUP: 40
8 -1 18 -1 40 -1 17 -1 #SUP: 42
8 -1 18 -1 40 -1 18 -1 #SUP: 105
8 -1 18 -1 40 -1 18 -1 8 -1 #SUP: 55
8 -1 18 -1 40 -1 18 -1 8 -1 18 -1 #SUP: 31
8 -1 18 -1 40 -1 18 -1 14 -1 #SUP: 38
8 -1 18 -1 40 -1 18 -1 18 -1 #SUP: 48
8 -1 18 -1 40 -1 18 -1 71 -1 #SUP: 31
8 -1 18 -1 40 -1 19 -1 #SUP: 34
8 -1 18 -1 40 -1 21 -1 #SUP: 49
8 -1 18 -1 40 -1 29 -1 #SUP: 54
8 -1 18 -1 40 -1 29 -1 8 -1 #SUP: 31
8 -1 18 -1 40 -1 29 -1 18 -1 #SUP: 31
8 -1 18 -1 40 -1 30 -1 #SUP: 30
8 -1 18 -1 40 -1 290 -1 #SUP: 31
8 -1 18 -1 40 -1 40 -1 #SUP: 40
8 -1 18 -1 40 -1 71 -1 #SUP: 63
8 -1 18 -1 40 -1 71 -1 8 -1 #SUP: 34
8 -1 18 -1 40 -1 92 -1 #SUP: 53
8 -1 18 -1 40 -1 96 -1 #SUP: 35
8 -1 18 -1 299 -1 #SUP: 43
8 -1 18 -1 45 -1 #SUP: 32
8 -1 18 -1 306 -1 #SUP: 38
8 -1 18 -1 50 -1 #SUP: 44
8 -1 18 -1 307 -1 #SUP: 53
8 -1 18 -1 51 -1 #SUP: 42
8 -1 18 -1 52 -1 #SUP: 122
8 -1 18 -1 52 -1 8 -1 #SUP: 65
8 -1 18 -1 52 -1 8 -1 8 -1 #SUP: 34
8 -1 18 -1 52 -1 8 -1 18 -1 #SUP: 50
8 -1 18 -1 52 -1 14 -1 #SUP: 37
8 -1 18 -1 52 -1 18 -1 #SUP: 68
8 -1 18 -1 52 -1 21 -1 #SUP: 32
8 -1 18 -1 52 -1 39 -1 #SUP: 43
8 -1 18 -1 52 -1 71 -1 #SUP: 51
8 -1 18 -1 52 -1 71 -1 8 -1 #SUP: 30
8 -1 18 -1 54 -1 #SUP: 80
8 -1 18 -1 54 -1 8 -1 #SUP: 40
8 -1 18 -1 54 -1 14 -1 #SUP: 39
8 -1 18 -1 54 -1 18 -1 #SUP: 40
8 -1 18 -1 318 -1 #SUP: 98
8 -1 18 -1 318 -1 8 -1 #SUP: 48
8 -1 18 -1 318 -1 8 -1 18 -1 #SUP: 32
8 -1 18 -1 318 -1 14 -1 #SUP: 38
8 -1 18 -1 318 -1 18 -1 #SUP: 42
8 -1 18 -1 318 -1 71 -1 #SUP: 30
8 -1 18 -1 63 -1 #SUP: 64
8 -1 18 -1 63 -1 8 -1 #SUP: 35
8 -1 18 -1 63 -1 18 -1 #SUP: 35
8 -1 18 -1 319 -1 #SUP: 37
8 -1 18 -1 64 -1 #SUP: 40
8 -1 18 -1 71 -1 #SUP: 298
8 -1 18 -1 71 -1 3 -1 #SUP: 47
8 -1 18 -1 71 -1 8 -1 #SUP: 168
8 -1 18 -1 71 -1 8 -1 8 -1 #SUP: 86
8 -1 18 -1 71 -1 8 -1 8 -1 8 -1 #SUP: 44
8 -1 18 -1 71 -1 8 -1 8 -1 14 -1 #SUP: 33
8 -1 18 -1 71 -1 8 -1 8 -1 18 -1 #SUP: 52
8 -1 18 -1 71 -1 8 -1 8 -1 71 -1 #SUP: 32
8 -1 18 -1 71 -1 8 -1 14 -1 #SUP: 71
8 -1 18 -1 71 -1 8 -1 14 -1 8 -1 #SUP: 45
8 -1 18 -1 71 -1 8 -1 14 -1 18 -1 #SUP: 42
8 -1 18 -1 71 -1 8 -1 18 -1 #SUP: 112
8 -1 18 -1 71 -1 8 -1 18 -1 8 -1 #SUP: 65
8 -1 18 -1 71 -1 8 -1 18 -1 8 -1 8 -1 #SUP: 33
8 -1 18 -1 71 -1 8 -1 18 -1 8 -1 18 -1 #SUP: 43
8 -1 18 -1 71 -1 8 -1 18 -1 14 -1 #SUP: 40
8 -1 18 -1 71 -1 8 -1 18 -1 18 -1 #SUP: 56
8 -1 18 -1 71 -1 8 -1 18 -1 71 -1 #SUP: 40
8 -1 18 -1 71 -1 8 -1 21 -1 #SUP: 31
8 -1 18 -1 71 -1 8 -1 29 -1 #SUP: 33
8 -1 18 -1 71 -1 8 -1 71 -1 #SUP: 62
8 -1 18 -1 71 -1 8 -1 71 -1 8 -1 #SUP: 38
8 -1 18 -1 71 -1 8 -1 71 -1 18 -1 #SUP: 32
8 -1 18 -1 71 -1 8 -1 92 -1 #SUP: 32
8 -1 18 -1 71 -1 14 -1 #SUP: 124
8 -1 18 -1 71 -1 14 -1 8 -1 #SUP: 73
8 -1 18 -1 71 -1 14 -1 8 -1 8 -1 #SUP: 33
8 -1 18 -1 71 -1 14 -1 8 -1 18 -1 #SUP: 53
8 -1 18 -1 71 -1 14 -1 14 -1 #SUP: 43
8 -1 18 -1 71 -1 14 -1 18 -1 #SUP: 72
8 -1 18 -1 71 -1 14 -1 18 -1 8 -1 #SUP: 40
8 -1 18 -1 71 -1 14 -1 18 -1 18 -1 #SUP: 31
8 -1 18 -1 71 -1 14 -1 71 -1 #SUP: 55
8 -1 18 -1 71 -1 14 -1 71 -1 8 -1 #SUP: 33
8 -1 18 -1 71 -1 17 -1 #SUP: 69
8 -1 18 -1 71 -1 18 -1 #SUP: 151
8 -1 18 -1 71 -1 18 -1 8 -1 #SUP: 80
8 -1 18 -1 71 -1 18 -1 8 -1 8 -1 #SUP: 40
8 -1 18 -1 71 -1 18 -1 8 -1 14 -1 #SUP: 35
8 -1 18 -1 71 -1 18 -1 8 -1 18 -1 #SUP: 50
8 -1 18 -1 71 -1 18 -1 14 -1 #SUP: 55
8 -1 18 -1 71 -1 18 -1 14 -1 8 -1 #SUP: 36
8 -1 18 -1 71 -1 18 -1 14 -1 18 -1 #SUP: 30
8 -1 18 -1 71 -1 18 -1 17 -1 #SUP: 32
8 -1 18 -1 71 -1 18 -1 18 -1 #SUP: 73
8 -1 18 -1 71 -1 18 -1 18 -1 8 -1 #SUP: 33
8 -1 18 -1 71 -1 18 -1 18 -1 18 -1 #SUP: 30
8 -1 18 -1 71 -1 18 -1 29 -1 #SUP: 35
8 -1 18 -1 71 -1 18 -1 71 -1 #SUP: 59
8 -1 18 -1 71 -1 18 -1 71 -1 8 -1 #SUP: 35
8 -1 18 -1 71 -1 18 -1 71 -1 18 -1 #SUP: 32
8 -1 18 -1 71 -1 20 -1 #SUP: 51
8 -1 18 -1 71 -1 21 -1 #SUP: 71
8 -1 18 -1 71 -1 21 -1 8 -1 #SUP: 46
8 -1 18 -1 71 -1 21 -1 8 -1 18 -1 #SUP: 30
8 -1 18 -1 71 -1 21 -1 18 -1 #SUP: 42
8 -1 18 -1 71 -1 29 -1 #SUP: 73
8 -1 18 -1 71 -1 29 -1 8 -1 #SUP: 38
8 -1 18 -1 71 -1 29 -1 18 -1 #SUP: 37
8 -1 18 -1 71 -1 30 -1 #SUP: 40
8 -1 18 -1 71 -1 290 -1 #SUP: 71
8 -1 18 -1 71 -1 290 -1 8 -1 #SUP: 32
8 -1 18 -1 71 -1 290 -1 18 -1 #SUP: 36
8 -1 18 -1 71 -1 39 -1 #SUP: 39
8 -1 18 -1 71 -1 40 -1 #SUP: 53
8 -1 18 -1 71 -1 40 -1 18 -1 #SUP: 32
8 -1 18 -1 71 -1 52 -1 #SUP: 36
8 -1 18 -1 71 -1 318 -1 #SUP: 40
8 -1 18 -1 71 -1 71 -1 #SUP: 127
8 -1 18 -1 71 -1 71 -1 8 -1 #SUP: 64
8 -1 18 -1 71 -1 71 -1 8 -1 8 -1 #SUP: 33
8 -1 18 -1 71 -1 71 -1 8 -1 18 -1 #SUP: 43
8 -1 18 -1 71 -1 71 -1 14 -1 #SUP: 47
8 -1 18 -1 71 -1 71 -1 18 -1 #SUP: 58
8 -1 18 -1 71 -1 71 -1 18 -1 8 -1 #SUP: 33
8 -1 18 -1 71 -1 71 -1 18 -1 18 -1 #SUP: 30
8 -1 18 -1 71 -1 71 -1 71 -1 #SUP: 46
8 -1 18 -1 71 -1 71 -1 71 -1 8 -1 #SUP: 30
8 -1 18 -1 71 -1 92 -1 #SUP: 74
8 -1 18 -1 71 -1 92 -1 8 -1 #SUP: 32
8 -1 18 -1 71 -1 92 -1 18 -1 #SUP: 32
8 -1 18 -1 71 -1 96 -1 #SUP: 51
8 -1 18 -1 71 -1 96 -1 8 -1 #SUP: 31
8 -1 18 -1 71 -1 103 -1 #SUP: 36
8 -1 18 -1 71 -1 122 -1 #SUP: 34
8 -1 18 -1 71 -1 124 -1 #SUP: 34
8 -1 18 -1 71 -1 206 -1 #SUP: 37
8 -1 18 -1 71 -1 219 -1 #SUP: 48
8 -1 18 -1 71 -1 227 -1 #SUP: 38
8 -1 18 -1 74 -1 #SUP: 51
8 -1 18 -1 74 -1 20 -1 #SUP: 31
8 -1 18 -1 75 -1 #SUP: 33
8 -1 18 -1 591 -1 #SUP: 32
8 -1 18 -1 90 -1 #SUP: 43
8 -1 18 -1 347 -1 #SUP: 44
8 -1 18 -1 92 -1 #SUP: 179
8 -1 18 -1 92 -1 3 -1 #SUP: 35
8 -1 18 -1 92 -1 8 -1 #SUP: 92
8 -1 18 -1 92 -1 8 -1 8 -1 #SUP: 52
8 -1 18 -1 92 -1 8 -1 8 -1 18 -1 #SUP: 30
8 -1 18 -1 92 -1 8 -1 14 -1 #SUP: 35
8 -1 18 -1 92 -1 8 -1 18 -1 #SUP: 60
8 -1 18 -1 92 -1 8 -1 18 -1 8 -1 #SUP: 35
8 -1 18 -1 92 -1 14 -1 #SUP: 67
8 -1 18 -1 92 -1 14 -1 8 -1 #SUP: 35
8 -1 18 -1 92 -1 14 -1 18 -1 #SUP: 38
8 -1 18 -1 92 -1 17 -1 #SUP: 48
8 -1 18 -1 92 -1 18 -1 #SUP: 101
8 -1 18 -1 92 -1 18 -1 8 -1 #SUP: 51
8 -1 18 -1 92 -1 18 -1 14 -1 #SUP: 38
8 -1 18 -1 92 -1 18 -1 18 -1 #SUP: 45
8 -1 18 -1 92 -1 18 -1 71 -1 #SUP: 30
8 -1 18 -1 92 -1 20 -1 #SUP: 31
8 -1 18 -1 92 -1 21 -1 #SUP: 53
8 -1 18 -1 92 -1 21 -1 8 -1 #SUP: 31
8 -1 18 -1 92 -1 29 -1 #SUP: 41
8 -1 18 -1 92 -1 290 -1 #SUP: 32
8 -1 18 -1 92 -1 40 -1 #SUP: 39
8 -1 18 -1 92 -1 71 -1 #SUP: 65
8 -1 18 -1 92 -1 71 -1 8 -1 #SUP: 36
8 -1 18 -1 92 -1 92 -1 #SUP: 59
8 -1 18 -1 92 -1 96 -1 #SUP: 35
8 -1 18 -1 604 -1 #SUP: 41
8 -1 18 -1 96 -1 #SUP: 167
8 -1 18 -1 96 -1 3 -1 #SUP: 31
8 -1 18 -1 96 -1 8 -1 #SUP: 93
8 -1 18 -1 96 -1 8 -1 8 -1 #SUP: 35
8 -1 18 -1 96 -1 8 -1 14 -1 #SUP: 36
8 -1 18 -1 96 -1 8 -1 18 -1 #SUP: 61
8 -1 18 -1 96 -1 14 -1 #SUP: 66
8 -1 18 -1 96 -1 14 -1 18 -1 #SUP: 35
8 -1 18 -1 96 -1 17 -1 #SUP: 67
8 -1 18 -1 96 -1 18 -1 #SUP: 89
8 -1 18 -1 96 -1 18 -1 8 -1 #SUP: 40
8 -1 18 -1 96 -1 18 -1 14 -1 #SUP: 34
8 -1 18 -1 96 -1 18 -1 18 -1 #SUP: 31
8 -1 18 -1 96 -1 21 -1 #SUP: 44
8 -1 18 -1 96 -1 29 -1 #SUP: 41
8 -1 18 -1 96 -1 40 -1 #SUP: 33
8 -1 18 -1 96 -1 71 -1 #SUP: 56
8 -1 18 -1 101 -1 #SUP: 39
8 -1 18 -1 103 -1 #SUP: 90
8 -1 18 -1 103 -1 8 -1 #SUP: 53
8 -1 18 -1 103 -1 8 -1 18 -1 #SUP: 42
8 -1 18 -1 103 -1 14 -1 #SUP: 32
8 -1 18 -1 103 -1 18 -1 #SUP: 53
8 -1 18 -1 103 -1 71 -1 #SUP: 32
8 -1 18 -1 117 -1 #SUP: 34
8 -1 18 -1 122 -1 #SUP: 86
8 -1 18 -1 122 -1 8 -1 #SUP: 33
8 -1 18 -1 122 -1 14 -1 #SUP: 30
8 -1 18 -1 122 -1 18 -1 #SUP: 33
8 -1 18 -1 122 -1 71 -1 #SUP: 33
8 -1 18 -1 124 -1 #SUP: 101
8 -1 18 -1 124 -1 8 -1 #SUP: 60
8 -1 18 -1 124 -1 8 -1 8 -1 #SUP: 30
8 -1 18 -1 124 -1 8 -1 18 -1 #SUP: 42
8 -1 18 -1 124 -1 14 -1 #SUP: 39
8 -1 18 -1 124 -1 18 -1 #SUP: 50
8 -1 18 -1 124 -1 18 -1 8 -1 #SUP: 32
8 -1 18 -1 124 -1 21 -1 #SUP: 34
8 -1 18 -1 124 -1 71 -1 #SUP: 47
8 -1 18 -1 381 -1 #SUP: 32
8 -1 18 -1 125 -1 #SUP: 34
8 -1 18 -1 126 -1 #SUP: 46
8 -1 18 -1 905 -1 #SUP: 31
8 -1 18 -1 147 -1 #SUP: 38
8 -1 18 -1 153 -1 #SUP: 34
8 -1 18 -1 161 -1 #SUP: 31
8 -1 18 -1 934 -1 #SUP: 38
8 -1 18 -1 174 -1 #SUP: 59
8 -1 18 -1 186 -1 #SUP: 54
8 -1 18 -1 197 -1 #SUP: 49
8 -1 18 -1 206 -1 #SUP: 100
8 -1 18 -1 206 -1 8 -1 #SUP: 52
8 -1 18 -1 206 -1 8 -1 18 -1 #SUP: 43
8 -1 18 -1 206 -1 14 -1 #SUP: 38
8 -1 18 -1 206 -1 18 -1 #SUP: 54
8 -1 18 -1 206 -1 21 -1 #SUP: 31
8 -1 18 -1 206 -1 71 -1 #SUP: 39
8 -1 18 -1 212 -1 #SUP: 61
8 -1 18 -1 212 -1 8 -1 #SUP: 30
8 -1 18 -1 219 -1 #SUP: 101
8 -1 18 -1 219 -1 8 -1 #SUP: 43
8 -1 18 -1 219 -1 8 -1 18 -1 #SUP: 32
8 -1 18 -1 219 -1 14 -1 #SUP: 34
8 -1 18 -1 219 -1 18 -1 #SUP: 44
8 -1 18 -1 219 -1 71 -1 #SUP: 40
8 -1 18 -1 219 -1 227 -1 #SUP: 30
8 -1 18 -1 224 -1 #SUP: 92
8 -1 18 -1 224 -1 8 -1 #SUP: 48
8 -1 18 -1 224 -1 14 -1 #SUP: 37
8 -1 18 -1 224 -1 18 -1 #SUP: 45
8 -1 18 -1 224 -1 18 -1 8 -1 #SUP: 30
8 -1 18 -1 224 -1 71 -1 #SUP: 44
8 -1 18 -1 224 -1 225 -1 #SUP: 37
8 -1 18 -1 225 -1 #SUP: 56
8 -1 18 -1 227 -1 #SUP: 106
8 -1 18 -1 227 -1 8 -1 #SUP: 40
8 -1 18 -1 227 -1 8 -1 18 -1 #SUP: 32
8 -1 18 -1 227 -1 14 -1 #SUP: 40
8 -1 18 -1 227 -1 18 -1 #SUP: 46
8 -1 18 -1 227 -1 71 -1 #SUP: 35
8 -1 18 -1 227 -1 227 -1 #SUP: 31
8 -1 274 -1 #SUP: 35
8 -1 19 -1 #SUP: 115
8 -1 19 -1 8 -1 #SUP: 58
8 -1 19 -1 8 -1 18 -1 #SUP: 38
8 -1 19 -1 14 -1 #SUP: 51
8 -1 19 -1 17 -1 #SUP: 35
8 -1 19 -1 18 -1 #SUP: 57
8 -1 19 -1 21 -1 #SUP: 35
8 -1 19 -1 71 -1 #SUP: 51
8 -1 19 -1 92 -1 #SUP: 30
8 -1 19 -1 122 -1 #SUP: 31
8 -1 20 -1 #SUP: 204
8 -1 20 -1 3 -1 #SUP: 30
8 -1 20 -1 8 -1 #SUP: 111
8 -1 20 -1 8 -1 8 -1 #SUP: 54
8 -1 20 -1 8 -1 8 -1 18 -1 #SUP: 31
8 -1 20 -1 8 -1 14 -1 #SUP: 48
8 -1 20 -1 8 -1 18 -1 #SUP: 66
8 -1 20 -1 8 -1 18 -1 8 -1 #SUP: 31
8 -1 20 -1 8 -1 71 -1 #SUP: 33
8 -1 20 -1 14 -1 #SUP: 90
8 -1 20 -1 14 -1 8 -1 #SUP: 45
8 -1 20 -1 14 -1 18 -1 #SUP: 46
8 -1 20 -1 17 -1 #SUP: 59
8 -1 20 -1 18 -1 #SUP: 96
8 -1 20 -1 18 -1 8 -1 #SUP: 47
8 -1 20 -1 18 -1 14 -1 #SUP: 34
8 -1 20 -1 18 -1 18 -1 #SUP: 41
8 -1 20 -1 20 -1 #SUP: 45
8 -1 20 -1 21 -1 #SUP: 60
8 -1 20 -1 21 -1 8 -1 #SUP: 36
8 -1 20 -1 29 -1 #SUP: 52
8 -1 20 -1 30 -1 #SUP: 37
8 -1 20 -1 40 -1 #SUP: 56
8 -1 20 -1 71 -1 #SUP: 70
8 -1 20 -1 71 -1 8 -1 #SUP: 36
8 -1 20 -1 92 -1 #SUP: 50
8 -1 20 -1 96 -1 #SUP: 32
8 -1 20 -1 124 -1 #SUP: 32
8 -1 20 -1 219 -1 #SUP: 34
8 -1 276 -1 #SUP: 46
8 -1 21 -1 #SUP: 341
8 -1 21 -1 3 -1 #SUP: 54
8 -1 21 -1 3 -1 8 -1 #SUP: 32
8 -1 21 -1 8 -1 #SUP: 235
8 -1 21 -1 8 -1 3 -1 #SUP: 32
8 -1 21 -1 8 -1 8 -1 #SUP: 134
8 -1 21 -1 8 -1 8 -1 8 -1 #SUP: 54
8 -1 21 -1 8 -1 8 -1 8 -1 18 -1 #SUP: 33
8 -1 21 -1 8 -1 8 -1 14 -1 #SUP: 52
8 -1 21 -1 8 -1 8 -1 17 -1 #SUP: 32
8 -1 21 -1 8 -1 8 -1 18 -1 #SUP: 80
8 -1 21 -1 8 -1 8 -1 18 -1 8 -1 #SUP: 40
8 -1 21 -1 8 -1 8 -1 18 -1 14 -1 #SUP: 30
8 -1 21 -1 8 -1 8 -1 18 -1 18 -1 #SUP: 31
8 -1 21 -1 8 -1 8 -1 21 -1 #SUP: 34
8 -1 21 -1 8 -1 8 -1 71 -1 #SUP: 38
8 -1 21 -1 8 -1 14 -1 #SUP: 95
8 -1 21 -1 8 -1 14 -1 8 -1 #SUP: 58
8 -1 21 -1 8 -1 14 -1 8 -1 18 -1 #SUP: 39
8 -1 21 -1 8 -1 14 -1 18 -1 #SUP: 52
8 -1 21 -1 8 -1 17 -1 #SUP: 56
8 -1 21 -1 8 -1 18 -1 #SUP: 155
8 -1 21 -1 8 -1 18 -1 8 -1 #SUP: 90
8 -1 21 -1 8 -1 18 -1 8 -1 8 -1 #SUP: 38
8 -1 21 -1 8 -1 18 -1 8 -1 14 -1 #SUP: 35
8 -1 21 -1 8 -1 18 -1 8 -1 18 -1 #SUP: 58
8 -1 21 -1 8 -1 18 -1 14 -1 #SUP: 59
8 -1 21 -1 8 -1 18 -1 14 -1 8 -1 #SUP: 34
8 -1 21 -1 8 -1 18 -1 14 -1 18 -1 #SUP: 34
8 -1 21 -1 8 -1 18 -1 17 -1 #SUP: 32
8 -1 21 -1 8 -1 18 -1 18 -1 #SUP: 74
8 -1 21 -1 8 -1 18 -1 18 -1 8 -1 #SUP: 36
8 -1 21 -1 8 -1 18 -1 18 -1 18 -1 #SUP: 30
8 -1 21 -1 8 -1 18 -1 21 -1 #SUP: 39
8 -1 21 -1 8 -1 18 -1 29 -1 #SUP: 31
8 -1 21 -1 8 -1 18 -1 71 -1 #SUP: 41
8 -1 21 -1 8 -1 21 -1 #SUP: 64
8 -1 21 -1 8 -1 21 -1 8 -1 #SUP: 37
8 -1 21 -1 8 -1 21 -1 18 -1 #SUP: 35
8 -1 21 -1 8 -1 29 -1 #SUP: 48
8 -1 21 -1 8 -1 40 -1 #SUP: 35
8 -1 21 -1 8 -1 71 -1 #SUP: 65
8 -1 21 -1 8 -1 71 -1 8 -1 #SUP: 40
8 -1 21 -1 8 -1 92 -1 #SUP: 40
8 -1 21 -1 8 -1 96 -1 #SUP: 36
8 -1 21 -1 14 -1 #SUP: 139
8 -1 21 -1 14 -1 8 -1 #SUP: 85
8 -1 21 -1 14 -1 8 -1 8 -1 #SUP: 45
8 -1 21 -1 14 -1 8 -1 14 -1 #SUP: 36
8 -1 21 -1 14 -1 8 -1 18 -1 #SUP: 57
8 -1 21 -1 14 -1 8 -1 18 -1 8 -1 #SUP: 30
8 -1 21 -1 14 -1 14 -1 #SUP: 43
8 -1 21 -1 14 -1 17 -1 #SUP: 30
8 -1 21 -1 14 -1 18 -1 #SUP: 82
8 -1 21 -1 14 -1 18 -1 8 -1 #SUP: 44
8 -1 21 -1 14 -1 18 -1 18 -1 #SUP: 33
8 -1 21 -1 14 -1 21 -1 #SUP: 44
8 -1 21 -1 14 -1 29 -1 #SUP: 32
8 -1 21 -1 14 -1 71 -1 #SUP: 45
8 -1 21 -1 17 -1 #SUP: 96
8 -1 21 -1 17 -1 8 -1 #SUP: 47
8 -1 21 -1 17 -1 14 -1 #SUP: 37
8 -1 21 -1 17 -1 18 -1 #SUP: 44
8 -1 21 -1 18 -1 #SUP: 194
8 -1 21 -1 18 -1 8 -1 #SUP: 113
8 -1 21 -1 18 -1 8 -1 8 -1 #SUP: 56
8 -1 21 -1 18 -1 8 -1 8 -1 18 -1 #SUP: 33
8 -1 21 -1 18 -1 8 -1 14 -1 #SUP: 46
8 -1 21 -1 18 -1 8 -1 18 -1 #SUP: 71
8 -1 21 -1 18 -1 8 -1 18 -1 8 -1 #SUP: 38
8 -1 21 -1 18 -1 8 -1 21 -1 #SUP: 31
8 -1 21 -1 18 -1 8 -1 71 -1 #SUP: 33
8 -1 21 -1 18 -1 14 -1 #SUP: 74
8 -1 21 -1 18 -1 14 -1 8 -1 #SUP: 45
8 -1 21 -1 18 -1 14 -1 8 -1 18 -1 #SUP: 30
8 -1 21 -1 18 -1 14 -1 18 -1 #SUP: 44
8 -1 21 -1 18 -1 17 -1 #SUP: 39
8 -1 21 -1 18 -1 18 -1 #SUP: 92
8 -1 21 -1 18 -1 18 -1 8 -1 #SUP: 49
8 -1 21 -1 18 -1 18 -1 8 -1 18 -1 #SUP: 32
8 -1 21 -1 18 -1 18 -1 14 -1 #SUP: 34
8 -1 21 -1 18 -1 18 -1 18 -1 #SUP: 45
8 -1 21 -1 18 -1 21 -1 #SUP: 52
8 -1 21 -1 18 -1 21 -1 8 -1 #SUP: 30
8 -1 21 -1 18 -1 21 -1 18 -1 #SUP: 32
8 -1 21 -1 18 -1 29 -1 #SUP: 43
8 -1 21 -1 18 -1 30 -1 #SUP: 30
8 -1 21 -1 18 -1 290 -1 #SUP: 34
8 -1 21 -1 18 -1 40 -1 #SUP: 34
8 -1 21 -1 18 -1 71 -1 #SUP: 54
8 -1 21 -1 18 -1 71 -1 8 -1 #SUP: 30
8 -1 21 -1 18 -1 227 -1 #SUP: 30
8 -1 21 -1 20 -1 #SUP: 61
8 -1 21 -1 20 -1 8 -1 #SUP: 33
8 -1 21 -1 21 -1 #SUP: 101
8 -1 21 -1 21 -1 8 -1 #SUP: 59
8 -1 21 -1 21 -1 8 -1 8 -1 #SUP: 38
8 -1 21 -1 21 -1 8 -1 18 -1 #SUP: 44
8 -1 21 -1 21 -1 14 -1 #SUP: 31
8 -1 21 -1 21 -1 18 -1 #SUP: 58
8 -1 21 -1 21 -1 18 -1 8 -1 #SUP: 33
8 -1 21 -1 21 -1 71 -1 #SUP: 31
8 -1 21 -1 23 -1 #SUP: 30
8 -1 21 -1 29 -1 #SUP: 85
8 -1 21 -1 29 -1 8 -1 #SUP: 46
8 -1 21 -1 29 -1 14 -1 #SUP: 30
8 -1 21 -1 29 -1 18 -1 #SUP: 43
8 -1 21 -1 30 -1 #SUP: 54
8 -1 21 -1 30 -1 8 -1 #SUP: 31
8 -1 21 -1 290 -1 #SUP: 54
8 -1 21 -1 39 -1 #SUP: 44
8 -1 21 -1 40 -1 #SUP: 72
8 -1 21 -1 40 -1 8 -1 #SUP: 38
8 -1 21 -1 40 -1 18 -1 #SUP: 44
8 -1 21 -1 52 -1 #SUP: 45
8 -1 21 -1 54 -1 #SUP: 36
8 -1 21 -1 71 -1 #SUP: 116
8 -1 21 -1 71 -1 8 -1 #SUP: 69
8 -1 21 -1 71 -1 8 -1 8 -1 #SUP: 32
8 -1 21 -1 71 -1 8 -1 18 -1 #SUP: 37
8 -1 21 -1 71 -1 14 -1 #SUP: 44
8 -1 21 -1 71 -1 18 -1 #SUP: 53
8 -1 21 -1 71 -1 18 -1 8 -1 #SUP: 32
8 -1 21 -1 71 -1 71 -1 #SUP: 46
8 -1 21 -1 92 -1 #SUP: 80
8 -1 21 -1 92 -1 8 -1 #SUP: 43
8 -1 21 -1 92 -1 18 -1 #SUP: 39
8 -1 21 -1 96 -1 #SUP: 56
8 -1 21 -1 96 -1 8 -1 #SUP: 34
8 -1 21 -1 96 -1 18 -1 #SUP: 33
8 -1 21 -1 103 -1 #SUP: 32
8 -1 21 -1 122 -1 #SUP: 32
8 -1 21 -1 124 -1 #SUP: 40
8 -1 21 -1 206 -1 #SUP: 32
8 -1 21 -1 219 -1 #SUP: 43
8 -1 21 -1 224 -1 #SUP: 44
8 -1 21 -1 227 -1 #SUP: 49
8 -1 22 -1 #SUP: 32
8 -1 23 -1 #SUP: 128
8 -1 23 -1 8 -1 #SUP: 54
8 -1 23 -1 8 -1 14 -1 #SUP: 31
8 -1 23 -1 8 -1 18 -1 #SUP: 37
8 -1 23 -1 14 -1 #SUP: 51
8 -1 23 -1 18 -1 #SUP: 69
8 -1 23 -1 18 -1 18 -1 #SUP: 30
8 -1 23 -1 71 -1 #SUP: 49
8 -1 23 -1 92 -1 #SUP: 31
8 -1 24 -1 #SUP: 50
8 -1 25 -1 #SUP: 74
8 -1 25 -1 8 -1 #SUP: 45
8 -1 25 -1 18 -1 #SUP: 33
8 -1 25 -1 71 -1 #SUP: 32
8 -1 537 -1 #SUP: 43
8 -1 537 -1 18 -1 #SUP: 36
8 -1 26 -1 #SUP: 52
8 -1 27 -1 #SUP: 56
8 -1 27 -1 8 -1 #SUP: 37
8 -1 27 -1 18 -1 #SUP: 34
8 -1 29 -1 #SUP: 349
8 -1 29 -1 3 -1 #SUP: 77
8 -1 29 -1 3 -1 8 -1 #SUP: 43
8 -1 29 -1 3 -1 18 -1 #SUP: 36
8 -1 29 -1 8 -1 #SUP: 203
8 -1 29 -1 8 -1 3 -1 #SUP: 31
8 -1 29 -1 8 -1 8 -1 #SUP: 98
8 -1 29 -1 8 -1 8 -1 8 -1 #SUP: 42
8 -1 29 -1 8 -1 8 -1 14 -1 #SUP: 41
8 -1 29 -1 8 -1 8 -1 18 -1 #SUP: 62
8 -1 29 -1 8 -1 14 -1 #SUP: 78
8 -1 29 -1 8 -1 14 -1 8 -1 #SUP: 44
8 -1 29 -1 8 -1 14 -1 8 -1 18 -1 #SUP: 31
8 -1 29 -1 8 -1 14 -1 18 -1 #SUP: 41
8 -1 29 -1 8 -1 17 -1 #SUP: 51
8 -1 29 -1 8 -1 18 -1 #SUP: 118
8 -1 29 -1 8 -1 18 -1 8 -1 #SUP: 63
8 -1 29 -1 8 -1 18 -1 8 -1 18 -1 #SUP: 45
8 -1 29 -1 8 -1 18 -1 14 -1 #SUP: 50
8 -1 29 -1 8 -1 18 -1 18 -1 #SUP: 60
8 -1 29 -1 8 -1 18 -1 71 -1 #SUP: 36
8 -1 29 -1 8 -1 21 -1 #SUP: 39
8 -1 29 -1 8 -1 29 -1 #SUP: 48
8 -1 29 -1 8 -1 40 -1 #SUP: 31
8 -1 29 -1 8 -1 71 -1 #SUP: 57
8 -1 29 -1 8 -1 92 -1 #SUP: 37
8 -1 29 -1 8 -1 96 -1 #SUP: 32
8 -1 29 -1 265 -1 #SUP: 42
8 -1 29 -1 14 -1 #SUP: 144
8 -1 29 -1 14 -1 8 -1 #SUP: 68
8 -1 29 -1 14 -1 8 -1 18 -1 #SUP: 42
8 -1 29 -1 14 -1 14 -1 #SUP: 47
8 -1 29 -1 14 -1 17 -1 #SUP: 32
8 -1 29 -1 14 -1 18 -1 #SUP: 61
8 -1 29 -1 14 -1 29 -1 #SUP: 30
8 -1 29 -1 14 -1 71 -1 #SUP: 48
8 -1 29 -1 17 -1 #SUP: 145
8 -1 29 -1 17 -1 8 -1 #SUP: 65
8 -1 29 -1 17 -1 8 -1 18 -1 #SUP: 40
8 -1 29 -1 17 -1 14 -1 #SUP: 59
8 -1 29 -1 17 -1 17 -1 #SUP: 31
8 -1 29 -1 17 -1 18 -1 #SUP: 72
8 -1 29 -1 17 -1 29 -1 #SUP: 31
8 -1 29 -1 17 -1 40 -1 #SUP: 32
8 -1 29 -1 17 -1 71 -1 #SUP: 51
8 -1 29 -1 18 -1 #SUP: 179
8 -1 29 -1 18 -1 8 -1 #SUP: 90
8 -1 29 -1 18 -1 8 -1 8 -1 #SUP: 35
8 -1 29 -1 18 -1 8 -1 14 -1 #SUP: 40
8 -1 29 -1 18 -1 8 -1 18 -1 #SUP: 55
8 -1 29 -1 18 -1 14 -1 #SUP: 70
8 -1 29 -1 18 -1 14 -1 8 -1 #SUP: 35
8 -1 29 -1 18 -1 14 -1 18 -1 #SUP: 38
8 -1 29 -1 18 -1 17 -1 #SUP: 39
8 -1 29 -1 18 -1 18 -1 #SUP: 85
8 -1 29 -1 18 -1 18 -1 8 -1 #SUP: 34
8 -1 29 -1 18 -1 18 -1 18 -1 #SUP: 37
8 -1 29 -1 18 -1 21 -1 #SUP: 35
8 -1 29 -1 18 -1 29 -1 #SUP: 48
8 -1 29 -1 18 -1 40 -1 #SUP: 31
8 -1 29 -1 18 -1 71 -1 #SUP: 57
8 -1 29 -1 18 -1 96 -1 #SUP: 31
8 -1 29 -1 18 -1 227 -1 #SUP: 33
8 -1 29 -1 19 -1 #SUP: 34
8 -1 29 -1 20 -1 #SUP: 55
8 -1 29 -1 21 -1 #SUP: 102
8 -1 29 -1 21 -1 8 -1 #SUP: 66
8 -1 29 -1 21 -1 8 -1 8 -1 #SUP: 36
8 -1 29 -1 21 -1 8 -1 18 -1 #SUP: 41
8 -1 29 -1 21 -1 14 -1 #SUP: 37
8 -1 29 -1 21 -1 18 -1 #SUP: 57
8 -1 29 -1 21 -1 71 -1 #SUP: 35
8 -1 29 -1 23 -1 #SUP: 34
8 -1 29 -1 29 -1 #SUP: 92
8 -1 29 -1 29 -1 8 -1 #SUP: 42
8 -1 29 -1 29 -1 14 -1 #SUP: 31
8 -1 29 -1 29 -1 18 -1 #SUP: 39
8 -1 29 -1 29 -1 71 -1 #SUP: 34
8 -1 29 -1 30 -1 #SUP: 70
8 -1 29 -1 290 -1 #SUP: 72
8 -1 29 -1 290 -1 8 -1 #SUP: 35
8 -1 29 -1 292 -1 #SUP: 33
8 -1 29 -1 39 -1 #SUP: 54
8 -1 29 -1 40 -1 #SUP: 78
8 -1 29 -1 40 -1 8 -1 #SUP: 30
8 -1 29 -1 40 -1 18 -1 #SUP: 35
8 -1 29 -1 52 -1 #SUP: 58
8 -1 29 -1 54 -1 #SUP: 34
8 -1 29 -1 318 -1 #SUP: 43
8 -1 29 -1 63 -1 #SUP: 30
8 -1 29 -1 71 -1 #SUP: 138
8 -1 29 -1 71 -1 8 -1 #SUP: 74
8 -1 29 -1 71 -1 8 -1 8 -1 #SUP: 31
8 -1 29 -1 71 -1 8 -1 14 -1 #SUP: 32
8 -1 29 -1 71 -1 8 -1 18 -1 #SUP: 44
8 -1 29 -1 71 -1 14 -1 #SUP: 55
8 -1 29 -1 71 -1 17 -1 #SUP: 30
8 -1 29 -1 71 -1 18 -1 #SUP: 66
8 -1 29 -1 71 -1 18 -1 18 -1 #SUP: 31
8 -1 29 -1 71 -1 29 -1 #SUP: 36
8 -1 29 -1 71 -1 290 -1 #SUP: 33
8 -1 29 -1 71 -1 71 -1 #SUP: 53
8 -1 29 -1 71 -1 92 -1 #SUP: 31
8 -1 29 -1 92 -1 #SUP: 79
8 -1 29 -1 92 -1 8 -1 #SUP: 38
8 -1 29 -1 92 -1 18 -1 #SUP: 32
8 -1 29 -1 96 -1 #SUP: 84
8 -1 29 -1 96 -1 8 -1 #SUP: 41
8 -1 29 -1 96 -1 14 -1 #SUP: 31
8 -1 29 -1 96 -1 17 -1 #SUP: 31
8 -1 29 -1 96 -1 18 -1 #SUP: 35
8 -1 29 -1 103 -1 #SUP: 40
8 -1 29 -1 122 -1 #SUP: 34
8 -1 29 -1 124 -1 #SUP: 46
8 -1 29 -1 206 -1 #SUP: 33
8 -1 29 -1 219 -1 #SUP: 50
8 -1 29 -1 224 -1 #SUP: 30
8 -1 29 -1 227 -1 #SUP: 49
8 -1 30 -1 #SUP: 195
8 -1 30 -1 8 -1 #SUP: 89
8 -1 30 -1 8 -1 8 -1 #SUP: 44
8 -1 30 -1 8 -1 14 -1 #SUP: 30
8 -1 30 -1 8 -1 18 -1 #SUP: 52
8 -1 30 -1 14 -1 #SUP: 67
8 -1 30 -1 14 -1 8 -1 #SUP: 32
8 -1 30 -1 17 -1 #SUP: 85
8 -1 30 -1 17 -1 8 -1 #SUP: 43
8 -1 30 -1 17 -1 14 -1 #SUP: 34
8 -1 30 -1 17 -1 18 -1 #SUP: 31
8 -1 30 -1 18 -1 #SUP: 78
8 -1 30 -1 18 -1 8 -1 #SUP: 39
8 -1 30 -1 20 -1 #SUP: 32
8 -1 30 -1 21 -1 #SUP: 43
8 -1 30 -1 29 -1 #SUP: 48
8 -1 30 -1 30 -1 #SUP: 36
8 -1 30 -1 290 -1 #SUP: 40
8 -1 30 -1 40 -1 #SUP: 41
8 -1 30 -1 52 -1 #SUP: 38
8 -1 30 -1 71 -1 #SUP: 61
8 -1 30 -1 71 -1 8 -1 #SUP: 31
8 -1 30 -1 92 -1 #SUP: 45
8 -1 31 -1 #SUP: 45
8 -1 32 -1 #SUP: 40
8 -1 33 -1 #SUP: 60
8 -1 33 -1 8 -1 #SUP: 30
8 -1 33 -1 18 -1 #SUP: 37
8 -1 290 -1 #SUP: 212
8 -1 290 -1 3 -1 #SUP: 53
8 -1 290 -1 8 -1 #SUP: 121
8 -1 290 -1 8 -1 8 -1 #SUP: 77
8 -1 290 -1 8 -1 8 -1 8 -1 #SUP: 40
8 -1 290 -1 8 -1 8 -1 14 -1 #SUP: 30
8 -1 290 -1 8 -1 8 -1 18 -1 #SUP: 43
8 -1 290 -1 8 -1 14 -1 #SUP: 46
8 -1 290 -1 8 -1 17 -1 #SUP: 32
8 -1 290 -1 8 -1 18 -1 #SUP: 82
8 -1 290 -1 8 -1 18 -1 8 -1 #SUP: 59
8 -1 290 -1 8 -1 18 -1 8 -1 18 -1 #SUP: 35
8 -1 290 -1 8 -1 18 -1 14 -1 #SUP: 30
8 -1 290 -1 8 -1 18 -1 18 -1 #SUP: 42
8 -1 290 -1 8 -1 21 -1 #SUP: 33
8 -1 290 -1 8 -1 29 -1 #SUP: 35
8 -1 290 -1 8 -1 71 -1 #SUP: 41
8 -1 290 -1 14 -1 #SUP: 87
8 -1 290 -1 14 -1 8 -1 #SUP: 50
8 -1 290 -1 14 -1 18 -1 #SUP: 42
8 -1 290 -1 14 -1 71 -1 #SUP: 31
8 -1 290 -1 17 -1 #SUP: 58
8 -1 290 -1 18 -1 #SUP: 114
8 -1 290 -1 18 -1 8 -1 #SUP: 74
8 -1 290 -1 18 -1 8 -1 8 -1 #SUP: 41
8 -1 290 -1 18 -1 8 -1 18 -1 #SUP: 44
8 -1 290 -1 18 -1 14 -1 #SUP: 45
8 -1 290 -1 18 -1 18 -1 #SUP: 58
8 -1 290 -1 18 -1 18 -1 8 -1 #SUP: 32
8 -1 290 -1 18 -1 18 -1 18 -1 #SUP: 31
8 -1 290 -1 18 -1 21 -1 #SUP: 35
8 -1 290 -1 18 -1 29 -1 #SUP: 33
8 -1 290 -1 18 -1 71 -1 #SUP: 39
8 -1 290 -1 20 -1 #SUP: 53
8 -1 290 -1 21 -1 #SUP: 57
8 -1 290 -1 21 -1 8 -1 #SUP: 39
8 -1 290 -1 21 -1 18 -1 #SUP: 39
8 -1 290 -1 29 -1 #SUP: 63
8 -1 290 -1 29 -1 8 -1 #SUP: 33
8 -1 290 -1 30 -1 #SUP: 35
8 -1 290 -1 290 -1 #SUP: 47
8 -1 290 -1 40 -1 #SUP: 44
8 -1 290 -1 52 -1 #SUP: 36
8 -1 290 -1 71 -1 #SUP: 93
8 -1 290 -1 71 -1 8 -1 #SUP: 53
8 -1 290 -1 71 -1 8 -1 18 -1 #SUP: 35
8 -1 290 -1 71 -1 14 -1 #SUP: 33
8 -1 290 -1 71 -1 18 -1 #SUP: 45
8 -1 290 -1 71 -1 71 -1 #SUP: 43
8 -1 290 -1 92 -1 #SUP: 61
8 -1 290 -1 96 -1 #SUP: 32
8 -1 290 -1 103 -1 #SUP: 31
8 -1 290 -1 124 -1 #SUP: 33
8 -1 290 -1 219 -1 #SUP: 31
8 -1 292 -1 #SUP: 109
8 -1 292 -1 8 -1 #SUP: 73
8 -1 292 -1 8 -1 8 -1 #SUP: 48
8 -1 292 -1 8 -1 8 -1 18 -1 #SUP: 31
8 -1 292 -1 8 -1 14 -1 #SUP: 46
8 -1 292 -1 8 -1 18 -1 #SUP: 52
8 -1 292 -1 8 -1 18 -1 8 -1 #SUP: 34
8 -1 292 -1 8 -1 18 -1 14 -1 #SUP: 31
8 -1 292 -1 8 -1 18 -1 18 -1 #SUP: 30
8 -1 292 -1 14 -1 #SUP: 59
8 -1 292 -1 14 -1 8 -1 #SUP: 36
8 -1 292 -1 18 -1 #SUP: 64
8 -1 292 -1 18 -1 8 -1 #SUP: 38
8 -1 292 -1 18 -1 14 -1 #SUP: 35
8 -1 292 -1 18 -1 18 -1 #SUP: 34
8 -1 292 -1 21 -1 #SUP: 33
8 -1 292 -1 29 -1 #SUP: 32
8 -1 292 -1 71 -1 #SUP: 40
8 -1 293 -1 #SUP: 40
8 -1 39 -1 #SUP: 172
8 -1 39 -1 3 -1 #SUP: 34
8 -1 39 -1 8 -1 #SUP: 101
8 -1 39 -1 8 -1 8 -1 #SUP: 53
8 -1 39 -1 8 -1 8 -1 18 -1 #SUP: 31
8 -1 39 -1 8 -1 14 -1 #SUP: 34
8 -1 39 -1 8 -1 18 -1 #SUP: 72
8 -1 39 -1 8 -1 18 -1 8 -1 #SUP: 35
8 -1 39 -1 14 -1 #SUP: 62
8 -1 39 -1 14 -1 8 -1 #SUP: 34
8 -1 39 -1 14 -1 18 -1 #SUP: 31
8 -1 39 -1 17 -1 #SUP: 42
8 -1 39 -1 18 -1 #SUP: 101
8 -1 39 -1 18 -1 8 -1 #SUP: 52
8 -1 39 -1 18 -1 8 -1 18 -1 #SUP: 32
8 -1 39 -1 18 -1 18 -1 #SUP: 43
8 -1 39 -1 21 -1 #SUP: 41
8 -1 39 -1 29 -1 #SUP: 39
8 -1 39 -1 40 -1 #SUP: 38
8 -1 39 -1 71 -1 #SUP: 64
8 -1 39 -1 71 -1 8 -1 #SUP: 36
8 -1 40 -1 #SUP: 249
8 -1 40 -1 3 -1 #SUP: 48
8 -1 40 -1 8 -1 #SUP: 129
8 -1 40 -1 8 -1 8 -1 #SUP: 70
8 -1 40 -1 8 -1 8 -1 18 -1 #SUP: 40
8 -1 40 -1 8 -1 14 -1 #SUP: 56
8 -1 40 -1 8 -1 18 -1 #SUP: 82
8 -1 40 -1 8 -1 18 -1 8 -1 #SUP: 40
8 -1 40 -1 8 -1 18 -1 14 -1 #SUP: 31
8 -1 40 -1 8 -1 18 -1 18 -1 #SUP: 31
8 -1 40 -1 8 -1 29 -1 #SUP: 34
8 -1 40 -1 8 -1 71 -1 #SUP: 46
8 -1 40 -1 14 -1 #SUP: 105
8 -1 40 -1 14 -1 8 -1 #SUP: 54
8 -1 40 -1 14 -1 8 -1 18 -1 #SUP: 35
8 -1 40 -1 14 -1 18 -1 #SUP: 54
8 -1 40 -1 14 -1 71 -1 #SUP: 35
8 -1 40 -1 17 -1 #SUP: 64
8 -1 40 -1 17 -1 8 -1 #SUP: 33
8 -1 40 -1 17 -1 18 -1 #SUP: 33
8 -1 40 -1 18 -1 #SUP: 144
8 -1 40 -1 18 -1 8 -1 #SUP: 77
8 -1 40 -1 18 -1 8 -1 8 -1 #SUP: 33
8 -1 40 -1 18 -1 8 -1 14 -1 #SUP: 31
8 -1 40 -1 18 -1 8 -1 18 -1 #SUP: 43
8 -1 40 -1 18 -1 14 -1 #SUP: 54
8 -1 40 -1 18 -1 14 -1 18 -1 #SUP: 30
8 -1 40 -1 18 -1 18 -1 #SUP: 64
8 -1 40 -1 18 -1 18 -1 8 -1 #SUP: 30
8 -1 40 -1 18 -1 18 -1 18 -1 #SUP: 31
8 -1 40 -1 18 -1 21 -1 #SUP: 33
8 -1 40 -1 18 -1 29 -1 #SUP: 42
8 -1 40 -1 18 -1 71 -1 #SUP: 46
8 -1 40 -1 19 -1 #SUP: 52
8 -1 40 -1 20 -1 #SUP: 44
8 -1 40 -1 21 -1 #SUP: 68
8 -1 40 -1 21 -1 8 -1 #SUP: 33
8 -1 40 -1 21 -1 14 -1 #SUP: 30
8 -1 40 -1 21 -1 18 -1 #SUP: 35
8 -1 40 -1 29 -1 #SUP: 84
8 -1 40 -1 29 -1 8 -1 #SUP: 44
8 -1 40 -1 29 -1 18 -1 #SUP: 46
8 -1 40 -1 29 -1 71 -1 #SUP: 33
8 -1 40 -1 30 -1 #SUP: 49
8 -1 40 -1 290 -1 #SUP: 42
8 -1 40 -1 39 -1 #SUP: 31
8 -1 40 -1 40 -1 #SUP: 64
8 -1 40 -1 52 -1 #SUP: 34
8 -1 40 -1 71 -1 #SUP: 98
8 -1 40 -1 71 -1 8 -1 #SUP: 53
8 -1 40 -1 71 -1 8 -1 18 -1 #SUP: 30
8 -1 40 -1 71 -1 14 -1 #SUP: 33
8 -1 40 -1 71 -1 18 -1 #SUP: 46
8 -1 40 -1 71 -1 71 -1 #SUP: 41
8 -1 40 -1 92 -1 #SUP: 72
8 -1 40 -1 92 -1 8 -1 #SUP: 33
8 -1 40 -1 96 -1 #SUP: 50
8 -1 40 -1 122 -1 #SUP: 32
8 -1 299 -1 #SUP: 68
8 -1 299 -1 8 -1 #SUP: 44
8 -1 299 -1 18 -1 #SUP: 34
8 -1 45 -1 #SUP: 54
8 -1 45 -1 8 -1 #SUP: 34
8 -1 45 -1 18 -1 #SUP: 31
8 -1 47 -1 #SUP: 37
8 -1 50 -1 #SUP: 66
8 -1 50 -1 8 -1 #SUP: 33
8 -1 50 -1 14 -1 #SUP: 34
8 -1 50 -1 18 -1 #SUP: 35
8 -1 50 -1 290 -1 #SUP: 34
8 -1 50 -1 71 -1 #SUP: 33
8 -1 306 -1 #SUP: 55
8 -1 51 -1 #SUP: 64
8 -1 51 -1 8 -1 #SUP: 33
8 -1 51 -1 18 -1 #SUP: 31
8 -1 307 -1 #SUP: 68
8 -1 52 -1 #SUP: 189
8 -1 52 -1 3 -1 #SUP: 32
8 -1 52 -1 8 -1 #SUP: 99
8 -1 52 -1 8 -1 8 -1 #SUP: 50
8 -1 52 -1 8 -1 14 -1 #SUP: 39
8 -1 52 -1 8 -1 18 -1 #SUP: 72
8 -1 52 -1 14 -1 #SUP: 65
8 -1 52 -1 14 -1 8 -1 #SUP: 33
8 -1 52 -1 14 -1 18 -1 #SUP: 31
8 -1 52 -1 17 -1 #SUP: 47
8 -1 52 -1 18 -1 #SUP: 99
8 -1 52 -1 18 -1 8 -1 #SUP: 42
8 -1 52 -1 18 -1 18 -1 #SUP: 40
8 -1 52 -1 20 -1 #SUP: 34
8 -1 52 -1 21 -1 #SUP: 45
8 -1 52 -1 29 -1 #SUP: 44
8 -1 52 -1 30 -1 #SUP: 34
8 -1 52 -1 290 -1 #SUP: 36
8 -1 52 -1 39 -1 #SUP: 68
8 -1 52 -1 39 -1 8 -1 #SUP: 35
8 -1 52 -1 39 -1 18 -1 #SUP: 40
8 -1 52 -1 40 -1 #SUP: 33
8 -1 52 -1 52 -1 #SUP: 33
8 -1 52 -1 71 -1 #SUP: 75
8 -1 52 -1 71 -1 8 -1 #SUP: 46
8 -1 52 -1 71 -1 18 -1 #SUP: 39
8 -1 52 -1 71 -1 71 -1 #SUP: 35
8 -1 52 -1 92 -1 #SUP: 38
8 -1 53 -1 #SUP: 36
8 -1 54 -1 #SUP: 113
8 -1 54 -1 8 -1 #SUP: 64
8 -1 54 -1 8 -1 8 -1 #SUP: 37
8 -1 54 -1 8 -1 14 -1 #SUP: 33
8 -1 54 -1 8 -1 18 -1 #SUP: 39
8 -1 54 -1 14 -1 #SUP: 58
8 -1 54 -1 17 -1 #SUP: 30
8 -1 54 -1 18 -1 #SUP: 56
8 -1 54 -1 21 -1 #SUP: 37
8 -1 54 -1 29 -1 #SUP: 33
8 -1 54 -1 71 -1 #SUP: 37
8 -1 312 -1 #SUP: 40
8 -1 58 -1 #SUP: 36
8 -1 316 -1 #SUP: 32
8 -1 318 -1 #SUP: 122
8 -1 318 -1 8 -1 #SUP: 60
8 -1 318 -1 8 -1 18 -1 #SUP: 38
8 -1 318 -1 14 -1 #SUP: 49
8 -1 318 -1 18 -1 #SUP: 52
8 -1 318 -1 21 -1 #SUP: 37
8 -1 318 -1 71 -1 #SUP: 31
8 -1 63 -1 #SUP: 93
8 -1 63 -1 8 -1 #SUP: 49
8 -1 63 -1 8 -1 18 -1 #SUP: 32
8 -1 63 -1 18 -1 #SUP: 46
8 -1 319 -1 #SUP: 54
8 -1 64 -1 #SUP: 50
8 -1 71 -1 #SUP: 440
8 -1 71 -1 3 -1 #SUP: 84
8 -1 71 -1 3 -1 8 -1 #SUP: 40
8 -1 71 -1 3 -1 18 -1 #SUP: 37
8 -1 71 -1 8 -1 #SUP: 256
8 -1 71 -1 8 -1 3 -1 #SUP: 33
8 -1 71 -1 8 -1 8 -1 #SUP: 133
8 -1 71 -1 8 -1 8 -1 8 -1 #SUP: 70
8 -1 71 -1 8 -1 8 -1 8 -1 8 -1 #SUP: 35
8 -1 71 -1 8 -1 8 -1 8 -1 18 -1 #SUP: 42
8 -1 71 -1 8 -1 8 -1 14 -1 #SUP: 48
8 -1 71 -1 8 -1 8 -1 14 -1 8 -1 #SUP: 31
8 -1 71 -1 8 -1 8 -1 14 -1 18 -1 #SUP: 31
8 -1 71 -1 8 -1 8 -1 18 -1 #SUP: 79
8 -1 71 -1 8 -1 8 -1 18 -1 8 -1 #SUP: 47
8 -1 71 -1 8 -1 8 -1 18 -1 8 -1 18 -1 #SUP: 32
8 -1 71 -1 8 -1 8 -1 18 -1 14 -1 #SUP: 30
8 -1 71 -1 8 -1 8 -1 18 -1 18 -1 #SUP: 42
8 -1 71 -1 8 -1 8 -1 29 -1 #SUP: 30
8 -1 71 -1 8 -1 8 -1 71 -1 #SUP: 51
8 -1 71 -1 8 -1 8 -1 71 -1 8 -1 #SUP: 38
8 -1 71 -1 8 -1 14 -1 #SUP: 103
8 -1 71 -1 8 -1 14 -1 8 -1 #SUP: 59
8 -1 71 -1 8 -1 14 -1 8 -1 18 -1 #SUP: 38
8 -1 71 -1 8 -1 14 -1 14 -1 #SUP: 33
8 -1 71 -1 8 -1 14 -1 18 -1 #SUP: 58
8 -1 71 -1 8 -1 14 -1 18 -1 8 -1 #SUP: 32
8 -1 71 -1 8 -1 14 -1 71 -1 #SUP: 42
8 -1 71 -1 8 -1 17 -1 #SUP: 49
8 -1 71 -1 8 -1 18 -1 #SUP: 165
8 -1 71 -1 8 -1 18 -1 8 -1 #SUP: 95
8 -1 71 -1 8 -1 18 -1 8 -1 8 -1 #SUP: 45
8 -1 71 -1 8 -1 18 -1 8 -1 14 -1 #SUP: 36
8 -1 71 -1 8 -1 18 -1 8 -1 18 -1 #SUP: 58
8 -1 71 -1 8 -1 18 -1 8 -1 18 -1 8 -1 #SUP: 30
8 -1 71 -1 8 -1 18 -1 8 -1 71 -1 #SUP: 32
8 -1 71 -1 8 -1 18 -1 14 -1 #SUP: 57
8 -1 71 -1 8 -1 18 -1 14 -1 8 -1 #SUP: 32
8 -1 71 -1 8 -1 18 -1 14 -1 18 -1 #SUP: 31
8 -1 71 -1 8 -1 18 -1 17 -1 #SUP: 32
8 -1 71 -1 8 -1 18 -1 18 -1 #SUP: 73
8 -1 71 -1 8 -1 18 -1 18 -1 8 -1 #SUP: 36
8 -1 71 -1 8 -1 18 -1 18 -1 18 -1 #SUP: 33
8 -1 71 -1 8 -1 18 -1 21 -1 #SUP: 40
8 -1 71 -1 8 -1 18 -1 29 -1 #SUP: 40
8 -1 71 -1 8 -1 18 -1 71 -1 #SUP: 55
8 -1 71 -1 8 -1 18 -1 71 -1 8 -1 #SUP: 34
8 -1 71 -1 8 -1 20 -1 #SUP: 47
8 -1 71 -1 8 -1 21 -1 #SUP: 55
8 -1 71 -1 8 -1 21 -1 8 -1 #SUP: 36
8 -1 71 -1 8 -1 29 -1 #SUP: 57
8 -1 71 -1 8 -1 290 -1 #SUP: 31
8 -1 71 -1 8 -1 40 -1 #SUP: 34
8 -1 71 -1 8 -1 71 -1 #SUP: 90
8 -1 71 -1 8 -1 71 -1 8 -1 #SUP: 55
8 -1 71 -1 8 -1 71 -1 8 -1 18 -1 #SUP: 36
8 -1 71 -1 8 -1 71 -1 14 -1 #SUP: 36
8 -1 71 -1 8 -1 71 -1 18 -1 #SUP: 43
8 -1 71 -1 8 -1 71 -1 71 -1 #SUP: 31
8 -1 71 -1 8 -1 92 -1 #SUP: 51
8 -1 71 -1 8 -1 96 -1 #SUP: 37
8 -1 71 -1 8 -1 227 -1 #SUP: 30
8 -1 71 -1 265 -1 #SUP: 45
8 -1 71 -1 14 -1 #SUP: 184
8 -1 71 -1 14 -1 8 -1 #SUP: 103
8 -1 71 -1 14 -1 8 -1 8 -1 #SUP: 56
8 -1 71 -1 14 -1 8 -1 8 -1 18 -1 #SUP: 33
8 -1 71 -1 14 -1 8 -1 14 -1 #SUP: 36
8 -1 71 -1 14 -1 8 -1 18 -1 #SUP: 74
8 -1 71 -1 14 -1 8 -1 18 -1 8 -1 #SUP: 40
8 -1 71 -1 14 -1 8 -1 18 -1 18 -1 #SUP: 32
8 -1 71 -1 14 -1 8 -1 71 -1 #SUP: 33
8 -1 71 -1 14 -1 14 -1 #SUP: 69
8 -1 71 -1 14 -1 14 -1 8 -1 #SUP: 37
8 -1 71 -1 14 -1 14 -1 18 -1 #SUP: 37
8 -1 71 -1 14 -1 17 -1 #SUP: 39
8 -1 71 -1 14 -1 18 -1 #SUP: 103
8 -1 71 -1 14 -1 18 -1 8 -1 #SUP: 59
8 -1 71 -1 14 -1 18 -1 8 -1 18 -1 #SUP: 36
8 -1 71 -1 14 -1 18 -1 14 -1 #SUP: 35
8 -1 71 -1 14 -1 18 -1 18 -1 #SUP: 46
8 -1 71 -1 14 -1 18 -1 71 -1 #SUP: 32
8 -1 71 -1 14 -1 20 -1 #SUP: 35
8 -1 71 -1 14 -1 21 -1 #SUP: 49
8 -1 71 -1 14 -1 21 -1 8 -1 #SUP: 33
8 -1 71 -1 14 -1 29 -1 #SUP: 45
8 -1 71 -1 14 -1 40 -1 #SUP: 33
8 -1 71 -1 14 -1 71 -1 #SUP: 79
8 -1 71 -1 14 -1 71 -1 8 -1 #SUP: 44
8 -1 71 -1 14 -1 71 -1 8 -1 18 -1 #SUP: 33
8 -1 71 -1 14 -1 71 -1 14 -1 #SUP: 35
8 -1 71 -1 14 -1 71 -1 18 -1 #SUP: 38
8 -1 71 -1 14 -1 92 -1 #SUP: 38
8 -1 71 -1 14 -1 96 -1 #SUP: 30
8 -1 71 -1 14 -1 227 -1 #SUP: 30
8 -1 71 -1 17 -1 #SUP: 118
8 -1 71 -1 17 -1 8 -1 #SUP: 49
8 -1 71 -1 17 -1 8 -1 18 -1 #SUP: 30
8 -1 71 -1 17 -1 14 -1 #SUP: 40
8 -1 71 -1 17 -1 18 -1 #SUP: 46
8 -1 71 -1 17 -1 71 -1 #SUP: 39
8 -1 71 -1 18 -1 #SUP: 227
8 -1 71 -1 18 -1 3 -1 #SUP: 30
8 -1 71 -1 18 -1 8 -1 #SUP: 120
8 -1 71 -1 18 -1 8 -1 8 -1 #SUP: 59
8 -1 71 -1 18 -1 8 -1 8 -1 8 -1 #SUP: 30
8 -1 71 -1 18 -1 8 -1 8 -1 18 -1 #SUP: 34
8 -1 71 -1 18 -1 8 -1 14 -1 #SUP: 46
8 -1 71 -1 18 -1 8 -1 18 -1 #SUP: 70
8 -1 71 -1 18 -1 8 -1 18 -1 8 -1 #SUP: 41
8 -1 71 -1 18 -1 8 -1 18 -1 18 -1 #SUP: 35
8 -1 71 -1 18 -1 8 -1 29 -1 #SUP: 31
8 -1 71 -1 18 -1 8 -1 71 -1 #SUP: 42
8 -1 71 -1 18 -1 8 -1 71 -1 8 -1 #SUP: 31
8 -1 71 -1 18 -1 14 -1 #SUP: 83
8 -1 71 -1 18 -1 14 -1 8 -1 #SUP: 47
8 -1 71 -1 18 -1 14 -1 14 -1 #SUP: 33
8 -1 71 -1 18 -1 14 -1 18 -1 #SUP: 42
8 -1 71 -1 18 -1 14 -1 71 -1 #SUP: 34
8 -1 71 -1 18 -1 17 -1 #SUP: 49
8 -1 71 -1 18 -1 18 -1 #SUP: 99
8 -1 71 -1 18 -1 18 -1 8 -1 #SUP: 53
8 -1 71 -1 18 -1 18 -1 8 -1 18 -1 #SUP: 34
8 -1 71 -1 18 -1 18 -1 14 -1 #SUP: 37
8 -1 71 -1 18 -1 18 -1 18 -1 #SUP: 49
8 -1 71 -1 18 -1 18 -1 71 -1 #SUP: 30
8 -1 71 -1 18 -1 20 -1 #SUP: 45
8 -1 71 -1 18 -1 21 -1 #SUP: 54
8 -1 71 -1 18 -1 21 -1 8 -1 #SUP: 32
8 -1 71 -1 18 -1 29 -1 #SUP: 60
8 -1 71 -1 18 -1 30 -1 #SUP: 31
8 -1 71 -1 18 -1 290 -1 #SUP: 32
8 -1 71 -1 18 -1 40 -1 #SUP: 35
8 -1 71 -1 18 -1 71 -1 #SUP: 86
8 -1 71 -1 18 -1 71 -1 8 -1 #SUP: 47
8 -1 71 -1 18 -1 71 -1 8 -1 18 -1 #SUP: 31
8 -1 71 -1 18 -1 71 -1 14 -1 #SUP: 35
8 -1 71 -1 18 -1 71 -1 18 -1 #SUP: 42
8 -1 71 -1 18 -1 71 -1 71 -1 #SUP: 30
8 -1 71 -1 18 -1 92 -1 #SUP: 41
8 -1 71 -1 18 -1 96 -1 #SUP: 33
8 -1 71 -1 18 -1 219 -1 #SUP: 35
8 -1 71 -1 18 -1 227 -1 #SUP: 33
8 -1 71 -1 19 -1 #SUP: 35
8 -1 71 -1 20 -1 #SUP: 91
8 -1 71 -1 20 -1 8 -1 #SUP: 44
8 -1 71 -1 20 -1 14 -1 #SUP: 35
8 -1 71 -1 20 -1 18 -1 #SUP: 36
8 -1 71 -1 20 -1 71 -1 #SUP: 32
8 -1 71 -1 21 -1 #SUP: 106
8 -1 71 -1 21 -1 8 -1 #SUP: 73
8 -1 71 -1 21 -1 8 -1 8 -1 #SUP: 43
8 -1 71 -1 21 -1 8 -1 18 -1 #SUP: 49
8 -1 71 -1 21 -1 8 -1 18 -1 8 -1 #SUP: 30
8 -1 71 -1 21 -1 14 -1 #SUP: 43
8 -1 71 -1 21 -1 18 -1 #SUP: 61
8 -1 71 -1 21 -1 18 -1 8 -1 #SUP: 37
8 -1 71 -1 21 -1 18 -1 18 -1 #SUP: 32
8 -1 71 -1 21 -1 21 -1 #SUP: 36
8 -1 71 -1 21 -1 71 -1 #SUP: 38
8 -1 71 -1 23 -1 #SUP: 51
8 -1 71 -1 29 -1 #SUP: 122
8 -1 71 -1 29 -1 8 -1 #SUP: 59
8 -1 71 -1 29 -1 8 -1 18 -1 #SUP: 38
8 -1 71 -1 29 -1 14 -1 #SUP: 41
8 -1 71 -1 29 -1 17 -1 #SUP: 45
8 -1 71 -1 29 -1 18 -1 #SUP: 60
8 -1 71 -1 29 -1 21 -1 #SUP: 32
8 -1 71 -1 29 -1 71 -1 #SUP: 44
8 -1 71 -1 29 -1 96 -1 #SUP: 31
8 -1 71 -1 30 -1 #SUP: 78
8 -1 71 -1 30 -1 8 -1 #SUP: 34
8 -1 71 -1 290 -1 #SUP: 108
8 -1 71 -1 290 -1 8 -1 #SUP: 54
8 -1 71 -1 290 -1 8 -1 8 -1 #SUP: 33
8 -1 71 -1 290 -1 8 -1 18 -1 #SUP: 37
8 -1 71 -1 290 -1 14 -1 #SUP: 46
8 -1 71 -1 290 -1 18 -1 #SUP: 57
8 -1 71 -1 290 -1 18 -1 8 -1 #SUP: 33
8 -1 71 -1 290 -1 18 -1 18 -1 #SUP: 33
8 -1 71 -1 290 -1 20 -1 #SUP: 31
8 -1 71 -1 290 -1 29 -1 #SUP: 34
8 -1 71 -1 290 -1 71 -1 #SUP: 51
8 -1 71 -1 290 -1 92 -1 #SUP: 37
8 -1 71 -1 292 -1 #SUP: 41
8 -1 71 -1 39 -1 #SUP: 56
8 -1 71 -1 39 -1 8 -1 #SUP: 34
8 -1 71 -1 39 -1 18 -1 #SUP: 33
8 -1 71 -1 40 -1 #SUP: 86
8 -1 71 -1 40 -1 8 -1 #SUP: 46
8 -1 71 -1 40 -1 14 -1 #SUP: 34
8 -1 71 -1 40 -1 18 -1 #SUP: 52
8 -1 71 -1 40 -1 71 -1 #SUP: 34
8 -1 71 -1 307 -1 #SUP: 36
8 -1 71 -1 52 -1 #SUP: 51
8 -1 71 -1 54 -1 #SUP: 43
8 -1 71 -1 318 -1 #SUP: 54
8 -1 71 -1 63 -1 #SUP: 39
8 -1 71 -1 71 -1 #SUP: 180
8 -1 71 -1 71 -1 8 -1 #SUP: 92
8 -1 71 -1 71 -1 8 -1 8 -1 #SUP: 48
8 -1 71 -1 71 -1 8 -1 8 -1 18 -1 #SUP: 30
8 -1 71 -1 71 -1 8 -1 14 -1 #SUP: 37
8 -1 71 -1 71 -1 8 -1 18 -1 #SUP: 60
8 -1 71 -1 71 -1 8 -1 18 -1 8 -1 #SUP: 35
8 -1 71 -1 71 -1 8 -1 71 -1 #SUP: 33
8 -1 71 -1 71 -1 14 -1 #SUP: 68
8 -1 71 -1 71 -1 14 -1 8 -1 #SUP: 37
8 -1 71 -1 71 -1 14 -1 18 -1 #SUP: 35
8 -1 71 -1 71 -1 17 -1 #SUP: 36
8 -1 71 -1 71 -1 18 -1 #SUP: 81
8 -1 71 -1 71 -1 18 -1 8 -1 #SUP: 44
8 -1 71 -1 71 -1 18 -1 14 -1 #SUP: 30
8 -1 71 -1 71 -1 18 -1 18 -1 #SUP: 39
8 -1 71 -1 71 -1 21 -1 #SUP: 37
8 -1 71 -1 71 -1 29 -1 #SUP: 38
8 -1 71 -1 71 -1 290 -1 #SUP: 33
8 -1 71 -1 71 -1 71 -1 #SUP: 69
8 -1 71 -1 71 -1 71 -1 8 -1 #SUP: 40
8 -1 71 -1 71 -1 71 -1 14 -1 #SUP: 32
8 -1 71 -1 71 -1 71 -1 18 -1 #SUP: 33
8 -1 71 -1 71 -1 92 -1 #SUP: 42
8 -1 71 -1 74 -1 #SUP: 32
8 -1 71 -1 92 -1 #SUP: 115
8 -1 71 -1 92 -1 8 -1 #SUP: 46
8 -1 71 -1 92 -1 18 -1 #SUP: 48
8 -1 71 -1 92 -1 71 -1 #SUP: 35
8 -1 71 -1 92 -1 92 -1 #SUP: 31
8 -1 71 -1 96 -1 #SUP: 75
8 -1 71 -1 96 -1 8 -1 #SUP: 41
8 -1 71 -1 96 -1 17 -1 #SUP: 38
8 -1 71 -1 96 -1 18 -1 #SUP: 34
8 -1 71 -1 103 -1 #SUP: 55
8 -1 71 -1 103 -1 18 -1 #SUP: 32
8 -1 71 -1 122 -1 #SUP: 46
8 -1 71 -1 124 -1 #SUP: 44
8 -1 71 -1 206 -1 #SUP: 46
8 -1 71 -1 219 -1 #SUP: 67
8 -1 71 -1 219 -1 18 -1 #SUP: 30
8 -1 71 -1 224 -1 #SUP: 49
8 -1 71 -1 225 -1 #SUP: 35
8 -1 71 -1 227 -1 #SUP: 65
8 -1 71 -1 227 -1 14 -1 #SUP: 31
8 -1 71 -1 227 -1 18 -1 #SUP: 31
8 -1 73 -1 #SUP: 31
8 -1 74 -1 #SUP: 70
8 -1 74 -1 8 -1 #SUP: 31
8 -1 74 -1 18 -1 #SUP: 31
8 -1 74 -1 20 -1 #SUP: 45
8 -1 75 -1 #SUP: 45
8 -1 332 -1 #SUP: 46
8 -1 591 -1 #SUP: 45
8 -1 80 -1 #SUP: 40
8 -1 84 -1 #SUP: 35
8 -1 90 -1 #SUP: 62
8 -1 347 -1 #SUP: 61
8 -1 347 -1 8 -1 #SUP: 35
8 -1 347 -1 18 -1 #SUP: 30
8 -1 92 -1 #SUP: 272
8 -1 92 -1 3 -1 #SUP: 55
8 -1 92 -1 3 -1 8 -1 #SUP: 33
8 -1 92 -1 8 -1 #SUP: 140
8 -1 92 -1 8 -1 8 -1 #SUP: 77
8 -1 92 -1 8 -1 8 -1 8 -1 #SUP: 35
8 -1 92 -1 8 -1 8 -1 18 -1 #SUP: 45
8 -1 92 -1 8 -1 14 -1 #SUP: 54
8 -1 92 -1 8 -1 14 -1 8 -1 #SUP: 30
8 -1 92 -1 8 -1 14 -1 18 -1 #SUP: 32
8 -1 92 -1 8 -1 17 -1 #SUP: 38
8 -1 92 -1 8 -1 18 -1 #SUP: 87
8 -1 92 -1 8 -1 18 -1 8 -1 #SUP: 53
8 -1 92 -1 8 -1 18 -1 14 -1 #SUP: 35
8 -1 92 -1 8 -1 18 -1 18 -1 #SUP: 39
8 -1 92 -1 8 -1 18 -1 71 -1 #SUP: 33
8 -1 92 -1 8 -1 71 -1 #SUP: 46
8 -1 92 -1 8 -1 92 -1 #SUP: 36
8 -1 92 -1 14 -1 #SUP: 102
8 -1 92 -1 14 -1 8 -1 #SUP: 52
8 -1 92 -1 14 -1 8 -1 18 -1 #SUP: 35
8 -1 92 -1 14 -1 14 -1 #SUP: 38
8 -1 92 -1 14 -1 18 -1 #SUP: 56
8 -1 92 -1 14 -1 71 -1 #SUP: 35
8 -1 92 -1 17 -1 #SUP: 80
8 -1 92 -1 17 -1 8 -1 #SUP: 41
8 -1 92 -1 17 -1 14 -1 #SUP: 30
8 -1 92 -1 17 -1 18 -1 #SUP: 40
8 -1 92 -1 18 -1 #SUP: 150
8 -1 92 -1 18 -1 8 -1 #SUP: 81
8 -1 92 -1 18 -1 8 -1 8 -1 #SUP: 35
8 -1 92 -1 18 -1 8 -1 14 -1 #SUP: 33
8 -1 92 -1 18 -1 8 -1 18 -1 #SUP: 44
8 -1 92 -1 18 -1 14 -1 #SUP: 61
8 -1 92 -1 18 -1 14 -1 8 -1 #SUP: 31
8 -1 92 -1 18 -1 14 -1 18 -1 #SUP: 33
8 -1 92 -1 18 -1 17 -1 #SUP: 39
8 -1 92 -1 18 -1 18 -1 #SUP: 63
8 -1 92 -1 18 -1 18 -1 8 -1 #SUP: 34
8 -1 92 -1 18 -1 18 -1 18 -1 #SUP: 32
8 -1 92 -1 18 -1 21 -1 #SUP: 35
8 -1 92 -1 18 -1 71 -1 #SUP: 49
8 -1 92 -1 18 -1 92 -1 #SUP: 40
8 -1 92 -1 20 -1 #SUP: 53
8 -1 92 -1 21 -1 #SUP: 78
8 -1 92 -1 21 -1 8 -1 #SUP: 47
8 -1 92 -1 21 -1 18 -1 #SUP: 40
8 -1 92 -1 23 -1 #SUP: 39
8 -1 92 -1 29 -1 #SUP: 70
8 -1 92 -1 29 -1 8 -1 #SUP: 36
8 -1 92 -1 29 -1 14 -1 #SUP: 30
8 -1 92 -1 29 -1 18 -1 #SUP: 35
8 -1 92 -1 30 -1 #SUP: 41
8 -1 92 -1 290 -1 #SUP: 48
8 -1 92 -1 39 -1 #SUP: 31
8 -1 92 -1 40 -1 #SUP: 58
8 -1 92 -1 52 -1 #SUP: 38
8 -1 92 -1 71 -1 #SUP: 97
8 -1 92 -1 71 -1 8 -1 #SUP: 53
8 -1 92 -1 71 -1 8 -1 18 -1 #SUP: 32
8 -1 92 -1 71 -1 14 -1 #SUP: 33
8 -1 92 -1 71 -1 18 -1 #SUP: 41
8 -1 92 -1 71 -1 71 -1 #SUP: 40
8 -1 92 -1 71 -1 92 -1 #SUP: 31
8 -1 92 -1 92 -1 #SUP: 91
8 -1 92 -1 92 -1 8 -1 #SUP: 41
8 -1 92 -1 92 -1 18 -1 #SUP: 40
8 -1 92 -1 92 -1 71 -1 #SUP: 35
8 -1 92 -1 96 -1 #SUP: 52
8 -1 92 -1 96 -1 8 -1 #SUP: 33
8 -1 92 -1 103 -1 #SUP: 32
8 -1 92 -1 124 -1 #SUP: 36
8 -1 92 -1 206 -1 #SUP: 31
8 -1 92 -1 219 -1 #SUP: 39
8 -1 92 -1 227 -1 #SUP: 31
8 -1 604 -1 #SUP: 67
8 -1 604 -1 8 -1 #SUP: 37
8 -1 604 -1 14 -1 #SUP: 30
8 -1 604 -1 18 -1 #SUP: 35
8 -1 96 -1 #SUP: 231
8 -1 96 -1 3 -1 #SUP: 47
8 -1 96 -1 3 -1 8 -1 #SUP: 32
8 -1 96 -1 8 -1 #SUP: 130
8 -1 96 -1 8 -1 8 -1 #SUP: 50
8 -1 96 -1 8 -1 8 -1 18 -1 #SUP: 32
8 -1 96 -1 8 -1 14 -1 #SUP: 53
8 -1 96 -1 8 -1 18 -1 #SUP: 81
8 -1 96 -1 8 -1 18 -1 8 -1 #SUP: 34
8 -1 96 -1 8 -1 18 -1 14 -1 #SUP: 33
8 -1 96 -1 8 -1 18 -1 18 -1 #SUP: 32
8 -1 96 -1 8 -1 71 -1 #SUP: 35
8 -1 96 -1 14 -1 #SUP: 101
8 -1 96 -1 14 -1 8 -1 #SUP: 46
8 -1 96 -1 14 -1 8 -1 18 -1 #SUP: 32
8 -1 96 -1 14 -1 14 -1 #SUP: 30
8 -1 96 -1 14 -1 18 -1 #SUP: 50
8 -1 96 -1 14 -1 71 -1 #SUP: 35
8 -1 96 -1 17 -1 #SUP: 101
8 -1 96 -1 17 -1 8 -1 #SUP: 43
8 -1 96 -1 17 -1 14 -1 #SUP: 37
8 -1 96 -1 17 -1 18 -1 #SUP: 42
8 -1 96 -1 17 -1 71 -1 #SUP: 31
8 -1 96 -1 18 -1 #SUP: 117
8 -1 96 -1 18 -1 8 -1 #SUP: 53
8 -1 96 -1 18 -1 8 -1 18 -1 #SUP: 35
8 -1 96 -1 18 -1 14 -1 #SUP: 46
8 -1 96 -1 18 -1 18 -1 #SUP: 46
8 -1 96 -1 18 -1 71 -1 #SUP: 33
8 -1 96 -1 20 -1 #SUP: 41
8 -1 96 -1 21 -1 #SUP: 65
8 -1 96 -1 21 -1 8 -1 #SUP: 39
8 -1 96 -1 21 -1 18 -1 #SUP: 31
8 -1 96 -1 29 -1 #SUP: 59
8 -1 96 -1 30 -1 #SUP: 40
8 -1 96 -1 290 -1 #SUP: 40
8 -1 96 -1 40 -1 #SUP: 49
8 -1 96 -1 40 -1 18 -1 #SUP: 30
8 -1 96 -1 52 -1 #SUP: 30
8 -1 96 -1 71 -1 #SUP: 81
8 -1 96 -1 71 -1 8 -1 #SUP: 35
8 -1 96 -1 71 -1 14 -1 #SUP: 30
8 -1 96 -1 71 -1 18 -1 #SUP: 30
8 -1 96 -1 71 -1 71 -1 #SUP: 35
8 -1 96 -1 92 -1 #SUP: 47
8 -1 96 -1 96 -1 #SUP: 35
8 -1 96 -1 124 -1 #SUP: 39
8 -1 96 -1 206 -1 #SUP: 39
8 -1 96 -1 219 -1 #SUP: 39
8 -1 96 -1 224 -1 #SUP: 32
8 -1 96 -1 227 -1 #SUP: 31
8 -1 97 -1 #SUP: 35
8 -1 101 -1 #SUP: 51
8 -1 103 -1 #SUP: 133
8 -1 103 -1 8 -1 #SUP: 77
8 -1 103 -1 8 -1 8 -1 #SUP: 36
8 -1 103 -1 8 -1 18 -1 #SUP: 54
8 -1 103 -1 14 -1 #SUP: 52
8 -1 103 -1 17 -1 #SUP: 32
8 -1 103 -1 18 -1 #SUP: 75
8 -1 103 -1 18 -1 8 -1 #SUP: 30
8 -1 103 -1 18 -1 18 -1 #SUP: 30
8 -1 103 -1 21 -1 #SUP: 38
8 -1 103 -1 29 -1 #SUP: 34
8 -1 103 -1 71 -1 #SUP: 46
8 -1 617 -1 #SUP: 33
8 -1 2672 -1 #SUP: 40
8 -1 2672 -1 18 -1 #SUP: 31
8 -1 117 -1 #SUP: 44
8 -1 632 -1 #SUP: 36
8 -1 122 -1 #SUP: 112
8 -1 122 -1 8 -1 #SUP: 48
8 -1 122 -1 14 -1 #SUP: 47
8 -1 122 -1 17 -1 #SUP: 30
8 -1 122 -1 18 -1 #SUP: 45
8 -1 122 -1 71 -1 #SUP: 43
8 -1 124 -1 #SUP: 146
8 -1 124 -1 8 -1 #SUP: 81
8 -1 124 -1 8 -1 8 -1 #SUP: 41
8 -1 124 -1 8 -1 14 -1 #SUP: 33
8 -1 124 -1 8 -1 18 -1 #SUP: 58
8 -1 124 -1 8 -1 18 -1 8 -1 #SUP: 32
8 -1 124 -1 14 -1 #SUP: 66
8 -1 124 -1 14 -1 8 -1 #SUP: 35
8 -1 124 -1 14 -1 18 -1 #SUP: 31
8 -1 124 -1 17 -1 #SUP: 31
8 -1 124 -1 18 -1 #SUP: 76
8 -1 124 -1 18 -1 8 -1 #SUP: 44
8 -1 124 -1 18 -1 14 -1 #SUP: 36
8 -1 124 -1 18 -1 18 -1 #SUP: 40
8 -1 124 -1 21 -1 #SUP: 47
8 -1 124 -1 21 -1 8 -1 #SUP: 32
8 -1 124 -1 29 -1 #SUP: 33
8 -1 124 -1 71 -1 #SUP: 60
8 -1 124 -1 71 -1 8 -1 #SUP: 34
8 -1 124 -1 71 -1 18 -1 #SUP: 31
8 -1 125 -1 #SUP: 49
8 -1 381 -1 #SUP: 44
8 -1 381 -1 8 -1 #SUP: 32
8 -1 126 -1 #SUP: 115
8 -1 126 -1 8 -1 #SUP: 57
8 -1 126 -1 8 -1 8 -1 #SUP: 30
8 -1 126 -1 8 -1 18 -1 #SUP: 32
8 -1 126 -1 14 -1 #SUP: 47
8 -1 126 -1 18 -1 #SUP: 41
8 -1 126 -1 21 -1 #SUP: 36
8 -1 126 -1 29 -1 #SUP: 37
8 -1 126 -1 71 -1 #SUP: 44
8 -1 393 -1 #SUP: 35
8 -1 905 -1 #SUP: 51
8 -1 905 -1 8 -1 #SUP: 31
8 -1 905 -1 18 -1 #SUP: 34
8 -1 1165 -1 #SUP: 31
8 -1 146 -1 #SUP: 35
8 -1 147 -1 #SUP: 56
8 -1 147 -1 8 -1 #SUP: 30
8 -1 3734 -1 #SUP: 33
8 -1 153 -1 #SUP: 42
8 -1 922 -1 #SUP: 35
8 -1 160 -1 #SUP: 40
8 -1 161 -1 #SUP: 51
8 -1 162 -1 #SUP: 34
8 -1 934 -1 #SUP: 56
8 -1 934 -1 14 -1 #SUP: 34
8 -1 934 -1 18 -1 #SUP: 31
8 -1 685 -1 #SUP: 31
8 -1 174 -1 #SUP: 78
8 -1 174 -1 8 -1 #SUP: 38
8 -1 174 -1 18 -1 #SUP: 41
8 -1 174 -1 71 -1 #SUP: 33
8 -1 175 -1 #SUP: 35
8 -1 690 -1 #SUP: 35
8 -1 436 -1 #SUP: 32
8 -1 186 -1 #SUP: 74
8 -1 186 -1 8 -1 #SUP: 33
8 -1 186 -1 18 -1 #SUP: 39
8 -1 186 -1 71 -1 #SUP: 31
8 -1 197 -1 #SUP: 65
8 -1 197 -1 8 -1 #SUP: 31
8 -1 197 -1 17 -1 #SUP: 35
8 -1 197 -1 18 -1 #SUP: 35
8 -1 206 -1 #SUP: 127
8 -1 206 -1 8 -1 #SUP: 69
8 -1 206 -1 8 -1 8 -1 #SUP: 37
8 -1 206 -1 8 -1 8 -1 18 -1 #SUP: 30
8 -1 206 -1 8 -1 14 -1 #SUP: 35
8 -1 206 -1 8 -1 18 -1 #SUP: 58
8 -1 206 -1 8 -1 71 -1 #SUP: 32
8 -1 206 -1 14 -1 #SUP: 56
8 -1 206 -1 14 -1 8 -1 #SUP: 36
8 -1 206 -1 14 -1 18 -1 #SUP: 36
8 -1 206 -1 17 -1 #SUP: 31
8 -1 206 -1 18 -1 #SUP: 69
8 -1 206 -1 18 -1 8 -1 #SUP: 37
8 -1 206 -1 18 -1 8 -1 18 -1 #SUP: 33
8 -1 206 -1 18 -1 14 -1 #SUP: 30
8 -1 206 -1 18 -1 18 -1 #SUP: 37
8 -1 206 -1 21 -1 #SUP: 39
8 -1 206 -1 29 -1 #SUP: 41
8 -1 206 -1 71 -1 #SUP: 54
8 -1 206 -1 71 -1 8 -1 #SUP: 36
8 -1 206 -1 71 -1 14 -1 #SUP: 30
8 -1 206 -1 71 -1 18 -1 #SUP: 32
8 -1 206 -1 219 -1 #SUP: 30
8 -1 206 -1 227 -1 #SUP: 34
8 -1 209 -1 #SUP: 41
8 -1 212 -1 #SUP: 83
8 -1 212 -1 8 -1 #SUP: 39
8 -1 212 -1 18 -1 #SUP: 38
8 -1 214 -1 #SUP: 41
8 -1 219 -1 #SUP: 149
8 -1 219 -1 8 -1 #SUP: 72
8 -1 219 -1 8 -1 8 -1 #SUP: 38
8 -1 219 -1 8 -1 18 -1 #SUP: 46
8 -1 219 -1 14 -1 #SUP: 57
8 -1 219 -1 14 -1 8 -1 #SUP: 30
8 -1 219 -1 17 -1 #SUP: 36
8 -1 219 -1 18 -1 #SUP: 67
8 -1 219 -1 18 -1 8 -1 #SUP: 34
8 -1 219 -1 18 -1 18 -1 #SUP: 31
8 -1 219 -1 21 -1 #SUP: 38
8 -1 219 -1 29 -1 #SUP: 43
8 -1 219 -1 290 -1 #SUP: 41
8 -1 219 -1 52 -1 #SUP: 30
8 -1 219 -1 71 -1 #SUP: 58
8 -1 219 -1 92 -1 #SUP: 41
8 -1 219 -1 124 -1 #SUP: 34
8 -1 219 -1 219 -1 #SUP: 41
8 -1 219 -1 227 -1 #SUP: 45
8 -1 731 -1 #SUP: 35
8 -1 224 -1 #SUP: 130
8 -1 224 -1 8 -1 #SUP: 73
8 -1 224 -1 8 -1 8 -1 #SUP: 37
8 -1 224 -1 8 -1 18 -1 #SUP: 37
8 -1 224 -1 14 -1 #SUP: 55
8 -1 224 -1 17 -1 #SUP: 43
8 -1 224 -1 18 -1 #SUP: 60
8 -1 224 -1 18 -1 8 -1 #SUP: 42
8 -1 224 -1 21 -1 #SUP: 30
8 -1 224 -1 29 -1 #SUP: 31
8 -1 224 -1 40 -1 #SUP: 32
8 -1 224 -1 71 -1 #SUP: 62
8 -1 224 -1 71 -1 8 -1 #SUP: 35
8 -1 224 -1 225 -1 #SUP: 52
8 -1 225 -1 #SUP: 74
8 -1 227 -1 #SUP: 142
8 -1 227 -1 8 -1 #SUP: 61
8 -1 227 -1 8 -1 8 -1 #SUP: 30
8 -1 227 -1 8 -1 18 -1 #SUP: 45
8 -1 227 -1 14 -1 #SUP: 62
8 -1 227 -1 14 -1 8 -1 #SUP: 30
8 -1 227 -1 14 -1 18 -1 #SUP: 30
8 -1 227 -1 18 -1 #SUP: 62
8 -1 227 -1 18 -1 8 -1 #SUP: 30
8 -1 227 -1 18 -1 18 -1 #SUP: 34
8 -1 227 -1 21 -1 #SUP: 40
8 -1 227 -1 29 -1 #SUP: 43
8 -1 227 -1 71 -1 #SUP: 51
8 -1 227 -1 92 -1 #SUP: 35
8 -1 227 -1 219 -1 #SUP: 34
8 -1 227 -1 227 -1 #SUP: 43
8 -1 234 -1 #SUP: 38
8 -1 493 -1 #SUP: 48
8 -1 493 -1 8 -1 #SUP: 32
8 -1 1263 -1 #SUP: 33
11 -1 #SUP: 61
12 -1 #SUP: 73
12 -1 8 -1 #SUP: 48
12 -1 8 -1 18 -1 #SUP: 33
12 -1 18 -1 #SUP: 40
12 -1 71 -1 #SUP: 43
13 -1 #SUP: 57
13 -1 8 -1 #SUP: 39
13 -1 18 -1 #SUP: 32
14 -1 #SUP: 825
14 -1 3 -1 #SUP: 159
14 -1 3 -1 3 -1 #SUP: 38
14 -1 3 -1 8 -1 #SUP: 92
14 -1 3 -1 8 -1 8 -1 #SUP: 52
14 -1 3 -1 8 -1 14 -1 #SUP: 37
14 -1 3 -1 8 -1 18 -1 #SUP: 62
14 -1 3 -1 8 -1 18 -1 8 -1 #SUP: 39
14 -1 3 -1 14 -1 #SUP: 59
14 -1 3 -1 14 -1 8 -1 #SUP: 38
14 -1 3 -1 14 -1 18 -1 #SUP: 31
14 -1 3 -1 17 -1 #SUP: 38
14 -1 3 -1 18 -1 #SUP: 82
14 -1 3 -1 18 -1 8 -1 #SUP: 46
14 -1 3 -1 18 -1 8 -1 18 -1 #SUP: 30
14 -1 3 -1 18 -1 18 -1 #SUP: 37
14 -1 3 -1 21 -1 #SUP: 31
14 -1 3 -1 29 -1 #SUP: 36
14 -1 3 -1 71 -1 #SUP: 49
14 -1 3 -1 92 -1 #SUP: 32
14 -1 3 -1 96 -1 #SUP: 32
14 -1 262 -1 #SUP: 35
14 -1 8 -1 #SUP: 482
14 -1 8 -1 3 -1 #SUP: 81
14 -1 8 -1 3 -1 8 -1 #SUP: 45
14 -1 8 -1 3 -1 8 -1 18 -1 #SUP: 30
14 -1 8 -1 3 -1 18 -1 #SUP: 39
14 -1 8 -1 8 -1 #SUP: 265
14 -1 8 -1 8 -1 3 -1 #SUP: 45
14 -1 8 -1 8 -1 8 -1 #SUP: 135
14 -1 8 -1 8 -1 8 -1 8 -1 #SUP: 66
14 -1 8 -1 8 -1 8 -1 8 -1 8 -1 #SUP: 33
14 -1 8 -1 8 -1 8 -1 8 -1 18 -1 #SUP: 39
14 -1 8 -1 8 -1 8 -1 14 -1 #SUP: 50
14 -1 8 -1 8 -1 8 -1 14 -1 8 -1 #SUP: 35
14 -1 8 -1 8 -1 8 -1 14 -1 18 -1 #SUP: 31
14 -1 8 -1 8 -1 8 -1 17 -1 #SUP: 30
14 -1 8 -1 8 -1 8 -1 18 -1 #SUP: 84
14 -1 8 -1 8 -1 8 -1 18 -1 8 -1 #SUP: 43
14 -1 8 -1 8 -1 8 -1 18 -1 18 -1 #SUP: 31
14 -1 8 -1 8 -1 8 -1 71 -1 #SUP: 40
14 -1 8 -1 8 -1 14 -1 #SUP: 110
14 -1 8 -1 8 -1 14 -1 8 -1 #SUP: 67
14 -1 8 -1 8 -1 14 -1 8 -1 18 -1 #SUP: 44
14 -1 8 -1 8 -1 14 -1 14 -1 #SUP: 35
14 -1 8 -1 8 -1 14 -1 18 -1 #SUP: 63
14 -1 8 -1 8 -1 14 -1 18 -1 8 -1 #SUP: 37
14 -1 8 -1 8 -1 14 -1 18 -1 18 -1 #SUP: 32
14 -1 8 -1 8 -1 14 -1 71 -1 #SUP: 38
14 -1 8 -1 8 -1 17 -1 #SUP: 63
14 -1 8 -1 8 -1 17 -1 8 -1 #SUP: 36
14 -1 8 -1 8 -1 18 -1 #SUP: 160
14 -1 8 -1 8 -1 18 -1 8 -1 #SUP: 91
14 -1 8 -1 8 -1 18 -1 8 -1 8 -1 #SUP: 43
14 -1 8 -1 8 -1 18 -1 8 -1 14 -1 #SUP: 41
14 -1 8 -1 8 -1 18 -1 8 -1 18 -1 #SUP: 58
14 -1 8 -1 8 -1 18 -1 8 -1 18 -1 8 -1 #SUP: 30
14 -1 8 -1 8 -1 18 -1 14 -1 #SUP: 66
14 -1 8 -1 8 -1 18 -1 14 -1 8 -1 #SUP: 39
14 -1 8 -1 8 -1 18 -1 14 -1 18 -1 #SUP: 42
14 -1 8 -1 8 -1 18 -1 17 -1 #SUP: 33
14 -1 8 -1 8 -1 18 -1 18 -1 #SUP: 75
14 -1 8 -1 8 -1 18 -1 18 -1 8 -1 #SUP: 35
14 -1 8 -1 8 -1 18 -1 18 -1 18 -1 #SUP: 31
14 -1 8 -1 8 -1 18 -1 21 -1 #SUP: 33
14 -1 8 -1 8 -1 18 -1 29 -1 #SUP: 35
14 -1 8 -1 8 -1 18 -1 71 -1 #SUP: 47
14 -1 8 -1 8 -1 20 -1 #SUP: 36
14 -1 8 -1 8 -1 21 -1 #SUP: 58
14 -1 8 -1 8 -1 21 -1 8 -1 #SUP: 37
14 -1 8 -1 8 -1 29 -1 #SUP: 56
14 -1 8 -1 8 -1 29 -1 8 -1 #SUP: 31
14 -1 8 -1 8 -1 290 -1 #SUP: 32
14 -1 8 -1 8 -1 40 -1 #SUP: 43
14 -1 8 -1 8 -1 71 -1 #SUP: 77
14 -1 8 -1 8 -1 71 -1 8 -1 #SUP: 41
14 -1 8 -1 8 -1 71 -1 18 -1 #SUP: 35
14 -1 8 -1 8 -1 92 -1 #SUP: 45
14 -1 8 -1 8 -1 92 -1 8 -1 #SUP: 30
14 -1 8 -1 8 -1 96 -1 #SUP: 36
14 -1 8 -1 8 -1 227 -1 #SUP: 32
14 -1 8 -1 265 -1 #SUP: 32
14 -1 8 -1 14 -1 #SUP: 201
14 -1 8 -1 14 -1 3 -1 #SUP: 35
14 -1 8 -1 14 -1 8 -1 #SUP: 112
14 -1 8 -1 14 -1 8 -1 8 -1 #SUP: 59
14 -1 8 -1 14 -1 8 -1 8 -1 8 -1 #SUP: 31
14 -1 8 -1 14 -1 8 -1 8 -1 18 -1 #SUP: 38
14 -1 8 -1 14 -1 8 -1 14 -1 #SUP: 46
14 -1 8 -1 14 -1 8 -1 14 -1 8 -1 #SUP: 31
14 -1 8 -1 14 -1 8 -1 14 -1 18 -1 #SUP: 30
14 -1 8 -1 14 -1 8 -1 17 -1 #SUP: 31
14 -1 8 -1 14 -1 8 -1 18 -1 #SUP: 74
14 -1 8 -1 14 -1 8 -1 18 -1 8 -1 #SUP: 43
14 -1 8 -1 14 -1 8 -1 18 -1 8 -1 18 -1 #SUP: 30
14 -1 8 -1 14 -1 8 -1 18 -1 14 -1 #SUP: 33
14 -1 8 -1 14 -1 8 -1 18 -1 18 -1 #SUP: 40
14 -1 8 -1 14 -1 8 -1 71 -1 #SUP: 41
14 -1 8 -1 14 -1 14 -1 #SUP: 79
14 -1 8 -1 14 -1 14 -1 8 -1 #SUP: 45
14 -1 8 -1 14 -1 14 -1 8 -1 18 -1 #SUP: 35
14 -1 8 -1 14 -1 14 -1 14 -1 #SUP: 31
14 -1 8 -1 14 -1 14 -1 18 -1 #SUP: 47
14 -1 8 -1 14 -1 14 -1 71 -1 #SUP: 32
14 -1 8 -1 14 -1 17 -1 #SUP: 54
14 -1 8 -1 14 -1 18 -1 #SUP: 112
14 -1 8 -1 14 -1 18 -1 8 -1 #SUP: 64
14 -1 8 -1 14 -1 18 -1 8 -1 14 -1 #SUP: 30
14 -1 8 -1 14 -1 18 -1 8 -1 18 -1 #SUP: 42
14 -1 8 -1 14 -1 18 -1 14 -1 #SUP: 43
14 -1 8 -1 14 -1 18 -1 18 -1 #SUP: 54
14 -1 8 -1 14 -1 18 -1 71 -1 #SUP: 38
14 -1 8 -1 14 -1 20 -1 #SUP: 38
14 -1 8 -1 14 -1 21 -1 #SUP: 55
14 -1 8 -1 14 -1 21 -1 8 -1 #SUP: 33
14 -1 8 -1 14 -1 29 -1 #SUP: 52
14 -1 8 -1 14 -1 40 -1 #SUP: 37
14 -1 8 -1 14 -1 71 -1 #SUP: 69
14 -1 8 -1 14 -1 71 -1 8 -1 #SUP: 35
14 -1 8 -1 14 -1 71 -1 14 -1 #SUP: 30
14 -1 8 -1 14 -1 71 -1 18 -1 #SUP: 32
14 -1 8 -1 14 -1 71 -1 71 -1 #SUP: 30
14 -1 8 -1 14 -1 92 -1 #SUP: 40
14 -1 8 -1 14 -1 96 -1 #SUP: 30
14 -1 8 -1 17 -1 #SUP: 137
14 -1 8 -1 17 -1 8 -1 #SUP: 74
14 -1 8 -1 17 -1 8 -1 8 -1 #SUP: 31
14 -1 8 -1 17 -1 8 -1 18 -1 #SUP: 42
14 -1 8 -1 17 -1 14 -1 #SUP: 54
14 -1 8 -1 17 -1 17 -1 #SUP: 33
14 -1 8 -1 17 -1 18 -1 #SUP: 55
14 -1 8 -1 17 -1 18 -1 8 -1 #SUP: 31
14 -1 8 -1 17 -1 18 -1 18 -1 #SUP: 31
14 -1 8 -1 17 -1 21 -1 #SUP: 35
14 -1 8 -1 17 -1 71 -1 #SUP: 42
14 -1 8 -1 18 -1 #SUP: 319
14 -1 8 -1 18 -1 3 -1 #SUP: 50
14 -1 8 -1 18 -1 3 -1 8 -1 #SUP: 33
14 -1 8 -1 18 -1 8 -1 #SUP: 182
14 -1 8 -1 18 -1 8 -1 3 -1 #SUP: 33
14 -1 8 -1 18 -1 8 -1 8 -1 #SUP: 88
14 -1 8 -1 18 -1 8 -1 8 -1 8 -1 #SUP: 46
14 -1 8 -1 18 -1 8 -1 8 -1 14 -1 #SUP: 40
14 -1 8 -1 18 -1 8 -1 8 -1 18 -1 #SUP: 58
14 -1 8 -1 18 -1 8 -1 8 -1 18 -1 8 -1 #SUP: 35
14 -1 8 -1 18 -1 8 -1 14 -1 #SUP: 73
14 -1 8 -1 18 -1 8 -1 14 -1 8 -1 #SUP: 45
14 -1 8 -1 18 -1 8 -1 14 -1 8 -1 18 -1 #SUP: 30
14 -1 8 -1 18 -1 8 -1 14 -1 18 -1 #SUP: 43
14 -1 8 -1 18 -1 8 -1 17 -1 #SUP: 43
14 -1 8 -1 18 -1 8 -1 18 -1 #SUP: 115
14 -1 8 -1 18 -1 8 -1 18 -1 8 -1 #SUP: 61
14 -1 8 -1 18 -1 8 -1 18 -1 8 -1 8 -1 #SUP: 31
14 -1 8 -1 18 -1 8 -1 18 -1 8 -1 14 -1 #SUP: 31
14 -1 8 -1 18 -1 8 -1 18 -1 8 -1 18 -1 #SUP: 39
14 -1 8 -1 18 -1 8 -1 18 -1 14 -1 #SUP: 51
14 -1 8 -1 18 -1 8 -1 18 -1 14 -1 8 -1 #SUP: 30
14 -1 8 -1 18 -1 8 -1 18 -1 14 -1 18 -1 #SUP: 35
14 -1 8 -1 18 -1 8 -1 18 -1 18 -1 #SUP: 53
14 -1 8 -1 18 -1 8 -1 18 -1 71 -1 #SUP: 36
14 -1 8 -1 18 -1 8 -1 21 -1 #SUP: 40
14 -1 8 -1 18 -1 8 -1 29 -1 #SUP: 40
14 -1 8 -1 18 -1 8 -1 71 -1 #SUP: 55
14 -1 8 -1 18 -1 14 -1 #SUP: 117
14 -1 8 -1 18 -1 14 -1 8 -1 #SUP: 69
14 -1 8 -1 18 -1 14 -1 8 -1 8 -1 #SUP: 34
14 -1 8 -1 18 -1 14 -1 8 -1 14 -1 #SUP: 31
14 -1 8 -1 18 -1 14 -1 8 -1 18 -1 #SUP: 48
14 -1 8 -1 18 -1 14 -1 14 -1 #SUP: 46
14 -1 8 -1 18 -1 14 -1 14 -1 18 -1 #SUP: 30
14 -1 8 -1 18 -1 14 -1 17 -1 #SUP: 32
14 -1 8 -1 18 -1 14 -1 18 -1 #SUP: 64
14 -1 8 -1 18 -1 14 -1 18 -1 8 -1 #SUP: 37
14 -1 8 -1 18 -1 14 -1 18 -1 18 -1 #SUP: 38
14 -1 8 -1 18 -1 14 -1 21 -1 #SUP: 33
14 -1 8 -1 18 -1 14 -1 29 -1 #SUP: 30
14 -1 8 -1 18 -1 14 -1 71 -1 #SUP: 44
14 -1 8 -1 18 -1 17 -1 #SUP: 74
14 -1 8 -1 18 -1 17 -1 8 -1 #SUP: 42
14 -1 8 -1 18 -1 17 -1 14 -1 #SUP: 33
14 -1 8 -1 18 -1 17 -1 18 -1 #SUP: 35
14 -1 8 -1 18 -1 18 -1 #SUP: 144
14 -1 8 -1 18 -1 18 -1 8 -1 #SUP: 73
14 -1 8 -1 18 -1 18 -1 8 -1 8 -1 #SUP: 37
14 -1 8 -1 18 -1 18 -1 8 -1 14 -1 #SUP: 37
14 -1 8 -1 18 -1 18 -1 8 -1 18 -1 #SUP: 47
14 -1 8 -1 18 -1 18 -1 14 -1 #SUP: 59
14 -1 8 -1 18 -1 18 -1 14 -1 8 -1 #SUP: 37
14 -1 8 -1 18 -1 18 -1 14 -1 18 -1 #SUP: 40
14 -1 8 -1 18 -1 18 -1 18 -1 #SUP: 67
14 -1 8 -1 18 -1 18 -1 18 -1 8 -1 #SUP: 32
14 -1 8 -1 18 -1 18 -1 18 -1 18 -1 #SUP: 30
14 -1 8 -1 18 -1 18 -1 29 -1 #SUP: 35
14 -1 8 -1 18 -1 18 -1 71 -1 #SUP: 45
14 -1 8 -1 18 -1 20 -1 #SUP: 48
14 -1 8 -1 18 -1 21 -1 #SUP: 83
14 -1 8 -1 18 -1 21 -1 8 -1 #SUP: 49
14 -1 8 -1 18 -1 21 -1 8 -1 18 -1 #SUP: 31
14 -1 8 -1 18 -1 21 -1 14 -1 #SUP: 36
14 -1 8 -1 18 -1 21 -1 18 -1 #SUP: 38
14 -1 8 -1 18 -1 29 -1 #SUP: 74
14 -1 8 -1 18 -1 29 -1 8 -1 #SUP: 43
14 -1 8 -1 18 -1 29 -1 18 -1 #SUP: 33
14 -1 8 -1 18 -1 30 -1 #SUP: 31
14 -1 8 -1 18 -1 290 -1 #SUP: 51
14 -1 8 -1 18 -1 40 -1 #SUP: 57
14 -1 8 -1 18 -1 40 -1 8 -1 #SUP: 33
14 -1 8 -1 18 -1 40 -1 18 -1 #SUP: 34
14 -1 8 -1 18 -1 318 -1 #SUP: 43
14 -1 8 -1 18 -1 71 -1 #SUP: 98
14 -1 8 -1 18 -1 71 -1 8 -1 #SUP: 47
14 -1 8 -1 18 -1 71 -1 8 -1 18 -1 #SUP: 30
14 -1 8 -1 18 -1 71 -1 14 -1 #SUP: 32
14 -1 8 -1 18 -1 71 -1 18 -1 #SUP: 46
14 -1 8 -1 18 -1 71 -1 71 -1 #SUP: 38
14 -1 8 -1 18 -1 92 -1 #SUP: 50
14 -1 8 -1 18 -1 92 -1 8 -1 #SUP: 30
14 -1 8 -1 18 -1 96 -1 #SUP: 55
14 -1 8 -1 18 -1 96 -1 8 -1 #SUP: 37
14 -1 8 -1 18 -1 96 -1 18 -1 #SUP: 33
14 -1 8 -1 18 -1 122 -1 #SUP: 33
14 -1 8 -1 18 -1 124 -1 #SUP: 31
14 -1 8 -1 18 -1 206 -1 #SUP: 40
14 -1 8 -1 18 -1 219 -1 #SUP: 31
14 -1 8 -1 18 -1 224 -1 #SUP: 37
14 -1 8 -1 18 -1 227 -1 #SUP: 42
14 -1 8 -1 19 -1 #SUP: 37
14 -1 8 -1 20 -1 #SUP: 79
14 -1 8 -1 20 -1 8 -1 #SUP: 37
14 -1 8 -1 20 -1 18 -1 #SUP: 30
14 -1 8 -1 21 -1 #SUP: 130
14 -1 8 -1 21 -1 8 -1 #SUP: 87
14 -1 8 -1 21 -1 8 -1 8 -1 #SUP: 44
14 -1 8 -1 21 -1 8 -1 14 -1 #SUP: 35
14 -1 8 -1 21 -1 8 -1 18 -1 #SUP: 53
14 -1 8 -1 21 -1 8 -1 18 -1 8 -1 #SUP: 31
14 -1 8 -1 21 -1 14 -1 #SUP: 51
14 -1 8 -1 21 -1 18 -1 #SUP: 65
14 -1 8 -1 21 -1 18 -1 8 -1 #SUP: 39
14 -1 8 -1 21 -1 18 -1 18 -1 #SUP: 33
14 -1 8 -1 21 -1 21 -1 #SUP: 32
14 -1 8 -1 21 -1 71 -1 #SUP: 36
14 -1 8 -1 23 -1 #SUP: 39
14 -1 8 -1 29 -1 #SUP: 117
14 -1 8 -1 29 -1 8 -1 #SUP: 62
14 -1 8 -1 29 -1 8 -1 8 -1 #SUP: 31
14 -1 8 -1 29 -1 8 -1 18 -1 #SUP: 37
14 -1 8 -1 29 -1 14 -1 #SUP: 43
14 -1 8 -1 29 -1 17 -1 #SUP: 39
14 -1 8 -1 29 -1 18 -1 #SUP: 51
14 -1 8 -1 29 -1 21 -1 #SUP: 38
14 -1 8 -1 29 -1 71 -1 #SUP: 40
14 -1 8 -1 30 -1 #SUP: 49
14 -1 8 -1 290 -1 #SUP: 85
14 -1 8 -1 290 -1 8 -1 #SUP: 40
14 -1 8 -1 290 -1 18 -1 #SUP: 39
14 -1 8 -1 290 -1 71 -1 #SUP: 31
14 -1 8 -1 292 -1 #SUP: 40
14 -1 8 -1 39 -1 #SUP: 46
14 -1 8 -1 40 -1 #SUP: 79
14 -1 8 -1 40 -1 8 -1 #SUP: 49
14 -1 8 -1 40 -1 14 -1 #SUP: 32
14 -1 8 -1 40 -1 18 -1 #SUP: 44
14 -1 8 -1 52 -1 #SUP: 47
14 -1 8 -1 54 -1 #SUP: 37
14 -1 8 -1 318 -1 #SUP: 55
14 -1 8 -1 63 -1 #SUP: 30
14 -1 8 -1 71 -1 #SUP: 163
14 -1 8 -1 71 -1 3 -1 #SUP: 31
14 -1 8 -1 71 -1 8 -1 #SUP: 91
14 -1 8 -1 71 -1 8 -1 8 -1 #SUP: 49
14 -1 8 -1 71 -1 8 -1 14 -1 #SUP: 35
14 -1 8 -1 71 -1 8 -1 18 -1 #SUP: 57
14 -1 8 -1 71 -1 8 -1 18 -1 8 -1 #SUP: 38
14 -1 8 -1 71 -1 8 -1 71 -1 #SUP: 30
14 -1 8 -1 71 -1 14 -1 #SUP: 68
14 -1 8 -1 71 -1 14 -1 8 -1 #SUP: 38
14 -1 8 -1 71 -1 14 -1 18 -1 #SUP: 34
14 -1 8 -1 71 -1 17 -1 #SUP: 37
14 -1 8 -1 71 -1 18 -1 #SUP: 78
14 -1 8 -1 71 -1 18 -1 8 -1 #SUP: 44
14 -1 8 -1 71 -1 18 -1 18 -1 #SUP: 33
14 -1 8 -1 71 -1 20 -1 #SUP: 35
14 -1 8 -1 71 -1 21 -1 #SUP: 37
14 -1 8 -1 71 -1 29 -1 #SUP: 41
14 -1 8 -1 71 -1 290 -1 #SUP: 39
14 -1 8 -1 71 -1 71 -1 #SUP: 60
14 -1 8 -1 71 -1 92 -1 #SUP: 36
14 -1 8 -1 92 -1 #SUP: 95
14 -1 8 -1 92 -1 8 -1 #SUP: 49
14 -1 8 -1 92 -1 14 -1 #SUP: 35
14 -1 8 -1 92 -1 18 -1 #SUP: 48
14 -1 8 -1 96 -1 #SUP: 86
14 -1 8 -1 96 -1 8 -1 #SUP: 49
14 -1 8 -1 96 -1 8 -1 18 -1 #SUP: 32
14 -1 8 -1 96 -1 14 -1 #SUP: 36
14 -1 8 -1 96 -1 17 -1 #SUP: 39
14 -1 8 -1 96 -1 18 -1 #SUP: 46
14 -1 8 -1 96 -1 71 -1 #SUP: 32
14 -1 8 -1 103 -1 #SUP: 48
14 -1 8 -1 122 -1 #SUP: 40
14 -1 8 -1 124 -1 #SUP: 55
14 -1 8 -1 124 -1 8 -1 #SUP: 30
14 -1 8 -1 126 -1 #SUP: 55
14 -1 8 -1 206 -1 #SUP: 49
14 -1 8 -1 219 -1 #SUP: 49
14 -1 8 -1 224 -1 #SUP: 49
14 -1 8 -1 225 -1 #SUP: 34
14 -1 8 -1 227 -1 #SUP: 58
14 -1 265 -1 #SUP: 86
14 -1 265 -1 8 -1 #SUP: 37
14 -1 265 -1 14 -1 #SUP: 30
14 -1 265 -1 18 -1 #SUP: 33
14 -1 265 -1 71 -1 #SUP: 38
14 -1 266 -1 #SUP: 46
14 -1 14 -1 #SUP: 368
14 -1 14 -1 3 -1 #SUP: 65
14 -1 14 -1 3 -1 8 -1 #SUP: 43
14 -1 14 -1 3 -1 18 -1 #SUP: 33
14 -1 14 -1 8 -1 #SUP: 191
14 -1 14 -1 8 -1 3 -1 #SUP: 33
14 -1 14 -1 8 -1 8 -1 #SUP: 103
14 -1 14 -1 8 -1 8 -1 8 -1 #SUP: 50
14 -1 14 -1 8 -1 8 -1 8 -1 18 -1 #SUP: 35
14 -1 14 -1 8 -1 8 -1 14 -1 #SUP: 45
14 -1 14 -1 8 -1 8 -1 18 -1 #SUP: 67
14 -1 14 -1 8 -1 8 -1 18 -1 8 -1 #SUP: 36
14 -1 14 -1 8 -1 8 -1 18 -1 18 -1 #SUP: 38
14 -1 14 -1 8 -1 8 -1 71 -1 #SUP: 35
14 -1 14 -1 8 -1 14 -1 #SUP: 80
14 -1 14 -1 8 -1 14 -1 8 -1 #SUP: 57
14 -1 14 -1 8 -1 14 -1 8 -1 18 -1 #SUP: 36
14 -1 14 -1 8 -1 14 -1 14 -1 #SUP: 31
14 -1 14 -1 8 -1 14 -1 18 -1 #SUP: 50
14 -1 14 -1 8 -1 14 -1 18 -1 18 -1 #SUP: 31
14 -1 14 -1 8 -1 14 -1 71 -1 #SUP: 33
14 -1 14 -1 8 -1 17 -1 #SUP: 48
14 -1 14 -1 8 -1 18 -1 #SUP: 123
14 -1 14 -1 8 -1 18 -1 8 -1 #SUP: 73
14 -1 14 -1 8 -1 18 -1 8 -1 8 -1 #SUP: 36
14 -1 14 -1 8 -1 18 -1 8 -1 14 -1 #SUP: 31
14 -1 14 -1 8 -1 18 -1 8 -1 18 -1 #SUP: 53
14 -1 14 -1 8 -1 18 -1 14 -1 #SUP: 47
14 -1 14 -1 8 -1 18 -1 14 -1 8 -1 #SUP: 32
14 -1 14 -1 8 -1 18 -1 14 -1 18 -1 #SUP: 32
14 -1 14 -1 8 -1 18 -1 17 -1 #SUP: 30
14 -1 14 -1 8 -1 18 -1 18 -1 #SUP: 64
14 -1 14 -1 8 -1 18 -1 18 -1 8 -1 #SUP: 33
14 -1 14 -1 8 -1 18 -1 18 -1 18 -1 #SUP: 31
14 -1 14 -1 8 -1 18 -1 21 -1 #SUP: 34
14 -1 14 -1 8 -1 18 -1 29 -1 #SUP: 30
14 -1 14 -1 8 -1 18 -1 71 -1 #SUP: 46
14 -1 14 -1 8 -1 20 -1 #SUP: 35
14 -1 14 -1 8 -1 21 -1 #SUP: 46
14 -1 14 -1 8 -1 29 -1 #SUP: 47
14 -1 14 -1 8 -1 40 -1 #SUP: 35
14 -1 14 -1 8 -1 71 -1 #SUP: 64
14 -1 14 -1 8 -1 71 -1 8 -1 #SUP: 34
14 -1 14 -1 8 -1 92 -1 #SUP: 33
14 -1 14 -1 8 -1 96 -1 #SUP: 31
14 -1 14 -1 265 -1 #SUP: 31
14 -1 14 -1 14 -1 #SUP: 152
14 -1 14 -1 14 -1 8 -1 #SUP: 90
14 -1 14 -1 14 -1 8 -1 8 -1 #SUP: 37
14 -1 14 -1 14 -1 8 -1 14 -1 #SUP: 36
14 -1 14 -1 14 -1 8 -1 18 -1 #SUP: 57
14 -1 14 -1 14 -1 8 -1 18 -1 18 -1 #SUP: 34
14 -1 14 -1 14 -1 8 -1 71 -1 #SUP: 31
14 -1 14 -1 14 -1 14 -1 #SUP: 63
14 -1 14 -1 14 -1 17 -1 #SUP: 35
14 -1 14 -1 14 -1 18 -1 #SUP: 90
14 -1 14 -1 14 -1 18 -1 8 -1 #SUP: 47
14 -1 14 -1 14 -1 18 -1 8 -1 18 -1 #SUP: 32
14 -1 14 -1 14 -1 18 -1 14 -1 #SUP: 34
14 -1 14 -1 14 -1 18 -1 18 -1 #SUP: 47
14 -1 14 -1 14 -1 18 -1 71 -1 #SUP: 34
14 -1 14 -1 14 -1 21 -1 #SUP: 45
14 -1 14 -1 14 -1 29 -1 #SUP: 42
14 -1 14 -1 14 -1 40 -1 #SUP: 30
14 -1 14 -1 14 -1 71 -1 #SUP: 59
14 -1 14 -1 14 -1 92 -1 #SUP: 31
14 -1 14 -1 17 -1 #SUP: 100
14 -1 14 -1 17 -1 8 -1 #SUP: 49
14 -1 14 -1 17 -1 8 -1 18 -1 #SUP: 31
14 -1 14 -1 17 -1 14 -1 #SUP: 43
14 -1 14 -1 17 -1 18 -1 #SUP: 43
14 -1 14 -1 17 -1 71 -1 #SUP: 35
14 -1 14 -1 18 -1 #SUP: 192
14 -1 14 -1 18 -1 3 -1 #SUP: 31
14 -1 14 -1 18 -1 8 -1 #SUP: 107
14 -1 14 -1 18 -1 8 -1 8 -1 #SUP: 51
14 -1 14 -1 18 -1 8 -1 8 -1 8 -1 #SUP: 30
14 -1 14 -1 18 -1 8 -1 8 -1 18 -1 #SUP: 36
14 -1 14 -1 18 -1 8 -1 14 -1 #SUP: 51
14 -1 14 -1 18 -1 8 -1 14 -1 8 -1 #SUP: 32
14 -1 14 -1 18 -1 8 -1 18 -1 #SUP: 70
14 -1 14 -1 18 -1 8 -1 18 -1 8 -1 #SUP: 35
14 -1 14 -1 18 -1 8 -1 18 -1 14 -1 #SUP: 31
14 -1 14 -1 18 -1 8 -1 18 -1 18 -1 #SUP: 36
14 -1 14 -1 18 -1 8 -1 71 -1 #SUP: 37
14 -1 14 -1 18 -1 14 -1 #SUP: 79
14 -1 14 -1 18 -1 14 -1 8 -1 #SUP: 52
14 -1 14 -1 18 -1 14 -1 8 -1 18 -1 #SUP: 34
14 -1 14 -1 18 -1 14 -1 14 -1 #SUP: 32
14 -1 14 -1 18 -1 14 -1 18 -1 #SUP: 50
14 -1 14 -1 18 -1 14 -1 71 -1 #SUP: 32
14 -1 14 -1 18 -1 17 -1 #SUP: 45
14 -1 14 -1 18 -1 18 -1 #SUP: 90
14 -1 14 -1 18 -1 18 -1 8 -1 #SUP: 46
14 -1 14 -1 18 -1 18 -1 14 -1 #SUP: 36
14 -1 14 -1 18 -1 18 -1 18 -1 #SUP: 45
14 -1 14 -1 18 -1 20 -1 #SUP: 35
14 -1 14 -1 18 -1 21 -1 #SUP: 52
14 -1 14 -1 18 -1 29 -1 #SUP: 46
14 -1 14 -1 18 -1 290 -1 #SUP: 33
14 -1 14 -1 18 -1 40 -1 #SUP: 38
14 -1 14 -1 18 -1 71 -1 #SUP: 66
14 -1 14 -1 18 -1 71 -1 8 -1 #SUP: 32
14 -1 14 -1 18 -1 92 -1 #SUP: 37
14 -1 14 -1 18 -1 96 -1 #SUP: 30
14 -1 14 -1 20 -1 #SUP: 65
14 -1 14 -1 20 -1 8 -1 #SUP: 32
14 -1 14 -1 21 -1 #SUP: 111
14 -1 14 -1 21 -1 8 -1 #SUP: 64
14 -1 14 -1 21 -1 8 -1 8 -1 #SUP: 35
14 -1 14 -1 21 -1 8 -1 14 -1 #SUP: 34
14 -1 14 -1 21 -1 8 -1 18 -1 #SUP: 40
14 -1 14 -1 21 -1 14 -1 #SUP: 50
14 -1 14 -1 21 -1 14 -1 8 -1 #SUP: 33
14 -1 14 -1 21 -1 14 -1 18 -1 #SUP: 31
14 -1 14 -1 21 -1 18 -1 #SUP: 58
14 -1 14 -1 21 -1 18 -1 8 -1 #SUP: 32
14 -1 14 -1 21 -1 18 -1 18 -1 #SUP: 32
14 -1 14 -1 21 -1 40 -1 #SUP: 31
14 -1 14 -1 21 -1 71 -1 #SUP: 34
14 -1 14 -1 23 -1 #SUP: 43
14 -1 14 -1 29 -1 #SUP: 93
14 -1 14 -1 29 -1 8 -1 #SUP: 54
14 -1 14 -1 29 -1 8 -1 18 -1 #SUP: 31
14 -1 14 -1 29 -1 14 -1 #SUP: 37
14 -1 14 -1 29 -1 17 -1 #SUP: 36
14 -1 14 -1 29 -1 18 -1 #SUP: 47
14 -1 14 -1 29 -1 21 -1 #SUP: 32
14 -1 14 -1 29 -1 71 -1 #SUP: 34
14 -1 14 -1 30 -1 #SUP: 44
14 -1 14 -1 290 -1 #SUP: 71
14 -1 14 -1 290 -1 8 -1 #SUP: 31
14 -1 14 -1 292 -1 #SUP: 41
14 -1 14 -1 39 -1 #SUP: 37
14 -1 14 -1 40 -1 #SUP: 68
14 -1 14 -1 40 -1 8 -1 #SUP: 37
14 -1 14 -1 40 -1 18 -1 #SUP: 39
14 -1 14 -1 52 -1 #SUP: 39
14 -1 14 -1 54 -1 #SUP: 38
14 -1 14 -1 318 -1 #SUP: 39
14 -1 14 -1 71 -1 #SUP: 134
14 -1 14 -1 71 -1 8 -1 #SUP: 69
14 -1 14 -1 71 -1 8 -1 8 -1 #SUP: 35
14 -1 14 -1 71 -1 8 -1 14 -1 #SUP: 31
14 -1 14 -1 71 -1 8 -1 18 -1 #SUP: 46
14 -1 14 -1 71 -1 14 -1 #SUP: 59
14 -1 14 -1 71 -1 14 -1 8 -1 #SUP: 32
14 -1 14 -1 71 -1 14 -1 18 -1 #SUP: 34
14 -1 14 -1 71 -1 17 -1 #SUP: 31
14 -1 14 -1 71 -1 18 -1 #SUP: 68
14 -1 14 -1 71 -1 18 -1 8 -1 #SUP: 38
14 -1 14 -1 71 -1 18 -1 18 -1 #SUP: 31
14 -1 14 -1 71 -1 21 -1 #SUP: 34
14 -1 14 -1 71 -1 29 -1 #SUP: 35
14 -1 14 -1 71 -1 290 -1 #SUP: 34
14 -1 14 -1 71 -1 71 -1 #SUP: 50
14 -1 14 -1 92 -1 #SUP: 69
14 -1 14 -1 92 -1 8 -1 #SUP: 30
14 -1 14 -1 92 -1 18 -1 #SUP: 30
14 -1 14 -1 96 -1 #SUP: 60
14 -1 14 -1 96 -1 8 -1 #SUP: 36
14 -1 14 -1 96 -1 14 -1 #SUP: 30
14 -1 14 -1 96 -1 18 -1 #SUP: 30
14 -1 14 -1 103 -1 #SUP: 48
14 -1 14 -1 122 -1 #SUP: 35
14 -1 14 -1 124 -1 #SUP: 52
14 -1 14 -1 206 -1 #SUP: 43
14 -1 14 -1 219 -1 #SUP: 45
14 -1 14 -1 224 -1 #SUP: 39
14 -1 14 -1 227 -1 #SUP: 48
14 -1 17 -1 #SUP: 263
14 -1 17 -1 3 -1 #SUP: 53
14 -1 17 -1 3 -1 8 -1 #SUP: 30
14 -1 17 -1 8 -1 #SUP: 138
14 -1 17 -1 8 -1 8 -1 #SUP: 55
14 -1 17 -1 8 -1 8 -1 18 -1 #SUP: 33
14 -1 17 -1 8 -1 14 -1 #SUP: 47
14 -1 17 -1 8 -1 17 -1 #SUP: 37
14 -1 17 -1 8 -1 18 -1 #SUP: 82
14 -1 17 -1 8 -1 18 -1 8 -1 #SUP: 44
14 -1 17 -1 8 -1 18 -1 8 -1 18 -1 #SUP: 30
14 -1 17 -1 8 -1 18 -1 14 -1 #SUP: 33
14 -1 17 -1 8 -1 18 -1 18 -1 #SUP: 34
14 -1 17 -1 8 -1 21 -1 #SUP: 33
14 -1 17 -1 8 -1 71 -1 #SUP: 33
14 -1 17 -1 14 -1 #SUP: 112
14 -1 17 -1 14 -1 8 -1 #SUP: 55
14 -1 17 -1 14 -1 8 -1 18 -1 #SUP: 34
14 -1 17 -1 14 -1 17 -1 #SUP: 36
14 -1 17 -1 14 -1 18 -1 #SUP: 51
14 -1 17 -1 14 -1 21 -1 #SUP: 33
14 -1 17 -1 14 -1 71 -1 #SUP: 33
14 -1 17 -1 17 -1 #SUP: 76
14 -1 17 -1 17 -1 8 -1 #SUP: 33
14 -1 17 -1 18 -1 #SUP: 122
14 -1 17 -1 18 -1 8 -1 #SUP: 62
14 -1 17 -1 18 -1 8 -1 18 -1 #SUP: 40
14 -1 17 -1 18 -1 14 -1 #SUP: 42
14 -1 17 -1 18 -1 17 -1 #SUP: 32
14 -1 17 -1 18 -1 18 -1 #SUP: 52
14 -1 17 -1 18 -1 21 -1 #SUP: 33
14 -1 17 -1 18 -1 71 -1 #SUP: 35
14 -1 17 -1 20 -1 #SUP: 47
14 -1 17 -1 21 -1 #SUP: 76
14 -1 17 -1 21 -1 8 -1 #SUP: 45
14 -1 17 -1 21 -1 18 -1 #SUP: 31
14 -1 17 -1 29 -1 #SUP: 62
14 -1 17 -1 30 -1 #SUP: 34
14 -1 17 -1 290 -1 #SUP: 43
14 -1 17 -1 39 -1 #SUP: 33
14 -1 17 -1 40 -1 #SUP: 56
14 -1 17 -1 40 -1 8 -1 #SUP: 30
14 -1 17 -1 52 -1 #SUP: 41
14 -1 17 -1 71 -1 #SUP: 91
14 -1 17 -1 71 -1 8 -1 #SUP: 41
14 -1 17 -1 71 -1 14 -1 #SUP: 31
14 -1 17 -1 71 -1 18 -1 #SUP: 32
14 -1 17 -1 71 -1 71 -1 #SUP: 35
14 -1 17 -1 92 -1 #SUP: 54
14 -1 17 -1 96 -1 #SUP: 47
14 -1 17 -1 103 -1 #SUP: 30
14 -1 18 -1 #SUP: 480
14 -1 18 -1 3 -1 #SUP: 75
14 -1 18 -1 3 -1 8 -1 #SUP: 48
14 -1 18 -1 3 -1 8 -1 18 -1 #SUP: 33
14 -1 18 -1 3 -1 14 -1 #SUP: 33
14 -1 18 -1 3 -1 18 -1 #SUP: 43
14 -1 18 -1 8 -1 #SUP: 262
14 -1 18 -1 8 -1 3 -1 #SUP: 45
14 -1 18 -1 8 -1 8 -1 #SUP: 132
14 -1 18 -1 8 -1 8 -1 8 -1 #SUP: 66
14 -1 18 -1 8 -1 8 -1 8 -1 8 -1 #SUP: 33
14 -1 18 -1 8 -1 8 -1 8 -1 14 -1 #SUP: 30
14 -1 18 -1 8 -1 8 -1 8 -1 18 -1 #SUP: 39
14 -1 18 -1 8 -1 8 -1 14 -1 #SUP: 61
14 -1 18 -1 8 -1 8 -1 14 -1 8 -1 #SUP: 41
14 -1 18 -1 8 -1 8 -1 14 -1 18 -1 #SUP: 40
14 -1 18 -1 8 -1 8 -1 18 -1 #SUP: 86
14 -1 18 -1 8 -1 8 -1 18 -1 8 -1 #SUP: 51
14 -1 18 -1 8 -1 8 -1 18 -1 14 -1 #SUP: 34
14 -1 18 -1 8 -1 8 -1 18 -1 18 -1 #SUP: 37
14 -1 18 -1 8 -1 8 -1 29 -1 #SUP: 31
14 -1 18 -1 8 -1 8 -1 71 -1 #SUP: 38
14 -1 18 -1 8 -1 14 -1 #SUP: 113
14 -1 18 -1 8 -1 14 -1 8 -1 #SUP: 68
14 -1 18 -1 8 -1 14 -1 8 -1 8 -1 #SUP: 30
14 -1 18 -1 8 -1 14 -1 8 -1 18 -1 #SUP: 43
14 -1 18 -1 8 -1 14 -1 14 -1 #SUP: 45
14 -1 18 -1 8 -1 14 -1 18 -1 #SUP: 61
14 -1 18 -1 8 -1 14 -1 18 -1 8 -1 #SUP: 42
14 -1 18 -1 8 -1 14 -1 18 -1 18 -1 #SUP: 37
14 -1 18 -1 8 -1 14 -1 71 -1 #SUP: 43
14 -1 18 -1 8 -1 17 -1 #SUP: 59
14 -1 18 -1 8 -1 17 -1 8 -1 #SUP: 34
14 -1 18 -1 8 -1 18 -1 #SUP: 165
14 -1 18 -1 8 -1 18 -1 3 -1 #SUP: 33
14 -1 18 -1 8 -1 18 -1 8 -1 #SUP: 93
14 -1 18 -1 8 -1 18 -1 8 -1 8 -1 #SUP: 44
14 -1 18 -1 8 -1 18 -1 8 -1 8 -1 18 -1 #SUP: 30
14 -1 18 -1 8 -1 18 -1 8 -1 14 -1 #SUP: 42
14 -1 18 -1 8 -1 18 -1 8 -1 14 -1 8 -1 #SUP: 30
14 -1 18 -1 8 -1 18 -1 8 -1 14 -1 18 -1 #SUP: 30
14 -1 18 -1 8 -1 18 -1 8 -1 18 -1 #SUP: 59
14 -1 18 -1 8 -1 18 -1 8 -1 18 -1 8 -1 #SUP: 34
14 -1 18 -1 8 -1 18 -1 8 -1 71 -1 #SUP: 30
14 -1 18 -1 8 -1 18 -1 14 -1 #SUP: 66
14 -1 18 -1 8 -1 18 -1 14 -1 8 -1 #SUP: 43
14 -1 18 -1 8 -1 18 -1 14 -1 18 -1 #SUP: 41
14 -1 18 -1 8 -1 18 -1 17 -1 #SUP: 33
14 -1 18 -1 8 -1 18 -1 18 -1 #SUP: 71
14 -1 18 -1 8 -1 18 -1 18 -1 8 -1 #SUP: 40
14 -1 18 -1 8 -1 18 -1 18 -1 14 -1 #SUP: 31
14 -1 18 -1 8 -1 18 -1 18 -1 18 -1 #SUP: 39
14 -1 18 -1 8 -1 18 -1 21 -1 #SUP: 32
14 -1 18 -1 8 -1 18 -1 29 -1 #SUP: 37
14 -1 18 -1 8 -1 18 -1 71 -1 #SUP: 48
14 -1 18 -1 8 -1 20 -1 #SUP: 41
14 -1 18 -1 8 -1 21 -1 #SUP: 62
14 -1 18 -1 8 -1 21 -1 8 -1 #SUP: 37
14 -1 18 -1 8 -1 21 -1 14 -1 #SUP: 30
14 -1 18 -1 8 -1 29 -1 #SUP: 58
14 -1 18 -1 8 -1 29 -1 8 -1 #SUP: 30
14 -1 18 -1 8 -1 290 -1 #SUP: 43
14 -1 18 -1 8 -1 40 -1 #SUP: 36
14 -1 18 -1 8 -1 318 -1 #SUP: 30
14 -1 18 -1 8 -1 71 -1 #SUP: 80
14 -1 18 -1 8 -1 71 -1 8 -1 #SUP: 41
14 -1 18 -1 8 -1 71 -1 14 -1 #SUP: 38
14 -1 18 -1 8 -1 71 -1 18 -1 #SUP: 39
14 -1 18 -1 8 -1 71 -1 71 -1 #SUP: 33
14 -1 18 -1 8 -1 92 -1 #SUP: 37
14 -1 18 -1 8 -1 96 -1 #SUP: 38
14 -1 18 -1 8 -1 124 -1 #SUP: 31
14 -1 18 -1 8 -1 227 -1 #SUP: 30
14 -1 18 -1 265 -1 #SUP: 32
14 -1 18 -1 14 -1 #SUP: 197
14 -1 18 -1 14 -1 3 -1 #SUP: 37
14 -1 18 -1 14 -1 8 -1 #SUP: 110
14 -1 18 -1 14 -1 8 -1 8 -1 #SUP: 56
14 -1 18 -1 14 -1 8 -1 8 -1 18 -1 #SUP: 38
14 -1 18 -1 14 -1 8 -1 14 -1 #SUP: 45
14 -1 18 -1 14 -1 8 -1 14 -1 8 -1 #SUP: 33
14 -1 18 -1 14 -1 8 -1 14 -1 18 -1 #SUP: 30
14 -1 18 -1 14 -1 8 -1 18 -1 #SUP: 69
14 -1 18 -1 14 -1 8 -1 18 -1 8 -1 #SUP: 40
14 -1 18 -1 14 -1 8 -1 18 -1 8 -1 18 -1 #SUP: 31
14 -1 18 -1 14 -1 8 -1 18 -1 14 -1 #SUP: 30
14 -1 18 -1 14 -1 8 -1 18 -1 18 -1 #SUP: 38
14 -1 18 -1 14 -1 8 -1 71 -1 #SUP: 35
14 -1 18 -1 14 -1 14 -1 #SUP: 81
14 -1 18 -1 14 -1 14 -1 8 -1 #SUP: 47
14 -1 18 -1 14 -1 14 -1 8 -1 18 -1 #SUP: 31
14 -1 18 -1 14 -1 14 -1 14 -1 #SUP: 33
14 -1 18 -1 14 -1 14 -1 18 -1 #SUP: 45
14 -1 18 -1 14 -1 17 -1 #SUP: 48
14 -1 18 -1 14 -1 18 -1 #SUP: 106
14 -1 18 -1 14 -1 18 -1 8 -1 #SUP: 61
14 -1 18 -1 14 -1 18 -1 8 -1 18 -1 #SUP: 40
14 -1 18 -1 14 -1 18 -1 14 -1 #SUP: 43
14 -1 18 -1 14 -1 18 -1 18 -1 #SUP: 54
14 -1 18 -1 14 -1 18 -1 71 -1 #SUP: 36
14 -1 18 -1 14 -1 20 -1 #SUP: 38
14 -1 18 -1 14 -1 21 -1 #SUP: 61
14 -1 18 -1 14 -1 21 -1 8 -1 #SUP: 34
14 -1 18 -1 14 -1 21 -1 18 -1 #SUP: 32
14 -1 18 -1 14 -1 29 -1 #SUP: 48
14 -1 18 -1 14 -1 290 -1 #SUP: 37
14 -1 18 -1 14 -1 40 -1 #SUP: 31
14 -1 18 -1 14 -1 71 -1 #SUP: 72
14 -1 18 -1 14 -1 71 -1 8 -1 #SUP: 34
14 -1 18 -1 14 -1 71 -1 14 -1 #SUP: 30
14 -1 18 -1 14 -1 71 -1 18 -1 #SUP: 32
14 -1 18 -1 14 -1 92 -1 #SUP: 33
14 -1 18 -1 14 -1 96 -1 #SUP: 30
14 -1 18 -1 17 -1 #SUP: 112
14 -1 18 -1 17 -1 8 -1 #SUP: 62
14 -1 18 -1 17 -1 8 -1 8 -1 #SUP: 30
14 -1 18 -1 17 -1 8 -1 18 -1 #SUP: 39
14 -1 18 -1 17 -1 14 -1 #SUP: 51
14 -1 18 -1 17 -1 14 -1 8 -1 #SUP: 30
14 -1 18 -1 17 -1 18 -1 #SUP: 51
14 -1 18 -1 17 -1 18 -1 8 -1 #SUP: 31
14 -1 18 -1 17 -1 71 -1 #SUP: 40
14 -1 18 -1 18 -1 #SUP: 218
14 -1 18 -1 18 -1 3 -1 #SUP: 37
14 -1 18 -1 18 -1 8 -1 #SUP: 113
14 -1 18 -1 18 -1 8 -1 8 -1 #SUP: 57
14 -1 18 -1 18 -1 8 -1 8 -1 14 -1 #SUP: 30
14 -1 18 -1 18 -1 8 -1 8 -1 18 -1 #SUP: 39
14 -1 18 -1 18 -1 8 -1 14 -1 #SUP: 52
14 -1 18 -1 18 -1 8 -1 14 -1 8 -1 #SUP: 39
14 -1 18 -1 18 -1 8 -1 14 -1 18 -1 #SUP: 36
14 -1 18 -1 18 -1 8 -1 18 -1 #SUP: 70
14 -1 18 -1 18 -1 8 -1 18 -1 8 -1 #SUP: 42
14 -1 18 -1 18 -1 8 -1 18 -1 14 -1 #SUP: 32
14 -1 18 -1 18 -1 8 -1 18 -1 18 -1 #SUP: 35
14 -1 18 -1 18 -1 8 -1 71 -1 #SUP: 36
14 -1 18 -1 18 -1 14 -1 #SUP: 92
14 -1 18 -1 18 -1 14 -1 8 -1 #SUP: 59
14 -1 18 -1 18 -1 14 -1 8 -1 18 -1 #SUP: 37
14 -1 18 -1 18 -1 14 -1 14 -1 #SUP: 33
14 -1 18 -1 18 -1 14 -1 18 -1 #SUP: 58
14 -1 18 -1 18 -1 14 -1 18 -1 8 -1 #SUP: 34
14 -1 18 -1 18 -1 14 -1 18 -1 18 -1 #SUP: 32
14 -1 18 -1 18 -1 14 -1 71 -1 #SUP: 31
14 -1 18 -1 18 -1 17 -1 #SUP: 37
14 -1 18 -1 18 -1 18 -1 #SUP: 95
14 -1 18 -1 18 -1 18 -1 8 -1 #SUP: 53
14 -1 18 -1 18 -1 18 -1 8 -1 18 -1 #SUP: 33
14 -1 18 -1 18 -1 18 -1 14 -1 #SUP: 40
14 -1 18 -1 18 -1 18 -1 18 -1 #SUP: 49
14 -1 18 -1 18 -1 18 -1 71 -1 #SUP: 33
14 -1 18 -1 18 -1 20 -1 #SUP: 33
14 -1 18 -1 18 -1 21 -1 #SUP: 52
14 -1 18 -1 18 -1 29 -1 #SUP: 52
14 -1 18 -1 18 -1 290 -1 #SUP: 31
14 -1 18 -1 18 -1 40 -1 #SUP: 34
14 -1 18 -1 18 -1 318 -1 #SUP: 36
14 -1 18 -1 18 -1 71 -1 #SUP: 68
14 -1 18 -1 18 -1 71 -1 8 -1 #SUP: 30
14 -1 18 -1 18 -1 71 -1 18 -1 #SUP: 34
14 -1 18 -1 18 -1 92 -1 #SUP: 33
14 -1 18 -1 18 -1 96 -1 #SUP: 36
14 -1 18 -1 19 -1 #SUP: 36
14 -1 18 -1 20 -1 #SUP: 82
14 -1 18 -1 20 -1 8 -1 #SUP: 40
14 -1 18 -1 20 -1 14 -1 #SUP: 30
14 -1 18 -1 20 -1 18 -1 #SUP: 36
14 -1 18 -1 20 -1 71 -1 #SUP: 31
14 -1 18 -1 21 -1 #SUP: 133
14 -1 18 -1 21 -1 8 -1 #SUP: 73
14 -1 18 -1 21 -1 8 -1 8 -1 #SUP: 40
14 -1 18 -1 21 -1 8 -1 14 -1 #SUP: 33
14 -1 18 -1 21 -1 8 -1 18 -1 #SUP: 43
14 -1 18 -1 21 -1 14 -1 #SUP: 58
14 -1 18 -1 21 -1 14 -1 8 -1 #SUP: 31
14 -1 18 -1 21 -1 14 -1 18 -1 #SUP: 30
14 -1 18 -1 21 -1 18 -1 #SUP: 54
14 -1 18 -1 21 -1 18 -1 8 -1 #SUP: 36
14 -1 18 -1 21 -1 18 -1 18 -1 #SUP: 34
14 -1 18 -1 21 -1 21 -1 #SUP: 33
14 -1 18 -1 21 -1 71 -1 #SUP: 39
14 -1 18 -1 23 -1 #SUP: 45
14 -1 18 -1 29 -1 #SUP: 113
14 -1 18 -1 29 -1 8 -1 #SUP: 59
14 -1 18 -1 29 -1 8 -1 18 -1 #SUP: 31
14 -1 18 -1 29 -1 14 -1 #SUP: 39
14 -1 18 -1 29 -1 17 -1 #SUP: 33
14 -1 18 -1 29 -1 18 -1 #SUP: 51
14 -1 18 -1 29 -1 21 -1 #SUP: 43
14 -1 18 -1 29 -1 71 -1 #SUP: 43
14 -1 18 -1 30 -1 #SUP: 52
14 -1 18 -1 290 -1 #SUP: 90
14 -1 18 -1 290 -1 8 -1 #SUP: 38
14 -1 18 -1 290 -1 18 -1 #SUP: 40
14 -1 18 -1 290 -1 71 -1 #SUP: 30
14 -1 18 -1 292 -1 #SUP: 42
14 -1 18 -1 39 -1 #SUP: 52
14 -1 18 -1 40 -1 #SUP: 82
14 -1 18 -1 40 -1 8 -1 #SUP: 45
14 -1 18 -1 40 -1 18 -1 #SUP: 44
14 -1 18 -1 52 -1 #SUP: 52
14 -1 18 -1 54 -1 #SUP: 41
14 -1 18 -1 318 -1 #SUP: 66
14 -1 18 -1 318 -1 8 -1 #SUP: 32
14 -1 18 -1 63 -1 #SUP: 33
14 -1 18 -1 71 -1 #SUP: 159
14 -1 18 -1 71 -1 8 -1 #SUP: 82
14 -1 18 -1 71 -1 8 -1 8 -1 #SUP: 42
14 -1 18 -1 71 -1 8 -1 14 -1 #SUP: 33
14 -1 18 -1 71 -1 8 -1 18 -1 #SUP: 50
14 -1 18 -1 71 -1 8 -1 18 -1 8 -1 #SUP: 36
14 -1 18 -1 71 -1 14 -1 #SUP: 67
14 -1 18 -1 71 -1 14 -1 8 -1 #SUP: 36
14 -1 18 -1 71 -1 14 -1 18 -1 #SUP: 32
14 -1 18 -1 71 -1 17 -1 #SUP: 30
14 -1 18 -1 71 -1 18 -1 #SUP: 75
14 -1 18 -1 71 -1 18 -1 8 -1 #SUP: 43
14 -1 18 -1 71 -1 18 -1 18 -1 #SUP: 33
14 -1 18 -1 71 -1 20 -1 #SUP: 32
14 -1 18 -1 71 -1 21 -1 #SUP: 44
14 -1 18 -1 71 -1 29 -1 #SUP: 33
14 -1 18 -1 71 -1 290 -1 #SUP: 47
14 -1 18 -1 71 -1 71 -1 #SUP: 62
14 -1 18 -1 92 -1 #SUP: 86
14 -1 18 -1 92 -1 8 -1 #SUP: 41
14 -1 18 -1 92 -1 18 -1 #SUP: 39
14 -1 18 -1 96 -1 #SUP: 73
14 -1 18 -1 96 -1 8 -1 #SUP: 43
14 -1 18 -1 96 -1 8 -1 18 -1 #SUP: 30
14 -1 18 -1 96 -1 14 -1 #SUP: 31
14 -1 18 -1 96 -1 17 -1 #SUP: 32
14 -1 18 -1 96 -1 18 -1 #SUP: 39
14 -1 18 -1 103 -1 #SUP: 47
14 -1 18 -1 122 -1 #SUP: 53
14 -1 18 -1 124 -1 #SUP: 52
14 -1 18 -1 174 -1 #SUP: 30
14 -1 18 -1 186 -1 #SUP: 30
14 -1 18 -1 206 -1 #SUP: 55
14 -1 18 -1 212 -1 #SUP: 31
14 -1 18 -1 219 -1 #SUP: 53
14 -1 18 -1 224 -1 #SUP: 55
14 -1 18 -1 225 -1 #SUP: 38
14 -1 18 -1 227 -1 #SUP: 70
14 -1 274 -1 #SUP: 32
14 -1 19 -1 #SUP: 78
14 -1 19 -1 8 -1 #SUP: 35
14 -1 19 -1 14 -1 #SUP: 30
14 -1 19 -1 18 -1 #SUP: 33
14 -1 19 -1 71 -1 #SUP: 33
14 -1 20 -1 #SUP: 168
14 -1 20 -1 8 -1 #SUP: 86
14 -1 20 -1 8 -1 8 -1 #SUP: 41
14 -1 20 -1 8 -1 14 -1 #SUP: 35
14 -1 20 -1 8 -1 18 -1 #SUP: 50
14 -1 20 -1 14 -1 #SUP: 68
14 -1 20 -1 14 -1 8 -1 #SUP: 36
14 -1 20 -1 14 -1 18 -1 #SUP: 32
14 -1 20 -1 17 -1 #SUP: 44
14 -1 20 -1 18 -1 #SUP: 75
14 -1 20 -1 18 -1 8 -1 #SUP: 37
14 -1 20 -1 20 -1 #SUP: 31
14 -1 20 -1 21 -1 #SUP: 54
14 -1 20 -1 21 -1 8 -1 #SUP: 30
14 -1 20 -1 29 -1 #SUP: 39
14 -1 20 -1 40 -1 #SUP: 44
14 -1 20 -1 71 -1 #SUP: 54
14 -1 20 -1 92 -1 #SUP: 34
14 -1 276 -1 #SUP: 32
14 -1 21 -1 #SUP: 263
14 -1 21 -1 3 -1 #SUP: 42
14 -1 21 -1 8 -1 #SUP: 164
14 -1 21 -1 8 -1 8 -1 #SUP: 87
14 -1 21 -1 8 -1 8 -1 8 -1 #SUP: 36
14 -1 21 -1 8 -1 8 -1 14 -1 #SUP: 34
14 -1 21 -1 8 -1 8 -1 18 -1 #SUP: 52
14 -1 21 -1 8 -1 8 -1 71 -1 #SUP: 30
14 -1 21 -1 8 -1 14 -1 #SUP: 69
14 -1 21 -1 8 -1 14 -1 8 -1 #SUP: 43
14 -1 21 -1 8 -1 14 -1 8 -1 18 -1 #SUP: 32
14 -1 21 -1 8 -1 14 -1 18 -1 #SUP: 39
14 -1 21 -1 8 -1 17 -1 #SUP: 39
14 -1 21 -1 8 -1 18 -1 #SUP: 102
14 -1 21 -1 8 -1 18 -1 8 -1 #SUP: 60
14 -1 21 -1 8 -1 18 -1 8 -1 18 -1 #SUP: 37
14 -1 21 -1 8 -1 18 -1 14 -1 #SUP: 39
14 -1 21 -1 8 -1 18 -1 18 -1 #SUP: 48
14 -1 21 -1 8 -1 18 -1 71 -1 #SUP: 33
14 -1 21 -1 8 -1 21 -1 #SUP: 39
14 -1 21 -1 8 -1 29 -1 #SUP: 35
14 -1 21 -1 8 -1 71 -1 #SUP: 50
14 -1 21 -1 14 -1 #SUP: 115
14 -1 21 -1 14 -1 8 -1 #SUP: 61
14 -1 21 -1 14 -1 8 -1 8 -1 #SUP: 32
14 -1 21 -1 14 -1 8 -1 18 -1 #SUP: 45
14 -1 21 -1 14 -1 14 -1 #SUP: 39
14 -1 21 -1 14 -1 18 -1 #SUP: 61
14 -1 21 -1 14 -1 18 -1 8 -1 #SUP: 34
14 -1 21 -1 14 -1 18 -1 18 -1 #SUP: 35
14 -1 21 -1 14 -1 21 -1 #SUP: 33
14 -1 21 -1 14 -1 71 -1 #SUP: 38
14 -1 21 -1 17 -1 #SUP: 61
14 -1 21 -1 17 -1 8 -1 #SUP: 32
14 -1 21 -1 18 -1 #SUP: 136
14 -1 21 -1 18 -1 8 -1 #SUP: 76
14 -1 21 -1 18 -1 8 -1 8 -1 #SUP: 35
14 -1 21 -1 18 -1 8 -1 14 -1 #SUP: 33
14 -1 21 -1 18 -1 8 -1 18 -1 #SUP: 48
14 -1 21 -1 18 -1 14 -1 #SUP: 56
14 -1 21 -1 18 -1 14 -1 8 -1 #SUP: 36
14 -1 21 -1 18 -1 14 -1 18 -1 #SUP: 36
14 -1 21 -1 18 -1 17 -1 #SUP: 30
14 -1 21 -1 18 -1 18 -1 #SUP: 63
14 -1 21 -1 18 -1 18 -1 8 -1 #SUP: 30
14 -1 21 -1 18 -1 18 -1 18 -1 #SUP: 30
14 -1 21 -1 18 -1 21 -1 #SUP: 34
14 -1 21 -1 18 -1 71 -1 #SUP: 41
14 -1 21 -1 20 -1 #SUP: 43
14 -1 21 -1 21 -1 #SUP: 69
14 -1 21 -1 21 -1 8 -1 #SUP: 35
14 -1 21 -1 21 -1 18 -1 #SUP: 36
14 -1 21 -1 29 -1 #SUP: 59
14 -1 21 -1 29 -1 8 -1 #SUP: 30
14 -1 21 -1 290 -1 #SUP: 43
14 -1 21 -1 40 -1 #SUP: 56
14 -1 21 -1 40 -1 8 -1 #SUP: 30
14 -1 21 -1 40 -1 18 -1 #SUP: 32
14 -1 21 -1 52 -1 #SUP: 32
14 -1 21 -1 71 -1 #SUP: 82
14 -1 21 -1 71 -1 8 -1 #SUP: 45
14 -1 21 -1 71 -1 8 -1 18 -1 #SUP: 30
14 -1 21 -1 71 -1 14 -1 #SUP: 34
14 -1 21 -1 71 -1 18 -1 #SUP: 45
14 -1 21 -1 71 -1 71 -1 #SUP: 32
14 -1 21 -1 92 -1 #SUP: 52
14 -1 21 -1 96 -1 #SUP: 40
14 -1 21 -1 124 -1 #SUP: 30
14 -1 21 -1 219 -1 #SUP: 31
14 -1 21 -1 227 -1 #SUP: 39
14 -1 22 -1 #SUP: 34
14 -1 23 -1 #SUP: 111
14 -1 23 -1 8 -1 #SUP: 47
14 -1 23 -1 14 -1 #SUP: 40
14 -1 23 -1 18 -1 #SUP: 59
14 -1 23 -1 71 -1 #SUP: 31
14 -1 24 -1 #SUP: 41
14 -1 25 -1 #SUP: 73
14 -1 25 -1 8 -1 #SUP: 42
14 -1 25 -1 18 -1 #SUP: 31
14 -1 25 -1 71 -1 #SUP: 30
14 -1 26 -1 #SUP: 39
14 -1 27 -1 #SUP: 50
14 -1 29 -1 #SUP: 239
14 -1 29 -1 3 -1 #SUP: 54
14 -1 29 -1 3 -1 8 -1 #SUP: 33
14 -1 29 -1 8 -1 #SUP: 133
14 -1 29 -1 8 -1 8 -1 #SUP: 59
14 -1 29 -1 8 -1 8 -1 18 -1 #SUP: 36
14 -1 29 -1 8 -1 14 -1 #SUP: 45
14 -1 29 -1 8 -1 17 -1 #SUP: 38
14 -1 29 -1 8 -1 18 -1 #SUP: 77
14 -1 29 -1 8 -1 18 -1 8 -1 #SUP: 39
14 -1 29 -1 8 -1 18 -1 14 -1 #SUP: 32
14 -1 29 -1 8 -1 18 -1 18 -1 #SUP: 35
14 -1 29 -1 8 -1 29 -1 #SUP: 30
14 -1 29 -1 8 -1 71 -1 #SUP: 41
14 -1 29 -1 265 -1 #SUP: 30
14 -1 29 -1 14 -1 #SUP: 96
14 -1 29 -1 14 -1 8 -1 #SUP: 46
14 -1 29 -1 14 -1 14 -1 #SUP: 37
14 -1 29 -1 14 -1 18 -1 #SUP: 42
14 -1 29 -1 14 -1 71 -1 #SUP: 32
14 -1 29 -1 17 -1 #SUP: 92
14 -1 29 -1 17 -1 8 -1 #SUP: 45
14 -1 29 -1 17 -1 14 -1 #SUP: 37
14 -1 29 -1 17 -1 18 -1 #SUP: 44
14 -1 29 -1 17 -1 71 -1 #SUP: 31
14 -1 29 -1 18 -1 #SUP: 120
14 -1 29 -1 18 -1 8 -1 #SUP: 55
14 -1 29 -1 18 -1 8 -1 18 -1 #SUP: 33
14 -1 29 -1 18 -1 14 -1 #SUP: 47
14 -1 29 -1 18 -1 17 -1 #SUP: 30
14 -1 29 -1 18 -1 18 -1 #SUP: 51
14 -1 29 -1 18 -1 29 -1 #SUP: 32
14 -1 29 -1 18 -1 71 -1 #SUP: 40
14 -1 29 -1 20 -1 #SUP: 33
14 -1 29 -1 21 -1 #SUP: 78
14 -1 29 -1 21 -1 8 -1 #SUP: 43
14 -1 29 -1 21 -1 18 -1 #SUP: 37
14 -1 29 -1 29 -1 #SUP: 60
14 -1 29 -1 30 -1 #SUP: 43
14 -1 29 -1 290 -1 #SUP: 51
14 -1 29 -1 39 -1 #SUP: 30
14 -1 29 -1 40 -1 #SUP: 41
14 -1 29 -1 318 -1 #SUP: 32
14 -1 29 -1 71 -1 #SUP: 89
14 -1 29 -1 71 -1 8 -1 #SUP: 37
14 -1 29 -1 71 -1 14 -1 #SUP: 34
14 -1 29 -1 71 -1 18 -1 #SUP: 38
14 -1 29 -1 92 -1 #SUP: 52
14 -1 29 -1 96 -1 #SUP: 58
14 -1 29 -1 96 -1 8 -1 #SUP: 30
14 -1 29 -1 103 -1 #SUP: 30
14 -1 29 -1 124 -1 #SUP: 32
14 -1 29 -1 212 -1 #SUP: 30
14 -1 29 -1 219 -1 #SUP: 33
14 -1 29 -1 227 -1 #SUP: 32
14 -1 30 -1 #SUP: 124
14 -1 30 -1 8 -1 #SUP: 59
14 -1 30 -1 8 -1 8 -1 #SUP: 30
14 -1 30 -1 8 -1 18 -1 #SUP: 36
14 -1 30 -1 14 -1 #SUP: 41
14 -1 30 -1 17 -1 #SUP: 47
14 -1 30 -1 18 -1 #SUP: 52
14 -1 30 -1 21 -1 #SUP: 34
14 -1 30 -1 29 -1 #SUP: 36
14 -1 30 -1 71 -1 #SUP: 43
14 -1 31 -1 #SUP: 38
14 -1 33 -1 #SUP: 35
14 -1 290 -1 #SUP: 158
14 -1 290 -1 3 -1 #SUP: 37
14 -1 290 -1 8 -1 #SUP: 75
14 -1 290 -1 8 -1 8 -1 #SUP: 40
14 -1 290 -1 8 -1 18 -1 #SUP: 48
14 -1 290 -1 8 -1 18 -1 8 -1 #SUP: 31
14 -1 290 -1 14 -1 #SUP: 56
14 -1 290 -1 14 -1 8 -1 #SUP: 37
14 -1 290 -1 17 -1 #SUP: 35
14 -1 290 -1 18 -1 #SUP: 73
14 -1 290 -1 18 -1 8 -1 #SUP: 43
14 -1 290 -1 18 -1 18 -1 #SUP: 31
14 -1 290 -1 20 -1 #SUP: 34
14 -1 290 -1 21 -1 #SUP: 50
14 -1 290 -1 29 -1 #SUP: 40
14 -1 290 -1 290 -1 #SUP: 32
14 -1 290 -1 71 -1 #SUP: 60
14 -1 290 -1 71 -1 8 -1 #SUP: 30
14 -1 290 -1 92 -1 #SUP: 37
14 -1 292 -1 #SUP: 96
14 -1 292 -1 8 -1 #SUP: 65
14 -1 292 -1 8 -1 8 -1 #SUP: 45
14 -1 292 -1 8 -1 8 -1 18 -1 #SUP: 31
14 -1 292 -1 8 -1 14 -1 #SUP: 41
14 -1 292 -1 8 -1 18 -1 #SUP: 44
14 -1 292 -1 14 -1 #SUP: 56
14 -1 292 -1 14 -1 8 -1 #SUP: 35
14 -1 292 -1 18 -1 #SUP: 51
14 -1 292 -1 18 -1 8 -1 #SUP: 32
14 -1 292 -1 18 -1 14 -1 #SUP: 32
14 -1 292 -1 29 -1 #SUP: 30
14 -1 292 -1 71 -1 #SUP: 31
14 -1 39 -1 #SUP: 111
14 -1 39 -1 8 -1 #SUP: 58
14 -1 39 -1 8 -1 18 -1 #SUP: 43
14 -1 39 -1 14 -1 #SUP: 37
14 -1 39 -1 18 -1 #SUP: 65
14 -1 39 -1 18 -1 8 -1 #SUP: 31
14 -1 39 -1 21 -1 #SUP: 35
14 -1 39 -1 71 -1 #SUP: 30
14 -1 40 -1 #SUP: 164
14 -1 40 -1 3 -1 #SUP: 30
14 -1 40 -1 8 -1 #SUP: 87
14 -1 40 -1 8 -1 8 -1 #SUP: 42
14 -1 40 -1 8 -1 14 -1 #SUP: 31
14 -1 40 -1 8 -1 18 -1 #SUP: 53
14 -1 40 -1 14 -1 #SUP: 61
14 -1 40 -1 14 -1 8 -1 #SUP: 37
14 -1 40 -1 14 -1 18 -1 #SUP: 35
14 -1 40 -1 17 -1 #SUP: 36
14 -1 40 -1 18 -1 #SUP: 91
14 -1 40 -1 18 -1 8 -1 #SUP: 49
14 -1 40 -1 18 -1 14 -1 #SUP: 35
14 -1 40 -1 18 -1 18 -1 #SUP: 39
14 -1 40 -1 19 -1 #SUP: 30
14 -1 40 -1 21 -1 #SUP: 45
14 -1 40 -1 29 -1 #SUP: 45
14 -1 40 -1 40 -1 #SUP: 40
14 -1 40 -1 71 -1 #SUP: 50
14 -1 40 -1 92 -1 #SUP: 45
14 -1 299 -1 #SUP: 51
14 -1 299 -1 8 -1 #SUP: 30
14 -1 45 -1 #SUP: 54
14 -1 306 -1 #SUP: 39
14 -1 50 -1 #SUP: 52
14 -1 307 -1 #SUP: 55
14 -1 51 -1 #SUP: 43
14 -1 52 -1 #SUP: 127
14 -1 52 -1 8 -1 #SUP: 54
14 -1 52 -1 8 -1 18 -1 #SUP: 41
14 -1 52 -1 14 -1 #SUP: 40
14 -1 52 -1 18 -1 #SUP: 63
14 -1 52 -1 21 -1 #SUP: 33
14 -1 52 -1 39 -1 #SUP: 40
14 -1 52 -1 71 -1 #SUP: 51
14 -1 54 -1 #SUP: 86
14 -1 54 -1 8 -1 #SUP: 49
14 -1 54 -1 8 -1 18 -1 #SUP: 31
14 -1 54 -1 14 -1 #SUP: 44
14 -1 54 -1 18 -1 #SUP: 46
14 -1 58 -1 #SUP: 32
14 -1 316 -1 #SUP: 30
14 -1 318 -1 #SUP: 100
14 -1 318 -1 8 -1 #SUP: 43
14 -1 318 -1 14 -1 #SUP: 39
14 -1 318 -1 18 -1 #SUP: 41
14 -1 318 -1 21 -1 #SUP: 30
14 -1 63 -1 #SUP: 81
14 -1 63 -1 8 -1 #SUP: 40
14 -1 63 -1 14 -1 #SUP: 31
14 -1 63 -1 18 -1 #SUP: 32
14 -1 319 -1 #SUP: 37
14 -1 64 -1 #SUP: 42
14 -1 71 -1 #SUP: 335
14 -1 71 -1 3 -1 #SUP: 59
14 -1 71 -1 3 -1 8 -1 #SUP: 30
14 -1 71 -1 8 -1 #SUP: 177
14 -1 71 -1 8 -1 8 -1 #SUP: 89
14 -1 71 -1 8 -1 8 -1 8 -1 #SUP: 41
14 -1 71 -1 8 -1 8 -1 14 -1 #SUP: 32
14 -1 71 -1 8 -1 8 -1 18 -1 #SUP: 49
14 -1 71 -1 8 -1 8 -1 18 -1 8 -1 #SUP: 31
14 -1 71 -1 8 -1 8 -1 71 -1 #SUP: 31
14 -1 71 -1 8 -1 14 -1 #SUP: 75
14 -1 71 -1 8 -1 14 -1 8 -1 #SUP: 43
14 -1 71 -1 8 -1 14 -1 18 -1 #SUP: 43
14 -1 71 -1 8 -1 14 -1 71 -1 #SUP: 30
14 -1 71 -1 8 -1 17 -1 #SUP: 39
14 -1 71 -1 8 -1 18 -1 #SUP: 115
14 -1 71 -1 8 -1 18 -1 8 -1 #SUP: 65
14 -1 71 -1 8 -1 18 -1 8 -1 18 -1 #SUP: 37
14 -1 71 -1 8 -1 18 -1 14 -1 #SUP: 43
14 -1 71 -1 8 -1 18 -1 18 -1 #SUP: 48
14 -1 71 -1 8 -1 18 -1 21 -1 #SUP: 33
14 -1 71 -1 8 -1 18 -1 71 -1 #SUP: 41
14 -1 71 -1 8 -1 20 -1 #SUP: 31
14 -1 71 -1 8 -1 21 -1 #SUP: 42
14 -1 71 -1 8 -1 29 -1 #SUP: 41
14 -1 71 -1 8 -1 71 -1 #SUP: 65
14 -1 71 -1 8 -1 71 -1 8 -1 #SUP: 34
14 -1 71 -1 8 -1 92 -1 #SUP: 35
14 -1 71 -1 265 -1 #SUP: 34
14 -1 71 -1 14 -1 #SUP: 148
14 -1 71 -1 14 -1 8 -1 #SUP: 74
14 -1 71 -1 14 -1 8 -1 8 -1 #SUP: 36
14 -1 71 -1 14 -1 8 -1 18 -1 #SUP: 51
14 -1 71 -1 14 -1 14 -1 #SUP: 51
14 -1 71 -1 14 -1 17 -1 #SUP: 30
14 -1 71 -1 14 -1 18 -1 #SUP: 76
14 -1 71 -1 14 -1 18 -1 8 -1 #SUP: 41
14 -1 71 -1 14 -1 18 -1 18 -1 #SUP: 31
14 -1 71 -1 14 -1 21 -1 #SUP: 42
14 -1 71 -1 14 -1 29 -1 #SUP: 35
14 -1 71 -1 14 -1 71 -1 #SUP: 59
14 -1 71 -1 17 -1 #SUP: 76
14 -1 71 -1 17 -1 8 -1 #SUP: 36
14 -1 71 -1 17 -1 18 -1 #SUP: 32
14 -1 71 -1 17 -1 71 -1 #SUP: 31
14 -1 71 -1 18 -1 #SUP: 160
14 -1 71 -1 18 -1 8 -1 #SUP: 80
14 -1 71 -1 18 -1 8 -1 8 -1 #SUP: 35
14 -1 71 -1 18 -1 8 -1 14 -1 #SUP: 36
14 -1 71 -1 18 -1 8 -1 18 -1 #SUP: 44
14 -1 71 -1 18 -1 14 -1 #SUP: 65
14 -1 71 -1 18 -1 14 -1 8 -1 #SUP: 31
14 -1 71 -1 18 -1 17 -1 #SUP: 31
14 -1 71 -1 18 -1 18 -1 #SUP: 65
14 -1 71 -1 18 -1 21 -1 #SUP: 45
14 -1 71 -1 18 -1 29 -1 #SUP: 40
14 -1 71 -1 18 -1 290 -1 #SUP: 32
14 -1 71 -1 18 -1 71 -1 #SUP: 63
14 -1 71 -1 19 -1 #SUP: 31
14 -1 71 -1 20 -1 #SUP: 68
14 -1 71 -1 20 -1 8 -1 #SUP: 34
14 -1 71 -1 21 -1 #SUP: 86
14 -1 71 -1 21 -1 8 -1 #SUP: 51
14 -1 71 -1 21 -1 8 -1 18 -1 #SUP: 31
14 -1 71 -1 21 -1 14 -1 #SUP: 38
14 -1 71 -1 21 -1 18 -1 #SUP: 40
14 -1 71 -1 21 -1 71 -1 #SUP: 33
14 -1 71 -1 29 -1 #SUP: 84
14 -1 71 -1 29 -1 8 -1 #SUP: 37
14 -1 71 -1 29 -1 14 -1 #SUP: 30
14 -1 71 -1 29 -1 18 -1 #SUP: 35
14 -1 71 -1 29 -1 21 -1 #SUP: 30
14 -1 71 -1 29 -1 71 -1 #SUP: 30
14 -1 71 -1 30 -1 #SUP: 51
14 -1 71 -1 290 -1 #SUP: 83
14 -1 71 -1 290 -1 8 -1 #SUP: 37
14 -1 71 -1 290 -1 18 -1 #SUP: 40
14 -1 71 -1 290 -1 71 -1 #SUP: 36
14 -1 71 -1 292 -1 #SUP: 39
14 -1 71 -1 40 -1 #SUP: 52
14 -1 71 -1 40 -1 8 -1 #SUP: 31
14 -1 71 -1 54 -1 #SUP: 31
14 -1 71 -1 318 -1 #SUP: 49
14 -1 71 -1 63 -1 #SUP: 30
14 -1 71 -1 71 -1 #SUP: 137
14 -1 71 -1 71 -1 8 -1 #SUP: 58
14 -1 71 -1 71 -1 8 -1 8 -1 #SUP: 30
14 -1 71 -1 71 -1 8 -1 18 -1 #SUP: 35
14 -1 71 -1 71 -1 14 -1 #SUP: 57
14 -1 71 -1 71 -1 14 -1 18 -1 #SUP: 30
14 -1 71 -1 71 -1 18 -1 #SUP: 55
14 -1 71 -1 71 -1 21 -1 #SUP: 30
14 -1 71 -1 71 -1 29 -1 #SUP: 34
14 -1 71 -1 71 -1 71 -1 #SUP: 50
14 -1 71 -1 71 -1 92 -1 #SUP: 31
14 -1 71 -1 92 -1 #SUP: 75
14 -1 71 -1 92 -1 8 -1 #SUP: 33
14 -1 71 -1 92 -1 18 -1 #SUP: 33
14 -1 71 -1 96 -1 #SUP: 52
14 -1 71 -1 103 -1 #SUP: 40
14 -1 71 -1 122 -1 #SUP: 43
14 -1 71 -1 124 -1 #SUP: 32
14 -1 71 -1 206 -1 #SUP: 39
14 -1 71 -1 219 -1 #SUP: 44
14 -1 71 -1 224 -1 #SUP: 42
14 -1 71 -1 225 -1 #SUP: 32
14 -1 71 -1 227 -1 #SUP: 47
14 -1 74 -1 #SUP: 59
14 -1 74 -1 8 -1 #SUP: 30
14 -1 74 -1 20 -1 #SUP: 39
14 -1 75 -1 #SUP: 30
14 -1 332 -1 #SUP: 33
14 -1 591 -1 #SUP: 42
14 -1 84 -1 #SUP: 31
14 -1 90 -1 #SUP: 35
14 -1 347 -1 #SUP: 45
14 -1 92 -1 #SUP: 184
14 -1 92 -1 3 -1 #SUP: 33
14 -1 92 -1 8 -1 #SUP: 76
14 -1 92 -1 8 -1 8 -1 #SUP: 37
14 -1 92 -1 8 -1 14 -1 #SUP: 30
14 -1 92 -1 8 -1 18 -1 #SUP: 42
14 -1 92 -1 14 -1 #SUP: 64
14 -1 92 -1 14 -1 8 -1 #SUP: 30
14 -1 92 -1 17 -1 #SUP: 44
14 -1 92 -1 18 -1 #SUP: 81
14 -1 92 -1 18 -1 8 -1 #SUP: 38
14 -1 92 -1 18 -1 14 -1 #SUP: 33
14 -1 92 -1 20 -1 #SUP: 30
14 -1 92 -1 21 -1 #SUP: 55
14 -1 92 -1 21 -1 8 -1 #SUP: 30
14 -1 92 -1 29 -1 #SUP: 40
14 -1 92 -1 40 -1 #SUP: 30
14 -1 92 -1 71 -1 #SUP: 56
14 -1 92 -1 92 -1 #SUP: 49
14 -1 604 -1 #SUP: 42
14 -1 96 -1 #SUP: 156
14 -1 96 -1 3 -1 #SUP: 30
14 -1 96 -1 8 -1 #SUP: 86
14 -1 96 -1 8 -1 8 -1 #SUP: 36
14 -1 96 -1 8 -1 14 -1 #SUP: 36
14 -1 96 -1 8 -1 18 -1 #SUP: 52
14 -1 96 -1 14 -1 #SUP: 69
14 -1 96 -1 14 -1 8 -1 #SUP: 34
14 -1 96 -1 14 -1 18 -1 #SUP: 32
14 -1 96 -1 17 -1 #SUP: 66
14 -1 96 -1 17 -1 8 -1 #SUP: 30
14 -1 96 -1 18 -1 #SUP: 78
14 -1 96 -1 18 -1 8 -1 #SUP: 37
14 -1 96 -1 18 -1 14 -1 #SUP: 35
14 -1 96 -1 21 -1 #SUP: 46
14 -1 96 -1 29 -1 #SUP: 40
14 -1 96 -1 40 -1 #SUP: 32
14 -1 96 -1 71 -1 #SUP: 57
14 -1 96 -1 92 -1 #SUP: 33
14 -1 101 -1 #SUP: 43
14 -1 103 -1 #SUP: 104
14 -1 103 -1 8 -1 #SUP: 55
14 -1 103 -1 8 -1 18 -1 #SUP: 37
14 -1 103 -1 14 -1 #SUP: 36
14 -1 103 -1 18 -1 #SUP: 55
14 -1 103 -1 71 -1 #SUP: 32
14 -1 117 -1 #SUP: 30
14 -1 632 -1 #SUP: 58
14 -1 632 -1 8 -1 #SUP: 38
14 -1 632 -1 18 -1 #SUP: 30
14 -1 632 -1 71 -1 #SUP: 33
14 -1 122 -1 #SUP: 81
14 -1 122 -1 14 -1 #SUP: 30
14 -1 122 -1 71 -1 #SUP: 31
14 -1 124 -1 #SUP: 129
14 -1 124 -1 8 -1 #SUP: 69
14 -1 124 -1 8 -1 8 -1 #SUP: 32
14 -1 124 -1 8 -1 14 -1 #SUP: 30
14 -1 124 -1 8 -1 18 -1 #SUP: 50
14 -1 124 -1 14 -1 #SUP: 57
14 -1 124 -1 14 -1 14 -1 #SUP: 32
14 -1 124 -1 18 -1 #SUP: 70
14 -1 124 -1 18 -1 8 -1 #SUP: 41
14 -1 124 -1 18 -1 14 -1 #SUP: 32
14 -1 124 -1 18 -1 18 -1 #SUP: 34
14 -1 124 -1 21 -1 #SUP: 37
14 -1 124 -1 29 -1 #SUP: 32
14 -1 124 -1 71 -1 #SUP: 48
14 -1 125 -1 #SUP: 33
14 -1 381 -1 #SUP: 31
14 -1 126 -1 #SUP: 55
14 -1 905 -1 #SUP: 31
14 -1 153 -1 #SUP: 33
14 -1 161 -1 #SUP: 40
14 -1 174 -1 #SUP: 35
14 -1 186 -1 #SUP: 49
14 -1 197 -1 #SUP: 53
14 -1 206 -1 #SUP: 93
14 -1 206 -1 8 -1 #SUP: 44
14 -1 206 -1 14 -1 #SUP: 46
14 -1 206 -1 18 -1 #SUP: 42
14 -1 206 -1 71 -1 #SUP: 37
14 -1 209 -1 #SUP: 32
14 -1 212 -1 #SUP: 74
14 -1 212 -1 8 -1 #SUP: 35
14 -1 212 -1 18 -1 #SUP: 35
14 -1 219 -1 #SUP: 111
14 -1 219 -1 8 -1 #SUP: 51
14 -1 219 -1 8 -1 18 -1 #SUP: 35
14 -1 219 -1 14 -1 #SUP: 46
14 -1 219 -1 18 -1 #SUP: 48
14 -1 219 -1 21 -1 #SUP: 33
14 -1 219 -1 29 -1 #SUP: 30
14 -1 219 -1 71 -1 #SUP: 48
14 -1 219 -1 92 -1 #SUP: 34
14 -1 219 -1 227 -1 #SUP: 30
14 -1 224 -1 #SUP: 101
14 -1 224 -1 8 -1 #SUP: 50
14 -1 224 -1 14 -1 #SUP: 41
14 -1 224 -1 18 -1 #SUP: 41
14 -1 224 -1 71 -1 #SUP: 44
14 -1 224 -1 225 -1 #SUP: 46
14 -1 225 -1 #SUP: 64
14 -1 227 -1 #SUP: 116
14 -1 227 -1 8 -1 #SUP: 47
14 -1 227 -1 8 -1 18 -1 #SUP: 34
14 -1 227 -1 14 -1 #SUP: 57
14 -1 227 -1 18 -1 #SUP: 46
14 -1 227 -1 21 -1 #SUP: 34
14 -1 227 -1 29 -1 #SUP: 34
14 -1 227 -1 71 -1 #SUP: 43
14 -1 227 -1 227 -1 #SUP: 30
14 -1 234 -1 #SUP: 30
14 -1 493 -1 #SUP: 35
14 -1 759 -1 #SUP: 30
17 -1 #SUP: 778
17 -1 3 -1 #SUP: 170
17 -1 3 -1 3 -1 #SUP: 44
17 -1 3 -1 8 -1 #SUP: 95
17 -1 3 -1 8 -1 8 -1 #SUP: 41
17 -1 3 -1 8 -1 14 -1 #SUP: 36
17 -1 3 -1 8 -1 18 -1 #SUP: 63
17 -1 3 -1 8 -1 18 -1 8 -1 #SUP: 33
17 -1 3 -1 14 -1 #SUP: 64
17 -1 3 -1 17 -1 #SUP: 41
17 -1 3 -1 18 -1 #SUP: 88
17 -1 3 -1 18 -1 8 -1 #SUP: 40
17 -1 3 -1 18 -1 14 -1 #SUP: 35
17 -1 3 -1 18 -1 18 -1 #SUP: 31
17 -1 3 -1 29 -1 #SUP: 40
17 -1 3 -1 71 -1 #SUP: 60
17 -1 3 -1 92 -1 #SUP: 49
17 -1 3 -1 96 -1 #SUP: 33
17 -1 263 -1 #SUP: 30
17 -1 8 -1 #SUP: 450
17 -1 8 -1 3 -1 #SUP: 76
17 -1 8 -1 3 -1 8 -1 #SUP: 36
17 -1 8 -1 3 -1 18 -1 #SUP: 33
17 -1 8 -1 8 -1 #SUP: 238
17 -1 8 -1 8 -1 3 -1 #SUP: 34
17 -1 8 -1 8 -1 8 -1 #SUP: 124
17 -1 8 -1 8 -1 8 -1 8 -1 #SUP: 57
17 -1 8 -1 8 -1 8 -1 8 -1 18 -1 #SUP: 30
17 -1 8 -1 8 -1 8 -1 14 -1 #SUP: 42
17 -1 8 -1 8 -1 8 -1 18 -1 #SUP: 72
17 -1 8 -1 8 -1 8 -1 18 -1 8 -1 #SUP: 34
17 -1 8 -1 8 -1 8 -1 71 -1 #SUP: 38
17 -1 8 -1 8 -1 14 -1 #SUP: 100
17 -1 8 -1 8 -1 14 -1 8 -1 #SUP: 57
17 -1 8 -1 8 -1 14 -1 8 -1 18 -1 #SUP: 36
17 -1 8 -1 8 -1 14 -1 18 -1 #SUP: 54
17 -1 8 -1 8 -1 14 -1 71 -1 #SUP: 33
17 -1 8 -1 8 -1 17 -1 #SUP: 60
17 -1 8 -1 8 -1 17 -1 8 -1 #SUP: 34
17 -1 8 -1 8 -1 18 -1 #SUP: 152
17 -1 8 -1 8 -1 18 -1 8 -1 #SUP: 77
17 -1 8 -1 8 -1 18 -1 8 -1 8 -1 #SUP: 32
17 -1 8 -1 8 -1 18 -1 8 -1 14 -1 #SUP: 32
17 -1 8 -1 8 -1 18 -1 8 -1 18 -1 #SUP: 45
17 -1 8 -1 8 -1 18 -1 14 -1 #SUP: 50
17 -1 8 -1 8 -1 18 -1 17 -1 #SUP: 32
17 -1 8 -1 8 -1 18 -1 18 -1 #SUP: 62
17 -1 8 -1 8 -1 18 -1 21 -1 #SUP: 32
17 -1 8 -1 8 -1 18 -1 71 -1 #SUP: 41
17 -1 8 -1 8 -1 20 -1 #SUP: 40
17 -1 8 -1 8 -1 21 -1 #SUP: 55
17 -1 8 -1 8 -1 21 -1 8 -1 #SUP: 33
17 -1 8 -1 8 -1 29 -1 #SUP: 41
17 -1 8 -1 8 -1 71 -1 #SUP: 71
17 -1 8 -1 8 -1 71 -1 8 -1 #SUP: 40
17 -1 8 -1 8 -1 92 -1 #SUP: 40
17 -1 8 -1 8 -1 96 -1 #SUP: 35
17 -1 8 -1 265 -1 #SUP: 46
17 -1 8 -1 14 -1 #SUP: 193
17 -1 8 -1 14 -1 3 -1 #SUP: 37
17 -1 8 -1 14 -1 8 -1 #SUP: 105
17 -1 8 -1 14 -1 8 -1 8 -1 #SUP: 52
17 -1 8 -1 14 -1 8 -1 14 -1 #SUP: 40
17 -1 8 -1 14 -1 8 -1 18 -1 #SUP: 74
17 -1 8 -1 14 -1 8 -1 18 -1 8 -1 #SUP: 36
17 -1 8 -1 14 -1 8 -1 71 -1 #SUP: 30
17 -1 8 -1 14 -1 14 -1 #SUP: 64
17 -1 8 -1 14 -1 14 -1 8 -1 #SUP: 32
17 -1 8 -1 14 -1 14 -1 18 -1 #SUP: 35
17 -1 8 -1 14 -1 17 -1 #SUP: 58
17 -1 8 -1 14 -1 18 -1 #SUP: 108
17 -1 8 -1 14 -1 18 -1 8 -1 #SUP: 58
17 -1 8 -1 14 -1 18 -1 8 -1 18 -1 #SUP: 35
17 -1 8 -1 14 -1 18 -1 14 -1 #SUP: 35
17 -1 8 -1 14 -1 18 -1 18 -1 #SUP: 42
17 -1 8 -1 14 -1 20 -1 #SUP: 32
17 -1 8 -1 14 -1 21 -1 #SUP: 51
17 -1 8 -1 14 -1 21 -1 8 -1 #SUP: 30
17 -1 8 -1 14 -1 29 -1 #SUP: 42
17 -1 8 -1 14 -1 40 -1 #SUP: 30
17 -1 8 -1 14 -1 71 -1 #SUP: 68
17 -1 8 -1 14 -1 71 -1 8 -1 #SUP: 33
17 -1 8 -1 14 -1 71 -1 18 -1 #SUP: 34
17 -1 8 -1 14 -1 92 -1 #SUP: 33
17 -1 8 -1 17 -1 #SUP: 141
17 -1 8 -1 17 -1 8 -1 #SUP: 68
17 -1 8 -1 17 -1 8 -1 18 -1 #SUP: 46
17 -1 8 -1 17 -1 14 -1 #SUP: 58
17 -1 8 -1 17 -1 17 -1 #SUP: 31
17 -1 8 -1 17 -1 18 -1 #SUP: 61
17 -1 8 -1 17 -1 21 -1 #SUP: 33
17 -1 8 -1 17 -1 71 -1 #SUP: 48
17 -1 8 -1 18 -1 #SUP: 300
17 -1 8 -1 18 -1 3 -1 #SUP: 43
17 -1 8 -1 18 -1 8 -1 #SUP: 169
17 -1 8 -1 18 -1 8 -1 8 -1 #SUP: 78
17 -1 8 -1 18 -1 8 -1 8 -1 8 -1 #SUP: 38
17 -1 8 -1 18 -1 8 -1 8 -1 18 -1 #SUP: 50
17 -1 8 -1 18 -1 8 -1 14 -1 #SUP: 65
17 -1 8 -1 18 -1 8 -1 14 -1 8 -1 #SUP: 35
17 -1 8 -1 18 -1 8 -1 14 -1 18 -1 #SUP: 37
17 -1 8 -1 18 -1 8 -1 17 -1 #SUP: 31
17 -1 8 -1 18 -1 8 -1 18 -1 #SUP: 114
17 -1 8 -1 18 -1 8 -1 18 -1 8 -1 #SUP: 53
17 -1 8 -1 18 -1 8 -1 18 -1 14 -1 #SUP: 34
17 -1 8 -1 18 -1 8 -1 18 -1 18 -1 #SUP: 45
17 -1 8 -1 18 -1 8 -1 20 -1 #SUP: 30
17 -1 8 -1 18 -1 8 -1 21 -1 #SUP: 34
17 -1 8 -1 18 -1 8 -1 71 -1 #SUP: 47
17 -1 8 -1 18 -1 14 -1 #SUP: 123
17 -1 8 -1 18 -1 14 -1 8 -1 #SUP: 64
17 -1 8 -1 18 -1 14 -1 8 -1 8 -1 #SUP: 31
17 -1 8 -1 18 -1 14 -1 8 -1 18 -1 #SUP: 49
17 -1 8 -1 18 -1 14 -1 14 -1 #SUP: 40
17 -1 8 -1 18 -1 14 -1 17 -1 #SUP: 34
17 -1 8 -1 18 -1 14 -1 18 -1 #SUP: 68
17 -1 8 -1 18 -1 14 -1 18 -1 8 -1 #SUP: 37
17 -1 8 -1 18 -1 14 -1 18 -1 18 -1 #SUP: 30
17 -1 8 -1 18 -1 14 -1 21 -1 #SUP: 33
17 -1 8 -1 18 -1 14 -1 71 -1 #SUP: 44
17 -1 8 -1 18 -1 17 -1 #SUP: 76
17 -1 8 -1 18 -1 17 -1 8 -1 #SUP: 38
17 -1 8 -1 18 -1 17 -1 8 -1 18 -1 #SUP: 30
17 -1 8 -1 18 -1 17 -1 14 -1 #SUP: 35
17 -1 8 -1 18 -1 17 -1 18 -1 #SUP: 39
17 -1 8 -1 18 -1 18 -1 #SUP: 142
17 -1 8 -1 18 -1 18 -1 8 -1 #SUP: 71
17 -1 8 -1 18 -1 18 -1 8 -1 8 -1 #SUP: 36
17 -1 8 -1 18 -1 18 -1 8 -1 14 -1 #SUP: 32
17 -1 8 -1 18 -1 18 -1 8 -1 18 -1 #SUP: 44
17 -1 8 -1 18 -1 18 -1 14 -1 #SUP: 47
17 -1 8 -1 18 -1 18 -1 18 -1 #SUP: 64
17 -1 8 -1 18 -1 18 -1 71 -1 #SUP: 39
17 -1 8 -1 18 -1 19 -1 #SUP: 31
17 -1 8 -1 18 -1 20 -1 #SUP: 52
17 -1 8 -1 18 -1 21 -1 #SUP: 78
17 -1 8 -1 18 -1 21 -1 8 -1 #SUP: 46
17 -1 8 -1 18 -1 21 -1 8 -1 18 -1 #SUP: 35
17 -1 8 -1 18 -1 21 -1 14 -1 #SUP: 30
17 -1 8 -1 18 -1 21 -1 18 -1 #SUP: 44
17 -1 8 -1 18 -1 23 -1 #SUP: 32
17 -1 8 -1 18 -1 29 -1 #SUP: 79
17 -1 8 -1 18 -1 29 -1 8 -1 #SUP: 35
17 -1 8 -1 18 -1 29 -1 18 -1 #SUP: 37
17 -1 8 -1 18 -1 29 -1 71 -1 #SUP: 31
17 -1 8 -1 18 -1 30 -1 #SUP: 37
17 -1 8 -1 18 -1 290 -1 #SUP: 40
17 -1 8 -1 18 -1 39 -1 #SUP: 35
17 -1 8 -1 18 -1 40 -1 #SUP: 59
17 -1 8 -1 18 -1 40 -1 18 -1 #SUP: 35
17 -1 8 -1 18 -1 52 -1 #SUP: 32
17 -1 8 -1 18 -1 71 -1 #SUP: 93
17 -1 8 -1 18 -1 71 -1 8 -1 #SUP: 43
17 -1 8 -1 18 -1 71 -1 14 -1 #SUP: 34
17 -1 8 -1 18 -1 71 -1 18 -1 #SUP: 43
17 -1 8 -1 18 -1 71 -1 71 -1 #SUP: 35
17 -1 8 -1 18 -1 92 -1 #SUP: 61
17 -1 8 -1 18 -1 92 -1 8 -1 #SUP: 31
17 -1 8 -1 18 -1 92 -1 18 -1 #SUP: 34
17 -1 8 -1 18 -1 96 -1 #SUP: 50
17 -1 8 -1 18 -1 96 -1 8 -1 #SUP: 31
17 -1 8 -1 18 -1 103 -1 #SUP: 33
17 -1 8 -1 18 -1 122 -1 #SUP: 33
17 -1 8 -1 18 -1 124 -1 #SUP: 34
17 -1 8 -1 18 -1 206 -1 #SUP: 31
17 -1 8 -1 18 -1 219 -1 #SUP: 33
17 -1 8 -1 18 -1 227 -1 #SUP: 32
17 -1 8 -1 19 -1 #SUP: 44
17 -1 8 -1 20 -1 #SUP: 72
17 -1 8 -1 20 -1 8 -1 #SUP: 35
17 -1 8 -1 21 -1 #SUP: 124
17 -1 8 -1 21 -1 8 -1 #SUP: 81
17 -1 8 -1 21 -1 8 -1 8 -1 #SUP: 44
17 -1 8 -1 21 -1 8 -1 14 -1 #SUP: 31
17 -1 8 -1 21 -1 8 -1 18 -1 #SUP: 54
17 -1 8 -1 21 -1 8 -1 18 -1 8 -1 #SUP: 31
17 -1 8 -1 21 -1 14 -1 #SUP: 48
17 -1 8 -1 21 -1 18 -1 #SUP: 67
17 -1 8 -1 21 -1 18 -1 8 -1 #SUP: 37
17 -1 8 -1 21 -1 71 -1 #SUP: 39
17 -1 8 -1 23 -1 #SUP: 47
17 -1 8 -1 29 -1 #SUP: 125
17 -1 8 -1 29 -1 8 -1 #SUP: 58
17 -1 8 -1 29 -1 8 -1 18 -1 #SUP: 34
17 -1 8 -1 29 -1 14 -1 #SUP: 48
17 -1 8 -1 29 -1 17 -1 #SUP: 48
17 -1 8 -1 29 -1 18 -1 #SUP: 57
17 -1 8 -1 29 -1 21 -1 #SUP: 34
17 -1 8 -1 29 -1 71 -1 #SUP: 45
17 -1 8 -1 30 -1 #SUP: 60
17 -1 8 -1 30 -1 8 -1 #SUP: 30
17 -1 8 -1 290 -1 #SUP: 60
17 -1 8 -1 39 -1 #SUP: 62
17 -1 8 -1 39 -1 8 -1 #SUP: 38
17 -1 8 -1 39 -1 18 -1 #SUP: 36
17 -1 8 -1 40 -1 #SUP: 83
17 -1 8 -1 40 -1 8 -1 #SUP: 36
17 -1 8 -1 40 -1 14 -1 #SUP: 30
17 -1 8 -1 40 -1 18 -1 #SUP: 42
17 -1 8 -1 52 -1 #SUP: 56
17 -1 8 -1 54 -1 #SUP: 35
17 -1 8 -1 318 -1 #SUP: 31
17 -1 8 -1 71 -1 #SUP: 150
17 -1 8 -1 71 -1 8 -1 #SUP: 76
17 -1 8 -1 71 -1 8 -1 8 -1 #SUP: 37
17 -1 8 -1 71 -1 8 -1 18 -1 #SUP: 46
17 -1 8 -1 71 -1 8 -1 71 -1 #SUP: 30
17 -1 8 -1 71 -1 14 -1 #SUP: 52
17 -1 8 -1 71 -1 17 -1 #SUP: 35
17 -1 8 -1 71 -1 18 -1 #SUP: 66
17 -1 8 -1 71 -1 18 -1 8 -1 #SUP: 36
17 -1 8 -1 71 -1 20 -1 #SUP: 32
17 -1 8 -1 71 -1 21 -1 #SUP: 33
17 -1 8 -1 71 -1 29 -1 #SUP: 34
17 -1 8 -1 71 -1 71 -1 #SUP: 55
17 -1 8 -1 71 -1 92 -1 #SUP: 40
17 -1 8 -1 92 -1 #SUP: 107
17 -1 8 -1 92 -1 8 -1 #SUP: 53
17 -1 8 -1 92 -1 8 -1 18 -1 #SUP: 31
17 -1 8 -1 92 -1 14 -1 #SUP: 41
17 -1 8 -1 92 -1 17 -1 #SUP: 30
17 -1 8 -1 92 -1 18 -1 #SUP: 55
17 -1 8 -1 92 -1 18 -1 8 -1 #SUP: 31
17 -1 8 -1 92 -1 71 -1 #SUP: 37
17 -1 8 -1 92 -1 92 -1 #SUP: 31
17 -1 8 -1 96 -1 #SUP: 80
17 -1 8 -1 96 -1 8 -1 #SUP: 49
17 -1 8 -1 96 -1 8 -1 18 -1 #SUP: 30
17 -1 8 -1 96 -1 14 -1 #SUP: 34
17 -1 8 -1 96 -1 17 -1 #SUP: 35
17 -1 8 -1 96 -1 18 -1 #SUP: 40
17 -1 8 -1 103 -1 #SUP: 46
17 -1 8 -1 122 -1 #SUP: 43
17 -1 8 -1 124 -1 #SUP: 48
17 -1 8 -1 126 -1 #SUP: 40
17 -1 8 -1 206 -1 #SUP: 41
17 -1 8 -1 219 -1 #SUP: 45
17 -1 8 -1 224 -1 #SUP: 44
17 -1 8 -1 225 -1 #SUP: 30
17 -1 8 -1 227 -1 #SUP: 42
17 -1 265 -1 #SUP: 79
17 -1 265 -1 8 -1 #SUP: 42
17 -1 265 -1 71 -1 #SUP: 36
17 -1 266 -1 #SUP: 37
17 -1 14 -1 #SUP: 339
17 -1 14 -1 3 -1 #SUP: 58
17 -1 14 -1 3 -1 8 -1 #SUP: 31
17 -1 14 -1 3 -1 18 -1 #SUP: 30
17 -1 14 -1 8 -1 #SUP: 173
17 -1 14 -1 8 -1 8 -1 #SUP: 84
17 -1 14 -1 8 -1 8 -1 8 -1 #SUP: 38
17 -1 14 -1 8 -1 8 -1 18 -1 #SUP: 48
17 -1 14 -1 8 -1 14 -1 #SUP: 59
17 -1 14 -1 8 -1 14 -1 8 -1 #SUP: 34
17 -1 14 -1 8 -1 14 -1 18 -1 #SUP: 39
17 -1 14 -1 8 -1 17 -1 #SUP: 47
17 -1 14 -1 8 -1 18 -1 #SUP: 114
17 -1 14 -1 8 -1 18 -1 8 -1 #SUP: 56
17 -1 14 -1 8 -1 18 -1 8 -1 18 -1 #SUP: 36
17 -1 14 -1 8 -1 18 -1 14 -1 #SUP: 33
17 -1 14 -1 8 -1 18 -1 18 -1 #SUP: 48
17 -1 14 -1 8 -1 21 -1 #SUP: 43
17 -1 14 -1 8 -1 29 -1 #SUP: 32
17 -1 14 -1 8 -1 71 -1 #SUP: 50
17 -1 14 -1 8 -1 92 -1 #SUP: 30
17 -1 14 -1 265 -1 #SUP: 35
17 -1 14 -1 14 -1 #SUP: 107
17 -1 14 -1 14 -1 8 -1 #SUP: 54
17 -1 14 -1 14 -1 8 -1 18 -1 #SUP: 33
17 -1 14 -1 14 -1 14 -1 #SUP: 43
17 -1 14 -1 14 -1 18 -1 #SUP: 57
17 -1 14 -1 14 -1 71 -1 #SUP: 40
17 -1 14 -1 17 -1 #SUP: 109
17 -1 14 -1 17 -1 8 -1 #SUP: 50
17 -1 14 -1 17 -1 8 -1 18 -1 #SUP: 32
17 -1 14 -1 17 -1 14 -1 #SUP: 42
17 -1 14 -1 17 -1 18 -1 #SUP: 44
17 -1 14 -1 17 -1 71 -1 #SUP: 37
17 -1 14 -1 18 -1 #SUP: 166
17 -1 14 -1 18 -1 8 -1 #SUP: 87
17 -1 14 -1 18 -1 8 -1 8 -1 #SUP: 33
17 -1 14 -1 18 -1 8 -1 14 -1 #SUP: 33
17 -1 14 -1 18 -1 8 -1 18 -1 #SUP: 54
17 -1 14 -1 18 -1 14 -1 #SUP: 50
17 -1 14 -1 18 -1 14 -1 18 -1 #SUP: 31
17 -1 14 -1 18 -1 17 -1 #SUP: 37
17 -1 14 -1 18 -1 18 -1 #SUP: 67
17 -1 14 -1 18 -1 18 -1 8 -1 #SUP: 30
17 -1 14 -1 18 -1 21 -1 #SUP: 41
17 -1 14 -1 18 -1 29 -1 #SUP: 32
17 -1 14 -1 18 -1 71 -1 #SUP: 43
17 -1 14 -1 20 -1 #SUP: 56
17 -1 14 -1 21 -1 #SUP: 92
17 -1 14 -1 21 -1 8 -1 #SUP: 49
17 -1 14 -1 21 -1 8 -1 18 -1 #SUP: 32
17 -1 14 -1 21 -1 18 -1 #SUP: 40
17 -1 14 -1 23 -1 #SUP: 33
17 -1 14 -1 29 -1 #SUP: 77
17 -1 14 -1 29 -1 8 -1 #SUP: 40
17 -1 14 -1 29 -1 18 -1 #SUP: 33
17 -1 14 -1 29 -1 71 -1 #SUP: 34
17 -1 14 -1 30 -1 #SUP: 40
17 -1 14 -1 290 -1 #SUP: 48
17 -1 14 -1 39 -1 #SUP: 33
17 -1 14 -1 40 -1 #SUP: 51
17 -1 14 -1 52 -1 #SUP: 41
17 -1 14 -1 71 -1 #SUP: 117
17 -1 14 -1 71 -1 8 -1 #SUP: 54
17 -1 14 -1 71 -1 8 -1 18 -1 #SUP: 34
17 -1 14 -1 71 -1 14 -1 #SUP: 36
17 -1 14 -1 71 -1 18 -1 #SUP: 46
17 -1 14 -1 71 -1 71 -1 #SUP: 41
17 -1 14 -1 92 -1 #SUP: 63
17 -1 14 -1 96 -1 #SUP: 49
17 -1 14 -1 103 -1 #SUP: 38
17 -1 14 -1 122 -1 #SUP: 32
17 -1 14 -1 224 -1 #SUP: 30
17 -1 17 -1 #SUP: 277
17 -1 17 -1 3 -1 #SUP: 51
17 -1 17 -1 8 -1 #SUP: 131
17 -1 17 -1 8 -1 8 -1 #SUP: 59
17 -1 17 -1 8 -1 14 -1 #SUP: 52
17 -1 17 -1 8 -1 18 -1 #SUP: 89
17 -1 17 -1 8 -1 18 -1 8 -1 #SUP: 41
17 -1 17 -1 8 -1 18 -1 14 -1 #SUP: 35
17 -1 17 -1 8 -1 71 -1 #SUP: 35
17 -1 17 -1 14 -1 #SUP: 113
17 -1 17 -1 14 -1 8 -1 #SUP: 53
17 -1 17 -1 14 -1 8 -1 18 -1 #SUP: 35
17 -1 17 -1 14 -1 18 -1 #SUP: 49
17 -1 17 -1 14 -1 71 -1 #SUP: 37
17 -1 17 -1 17 -1 #SUP: 57
17 -1 17 -1 18 -1 #SUP: 121
17 -1 17 -1 18 -1 8 -1 #SUP: 56
17 -1 17 -1 18 -1 8 -1 18 -1 #SUP: 34
17 -1 17 -1 18 -1 14 -1 #SUP: 46
17 -1 17 -1 18 -1 18 -1 #SUP: 46
17 -1 17 -1 18 -1 71 -1 #SUP: 35
17 -1 17 -1 20 -1 #SUP: 35
17 -1 17 -1 21 -1 #SUP: 60
17 -1 17 -1 21 -1 8 -1 #SUP: 33
17 -1 17 -1 29 -1 #SUP: 54
17 -1 17 -1 30 -1 #SUP: 39
17 -1 17 -1 290 -1 #SUP: 32
17 -1 17 -1 39 -1 #SUP: 42
17 -1 17 -1 40 -1 #SUP: 58
17 -1 17 -1 52 -1 #SUP: 48
17 -1 17 -1 71 -1 #SUP: 100
17 -1 17 -1 71 -1 8 -1 #SUP: 45
17 -1 17 -1 71 -1 14 -1 #SUP: 36
17 -1 17 -1 71 -1 18 -1 #SUP: 38
17 -1 17 -1 71 -1 71 -1 #SUP: 38
17 -1 17 -1 92 -1 #SUP: 52
17 -1 17 -1 96 -1 #SUP: 44
17 -1 17 -1 103 -1 #SUP: 35
17 -1 18 -1 #SUP: 431
17 -1 18 -1 3 -1 #SUP: 72
17 -1 18 -1 3 -1 8 -1 #SUP: 35
17 -1 18 -1 3 -1 18 -1 #SUP: 40
17 -1 18 -1 8 -1 #SUP: 240
17 -1 18 -1 8 -1 3 -1 #SUP: 38
17 -1 18 -1 8 -1 8 -1 #SUP: 113
17 -1 18 -1 8 -1 8 -1 8 -1 #SUP: 52
17 -1 18 -1 8 -1 8 -1 8 -1 18 -1 #SUP: 31
17 -1 18 -1 8 -1 8 -1 14 -1 #SUP: 41
17 -1 18 -1 8 -1 8 -1 18 -1 #SUP: 76
17 -1 18 -1 8 -1 8 -1 18 -1 8 -1 #SUP: 38
17 -1 18 -1 8 -1 8 -1 71 -1 #SUP: 36
17 -1 18 -1 8 -1 14 -1 #SUP: 98
17 -1 18 -1 8 -1 14 -1 8 -1 #SUP: 51
17 -1 18 -1 8 -1 14 -1 8 -1 18 -1 #SUP: 38
17 -1 18 -1 8 -1 14 -1 18 -1 #SUP: 56
17 -1 18 -1 8 -1 14 -1 71 -1 #SUP: 33
17 -1 18 -1 8 -1 17 -1 #SUP: 55
17 -1 18 -1 8 -1 18 -1 #SUP: 164
17 -1 18 -1 8 -1 18 -1 8 -1 #SUP: 79
17 -1 18 -1 8 -1 18 -1 8 -1 8 -1 #SUP: 32
17 -1 18 -1 8 -1 18 -1 8 -1 18 -1 #SUP: 47
17 -1 18 -1 8 -1 18 -1 14 -1 #SUP: 49
17 -1 18 -1 8 -1 18 -1 17 -1 #SUP: 31
17 -1 18 -1 8 -1 18 -1 18 -1 #SUP: 65
17 -1 18 -1 8 -1 18 -1 21 -1 #SUP: 32
17 -1 18 -1 8 -1 18 -1 29 -1 #SUP: 32
17 -1 18 -1 8 -1 18 -1 71 -1 #SUP: 48
17 -1 18 -1 8 -1 20 -1 #SUP: 38
17 -1 18 -1 8 -1 21 -1 #SUP: 52
17 -1 18 -1 8 -1 29 -1 #SUP: 45
17 -1 18 -1 8 -1 290 -1 #SUP: 30
17 -1 18 -1 8 -1 52 -1 #SUP: 30
17 -1 18 -1 8 -1 71 -1 #SUP: 72
17 -1 18 -1 8 -1 71 -1 8 -1 #SUP: 39
17 -1 18 -1 8 -1 71 -1 18 -1 #SUP: 37
17 -1 18 -1 8 -1 92 -1 #SUP: 39
17 -1 18 -1 8 -1 96 -1 #SUP: 32
17 -1 18 -1 8 -1 122 -1 #SUP: 33
17 -1 18 -1 265 -1 #SUP: 36
17 -1 18 -1 14 -1 #SUP: 178
17 -1 18 -1 14 -1 3 -1 #SUP: 33
17 -1 18 -1 14 -1 8 -1 #SUP: 93
17 -1 18 -1 14 -1 8 -1 8 -1 #SUP: 41
17 -1 18 -1 14 -1 8 -1 14 -1 #SUP: 34
17 -1 18 -1 14 -1 8 -1 18 -1 #SUP: 70
17 -1 18 -1 14 -1 14 -1 #SUP: 53
17 -1 18 -1 14 -1 14 -1 18 -1 #SUP: 33
17 -1 18 -1 14 -1 17 -1 #SUP: 49
17 -1 18 -1 14 -1 18 -1 #SUP: 102
17 -1 18 -1 14 -1 18 -1 8 -1 #SUP: 52
17 -1 18 -1 14 -1 18 -1 8 -1 18 -1 #SUP: 31
17 -1 18 -1 14 -1 18 -1 14 -1 #SUP: 31
17 -1 18 -1 14 -1 18 -1 18 -1 #SUP: 39
17 -1 18 -1 14 -1 18 -1 71 -1 #SUP: 32
17 -1 18 -1 14 -1 20 -1 #SUP: 30
17 -1 18 -1 14 -1 21 -1 #SUP: 52
17 -1 18 -1 14 -1 29 -1 #SUP: 38
17 -1 18 -1 14 -1 71 -1 #SUP: 62
17 -1 18 -1 14 -1 71 -1 18 -1 #SUP: 31
17 -1 18 -1 14 -1 92 -1 #SUP: 30
17 -1 18 -1 17 -1 #SUP: 113
17 -1 18 -1 17 -1 8 -1 #SUP: 54
17 -1 18 -1 17 -1 8 -1 18 -1 #SUP: 40
17 -1 18 -1 17 -1 14 -1 #SUP: 50
17 -1 18 -1 17 -1 18 -1 #SUP: 55
17 -1 18 -1 17 -1 71 -1 #SUP: 42
17 -1 18 -1 18 -1 #SUP: 211
17 -1 18 -1 18 -1 3 -1 #SUP: 31
17 -1 18 -1 18 -1 8 -1 #SUP: 109
17 -1 18 -1 18 -1 8 -1 8 -1 #SUP: 49
17 -1 18 -1 18 -1 8 -1 8 -1 18 -1 #SUP: 36
17 -1 18 -1 18 -1 8 -1 14 -1 #SUP: 43
17 -1 18 -1 18 -1 8 -1 18 -1 #SUP: 68
17 -1 18 -1 18 -1 8 -1 18 -1 8 -1 #SUP: 30
17 -1 18 -1 18 -1 8 -1 71 -1 #SUP: 37
17 -1 18 -1 18 -1 14 -1 #SUP: 71
17 -1 18 -1 18 -1 14 -1 8 -1 #SUP: 36
17 -1 18 -1 18 -1 14 -1 18 -1 #SUP: 42
17 -1 18 -1 18 -1 17 -1 #SUP: 44
17 -1 18 -1 18 -1 18 -1 #SUP: 92
17 -1 18 -1 18 -1 18 -1 8 -1 #SUP: 38
17 -1 18 -1 18 -1 18 -1 14 -1 #SUP: 33
17 -1 18 -1 18 -1 18 -1 18 -1 #SUP: 37
17 -1 18 -1 18 -1 20 -1 #SUP: 31
17 -1 18 -1 18 -1 21 -1 #SUP: 49
17 -1 18 -1 18 -1 29 -1 #SUP: 46
17 -1 18 -1 18 -1 40 -1 #SUP: 30
17 -1 18 -1 18 -1 71 -1 #SUP: 66
17 -1 18 -1 18 -1 71 -1 8 -1 #SUP: 34
17 -1 18 -1 18 -1 71 -1 18 -1 #SUP: 33
17 -1 18 -1 18 -1 92 -1 #SUP: 36
17 -1 18 -1 18 -1 122 -1 #SUP: 35
17 -1 18 -1 19 -1 #SUP: 40
17 -1 18 -1 20 -1 #SUP: 71
17 -1 18 -1 20 -1 8 -1 #SUP: 35
17 -1 18 -1 20 -1 18 -1 #SUP: 33
17 -1 18 -1 21 -1 #SUP: 110
17 -1 18 -1 21 -1 8 -1 #SUP: 65
17 -1 18 -1 21 -1 8 -1 8 -1 #SUP: 38
17 -1 18 -1 21 -1 8 -1 18 -1 #SUP: 48
17 -1 18 -1 21 -1 14 -1 #SUP: 48
17 -1 18 -1 21 -1 18 -1 #SUP: 62
17 -1 18 -1 21 -1 18 -1 8 -1 #SUP: 32
17 -1 18 -1 21 -1 71 -1 #SUP: 32
17 -1 18 -1 23 -1 #SUP: 43
17 -1 18 -1 29 -1 #SUP: 112
17 -1 18 -1 29 -1 8 -1 #SUP: 53
17 -1 18 -1 29 -1 8 -1 18 -1 #SUP: 34
17 -1 18 -1 29 -1 14 -1 #SUP: 41
17 -1 18 -1 29 -1 17 -1 #SUP: 36
17 -1 18 -1 29 -1 18 -1 #SUP: 54
17 -1 18 -1 29 -1 21 -1 #SUP: 35
17 -1 18 -1 29 -1 71 -1 #SUP: 48
17 -1 18 -1 30 -1 #SUP: 52
17 -1 18 -1 290 -1 #SUP: 61
17 -1 18 -1 39 -1 #SUP: 54
17 -1 18 -1 39 -1 18 -1 #SUP: 33
17 -1 18 -1 40 -1 #SUP: 76
17 -1 18 -1 40 -1 8 -1 #SUP: 38
17 -1 18 -1 40 -1 8 -1 18 -1 #SUP: 31
17 -1 18 -1 40 -1 14 -1 #SUP: 31
17 -1 18 -1 40 -1 18 -1 #SUP: 45
17 -1 18 -1 52 -1 #SUP: 58
17 -1 18 -1 54 -1 #SUP: 38
17 -1 18 -1 318 -1 #SUP: 38
17 -1 18 -1 71 -1 #SUP: 137
17 -1 18 -1 71 -1 8 -1 #SUP: 69
17 -1 18 -1 71 -1 8 -1 8 -1 #SUP: 33
17 -1 18 -1 71 -1 8 -1 14 -1 #SUP: 33
17 -1 18 -1 71 -1 8 -1 18 -1 #SUP: 47
17 -1 18 -1 71 -1 8 -1 71 -1 #SUP: 30
17 -1 18 -1 71 -1 14 -1 #SUP: 53
17 -1 18 -1 71 -1 17 -1 #SUP: 30
17 -1 18 -1 71 -1 18 -1 #SUP: 66
17 -1 18 -1 71 -1 18 -1 8 -1 #SUP: 34
17 -1 18 -1 71 -1 21 -1 #SUP: 31
17 -1 18 -1 71 -1 29 -1 #SUP: 31
17 -1 18 -1 71 -1 290 -1 #SUP: 37
17 -1 18 -1 71 -1 71 -1 #SUP: 53
17 -1 18 -1 71 -1 92 -1 #SUP: 34
17 -1 18 -1 92 -1 #SUP: 90
17 -1 18 -1 92 -1 8 -1 #SUP: 40
17 -1 18 -1 92 -1 18 -1 #SUP: 45
17 -1 18 -1 92 -1 71 -1 #SUP: 31
17 -1 18 -1 96 -1 #SUP: 77
17 -1 18 -1 96 -1 8 -1 #SUP: 46
17 -1 18 -1 96 -1 14 -1 #SUP: 33
17 -1 18 -1 96 -1 17 -1 #SUP: 34
17 -1 18 -1 96 -1 18 -1 #SUP: 42
17 -1 18 -1 103 -1 #SUP: 48
17 -1 18 -1 122 -1 #SUP: 52
17 -1 18 -1 124 -1 #SUP: 41
17 -1 18 -1 174 -1 #SUP: 31
17 -1 18 -1 206 -1 #SUP: 49
17 -1 18 -1 219 -1 #SUP: 42
17 -1 18 -1 224 -1 #SUP: 43
17 -1 18 -1 225 -1 #SUP: 32
17 -1 18 -1 227 -1 #SUP: 50
17 -1 19 -1 #SUP: 87
17 -1 19 -1 8 -1 #SUP: 42
17 -1 19 -1 8 -1 18 -1 #SUP: 30
17 -1 19 -1 14 -1 #SUP: 32
17 -1 19 -1 18 -1 #SUP: 42
17 -1 19 -1 71 -1 #SUP: 41
17 -1 20 -1 #SUP: 151
17 -1 20 -1 8 -1 #SUP: 77
17 -1 20 -1 8 -1 8 -1 #SUP: 34
17 -1 20 -1 8 -1 14 -1 #SUP: 31
17 -1 20 -1 8 -1 18 -1 #SUP: 47
17 -1 20 -1 14 -1 #SUP: 59
17 -1 20 -1 17 -1 #SUP: 42
17 -1 20 -1 18 -1 #SUP: 70
17 -1 20 -1 18 -1 8 -1 #SUP: 35
17 -1 20 -1 20 -1 #SUP: 32
17 -1 20 -1 21 -1 #SUP: 47
17 -1 20 -1 40 -1 #SUP: 45
17 -1 20 -1 71 -1 #SUP: 60
17 -1 20 -1 92 -1 #SUP: 36
17 -1 21 -1 #SUP: 230
17 -1 21 -1 3 -1 #SUP: 42
17 -1 21 -1 8 -1 #SUP: 148
17 -1 21 -1 8 -1 8 -1 #SUP: 80
17 -1 21 -1 8 -1 8 -1 8 -1 #SUP: 37
17 -1 21 -1 8 -1 8 -1 14 -1 #SUP: 32
17 -1 21 -1 8 -1 8 -1 18 -1 #SUP: 50
17 -1 21 -1 8 -1 14 -1 #SUP: 60
17 -1 21 -1 8 -1 14 -1 8 -1 #SUP: 35
17 -1 21 -1 8 -1 17 -1 #SUP: 45
17 -1 21 -1 8 -1 18 -1 #SUP: 94
17 -1 21 -1 8 -1 18 -1 8 -1 #SUP: 52
17 -1 21 -1 8 -1 18 -1 8 -1 18 -1 #SUP: 37
17 -1 21 -1 8 -1 18 -1 14 -1 #SUP: 32
17 -1 21 -1 8 -1 18 -1 18 -1 #SUP: 46
17 -1 21 -1 8 -1 21 -1 #SUP: 43
17 -1 21 -1 8 -1 71 -1 #SUP: 41
17 -1 21 -1 14 -1 #SUP: 94
17 -1 21 -1 14 -1 8 -1 #SUP: 54
17 -1 21 -1 14 -1 8 -1 18 -1 #SUP: 33
17 -1 21 -1 14 -1 18 -1 #SUP: 46
17 -1 21 -1 14 -1 21 -1 #SUP: 32
17 -1 21 -1 14 -1 71 -1 #SUP: 33
17 -1 21 -1 17 -1 #SUP: 65
17 -1 21 -1 17 -1 8 -1 #SUP: 35
17 -1 21 -1 17 -1 14 -1 #SUP: 33
17 -1 21 -1 17 -1 18 -1 #SUP: 30
17 -1 21 -1 18 -1 #SUP: 120
17 -1 21 -1 18 -1 8 -1 #SUP: 67
17 -1 21 -1 18 -1 8 -1 8 -1 #SUP: 30
17 -1 21 -1 18 -1 8 -1 18 -1 #SUP: 46
17 -1 21 -1 18 -1 14 -1 #SUP: 43
17 -1 21 -1 18 -1 17 -1 #SUP: 30
17 -1 21 -1 18 -1 18 -1 #SUP: 56
17 -1 21 -1 18 -1 21 -1 #SUP: 36
17 -1 21 -1 18 -1 71 -1 #SUP: 33
17 -1 21 -1 20 -1 #SUP: 40
17 -1 21 -1 21 -1 #SUP: 71
17 -1 21 -1 21 -1 8 -1 #SUP: 40
17 -1 21 -1 21 -1 18 -1 #SUP: 34
17 -1 21 -1 29 -1 #SUP: 52
17 -1 21 -1 30 -1 #SUP: 35
17 -1 21 -1 39 -1 #SUP: 32
17 -1 21 -1 40 -1 #SUP: 48
17 -1 21 -1 52 -1 #SUP: 34
17 -1 21 -1 71 -1 #SUP: 72
17 -1 21 -1 71 -1 8 -1 #SUP: 38
17 -1 21 -1 71 -1 18 -1 #SUP: 34
17 -1 21 -1 71 -1 71 -1 #SUP: 31
17 -1 21 -1 92 -1 #SUP: 49
17 -1 21 -1 96 -1 #SUP: 37
17 -1 23 -1 #SUP: 75
17 -1 23 -1 18 -1 #SUP: 32
17 -1 24 -1 #SUP: 30
17 -1 25 -1 #SUP: 63
17 -1 25 -1 8 -1 #SUP: 32
17 -1 25 -1 71 -1 #SUP: 30
17 -1 27 -1 #SUP: 40
17 -1 29 -1 #SUP: 246
17 -1 29 -1 3 -1 #SUP: 55
17 -1 29 -1 8 -1 #SUP: 133
17 -1 29 -1 8 -1 8 -1 #SUP: 57
17 -1 29 -1 8 -1 8 -1 18 -1 #SUP: 36
17 -1 29 -1 8 -1 14 -1 #SUP: 48
17 -1 29 -1 8 -1 17 -1 #SUP: 33
17 -1 29 -1 8 -1 18 -1 #SUP: 78
17 -1 29 -1 8 -1 18 -1 8 -1 #SUP: 36
17 -1 29 -1 8 -1 71 -1 #SUP: 48
17 -1 29 -1 265 -1 #SUP: 32
17 -1 29 -1 14 -1 #SUP: 94
17 -1 29 -1 14 -1 8 -1 #SUP: 42
17 -1 29 -1 14 -1 18 -1 #SUP: 34
17 -1 29 -1 14 -1 71 -1 #SUP: 38
17 -1 29 -1 17 -1 #SUP: 101
17 -1 29 -1 17 -1 8 -1 #SUP: 46
17 -1 29 -1 17 -1 8 -1 18 -1 #SUP: 30
17 -1 29 -1 17 -1 14 -1 #SUP: 42
17 -1 29 -1 17 -1 18 -1 #SUP: 46
17 -1 29 -1 17 -1 71 -1 #SUP: 48
17 -1 29 -1 18 -1 #SUP: 120
17 -1 29 -1 18 -1 8 -1 #SUP: 57
17 -1 29 -1 18 -1 8 -1 18 -1 #SUP: 34
17 -1 29 -1 18 -1 14 -1 #SUP: 42
17 -1 29 -1 18 -1 18 -1 #SUP: 47
17 -1 29 -1 18 -1 71 -1 #SUP: 44
17 -1 29 -1 20 -1 #SUP: 37
17 -1 29 -1 21 -1 #SUP: 69
17 -1 29 -1 21 -1 8 -1 #SUP: 43
17 -1 29 -1 21 -1 18 -1 #SUP: 34
17 -1 29 -1 29 -1 #SUP: 62
17 -1 29 -1 29 -1 71 -1 #SUP: 33
17 -1 29 -1 30 -1 #SUP: 40
17 -1 29 -1 290 -1 #SUP: 48
17 -1 29 -1 39 -1 #SUP: 37
17 -1 29 -1 40 -1 #SUP: 47
17 -1 29 -1 52 -1 #SUP: 42
17 -1 29 -1 71 -1 #SUP: 106
17 -1 29 -1 71 -1 8 -1 #SUP: 50
17 -1 29 -1 71 -1 8 -1 18 -1 #SUP: 31
17 -1 29 -1 71 -1 14 -1 #SUP: 42
17 -1 29 -1 71 -1 18 -1 #SUP: 50
17 -1 29 -1 71 -1 29 -1 #SUP: 31
17 -1 29 -1 71 -1 71 -1 #SUP: 43
17 -1 29 -1 92 -1 #SUP: 62
17 -1 29 -1 96 -1 #SUP: 59
17 -1 29 -1 96 -1 8 -1 #SUP: 31
17 -1 29 -1 103 -1 #SUP: 33
17 -1 29 -1 122 -1 #SUP: 32
17 -1 29 -1 124 -1 #SUP: 31
17 -1 29 -1 206 -1 #SUP: 31
17 -1 29 -1 219 -1 #SUP: 31
17 -1 29 -1 227 -1 #SUP: 32
17 -1 30 -1 #SUP: 137
17 -1 30 -1 8 -1 #SUP: 66
17 -1 30 -1 8 -1 8 -1 #SUP: 33
17 -1 30 -1 8 -1 18 -1 #SUP: 41
17 -1 30 -1 14 -1 #SUP: 48
17 -1 30 -1 17 -1 #SUP: 57
17 -1 30 -1 18 -1 #SUP: 58
17 -1 30 -1 21 -1 #SUP: 32
17 -1 30 -1 29 -1 #SUP: 33
17 -1 30 -1 40 -1 #SUP: 30
17 -1 30 -1 71 -1 #SUP: 50
17 -1 30 -1 92 -1 #SUP: 30
17 -1 31 -1 #SUP: 37
17 -1 33 -1 #SUP: 58
17 -1 33 -1 8 -1 #SUP: 32
17 -1 33 -1 18 -1 #SUP: 31
17 -1 290 -1 #SUP: 134
17 -1 290 -1 8 -1 #SUP: 60
17 -1 290 -1 8 -1 8 -1 #SUP: 34
17 -1 290 -1 8 -1 18 -1 #SUP: 38
17 -1 290 -1 14 -1 #SUP: 41
17 -1 290 -1 17 -1 #SUP: 39
17 -1 290 -1 18 -1 #SUP: 59
17 -1 290 -1 18 -1 8 -1 #SUP: 33
17 -1 290 -1 21 -1 #SUP: 37
17 -1 290 -1 29 -1 #SUP: 38
17 -1 290 -1 40 -1 #SUP: 30
17 -1 290 -1 71 -1 #SUP: 53
17 -1 290 -1 92 -1 #SUP: 40
17 -1 292 -1 #SUP: 68
17 -1 292 -1 8 -1 #SUP: 40
17 -1 292 -1 14 -1 #SUP: 32
17 -1 292 -1 18 -1 #SUP: 37
17 -1 39 -1 #SUP: 145
17 -1 39 -1 3 -1 #SUP: 30
17 -1 39 -1 8 -1 #SUP: 79
17 -1 39 -1 8 -1 8 -1 #SUP: 39
17 -1 39 -1 8 -1 14 -1 #SUP: 33
17 -1 39 -1 8 -1 18 -1 #SUP: 54
17 -1 39 -1 14 -1 #SUP: 58
17 -1 39 -1 17 -1 #SUP: 39
17 -1 39 -1 18 -1 #SUP: 82
17 -1 39 -1 18 -1 8 -1 #SUP: 45
17 -1 39 -1 18 -1 18 -1 #SUP: 33
17 -1 39 -1 21 -1 #SUP: 42
17 -1 39 -1 29 -1 #SUP: 31
17 -1 39 -1 71 -1 #SUP: 43
17 -1 40 -1 #SUP: 206
17 -1 40 -1 3 -1 #SUP: 39
17 -1 40 -1 8 -1 #SUP: 107
17 -1 40 -1 8 -1 8 -1 #SUP: 46
17 -1 40 -1 8 -1 14 -1 #SUP: 46
17 -1 40 -1 8 -1 18 -1 #SUP: 71
17 -1 40 -1 8 -1 29 -1 #SUP: 30
17 -1 40 -1 8 -1 71 -1 #SUP: 35
17 -1 40 -1 14 -1 #SUP: 88
17 -1 40 -1 14 -1 8 -1 #SUP: 43
17 -1 40 -1 14 -1 18 -1 #SUP: 40
17 -1 40 -1 17 -1 #SUP: 54
17 -1 40 -1 18 -1 #SUP: 120
17 -1 40 -1 18 -1 8 -1 #SUP: 58
17 -1 40 -1 18 -1 8 -1 18 -1 #SUP: 36
17 -1 40 -1 18 -1 14 -1 #SUP: 45
17 -1 40 -1 18 -1 18 -1 #SUP: 54
17 -1 40 -1 18 -1 21 -1 #SUP: 30
17 -1 40 -1 18 -1 29 -1 #SUP: 33
17 -1 40 -1 18 -1 71 -1 #SUP: 32
17 -1 40 -1 19 -1 #SUP: 44
17 -1 40 -1 20 -1 #SUP: 36
17 -1 40 -1 21 -1 #SUP: 53
17 -1 40 -1 29 -1 #SUP: 61
17 -1 40 -1 29 -1 18 -1 #SUP: 31
17 -1 40 -1 40 -1 #SUP: 50
17 -1 40 -1 52 -1 #SUP: 33
17 -1 40 -1 71 -1 #SUP: 67
17 -1 40 -1 71 -1 8 -1 #SUP: 37
17 -1 40 -1 71 -1 14 -1 #SUP: 30
17 -1 40 -1 71 -1 18 -1 #SUP: 34
17 -1 40 -1 71 -1 71 -1 #SUP: 30
17 -1 40 -1 92 -1 #SUP: 58
17 -1 40 -1 96 -1 #SUP: 32
17 -1 40 -1 122 -1 #SUP: 32
17 -1 299 -1 #SUP: 46
17 -1 299 -1 8 -1 #SUP: 31
17 -1 45 -1 #SUP: 35
17 -1 50 -1 #SUP: 34
17 -1 306 -1 #SUP: 46
17 -1 51 -1 #SUP: 44
17 -1 307 -1 #SUP: 52
17 -1 52 -1 #SUP: 160
17 -1 52 -1 8 -1 #SUP: 73
17 -1 52 -1 8 -1 8 -1 #SUP: 43
17 -1 52 -1 8 -1 18 -1 #SUP: 52
17 -1 52 -1 14 -1 #SUP: 38
17 -1 52 -1 17 -1 #SUP: 40
17 -1 52 -1 18 -1 #SUP: 75
17 -1 52 -1 18 -1 8 -1 #SUP: 39
17 -1 52 -1 18 -1 18 -1 #SUP: 32
17 -1 52 -1 21 -1 #SUP: 32
17 -1 52 -1 29 -1 #SUP: 39
17 -1 52 -1 39 -1 #SUP: 59
17 -1 52 -1 39 -1 8 -1 #SUP: 30
17 -1 52 -1 39 -1 18 -1 #SUP: 36
17 -1 52 -1 71 -1 #SUP: 65
17 -1 52 -1 71 -1 8 -1 #SUP: 31
17 -1 52 -1 92 -1 #SUP: 30
17 -1 53 -1 #SUP: 41
17 -1 54 -1 #SUP: 73
17 -1 54 -1 8 -1 #SUP: 40
17 -1 54 -1 14 -1 #SUP: 38
17 -1 54 -1 18 -1 #SUP: 31
17 -1 54 -1 71 -1 #SUP: 30
17 -1 318 -1 #SUP: 53
17 -1 63 -1 #SUP: 62
17 -1 319 -1 #SUP: 40
17 -1 64 -1 #SUP: 32
17 -1 71 -1 #SUP: 346
17 -1 71 -1 3 -1 #SUP: 65
17 -1 71 -1 3 -1 8 -1 #SUP: 30
17 -1 71 -1 3 -1 18 -1 #SUP: 30
17 -1 71 -1 8 -1 #SUP: 195
17 -1 71 -1 8 -1 8 -1 #SUP: 97
17 -1 71 -1 8 -1 8 -1 8 -1 #SUP: 49
17 -1 71 -1 8 -1 8 -1 14 -1 #SUP: 37
17 -1 71 -1 8 -1 8 -1 18 -1 #SUP: 58
17 -1 71 -1 8 -1 8 -1 18 -1 8 -1 #SUP: 30
17 -1 71 -1 8 -1 8 -1 71 -1 #SUP: 34
17 -1 71 -1 8 -1 14 -1 #SUP: 75
17 -1 71 -1 8 -1 14 -1 8 -1 #SUP: 41
17 -1 71 -1 8 -1 14 -1 8 -1 18 -1 #SUP: 30
17 -1 71 -1 8 -1 14 -1 18 -1 #SUP: 42
17 -1 71 -1 8 -1 14 -1 71 -1 #SUP: 32
17 -1 71 -1 8 -1 17 -1 #SUP: 47
17 -1 71 -1 8 -1 18 -1 #SUP: 122
17 -1 71 -1 8 -1 18 -1 8 -1 #SUP: 69
17 -1 71 -1 8 -1 18 -1 8 -1 8 -1 #SUP: 30
17 -1 71 -1 8 -1 18 -1 8 -1 18 -1 #SUP: 44
17 -1 71 -1 8 -1 18 -1 14 -1 #SUP: 43
17 -1 71 -1 8 -1 18 -1 18 -1 #SUP: 51
17 -1 71 -1 8 -1 18 -1 71 -1 #SUP: 44
17 -1 71 -1 8 -1 20 -1 #SUP: 34
17 -1 71 -1 8 -1 21 -1 #SUP: 41
17 -1 71 -1 8 -1 29 -1 #SUP: 44
17 -1 71 -1 8 -1 71 -1 #SUP: 73
17 -1 71 -1 8 -1 71 -1 8 -1 #SUP: 44
17 -1 71 -1 8 -1 71 -1 18 -1 #SUP: 34
17 -1 71 -1 8 -1 92 -1 #SUP: 40
17 -1 71 -1 8 -1 96 -1 #SUP: 31
17 -1 71 -1 265 -1 #SUP: 46
17 -1 71 -1 14 -1 #SUP: 135
17 -1 71 -1 14 -1 8 -1 #SUP: 71
17 -1 71 -1 14 -1 8 -1 8 -1 #SUP: 35
17 -1 71 -1 14 -1 8 -1 18 -1 #SUP: 48
17 -1 71 -1 14 -1 14 -1 #SUP: 42
17 -1 71 -1 14 -1 17 -1 #SUP: 34
17 -1 71 -1 14 -1 18 -1 #SUP: 67
17 -1 71 -1 14 -1 18 -1 8 -1 #SUP: 38
17 -1 71 -1 14 -1 21 -1 #SUP: 32
17 -1 71 -1 14 -1 29 -1 #SUP: 31
17 -1 71 -1 14 -1 71 -1 #SUP: 59
17 -1 71 -1 14 -1 71 -1 8 -1 #SUP: 33
17 -1 71 -1 17 -1 #SUP: 106
17 -1 71 -1 17 -1 8 -1 #SUP: 55
17 -1 71 -1 17 -1 8 -1 18 -1 #SUP: 41
17 -1 71 -1 17 -1 14 -1 #SUP: 40
17 -1 71 -1 17 -1 18 -1 #SUP: 53
17 -1 71 -1 17 -1 71 -1 #SUP: 47
17 -1 71 -1 18 -1 #SUP: 175
17 -1 71 -1 18 -1 8 -1 #SUP: 91
17 -1 71 -1 18 -1 8 -1 8 -1 #SUP: 42
17 -1 71 -1 18 -1 8 -1 14 -1 #SUP: 35
17 -1 71 -1 18 -1 8 -1 18 -1 #SUP: 55
17 -1 71 -1 18 -1 8 -1 71 -1 #SUP: 30
17 -1 71 -1 18 -1 14 -1 #SUP: 61
17 -1 71 -1 18 -1 14 -1 8 -1 #SUP: 32
17 -1 71 -1 18 -1 14 -1 18 -1 #SUP: 31
17 -1 71 -1 18 -1 17 -1 #SUP: 38
17 -1 71 -1 18 -1 18 -1 #SUP: 73
17 -1 71 -1 18 -1 18 -1 8 -1 #SUP: 32
17 -1 71 -1 18 -1 18 -1 18 -1 #SUP: 31
17 -1 71 -1 18 -1 21 -1 #SUP: 37
17 -1 71 -1 18 -1 29 -1 #SUP: 35
17 -1 71 -1 18 -1 71 -1 #SUP: 65
17 -1 71 -1 18 -1 71 -1 8 -1 #SUP: 32
17 -1 71 -1 18 -1 71 -1 18 -1 #SUP: 31
17 -1 71 -1 18 -1 92 -1 #SUP: 33
17 -1 71 -1 18 -1 122 -1 #SUP: 30
17 -1 71 -1 19 -1 #SUP: 42
17 -1 71 -1 20 -1 #SUP: 66
17 -1 71 -1 20 -1 8 -1 #SUP: 32
17 -1 71 -1 21 -1 #SUP: 77
17 -1 71 -1 21 -1 8 -1 #SUP: 51
17 -1 71 -1 21 -1 8 -1 18 -1 #SUP: 31
17 -1 71 -1 21 -1 18 -1 #SUP: 39
17 -1 71 -1 21 -1 71 -1 #SUP: 31
17 -1 71 -1 23 -1 #SUP: 36
17 -1 71 -1 29 -1 #SUP: 92
17 -1 71 -1 29 -1 8 -1 #SUP: 52
17 -1 71 -1 29 -1 8 -1 18 -1 #SUP: 34
17 -1 71 -1 29 -1 17 -1 #SUP: 35
17 -1 71 -1 29 -1 18 -1 #SUP: 50
17 -1 71 -1 29 -1 71 -1 #SUP: 45
17 -1 71 -1 30 -1 #SUP: 57
17 -1 71 -1 290 -1 #SUP: 83
17 -1 71 -1 290 -1 8 -1 #SUP: 41
17 -1 71 -1 290 -1 18 -1 #SUP: 42
17 -1 71 -1 290 -1 71 -1 #SUP: 37
17 -1 71 -1 292 -1 #SUP: 31
17 -1 71 -1 39 -1 #SUP: 50
17 -1 71 -1 39 -1 8 -1 #SUP: 30
17 -1 71 -1 40 -1 #SUP: 72
17 -1 71 -1 40 -1 8 -1 #SUP: 33
17 -1 71 -1 40 -1 18 -1 #SUP: 33
17 -1 71 -1 307 -1 #SUP: 32
17 -1 71 -1 52 -1 #SUP: 43
17 -1 71 -1 53 -1 #SUP: 35
17 -1 71 -1 63 -1 #SUP: 34
17 -1 71 -1 71 -1 #SUP: 151
17 -1 71 -1 71 -1 8 -1 #SUP: 80
17 -1 71 -1 71 -1 8 -1 8 -1 #SUP: 35
17 -1 71 -1 71 -1 8 -1 18 -1 #SUP: 46
17 -1 71 -1 71 -1 8 -1 71 -1 #SUP: 31
17 -1 71 -1 71 -1 14 -1 #SUP: 53
17 -1 71 -1 71 -1 17 -1 #SUP: 38
17 -1 71 -1 71 -1 18 -1 #SUP: 67
17 -1 71 -1 71 -1 18 -1 8 -1 #SUP: 34
17 -1 71 -1 71 -1 18 -1 18 -1 #SUP: 30
17 -1 71 -1 71 -1 21 -1 #SUP: 30
17 -1 71 -1 71 -1 29 -1 #SUP: 33
17 -1 71 -1 71 -1 290 -1 #SUP: 30
17 -1 71 -1 71 -1 71 -1 #SUP: 64
17 -1 71 -1 71 -1 71 -1 8 -1 #SUP: 32
17 -1 71 -1 71 -1 92 -1 #SUP: 36
17 -1 71 -1 92 -1 #SUP: 90
17 -1 71 -1 92 -1 8 -1 #SUP: 40
17 -1 71 -1 92 -1 18 -1 #SUP: 42
17 -1 71 -1 92 -1 71 -1 #SUP: 34
17 -1 71 -1 96 -1 #SUP: 57
17 -1 71 -1 96 -1 8 -1 #SUP: 31
17 -1 71 -1 103 -1 #SUP: 49
17 -1 71 -1 122 -1 #SUP: 53
17 -1 71 -1 124 -1 #SUP: 30
17 -1 71 -1 206 -1 #SUP: 33
17 -1 71 -1 219 -1 #SUP: 38
17 -1 71 -1 224 -1 #SUP: 31
17 -1 71 -1 225 -1 #SUP: 30
17 -1 71 -1 227 -1 #SUP: 33
17 -1 74 -1 #SUP: 56
17 -1 74 -1 20 -1 #SUP: 35
17 -1 332 -1 #SUP: 37
17 -1 591 -1 #SUP: 39
17 -1 90 -1 #SUP: 72
17 -1 90 -1 14 -1 #SUP: 30
17 -1 347 -1 #SUP: 44
17 -1 92 -1 #SUP: 201
17 -1 92 -1 3 -1 #SUP: 43
17 -1 92 -1 8 -1 #SUP: 95
17 -1 92 -1 8 -1 8 -1 #SUP: 47
17 -1 92 -1 8 -1 14 -1 #SUP: 38
17 -1 92 -1 8 -1 18 -1 #SUP: 61
17 -1 92 -1 8 -1 18 -1 8 -1 #SUP: 32
17 -1 92 -1 8 -1 71 -1 #SUP: 37
17 -1 92 -1 14 -1 #SUP: 71
17 -1 92 -1 14 -1 8 -1 #SUP: 40
17 -1 92 -1 14 -1 18 -1 #SUP: 37
17 -1 92 -1 14 -1 71 -1 #SUP: 31
17 -1 92 -1 17 -1 #SUP: 53
17 -1 92 -1 18 -1 #SUP: 103
17 -1 92 -1 18 -1 8 -1 #SUP: 51
17 -1 92 -1 18 -1 14 -1 #SUP: 40
17 -1 92 -1 18 -1 18 -1 #SUP: 39
17 -1 92 -1 18 -1 71 -1 #SUP: 37
17 -1 92 -1 20 -1 #SUP: 36
17 -1 92 -1 21 -1 #SUP: 45
17 -1 92 -1 29 -1 #SUP: 48
17 -1 92 -1 30 -1 #SUP: 30
17 -1 92 -1 290 -1 #SUP: 38
17 -1 92 -1 40 -1 #SUP: 41
17 -1 92 -1 71 -1 #SUP: 68
17 -1 92 -1 71 -1 8 -1 #SUP: 38
17 -1 92 -1 71 -1 18 -1 #SUP: 32
17 -1 92 -1 71 -1 71 -1 #SUP: 32
17 -1 92 -1 92 -1 #SUP: 54
17 -1 92 -1 96 -1 #SUP: 39
17 -1 604 -1 #SUP: 31
17 -1 96 -1 #SUP: 145
17 -1 96 -1 8 -1 #SUP: 85
17 -1 96 -1 8 -1 8 -1 #SUP: 34
17 -1 96 -1 8 -1 14 -1 #SUP: 34
17 -1 96 -1 8 -1 18 -1 #SUP: 51
17 -1 96 -1 14 -1 #SUP: 60
17 -1 96 -1 14 -1 18 -1 #SUP: 31
17 -1 96 -1 17 -1 #SUP: 71
17 -1 96 -1 17 -1 8 -1 #SUP: 33
17 -1 96 -1 17 -1 14 -1 #SUP: 30
17 -1 96 -1 17 -1 18 -1 #SUP: 32
17 -1 96 -1 18 -1 #SUP: 73
17 -1 96 -1 18 -1 8 -1 #SUP: 34
17 -1 96 -1 21 -1 #SUP: 44
17 -1 96 -1 29 -1 #SUP: 32
17 -1 96 -1 40 -1 #SUP: 35
17 -1 96 -1 71 -1 #SUP: 47
17 -1 96 -1 92 -1 #SUP: 36
17 -1 101 -1 #SUP: 40
17 -1 103 -1 #SUP: 104
17 -1 103 -1 8 -1 #SUP: 57
17 -1 103 -1 8 -1 18 -1 #SUP: 42
17 -1 103 -1 14 -1 #SUP: 34
17 -1 103 -1 17 -1 #SUP: 33
17 -1 103 -1 18 -1 #SUP: 55
17 -1 103 -1 71 -1 #SUP: 38
17 -1 117 -1 #SUP: 35
17 -1 632 -1 #SUP: 31
17 -1 122 -1 #SUP: 90
17 -1 122 -1 8 -1 #SUP: 37
17 -1 122 -1 14 -1 #SUP: 35
17 -1 122 -1 18 -1 #SUP: 34
17 -1 122 -1 71 -1 #SUP: 33
17 -1 124 -1 #SUP: 67
17 -1 124 -1 8 -1 #SUP: 35
17 -1 124 -1 18 -1 #SUP: 35
17 -1 124 -1 71 -1 #SUP: 32
17 -1 125 -1 #SUP: 32
17 -1 381 -1 #SUP: 33
17 -1 126 -1 #SUP: 40
17 -1 905 -1 #SUP: 32
17 -1 146 -1 #SUP: 31
17 -1 147 -1 #SUP: 32
17 -1 3734 -1 #SUP: 35
17 -1 161 -1 #SUP: 30
17 -1 174 -1 #SUP: 38
17 -1 436 -1 #SUP: 45
17 -1 186 -1 #SUP: 66
17 -1 197 -1 #SUP: 45
17 -1 206 -1 #SUP: 83
17 -1 206 -1 8 -1 #SUP: 40
17 -1 206 -1 8 -1 18 -1 #SUP: 33
17 -1 206 -1 14 -1 #SUP: 36
17 -1 206 -1 18 -1 #SUP: 42
17 -1 206 -1 21 -1 #SUP: 30
17 -1 206 -1 71 -1 #SUP: 31
17 -1 212 -1 #SUP: 91
17 -1 212 -1 8 -1 #SUP: 41
17 -1 212 -1 14 -1 #SUP: 30
17 -1 212 -1 18 -1 #SUP: 42
17 -1 212 -1 71 -1 #SUP: 33
17 -1 214 -1 #SUP: 35
17 -1 219 -1 #SUP: 69
17 -1 224 -1 #SUP: 84
17 -1 224 -1 8 -1 #SUP: 38
17 -1 224 -1 14 -1 #SUP: 32
17 -1 224 -1 18 -1 #SUP: 35
17 -1 224 -1 71 -1 #SUP: 40
17 -1 224 -1 225 -1 #SUP: 32
17 -1 225 -1 #SUP: 56
17 -1 227 -1 #SUP: 70
18 -1 #SUP: 1082
18 -1 3 -1 #SUP: 225
18 -1 3 -1 3 -1 #SUP: 48
18 -1 3 -1 8 -1 #SUP: 136
18 -1 3 -1 8 -1 8 -1 #SUP: 71
18 -1 3 -1 8 -1 8 -1 18 -1 #SUP: 33
18 -1 3 -1 8 -1 14 -1 #SUP: 57
18 -1 3 -1 8 -1 14 -1 8 -1 #SUP: 34
18 -1 3 -1 8 -1 14 -1 18 -1 #SUP: 30
18 -1 3 -1 8 -1 17 -1 #SUP: 30
18 -1 3 -1 8 -1 18 -1 #SUP: 96
18 -1 3 -1 8 -1 18 -1 8 -1 #SUP: 55
18 -1 3 -1 8 -1 18 -1 14 -1 #SUP: 39
18 -1 3 -1 8 -1 18 -1 18 -1 #SUP: 37
18 -1 3 -1 8 -1 29 -1 #SUP: 31
18 -1 3 -1 8 -1 71 -1 #SUP: 46
18 -1 3 -1 14 -1 #SUP: 89
18 -1 3 -1 14 -1 8 -1 #SUP: 49
18 -1 3 -1 14 -1 18 -1 #SUP: 44
18 -1 3 -1 14 -1 71 -1 #SUP: 38
18 -1 3 -1 17 -1 #SUP: 55
18 -1 3 -1 18 -1 #SUP: 122
18 -1 3 -1 18 -1 8 -1 #SUP: 63
18 -1 3 -1 18 -1 8 -1 8 -1 #SUP: 30
18 -1 3 -1 18 -1 8 -1 18 -1 #SUP: 38
18 -1 3 -1 18 -1 14 -1 #SUP: 46
18 -1 3 -1 18 -1 18 -1 #SUP: 53
18 -1 3 -1 18 -1 71 -1 #SUP: 36
18 -1 3 -1 20 -1 #SUP: 36
18 -1 3 -1 21 -1 #SUP: 48
18 -1 3 -1 29 -1 #SUP: 59
18 -1 3 -1 30 -1 #SUP: 30
18 -1 3 -1 290 -1 #SUP: 36
18 -1 3 -1 40 -1 #SUP: 36
18 -1 3 -1 71 -1 #SUP: 80
18 -1 3 -1 71 -1 8 -1 #SUP: 40
18 -1 3 -1 71 -1 18 -1 #SUP: 35
18 -1 3 -1 92 -1 #SUP: 54
18 -1 3 -1 96 -1 #SUP: 50
18 -1 3 -1 96 -1 8 -1 #SUP: 30
18 -1 3 -1 122 -1 #SUP: 30
18 -1 3 -1 219 -1 #SUP: 32
18 -1 262 -1 #SUP: 46
18 -1 262 -1 8 -1 #SUP: 34
18 -1 263 -1 #SUP: 42
18 -1 8 -1 #SUP: 696
18 -1 8 -1 3 -1 #SUP: 133
18 -1 8 -1 3 -1 8 -1 #SUP: 77
18 -1 8 -1 3 -1 8 -1 8 -1 #SUP: 41
18 -1 8 -1 3 -1 8 -1 18 -1 #SUP: 52
18 -1 8 -1 3 -1 8 -1 18 -1 8 -1 #SUP: 33
18 -1 8 -1 3 -1 14 -1 #SUP: 46
18 -1 8 -1 3 -1 18 -1 #SUP: 70
18 -1 8 -1 3 -1 18 -1 8 -1 #SUP: 37
18 -1 8 -1 3 -1 18 -1 18 -1 #SUP: 30
18 -1 8 -1 3 -1 29 -1 #SUP: 31
18 -1 8 -1 3 -1 71 -1 #SUP: 38
18 -1 8 -1 3 -1 92 -1 #SUP: 31
18 -1 8 -1 262 -1 #SUP: 35
18 -1 8 -1 8 -1 #SUP: 397
18 -1 8 -1 8 -1 3 -1 #SUP: 63
18 -1 8 -1 8 -1 3 -1 8 -1 #SUP: 37
18 -1 8 -1 8 -1 8 -1 #SUP: 216
18 -1 8 -1 8 -1 8 -1 8 -1 #SUP: 108
18 -1 8 -1 8 -1 8 -1 8 -1 8 -1 #SUP: 47
18 -1 8 -1 8 -1 8 -1 8 -1 14 -1 #SUP: 37
18 -1 8 -1 8 -1 8 -1 8 -1 18 -1 #SUP: 55
18 -1 8 -1 8 -1 8 -1 8 -1 18 -1 8 -1 #SUP: 32
18 -1 8 -1 8 -1 8 -1 14 -1 #SUP: 79
18 -1 8 -1 8 -1 8 -1 14 -1 8 -1 #SUP: 44
18 -1 8 -1 8 -1 8 -1 14 -1 18 -1 #SUP: 45
18 -1 8 -1 8 -1 8 -1 17 -1 #SUP: 44
18 -1 8 -1 8 -1 8 -1 18 -1 #SUP: 135
18 -1 8 -1 8 -1 8 -1 18 -1 8 -1 #SUP: 67
18 -1 8 -1 8 -1 8 -1 18 -1 8 -1 18 -1 #SUP: 34
18 -1 8 -1 8 -1 8 -1 18 -1 14 -1 #SUP: 52
18 -1 8 -1 8 -1 8 -1 18 -1 18 -1 #SUP: 54
18 -1 8 -1 8 -1 8 -1 18 -1 21 -1 #SUP: 31
18 -1 8 -1 8 -1 8 -1 18 -1 71 -1 #SUP: 35
18 -1 8 -1 8 -1 8 -1 20 -1 #SUP: 31
18 -1 8 -1 8 -1 8 -1 21 -1 #SUP: 45
18 -1 8 -1 8 -1 8 -1 29 -1 #SUP: 40
18 -1 8 -1 8 -1 8 -1 71 -1 #SUP: 68
18 -1 8 -1 8 -1 8 -1 71 -1 8 -1 #SUP: 37
18 -1 8 -1 8 -1 8 -1 92 -1 #SUP: 33
18 -1 8 -1 8 -1 14 -1 #SUP: 166
18 -1 8 -1 8 -1 14 -1 8 -1 #SUP: 99
18 -1 8 -1 8 -1 14 -1 8 -1 8 -1 #SUP: 39
18 -1 8 -1 8 -1 14 -1 8 -1 14 -1 #SUP: 30
18 -1 8 -1 8 -1 14 -1 8 -1 18 -1 #SUP: 62
18 -1 8 -1 8 -1 14 -1 14 -1 #SUP: 53
18 -1 8 -1 8 -1 14 -1 14 -1 18 -1 #SUP: 33
18 -1 8 -1 8 -1 14 -1 17 -1 #SUP: 41
18 -1 8 -1 8 -1 14 -1 18 -1 #SUP: 100
18 -1 8 -1 8 -1 14 -1 18 -1 8 -1 #SUP: 51
18 -1 8 -1 8 -1 14 -1 18 -1 18 -1 #SUP: 41
18 -1 8 -1 8 -1 14 -1 21 -1 #SUP: 44
18 -1 8 -1 8 -1 14 -1 29 -1 #SUP: 44
18 -1 8 -1 8 -1 14 -1 71 -1 #SUP: 55
18 -1 8 -1 8 -1 14 -1 96 -1 #SUP: 31
18 -1 8 -1 8 -1 17 -1 #SUP: 91
18 -1 8 -1 8 -1 17 -1 8 -1 #SUP: 50
18 -1 8 -1 8 -1 17 -1 14 -1 #SUP: 31
18 -1 8 -1 8 -1 17 -1 18 -1 #SUP: 40
18 -1 8 -1 8 -1 18 -1 #SUP: 261
18 -1 8 -1 8 -1 18 -1 3 -1 #SUP: 36
18 -1 8 -1 8 -1 18 -1 8 -1 #SUP: 159
18 -1 8 -1 8 -1 18 -1 8 -1 8 -1 #SUP: 71
18 -1 8 -1 8 -1 18 -1 8 -1 8 -1 18 -1 #SUP: 38
18 -1 8 -1 8 -1 18 -1 8 -1 14 -1 #SUP: 56
18 -1 8 -1 8 -1 18 -1 8 -1 14 -1 18 -1 #SUP: 32
18 -1 8 -1 8 -1 18 -1 8 -1 18 -1 #SUP: 93
18 -1 8 -1 8 -1 18 -1 8 -1 18 -1 8 -1 #SUP: 42
18 -1 8 -1 8 -1 18 -1 8 -1 18 -1 14 -1 #SUP: 36
18 -1 8 -1 8 -1 18 -1 8 -1 18 -1 18 -1 #SUP: 39
18 -1 8 -1 8 -1 18 -1 8 -1 21 -1 #SUP: 34
18 -1 8 -1 8 -1 18 -1 8 -1 29 -1 #SUP: 31
18 -1 8 -1 8 -1 18 -1 8 -1 71 -1 #SUP: 50
18 -1 8 -1 8 -1 18 -1 14 -1 #SUP: 97
18 -1 8 -1 8 -1 18 -1 14 -1 8 -1 #SUP: 53
18 -1 8 -1 8 -1 18 -1 14 -1 8 -1 18 -1 #SUP: 34
18 -1 8 -1 8 -1 18 -1 14 -1 14 -1 #SUP: 30
18 -1 8 -1 8 -1 18 -1 14 -1 18 -1 #SUP: 59
18 -1 8 -1 8 -1 18 -1 14 -1 71 -1 #SUP: 34
18 -1 8 -1 8 -1 18 -1 17 -1 #SUP: 57
18 -1 8 -1 8 -1 18 -1 17 -1 8 -1 #SUP: 33
18 -1 8 -1 8 -1 18 -1 18 -1 #SUP: 120
18 -1 8 -1 8 -1 18 -1 18 -1 8 -1 #SUP: 57
18 -1 8 -1 8 -1 18 -1 18 -1 8 -1 18 -1 #SUP: 33
18 -1 8 -1 8 -1 18 -1 18 -1 14 -1 #SUP: 46
18 -1 8 -1 8 -1 18 -1 18 -1 18 -1 #SUP: 54
18 -1 8 -1 8 -1 18 -1 20 -1 #SUP: 38
18 -1 8 -1 8 -1 18 -1 21 -1 #SUP: 60
18 -1 8 -1 8 -1 18 -1 21 -1 8 -1 #SUP: 35
18 -1 8 -1 8 -1 18 -1 21 -1 18 -1 #SUP: 34
18 -1 8 -1 8 -1 18 -1 29 -1 #SUP: 57
18 -1 8 -1 8 -1 18 -1 29 -1 8 -1 #SUP: 31
18 -1 8 -1 8 -1 18 -1 290 -1 #SUP: 31
18 -1 8 -1 8 -1 18 -1 40 -1 #SUP: 44
18 -1 8 -1 8 -1 18 -1 318 -1 #SUP: 32
18 -1 8 -1 8 -1 18 -1 71 -1 #SUP: 83
18 -1 8 -1 8 -1 18 -1 71 -1 8 -1 #SUP: 41
18 -1 8 -1 8 -1 18 -1 71 -1 18 -1 #SUP: 32
18 -1 8 -1 8 -1 18 -1 92 -1 #SUP: 40
18 -1 8 -1 8 -1 18 -1 96 -1 #SUP: 37
18 -1 8 -1 8 -1 18 -1 122 -1 #SUP: 30
18 -1 8 -1 8 -1 18 -1 206 -1 #SUP: 35
18 -1 8 -1 8 -1 18 -1 227 -1 #SUP: 37
18 -1 8 -1 8 -1 20 -1 #SUP: 53
18 -1 8 -1 8 -1 21 -1 #SUP: 89
18 -1 8 -1 8 -1 21 -1 8 -1 #SUP: 58
18 -1 8 -1 8 -1 21 -1 8 -1 8 -1 #SUP: 37
18 -1 8 -1 8 -1 21 -1 8 -1 18 -1 #SUP: 40
18 -1 8 -1 8 -1 21 -1 14 -1 #SUP: 36
18 -1 8 -1 8 -1 21 -1 18 -1 #SUP: 49
18 -1 8 -1 8 -1 21 -1 18 -1 8 -1 #SUP: 30
18 -1 8 -1 8 -1 23 -1 #SUP: 43
18 -1 8 -1 8 -1 29 -1 #SUP: 90
18 -1 8 -1 8 -1 29 -1 8 -1 #SUP: 49
18 -1 8 -1 8 -1 29 -1 14 -1 #SUP: 30
18 -1 8 -1 8 -1 29 -1 17 -1 #SUP: 32
18 -1 8 -1 8 -1 29 -1 18 -1 #SUP: 44
18 -1 8 -1 8 -1 29 -1 71 -1 #SUP: 32
18 -1 8 -1 8 -1 30 -1 #SUP: 44
18 -1 8 -1 8 -1 290 -1 #SUP: 55
18 -1 8 -1 8 -1 290 -1 8 -1 #SUP: 30
18 -1 8 -1 8 -1 292 -1 #SUP: 37
18 -1 8 -1 8 -1 39 -1 #SUP: 42
18 -1 8 -1 8 -1 40 -1 #SUP: 65
18 -1 8 -1 8 -1 40 -1 8 -1 #SUP: 36
18 -1 8 -1 8 -1 40 -1 18 -1 #SUP: 37
18 -1 8 -1 8 -1 52 -1 #SUP: 32
18 -1 8 -1 8 -1 54 -1 #SUP: 32
18 -1 8 -1 8 -1 318 -1 #SUP: 39
18 -1 8 -1 8 -1 71 -1 #SUP: 130
18 -1 8 -1 8 -1 71 -1 8 -1 #SUP: 72
18 -1 8 -1 8 -1 71 -1 8 -1 8 -1 #SUP: 33
18 -1 8 -1 8 -1 71 -1 8 -1 18 -1 #SUP: 39
18 -1 8 -1 8 -1 71 -1 14 -1 #SUP: 46
18 -1 8 -1 8 -1 71 -1 18 -1 #SUP: 51
18 -1 8 -1 8 -1 71 -1 18 -1 8 -1 #SUP: 32
18 -1 8 -1 8 -1 71 -1 29 -1 #SUP: 30
18 -1 8 -1 8 -1 71 -1 71 -1 #SUP: 40
18 -1 8 -1 8 -1 92 -1 #SUP: 76
18 -1 8 -1 8 -1 92 -1 8 -1 #SUP: 44
18 -1 8 -1 8 -1 92 -1 18 -1 #SUP: 39
18 -1 8 -1 8 -1 96 -1 #SUP: 63
18 -1 8 -1 8 -1 96 -1 8 -1 #SUP: 36
18 -1 8 -1 8 -1 96 -1 18 -1 #SUP: 32
18 -1 8 -1 8 -1 122 -1 #SUP: 34
18 -1 8 -1 8 -1 124 -1 #SUP: 46
18 -1 8 -1 8 -1 126 -1 #SUP: 31
18 -1 8 -1 8 -1 206 -1 #SUP: 42
18 -1 8 -1 8 -1 219 -1 #SUP: 34
18 -1 8 -1 8 -1 224 -1 #SUP: 35
18 -1 8 -1 8 -1 227 -1 #SUP: 42
18 -1 8 -1 265 -1 #SUP: 54
18 -1 8 -1 14 -1 #SUP: 329
18 -1 8 -1 14 -1 3 -1 #SUP: 57
18 -1 8 -1 14 -1 3 -1 18 -1 #SUP: 32
18 -1 8 -1 14 -1 8 -1 #SUP: 193
18 -1 8 -1 14 -1 8 -1 8 -1 #SUP: 90
18 -1 8 -1 14 -1 8 -1 8 -1 8 -1 #SUP: 42
18 -1 8 -1 14 -1 8 -1 8 -1 14 -1 #SUP: 38
18 -1 8 -1 14 -1 8 -1 8 -1 18 -1 #SUP: 57
18 -1 8 -1 14 -1 8 -1 14 -1 #SUP: 70
18 -1 8 -1 14 -1 8 -1 14 -1 8 -1 #SUP: 37
18 -1 8 -1 14 -1 8 -1 14 -1 18 -1 #SUP: 47
18 -1 8 -1 14 -1 8 -1 17 -1 #SUP: 45
18 -1 8 -1 14 -1 8 -1 18 -1 #SUP: 131
18 -1 8 -1 14 -1 8 -1 18 -1 8 -1 #SUP: 67
18 -1 8 -1 14 -1 8 -1 18 -1 8 -1 18 -1 #SUP: 40
18 -1 8 -1 14 -1 8 -1 18 -1 14 -1 #SUP: 46
18 -1 8 -1 14 -1 8 -1 18 -1 18 -1 #SUP: 57
18 -1 8 -1 14 -1 8 -1 18 -1 71 -1 #SUP: 35
18 -1 8 -1 14 -1 8 -1 21 -1 #SUP: 36
18 -1 8 -1 14 -1 8 -1 29 -1 #SUP: 36
18 -1 8 -1 14 -1 8 -1 71 -1 #SUP: 57
18 -1 8 -1 14 -1 8 -1 92 -1 #SUP: 31
18 -1 8 -1 14 -1 8 -1 96 -1 #SUP: 30
18 -1 8 -1 14 -1 14 -1 #SUP: 121
18 -1 8 -1 14 -1 14 -1 8 -1 #SUP: 62
18 -1 8 -1 14 -1 14 -1 8 -1 8 -1 #SUP: 33
18 -1 8 -1 14 -1 14 -1 8 -1 18 -1 #SUP: 46
18 -1 8 -1 14 -1 14 -1 14 -1 #SUP: 48
18 -1 8 -1 14 -1 14 -1 17 -1 #SUP: 34
18 -1 8 -1 14 -1 14 -1 18 -1 #SUP: 70
18 -1 8 -1 14 -1 14 -1 18 -1 8 -1 #SUP: 31
18 -1 8 -1 14 -1 14 -1 18 -1 18 -1 #SUP: 33
18 -1 8 -1 14 -1 14 -1 29 -1 #SUP: 33
18 -1 8 -1 14 -1 14 -1 71 -1 #SUP: 36
18 -1 8 -1 14 -1 17 -1 #SUP: 84
18 -1 8 -1 14 -1 17 -1 8 -1 #SUP: 42
18 -1 8 -1 14 -1 17 -1 14 -1 #SUP: 32
18 -1 8 -1 14 -1 17 -1 18 -1 #SUP: 39
18 -1 8 -1 14 -1 18 -1 #SUP: 195
18 -1 8 -1 14 -1 18 -1 3 -1 #SUP: 31
18 -1 8 -1 14 -1 18 -1 8 -1 #SUP: 106
18 -1 8 -1 14 -1 18 -1 8 -1 8 -1 #SUP: 40
18 -1 8 -1 14 -1 18 -1 8 -1 14 -1 #SUP: 37
18 -1 8 -1 14 -1 18 -1 8 -1 18 -1 #SUP: 63
18 -1 8 -1 14 -1 18 -1 14 -1 #SUP: 69
18 -1 8 -1 14 -1 18 -1 14 -1 8 -1 #SUP: 34
18 -1 8 -1 14 -1 18 -1 14 -1 18 -1 #SUP: 42
18 -1 8 -1 14 -1 18 -1 17 -1 #SUP: 38
18 -1 8 -1 14 -1 18 -1 18 -1 #SUP: 86
18 -1 8 -1 14 -1 18 -1 18 -1 8 -1 #SUP: 32
18 -1 8 -1 14 -1 18 -1 18 -1 14 -1 #SUP: 32
18 -1 8 -1 14 -1 18 -1 18 -1 18 -1 #SUP: 33
18 -1 8 -1 14 -1 18 -1 21 -1 #SUP: 43
18 -1 8 -1 14 -1 18 -1 29 -1 #SUP: 40
18 -1 8 -1 14 -1 18 -1 40 -1 #SUP: 30
18 -1 8 -1 14 -1 18 -1 71 -1 #SUP: 55
18 -1 8 -1 14 -1 18 -1 92 -1 #SUP: 34
18 -1 8 -1 14 -1 20 -1 #SUP: 52
18 -1 8 -1 14 -1 21 -1 #SUP: 88
18 -1 8 -1 14 -1 21 -1 8 -1 #SUP: 56
18 -1 8 -1 14 -1 21 -1 8 -1 8 -1 #SUP: 32
18 -1 8 -1 14 -1 21 -1 8 -1 18 -1 #SUP: 39
18 -1 8 -1 14 -1 21 -1 14 -1 #SUP: 35
18 -1 8 -1 14 -1 21 -1 18 -1 #SUP: 47
18 -1 8 -1 14 -1 23 -1 #SUP: 38
18 -1 8 -1 14 -1 29 -1 #SUP: 83
18 -1 8 -1 14 -1 29 -1 8 -1 #SUP: 46
18 -1 8 -1 14 -1 29 -1 17 -1 #SUP: 35
18 -1 8 -1 14 -1 29 -1 18 -1 #SUP: 45
18 -1 8 -1 14 -1 29 -1 71 -1 #SUP: 34
18 -1 8 -1 14 -1 30 -1 #SUP: 41
18 -1 8 -1 14 -1 290 -1 #SUP: 50
18 -1 8 -1 14 -1 292 -1 #SUP: 38
18 -1 8 -1 14 -1 39 -1 #SUP: 40
18 -1 8 -1 14 -1 40 -1 #SUP: 55
18 -1 8 -1 14 -1 40 -1 18 -1 #SUP: 33
18 -1 8 -1 14 -1 52 -1 #SUP: 40
18 -1 8 -1 14 -1 318 -1 #SUP: 38
18 -1 8 -1 14 -1 71 -1 #SUP: 111
18 -1 8 -1 14 -1 71 -1 8 -1 #SUP: 60
18 -1 8 -1 14 -1 71 -1 8 -1 8 -1 #SUP: 32
18 -1 8 -1 14 -1 71 -1 8 -1 18 -1 #SUP: 39
18 -1 8 -1 14 -1 71 -1 14 -1 #SUP: 46
18 -1 8 -1 14 -1 71 -1 18 -1 #SUP: 51
18 -1 8 -1 14 -1 71 -1 71 -1 #SUP: 44
18 -1 8 -1 14 -1 92 -1 #SUP: 57
18 -1 8 -1 14 -1 92 -1 18 -1 #SUP: 32
18 -1 8 -1 14 -1 96 -1 #SUP: 53
18 -1 8 -1 14 -1 96 -1 8 -1 #SUP: 32
18 -1 8 -1 14 -1 96 -1 18 -1 #SUP: 30
18 -1 8 -1 14 -1 103 -1 #SUP: 35
18 -1 8 -1 14 -1 124 -1 #SUP: 35
18 -1 8 -1 14 -1 206 -1 #SUP: 33
18 -1 8 -1 14 -1 224 -1 #SUP: 30
18 -1 8 -1 14 -1 227 -1 #SUP: 45
18 -1 8 -1 17 -1 #SUP: 215
18 -1 8 -1 17 -1 3 -1 #SUP: 44
18 -1 8 -1 17 -1 8 -1 #SUP: 115
18 -1 8 -1 17 -1 8 -1 8 -1 #SUP: 47
18 -1 8 -1 17 -1 8 -1 14 -1 #SUP: 40
18 -1 8 -1 17 -1 8 -1 18 -1 #SUP: 69
18 -1 8 -1 17 -1 8 -1 18 -1 8 -1 #SUP: 32
18 -1 8 -1 17 -1 14 -1 #SUP: 87
18 -1 8 -1 17 -1 14 -1 8 -1 #SUP: 41
18 -1 8 -1 17 -1 14 -1 8 -1 18 -1 #SUP: 31
18 -1 8 -1 17 -1 14 -1 18 -1 #SUP: 49
18 -1 8 -1 17 -1 17 -1 #SUP: 54
18 -1 8 -1 17 -1 18 -1 #SUP: 101
18 -1 8 -1 17 -1 18 -1 8 -1 #SUP: 49
18 -1 8 -1 17 -1 18 -1 8 -1 18 -1 #SUP: 32
18 -1 8 -1 17 -1 18 -1 14 -1 #SUP: 36
18 -1 8 -1 17 -1 18 -1 18 -1 #SUP: 44
18 -1 8 -1 17 -1 20 -1 #SUP: 30
18 -1 8 -1 17 -1 21 -1 #SUP: 49
18 -1 8 -1 17 -1 21 -1 8 -1 #SUP: 34
18 -1 8 -1 17 -1 29 -1 #SUP: 51
18 -1 8 -1 17 -1 39 -1 #SUP: 34
18 -1 8 -1 17 -1 40 -1 #SUP: 46
18 -1 8 -1 17 -1 52 -1 #SUP: 34
18 -1 8 -1 17 -1 71 -1 #SUP: 68
18 -1 8 -1 17 -1 71 -1 8 -1 #SUP: 42
18 -1 8 -1 17 -1 71 -1 18 -1 #SUP: 32
18 -1 8 -1 17 -1 92 -1 #SUP: 42
18 -1 8 -1 17 -1 96 -1 #SUP: 40
18 -1 8 -1 18 -1 #SUP: 489
18 -1 8 -1 18 -1 3 -1 #SUP: 80
18 -1 8 -1 18 -1 3 -1 8 -1 #SUP: 46
18 -1 8 -1 18 -1 3 -1 8 -1 18 -1 #SUP: 32
18 -1 8 -1 18 -1 3 -1 18 -1 #SUP: 41
18 -1 8 -1 18 -1 8 -1 #SUP: 279
18 -1 8 -1 18 -1 8 -1 3 -1 #SUP: 48
18 -1 8 -1 18 -1 8 -1 8 -1 #SUP: 141
18 -1 8 -1 18 -1 8 -1 8 -1 8 -1 #SUP: 69
18 -1 8 -1 18 -1 8 -1 8 -1 8 -1 18 -1 #SUP: 42
18 -1 8 -1 18 -1 8 -1 8 -1 14 -1 #SUP: 60
18 -1 8 -1 18 -1 8 -1 8 -1 14 -1 8 -1 #SUP: 35
18 -1 8 -1 18 -1 8 -1 8 -1 14 -1 18 -1 #SUP: 32
18 -1 8 -1 18 -1 8 -1 8 -1 18 -1 #SUP: 92
18 -1 8 -1 18 -1 8 -1 8 -1 18 -1 8 -1 #SUP: 49
18 -1 8 -1 18 -1 8 -1 8 -1 18 -1 14 -1 #SUP: 37
18 -1 8 -1 18 -1 8 -1 8 -1 18 -1 18 -1 #SUP: 39
18 -1 8 -1 18 -1 8 -1 8 -1 71 -1 #SUP: 43
18 -1 8 -1 18 -1 8 -1 14 -1 #SUP: 108
18 -1 8 -1 18 -1 8 -1 14 -1 8 -1 #SUP: 67
18 -1 8 -1 18 -1 8 -1 14 -1 8 -1 18 -1 #SUP: 42
18 -1 8 -1 18 -1 8 -1 14 -1 14 -1 #SUP: 33
18 -1 8 -1 18 -1 8 -1 14 -1 18 -1 #SUP: 62
18 -1 8 -1 18 -1 8 -1 14 -1 18 -1 8 -1 #SUP: 35
18 -1 8 -1 18 -1 8 -1 14 -1 18 -1 18 -1 #SUP: 32
18 -1 8 -1 18 -1 8 -1 14 -1 71 -1 #SUP: 41
18 -1 8 -1 18 -1 8 -1 17 -1 #SUP: 56
18 -1 8 -1 18 -1 8 -1 18 -1 #SUP: 169
18 -1 8 -1 18 -1 8 -1 18 -1 8 -1 #SUP: 95
18 -1 8 -1 18 -1 8 -1 18 -1 8 -1 8 -1 #SUP: 43
18 -1 8 -1 18 -1 8 -1 18 -1 8 -1 14 -1 #SUP: 39
18 -1 8 -1 18 -1 8 -1 18 -1 8 -1 18 -1 #SUP: 61
18 -1 8 -1 18 -1 8 -1 18 -1 8 -1 18 -1 8 -1 #SUP: 32
18 -1 8 -1 18 -1 8 -1 18 -1 8 -1 18 -1 18 -1 #SUP: 31
18 -1 8 -1 18 -1 8 -1 18 -1 14 -1 #SUP: 69
18 -1 8 -1 18 -1 8 -1 18 -1 14 -1 8 -1 #SUP: 38
18 -1 8 -1 18 -1 8 -1 18 -1 14 -1 18 -1 #SUP: 41
18 -1 8 -1 18 -1 8 -1 18 -1 17 -1 #SUP: 32
18 -1 8 -1 18 -1 8 -1 18 -1 18 -1 #SUP: 77
18 -1 8 -1 18 -1 8 -1 18 -1 18 -1 8 -1 #SUP: 40
18 -1 8 -1 18 -1 8 -1 18 -1 18 -1 14 -1 #SUP: 30
18 -1 8 -1 18 -1 8 -1 18 -1 18 -1 18 -1 #SUP: 43
18 -1 8 -1 18 -1 8 -1 18 -1 21 -1 #SUP: 37
18 -1 8 -1 18 -1 8 -1 18 -1 29 -1 #SUP: 36
18 -1 8 -1 18 -1 8 -1 18 -1 71 -1 #SUP: 55
18 -1 8 -1 18 -1 8 -1 20 -1 #SUP: 40
18 -1 8 -1 18 -1 8 -1 21 -1 #SUP: 57
18 -1 8 -1 18 -1 8 -1 21 -1 8 -1 #SUP: 36
18 -1 8 -1 18 -1 8 -1 21 -1 18 -1 #SUP: 34
18 -1 8 -1 18 -1 8 -1 29 -1 #SUP: 62
18 -1 8 -1 18 -1 8 -1 29 -1 8 -1 #SUP: 34
18 -1 8 -1 18 -1 8 -1 29 -1 18 -1 #SUP: 31
18 -1 8 -1 18 -1 8 -1 290 -1 #SUP: 39
18 -1 8 -1 18 -1 8 -1 40 -1 #SUP: 40
18 -1 8 -1 18 -1 8 -1 71 -1 #SUP: 98
18 -1 8 -1 18 -1 8 -1 71 -1 8 -1 #SUP: 49
18 -1 8 -1 18 -1 8 -1 71 -1 14 -1 #SUP: 34
18 -1 8 -1 18 -1 8 -1 71 -1 18 -1 #SUP: 39
18 -1 8 -1 18 -1 8 -1 92 -1 #SUP: 48
18 -1 8 -1 18 -1 8 -1 96 -1 #SUP: 39
18 -1 8 -1 18 -1 8 -1 124 -1 #SUP: 36
18 -1 8 -1 18 -1 265 -1 #SUP: 36
18 -1 8 -1 18 -1 14 -1 #SUP: 188
18 -1 8 -1 18 -1 14 -1 3 -1 #SUP: 31
18 -1 8 -1 18 -1 14 -1 8 -1 #SUP: 110
18 -1 8 -1 18 -1 14 -1 8 -1 8 -1 #SUP: 47
18 -1 8 -1 18 -1 14 -1 8 -1 8 -1 18 -1 #SUP: 31
18 -1 8 -1 18 -1 14 -1 8 -1 14 -1 #SUP: 44
18 -1 8 -1 18 -1 14 -1 8 -1 18 -1 #SUP: 77
18 -1 8 -1 18 -1 14 -1 8 -1 18 -1 8 -1 #SUP: 35
18 -1 8 -1 18 -1 14 -1 8 -1 18 -1 14 -1 #SUP: 32
18 -1 8 -1 18 -1 14 -1 8 -1 18 -1 18 -1 #SUP: 33
18 -1 8 -1 18 -1 14 -1 8 -1 71 -1 #SUP: 33
18 -1 8 -1 18 -1 14 -1 14 -1 #SUP: 68
18 -1 8 -1 18 -1 14 -1 14 -1 8 -1 #SUP: 37
18 -1 8 -1 18 -1 14 -1 14 -1 18 -1 #SUP: 39
18 -1 8 -1 18 -1 14 -1 17 -1 #SUP: 47
18 -1 8 -1 18 -1 14 -1 18 -1 #SUP: 112
18 -1 8 -1 18 -1 14 -1 18 -1 8 -1 #SUP: 57
18 -1 8 -1 18 -1 14 -1 18 -1 8 -1 18 -1 #SUP: 40
18 -1 8 -1 18 -1 14 -1 18 -1 14 -1 #SUP: 42
18 -1 8 -1 18 -1 14 -1 18 -1 18 -1 #SUP: 52
18 -1 8 -1 18 -1 14 -1 18 -1 71 -1 #SUP: 34
18 -1 8 -1 18 -1 14 -1 20 -1 #SUP: 31
18 -1 8 -1 18 -1 14 -1 21 -1 #SUP: 43
18 -1 8 -1 18 -1 14 -1 29 -1 #SUP: 51
18 -1 8 -1 18 -1 14 -1 40 -1 #SUP: 35
18 -1 8 -1 18 -1 14 -1 71 -1 #SUP: 65
18 -1 8 -1 18 -1 14 -1 96 -1 #SUP: 34
18 -1 8 -1 18 -1 17 -1 #SUP: 124
18 -1 8 -1 18 -1 17 -1 8 -1 #SUP: 65
18 -1 8 -1 18 -1 17 -1 8 -1 18 -1 #SUP: 40
18 -1 8 -1 18 -1 17 -1 14 -1 #SUP: 43
18 -1 8 -1 18 -1 17 -1 18 -1 #SUP: 58
18 -1 8 -1 18 -1 17 -1 21 -1 #SUP: 31
18 -1 8 -1 18 -1 17 -1 29 -1 #SUP: 32
18 -1 8 -1 18 -1 17 -1 71 -1 #SUP: 39
18 -1 8 -1 18 -1 18 -1 #SUP: 228
18 -1 8 -1 18 -1 18 -1 3 -1 #SUP: 33
18 -1 8 -1 18 -1 18 -1 8 -1 #SUP: 118
18 -1 8 -1 18 -1 18 -1 8 -1 8 -1 #SUP: 60
18 -1 8 -1 18 -1 18 -1 8 -1 8 -1 8 -1 #SUP: 31
18 -1 8 -1 18 -1 18 -1 8 -1 8 -1 18 -1 #SUP: 43
18 -1 8 -1 18 -1 18 -1 8 -1 14 -1 #SUP: 53
18 -1 8 -1 18 -1 18 -1 8 -1 18 -1 #SUP: 75
18 -1 8 -1 18 -1 18 -1 8 -1 18 -1 8 -1 #SUP: 41
18 -1 8 -1 18 -1 18 -1 8 -1 18 -1 8 -1 18 -1 #SUP: 30
18 -1 8 -1 18 -1 18 -1 8 -1 18 -1 14 -1 #SUP: 33
18 -1 8 -1 18 -1 18 -1 8 -1 18 -1 18 -1 #SUP: 39
18 -1 8 -1 18 -1 18 -1 8 -1 71 -1 #SUP: 40
18 -1 8 -1 18 -1 18 -1 14 -1 #SUP: 94
18 -1 8 -1 18 -1 18 -1 14 -1 8 -1 #SUP: 54
18 -1 8 -1 18 -1 18 -1 14 -1 8 -1 18 -1 #SUP: 35
18 -1 8 -1 18 -1 18 -1 14 -1 18 -1 #SUP: 56
18 -1 8 -1 18 -1 18 -1 14 -1 18 -1 8 -1 #SUP: 30
18 -1 8 -1 18 -1 18 -1 14 -1 71 -1 #SUP: 39
18 -1 8 -1 18 -1 18 -1 17 -1 #SUP: 45
18 -1 8 -1 18 -1 18 -1 18 -1 #SUP: 100
18 -1 8 -1 18 -1 18 -1 18 -1 8 -1 #SUP: 52
18 -1 8 -1 18 -1 18 -1 18 -1 8 -1 18 -1 #SUP: 38
18 -1 8 -1 18 -1 18 -1 18 -1 14 -1 #SUP: 42
18 -1 8 -1 18 -1 18 -1 18 -1 18 -1 #SUP: 54
18 -1 8 -1 18 -1 18 -1 18 -1 18 -1 8 -1 #SUP: 31
18 -1 8 -1 18 -1 18 -1 18 -1 71 -1 #SUP: 31
18 -1 8 -1 18 -1 18 -1 20 -1 #SUP: 35
18 -1 8 -1 18 -1 18 -1 21 -1 #SUP: 51
18 -1 8 -1 18 -1 18 -1 21 -1 8 -1 #SUP: 32
18 -1 8 -1 18 -1 18 -1 21 -1 18 -1 #SUP: 30
18 -1 8 -1 18 -1 18 -1 29 -1 #SUP: 51
18 -1 8 -1 18 -1 18 -1 290 -1 #SUP: 31
18 -1 8 -1 18 -1 18 -1 40 -1 #SUP: 41
18 -1 8 -1 18 -1 18 -1 71 -1 #SUP: 76
18 -1 8 -1 18 -1 18 -1 71 -1 8 -1 #SUP: 39
18 -1 8 -1 18 -1 18 -1 71 -1 14 -1 #SUP: 31
18 -1 8 -1 18 -1 18 -1 71 -1 18 -1 #SUP: 35
18 -1 8 -1 18 -1 18 -1 92 -1 #SUP: 40
18 -1 8 -1 18 -1 18 -1 96 -1 #SUP: 34
18 -1 8 -1 18 -1 18 -1 227 -1 #SUP: 35
18 -1 8 -1 18 -1 19 -1 #SUP: 39
18 -1 8 -1 18 -1 20 -1 #SUP: 75
18 -1 8 -1 18 -1 20 -1 8 -1 #SUP: 37
18 -1 8 -1 18 -1 20 -1 18 -1 #SUP: 32
18 -1 8 -1 18 -1 21 -1 #SUP: 117
18 -1 8 -1 18 -1 21 -1 8 -1 #SUP: 70
18 -1 8 -1 18 -1 21 -1 8 -1 8 -1 #SUP: 44
18 -1 8 -1 18 -1 21 -1 8 -1 14 -1 #SUP: 30
18 -1 8 -1 18 -1 21 -1 8 -1 18 -1 #SUP: 49
18 -1 8 -1 18 -1 21 -1 14 -1 #SUP: 49
18 -1 8 -1 18 -1 21 -1 18 -1 #SUP: 62
18 -1 8 -1 18 -1 21 -1 18 -1 8 -1 #SUP: 35
18 -1 8 -1 18 -1 21 -1 18 -1 18 -1 #SUP: 32
18 -1 8 -1 18 -1 21 -1 21 -1 #SUP: 32
18 -1 8 -1 18 -1 21 -1 71 -1 #SUP: 36
18 -1 8 -1 18 -1 23 -1 #SUP: 49
18 -1 8 -1 18 -1 25 -1 #SUP: 30
18 -1 8 -1 18 -1 29 -1 #SUP: 122
18 -1 8 -1 18 -1 29 -1 8 -1 #SUP: 62
18 -1 8 -1 18 -1 29 -1 8 -1 18 -1 #SUP: 35
18 -1 8 -1 18 -1 29 -1 14 -1 #SUP: 39
18 -1 8 -1 18 -1 29 -1 17 -1 #SUP: 47
18 -1 8 -1 18 -1 29 -1 18 -1 #SUP: 56
18 -1 8 -1 18 -1 29 -1 18 -1 8 -1 #SUP: 30
18 -1 8 -1 18 -1 29 -1 18 -1 18 -1 #SUP: 30
18 -1 8 -1 18 -1 29 -1 21 -1 #SUP: 33
18 -1 8 -1 18 -1 29 -1 29 -1 #SUP: 32
18 -1 8 -1 18 -1 29 -1 71 -1 #SUP: 47
18 -1 8 -1 18 -1 30 -1 #SUP: 64
18 -1 8 -1 18 -1 30 -1 8 -1 #SUP: 30
18 -1 8 -1 18 -1 290 -1 #SUP: 70
18 -1 8 -1 18 -1 290 -1 8 -1 #SUP: 31
18 -1 8 -1 18 -1 290 -1 18 -1 #SUP: 30
18 -1 8 -1 18 -1 292 -1 #SUP: 40
18 -1 8 -1 18 -1 39 -1 #SUP: 55
18 -1 8 -1 18 -1 39 -1 18 -1 #SUP: 32
18 -1 8 -1 18 -1 40 -1 #SUP: 94
18 -1 8 -1 18 -1 40 -1 8 -1 #SUP: 46
18 -1 8 -1 18 -1 40 -1 8 -1 18 -1 #SUP: 31
18 -1 8 -1 18 -1 40 -1 14 -1 #SUP: 37
18 -1 8 -1 18 -1 40 -1 18 -1 #SUP: 50
18 -1 8 -1 18 -1 40 -1 71 -1 #SUP: 30
18 -1 8 -1 18 -1 307 -1 #SUP: 32
18 -1 8 -1 18 -1 52 -1 #SUP: 47
18 -1 8 -1 18 -1 54 -1 #SUP: 41
18 -1 8 -1 18 -1 318 -1 #SUP: 57
18 -1 8 -1 18 -1 63 -1 #SUP: 32
18 -1 8 -1 18 -1 71 -1 #SUP: 161
18 -1 8 -1 18 -1 71 -1 8 -1 #SUP: 81
18 -1 8 -1 18 -1 71 -1 8 -1 8 -1 #SUP: 34
18 -1 8 -1 18 -1 71 -1 8 -1 14 -1 #SUP: 31
18 -1 8 -1 18 -1 71 -1 8 -1 18 -1 #SUP: 52
18 -1 8 -1 18 -1 71 -1 14 -1 #SUP: 59
18 -1 8 -1 18 -1 71 -1 14 -1 8 -1 #SUP: 33
18 -1 8 -1 18 -1 71 -1 14 -1 18 -1 #SUP: 31
18 -1 8 -1 18 -1 71 -1 17 -1 #SUP: 32
18 -1 8 -1 18 -1 71 -1 18 -1 #SUP: 71
18 -1 8 -1 18 -1 71 -1 18 -1 8 -1 #SUP: 37
18 -1 8 -1 18 -1 71 -1 18 -1 18 -1 #SUP: 30
18 -1 8 -1 18 -1 71 -1 18 -1 71 -1 #SUP: 30
18 -1 8 -1 18 -1 71 -1 21 -1 #SUP: 31
18 -1 8 -1 18 -1 71 -1 29 -1 #SUP: 40
18 -1 8 -1 18 -1 71 -1 290 -1 #SUP: 37
18 -1 8 -1 18 -1 71 -1 71 -1 #SUP: 61
18 -1 8 -1 18 -1 71 -1 92 -1 #SUP: 31
18 -1 8 -1 18 -1 92 -1 #SUP: 93
18 -1 8 -1 18 -1 92 -1 8 -1 #SUP: 43
18 -1 8 -1 18 -1 92 -1 18 -1 #SUP: 50
18 -1 8 -1 18 -1 92 -1 71 -1 #SUP: 33
18 -1 8 -1 18 -1 96 -1 #SUP: 86
18 -1 8 -1 18 -1 96 -1 8 -1 #SUP: 52
18 -1 8 -1 18 -1 96 -1 8 -1 18 -1 #SUP: 33
18 -1 8 -1 18 -1 96 -1 14 -1 #SUP: 36
18 -1 8 -1 18 -1 96 -1 17 -1 #SUP: 33
18 -1 8 -1 18 -1 96 -1 18 -1 #SUP: 49
18 -1 8 -1 18 -1 96 -1 71 -1 #SUP: 31
18 -1 8 -1 18 -1 103 -1 #SUP: 36
18 -1 8 -1 18 -1 122 -1 #SUP: 56
18 -1 8 -1 18 -1 124 -1 #SUP: 53
18 -1 8 -1 18 -1 124 -1 8 -1 #SUP: 31
18 -1 8 -1 18 -1 174 -1 #SUP: 32
18 -1 8 -1 18 -1 206 -1 #SUP: 58
18 -1 8 -1 18 -1 206 -1 18 -1 #SUP: 31
18 -1 8 -1 18 -1 219 -1 #SUP: 52
18 -1 8 -1 18 -1 224 -1 #SUP: 51
18 -1 8 -1 18 -1 225 -1 #SUP: 30
18 -1 8 -1 18 -1 227 -1 #SUP: 63
18 -1 8 -1 19 -1 #SUP: 61
18 -1 8 -1 19 -1 8 -1 #SUP: 30
18 -1 8 -1 19 -1 18 -1 #SUP: 30
18 -1 8 -1 20 -1 #SUP: 116
18 -1 8 -1 20 -1 8 -1 #SUP: 60
18 -1 8 -1 20 -1 8 -1 18 -1 #SUP: 33
18 -1 8 -1 20 -1 14 -1 #SUP: 47
18 -1 8 -1 20 -1 18 -1 #SUP: 51
18 -1 8 -1 20 -1 21 -1 #SUP: 34
18 -1 8 -1 20 -1 40 -1 #SUP: 30
18 -1 8 -1 20 -1 71 -1 #SUP: 39
18 -1 8 -1 21 -1 #SUP: 196
18 -1 8 -1 21 -1 3 -1 #SUP: 32
18 -1 8 -1 21 -1 8 -1 #SUP: 131
18 -1 8 -1 21 -1 8 -1 8 -1 #SUP: 73
18 -1 8 -1 21 -1 8 -1 8 -1 18 -1 #SUP: 43
18 -1 8 -1 21 -1 8 -1 14 -1 #SUP: 46
18 -1 8 -1 21 -1 8 -1 14 -1 8 -1 #SUP: 30
18 -1 8 -1 21 -1 8 -1 18 -1 #SUP: 89
18 -1 8 -1 21 -1 8 -1 18 -1 8 -1 #SUP: 52
18 -1 8 -1 21 -1 8 -1 18 -1 8 -1 18 -1 #SUP: 31
18 -1 8 -1 21 -1 8 -1 18 -1 18 -1 #SUP: 41
18 -1 8 -1 21 -1 8 -1 71 -1 #SUP: 31
18 -1 8 -1 21 -1 14 -1 #SUP: 76
18 -1 8 -1 21 -1 14 -1 8 -1 #SUP: 46
18 -1 8 -1 21 -1 14 -1 8 -1 18 -1 #SUP: 37
18 -1 8 -1 21 -1 14 -1 18 -1 #SUP: 47
18 -1 8 -1 21 -1 17 -1 #SUP: 44
18 -1 8 -1 21 -1 18 -1 #SUP: 108
18 -1 8 -1 21 -1 18 -1 8 -1 #SUP: 62
18 -1 8 -1 21 -1 18 -1 8 -1 18 -1 #SUP: 38
18 -1 8 -1 21 -1 18 -1 14 -1 #SUP: 37
18 -1 8 -1 21 -1 18 -1 18 -1 #SUP: 49
18 -1 8 -1 21 -1 20 -1 #SUP: 30
18 -1 8 -1 21 -1 21 -1 #SUP: 52
18 -1 8 -1 21 -1 29 -1 #SUP: 40
18 -1 8 -1 21 -1 40 -1 #SUP: 35
18 -1 8 -1 21 -1 71 -1 #SUP: 57
18 -1 8 -1 21 -1 71 -1 8 -1 #SUP: 31
18 -1 8 -1 21 -1 92 -1 #SUP: 41
18 -1 8 -1 23 -1 #SUP: 72
18 -1 8 -1 23 -1 18 -1 #SUP: 38
18 -1 8 -1 25 -1 #SUP: 42
18 -1 8 -1 29 -1 #SUP: 190
18 -1 8 -1 29 -1 3 -1 #SUP: 40
18 -1 8 -1 29 -1 8 -1 #SUP: 103
18 -1 8 -1 29 -1 8 -1 8 -1 #SUP: 49
18 -1 8 -1 29 -1 8 -1 8 -1 18 -1 #SUP: 34
18 -1 8 -1 29 -1 8 -1 14 -1 #SUP: 37
18 -1 8 -1 29 -1 8 -1 18 -1 #SUP: 59
18 -1 8 -1 29 -1 8 -1 18 -1 8 -1 #SUP: 35
18 -1 8 -1 29 -1 8 -1 18 -1 18 -1 #SUP: 32
18 -1 8 -1 29 -1 14 -1 #SUP: 71
18 -1 8 -1 29 -1 14 -1 8 -1 #SUP: 37
18 -1 8 -1 29 -1 14 -1 18 -1 #SUP: 35
18 -1 8 -1 29 -1 17 -1 #SUP: 78
18 -1 8 -1 29 -1 17 -1 8 -1 #SUP: 36
18 -1 8 -1 29 -1 17 -1 14 -1 #SUP: 30
18 -1 8 -1 29 -1 17 -1 18 -1 #SUP: 37
18 -1 8 -1 29 -1 18 -1 #SUP: 91
18 -1 8 -1 29 -1 18 -1 8 -1 #SUP: 49
18 -1 8 -1 29 -1 18 -1 8 -1 18 -1 #SUP: 32
18 -1 8 -1 29 -1 18 -1 14 -1 #SUP: 36
18 -1 8 -1 29 -1 18 -1 18 -1 #SUP: 47
18 -1 8 -1 29 -1 21 -1 #SUP: 56
18 -1 8 -1 29 -1 21 -1 8 -1 #SUP: 33
18 -1 8 -1 29 -1 29 -1 #SUP: 50
18 -1 8 -1 29 -1 30 -1 #SUP: 34
18 -1 8 -1 29 -1 290 -1 #SUP: 33
18 -1 8 -1 29 -1 40 -1 #SUP: 43
18 -1 8 -1 29 -1 52 -1 #SUP: 30
18 -1 8 -1 29 -1 71 -1 #SUP: 69
18 -1 8 -1 29 -1 71 -1 8 -1 #SUP: 32
18 -1 8 -1 29 -1 71 -1 18 -1 #SUP: 32
18 -1 8 -1 29 -1 92 -1 #SUP: 37
18 -1 8 -1 29 -1 96 -1 #SUP: 45
18 -1 8 -1 30 -1 #SUP: 100
18 -1 8 -1 30 -1 8 -1 #SUP: 44
18 -1 8 -1 30 -1 14 -1 #SUP: 35
18 -1 8 -1 30 -1 17 -1 #SUP: 38
18 -1 8 -1 30 -1 18 -1 #SUP: 41
18 -1 8 -1 30 -1 71 -1 #SUP: 31
18 -1 8 -1 33 -1 #SUP: 34
18 -1 8 -1 290 -1 #SUP: 119
18 -1 8 -1 290 -1 3 -1 #SUP: 30
18 -1 8 -1 290 -1 8 -1 #SUP: 60
18 -1 8 -1 290 -1 8 -1 8 -1 #SUP: 36
18 -1 8 -1 290 -1 8 -1 18 -1 #SUP: 41
18 -1 8 -1 290 -1 14 -1 #SUP: 44
18 -1 8 -1 290 -1 18 -1 #SUP: 61
18 -1 8 -1 290 -1 18 -1 8 -1 #SUP: 39
18 -1 8 -1 290 -1 29 -1 #SUP: 34
18 -1 8 -1 290 -1 71 -1 #SUP: 49
18 -1 8 -1 290 -1 92 -1 #SUP: 33
18 -1 8 -1 292 -1 #SUP: 63
18 -1 8 -1 292 -1 8 -1 #SUP: 40
18 -1 8 -1 292 -1 8 -1 18 -1 #SUP: 30
18 -1 8 -1 292 -1 14 -1 #SUP: 32
18 -1 8 -1 292 -1 18 -1 #SUP: 37
18 -1 8 -1 39 -1 #SUP: 99
18 -1 8 -1 39 -1 8 -1 #SUP: 56
18 -1 8 -1 39 -1 8 -1 18 -1 #SUP: 42
18 -1 8 -1 39 -1 14 -1 #SUP: 34
18 -1 8 -1 39 -1 18 -1 #SUP: 57
18 -1 8 -1 39 -1 71 -1 #SUP: 34
18 -1 8 -1 40 -1 #SUP: 139
18 -1 8 -1 40 -1 8 -1 #SUP: 71
18 -1 8 -1 40 -1 8 -1 8 -1 #SUP: 35
18 -1 8 -1 40 -1 8 -1 18 -1 #SUP: 48
18 -1 8 -1 40 -1 14 -1 #SUP: 58
18 -1 8 -1 40 -1 14 -1 18 -1 #SUP: 30
18 -1 8 -1 40 -1 18 -1 #SUP: 80
18 -1 8 -1 40 -1 18 -1 8 -1 #SUP: 44
18 -1 8 -1 40 -1 18 -1 14 -1 #SUP: 30
18 -1 8 -1 40 -1 18 -1 18 -1 #SUP: 35
18 -1 8 -1 40 -1 21 -1 #SUP: 30
18 -1 8 -1 40 -1 29 -1 #SUP: 40
18 -1 8 -1 40 -1 40 -1 #SUP: 34
18 -1 8 -1 40 -1 71 -1 #SUP: 45
18 -1 8 -1 40 -1 92 -1 #SUP: 38
18 -1 8 -1 299 -1 #SUP: 37
18 -1 8 -1 45 -1 #SUP: 30
18 -1 8 -1 50 -1 #SUP: 36
18 -1 8 -1 306 -1 #SUP: 30
18 -1 8 -1 51 -1 #SUP: 33
18 -1 8 -1 307 -1 #SUP: 43
18 -1 8 -1 52 -1 #SUP: 93
18 -1 8 -1 52 -1 8 -1 #SUP: 42
18 -1 8 -1 52 -1 8 -1 18 -1 #SUP: 32
18 -1 8 -1 52 -1 18 -1 #SUP: 47
18 -1 8 -1 52 -1 39 -1 #SUP: 30
18 -1 8 -1 52 -1 71 -1 #SUP: 34
18 -1 8 -1 54 -1 #SUP: 60
18 -1 8 -1 54 -1 8 -1 #SUP: 32
18 -1 8 -1 54 -1 14 -1 #SUP: 31
18 -1 8 -1 54 -1 18 -1 #SUP: 30
18 -1 8 -1 318 -1 #SUP: 75
18 -1 8 -1 318 -1 8 -1 #SUP: 36
18 -1 8 -1 318 -1 18 -1 #SUP: 32
18 -1 8 -1 63 -1 #SUP: 56
18 -1 8 -1 319 -1 #SUP: 30
18 -1 8 -1 71 -1 #SUP: 254
18 -1 8 -1 71 -1 3 -1 #SUP: 52
18 -1 8 -1 71 -1 8 -1 #SUP: 150
18 -1 8 -1 71 -1 8 -1 8 -1 #SUP: 74
18 -1 8 -1 71 -1 8 -1 8 -1 8 -1 #SUP: 33
18 -1 8 -1 71 -1 8 -1 8 -1 18 -1 #SUP: 45
18 -1 8 -1 71 -1 8 -1 14 -1 #SUP: 56
18 -1 8 -1 71 -1 8 -1 14 -1 18 -1 #SUP: 32
18 -1 8 -1 71 -1 8 -1 17 -1 #SUP: 31
18 -1 8 -1 71 -1 8 -1 18 -1 #SUP: 95
18 -1 8 -1 71 -1 8 -1 18 -1 8 -1 #SUP: 52
18 -1 8 -1 71 -1 8 -1 18 -1 8 -1 18 -1 #SUP: 32
18 -1 8 -1 71 -1 8 -1 18 -1 18 -1 #SUP: 36
18 -1 8 -1 71 -1 8 -1 18 -1 71 -1 #SUP: 30
18 -1 8 -1 71 -1 8 -1 29 -1 #SUP: 32
18 -1 8 -1 71 -1 8 -1 71 -1 #SUP: 53
18 -1 8 -1 71 -1 14 -1 #SUP: 105
18 -1 8 -1 71 -1 14 -1 8 -1 #SUP: 58
18 -1 8 -1 71 -1 14 -1 8 -1 8 -1 #SUP: 31
18 -1 8 -1 71 -1 14 -1 8 -1 18 -1 #SUP: 44
18 -1 8 -1 71 -1 14 -1 14 -1 #SUP: 38
18 -1 8 -1 71 -1 14 -1 18 -1 #SUP: 58
18 -1 8 -1 71 -1 14 -1 18 -1 8 -1 #SUP: 31
18 -1 8 -1 71 -1 14 -1 71 -1 #SUP: 43
18 -1 8 -1 71 -1 17 -1 #SUP: 63
18 -1 8 -1 71 -1 18 -1 #SUP: 126
18 -1 8 -1 71 -1 18 -1 8 -1 #SUP: 66
18 -1 8 -1 71 -1 18 -1 8 -1 8 -1 #SUP: 31
18 -1 8 -1 71 -1 18 -1 8 -1 18 -1 #SUP: 40
18 -1 8 -1 71 -1 18 -1 14 -1 #SUP: 43
18 -1 8 -1 71 -1 18 -1 18 -1 #SUP: 49
18 -1 8 -1 71 -1 18 -1 29 -1 #SUP: 31
18 -1 8 -1 71 -1 18 -1 71 -1 #SUP: 48
18 -1 8 -1 71 -1 20 -1 #SUP: 50
18 -1 8 -1 71 -1 21 -1 #SUP: 60
18 -1 8 -1 71 -1 21 -1 8 -1 #SUP: 41
18 -1 8 -1 71 -1 21 -1 18 -1 #SUP: 31
18 -1 8 -1 71 -1 29 -1 #SUP: 68
18 -1 8 -1 71 -1 29 -1 8 -1 #SUP: 33
18 -1 8 -1 71 -1 30 -1 #SUP: 39
18 -1 8 -1 71 -1 290 -1 #SUP: 61
18 -1 8 -1 71 -1 39 -1 #SUP: 34
18 -1 8 -1 71 -1 40 -1 #SUP: 43
18 -1 8 -1 71 -1 318 -1 #SUP: 39
18 -1 8 -1 71 -1 71 -1 #SUP: 103
18 -1 8 -1 71 -1 71 -1 8 -1 #SUP: 48
18 -1 8 -1 71 -1 71 -1 8 -1 18 -1 #SUP: 30
18 -1 8 -1 71 -1 71 -1 14 -1 #SUP: 38
18 -1 8 -1 71 -1 71 -1 18 -1 #SUP: 39
18 -1 8 -1 71 -1 71 -1 71 -1 #SUP: 36
18 -1 8 -1 71 -1 92 -1 #SUP: 62
18 -1 8 -1 71 -1 96 -1 #SUP: 41
18 -1 8 -1 71 -1 122 -1 #SUP: 30
18 -1 8 -1 71 -1 219 -1 #SUP: 32
18 -1 8 -1 71 -1 227 -1 #SUP: 32
18 -1 8 -1 74 -1 #SUP: 41
18 -1 8 -1 75 -1 #SUP: 32
18 -1 8 -1 90 -1 #SUP: 31
18 -1 8 -1 347 -1 #SUP: 31
18 -1 8 -1 92 -1 #SUP: 152
18 -1 8 -1 92 -1 8 -1 #SUP: 72
18 -1 8 -1 92 -1 8 -1 8 -1 #SUP: 38
18 -1 8 -1 92 -1 8 -1 18 -1 #SUP: 40
18 -1 8 -1 92 -1 14 -1 #SUP: 49
18 -1 8 -1 92 -1 17 -1 #SUP: 41
18 -1 8 -1 92 -1 18 -1 #SUP: 80
18 -1 8 -1 92 -1 18 -1 8 -1 #SUP: 45
18 -1 8 -1 92 -1 21 -1 #SUP: 42
18 -1 8 -1 92 -1 29 -1 #SUP: 38
18 -1 8 -1 92 -1 40 -1 #SUP: 30
18 -1 8 -1 92 -1 71 -1 #SUP: 54
18 -1 8 -1 92 -1 71 -1 8 -1 #SUP: 31
18 -1 8 -1 92 -1 92 -1 #SUP: 52
18 -1 8 -1 604 -1 #SUP: 41
18 -1 8 -1 96 -1 #SUP: 137
18 -1 8 -1 96 -1 8 -1 #SUP: 76
18 -1 8 -1 96 -1 8 -1 18 -1 #SUP: 45
18 -1 8 -1 96 -1 14 -1 #SUP: 51
18 -1 8 -1 96 -1 17 -1 #SUP: 60
18 -1 8 -1 96 -1 18 -1 #SUP: 69
18 -1 8 -1 96 -1 18 -1 8 -1 #SUP: 31
18 -1 8 -1 96 -1 21 -1 #SUP: 36
18 -1 8 -1 96 -1 29 -1 #SUP: 34
18 -1 8 -1 96 -1 40 -1 #SUP: 31
18 -1 8 -1 96 -1 71 -1 #SUP: 42
18 -1 8 -1 103 -1 #SUP: 66
18 -1 8 -1 103 -1 8 -1 #SUP: 36
18 -1 8 -1 103 -1 18 -1 #SUP: 35
18 -1 8 -1 122 -1 #SUP: 69
18 -1 8 -1 122 -1 18 -1 #SUP: 30
18 -1 8 -1 124 -1 #SUP: 87
18 -1 8 -1 124 -1 8 -1 #SUP: 49
18 -1 8 -1 124 -1 8 -1 18 -1 #SUP: 31
18 -1 8 -1 124 -1 14 -1 #SUP: 36
18 -1 8 -1 124 -1 18 -1 #SUP: 42
18 -1 8 -1 124 -1 71 -1 #SUP: 37
18 -1 8 -1 126 -1 #SUP: 71
18 -1 8 -1 126 -1 8 -1 #SUP: 31
18 -1 8 -1 147 -1 #SUP: 35
18 -1 8 -1 174 -1 #SUP: 38
18 -1 8 -1 186 -1 #SUP: 41
18 -1 8 -1 197 -1 #SUP: 40
18 -1 8 -1 206 -1 #SUP: 74
18 -1 8 -1 206 -1 8 -1 #SUP: 33
18 -1 8 -1 206 -1 18 -1 #SUP: 36
18 -1 8 -1 212 -1 #SUP: 44
18 -1 8 -1 219 -1 #SUP: 79
18 -1 8 -1 219 -1 8 -1 #SUP: 39
18 -1 8 -1 219 -1 18 -1 #SUP: 35
18 -1 8 -1 219 -1 71 -1 #SUP: 31
18 -1 8 -1 224 -1 #SUP: 78
18 -1 8 -1 224 -1 8 -1 #SUP: 41
18 -1 8 -1 224 -1 14 -1 #SUP: 32
18 -1 8 -1 224 -1 18 -1 #SUP: 36
18 -1 8 -1 224 -1 71 -1 #SUP: 39
18 -1 8 -1 224 -1 225 -1 #SUP: 31
18 -1 8 -1 225 -1 #SUP: 44
18 -1 8 -1 227 -1 #SUP: 84
18 -1 8 -1 227 -1 8 -1 #SUP: 34
18 -1 8 -1 227 -1 14 -1 #SUP: 32
18 -1 8 -1 227 -1 18 -1 #SUP: 32
18 -1 265 -1 #SUP: 98
18 -1 265 -1 8 -1 #SUP: 48
18 -1 265 -1 265 -1 #SUP: 36
18 -1 265 -1 14 -1 #SUP: 37
18 -1 265 -1 17 -1 #SUP: 31
18 -1 265 -1 18 -1 #SUP: 39
18 -1 265 -1 71 -1 #SUP: 49
18 -1 265 -1 122 -1 #SUP: 32
18 -1 266 -1 #SUP: 58
18 -1 266 -1 8 -1 #SUP: 36
18 -1 11 -1 #SUP: 44
18 -1 12 -1 #SUP: 37
18 -1 13 -1 #SUP: 33
18 -1 14 -1 #SUP: 524
18 -1 14 -1 3 -1 #SUP: 92
18 -1 14 -1 3 -1 8 -1 #SUP: 53
18 -1 14 -1 3 -1 8 -1 18 -1 #SUP: 38
18 -1 14 -1 3 -1 14 -1 #SUP: 33
18 -1 14 -1 3 -1 18 -1 #SUP: 52
18 -1 14 -1 3 -1 71 -1 #SUP: 30
18 -1 14 -1 8 -1 #SUP: 298
18 -1 14 -1 8 -1 3 -1 #SUP: 49
18 -1 14 -1 8 -1 3 -1 8 -1 #SUP: 32
18 -1 14 -1 8 -1 8 -1 #SUP: 153
18 -1 14 -1 8 -1 8 -1 8 -1 #SUP: 74
18 -1 14 -1 8 -1 8 -1 8 -1 8 -1 #SUP: 35
18 -1 14 -1 8 -1 8 -1 8 -1 18 -1 #SUP: 44
18 -1 14 -1 8 -1 8 -1 14 -1 #SUP: 70
18 -1 14 -1 8 -1 8 -1 14 -1 8 -1 #SUP: 40
18 -1 14 -1 8 -1 8 -1 14 -1 18 -1 #SUP: 40
18 -1 14 -1 8 -1 8 -1 17 -1 #SUP: 36
18 -1 14 -1 8 -1 8 -1 18 -1 #SUP: 98
18 -1 14 -1 8 -1 8 -1 18 -1 8 -1 #SUP: 56
18 -1 14 -1 8 -1 8 -1 18 -1 8 -1 18 -1 #SUP: 32
18 -1 14 -1 8 -1 8 -1 18 -1 14 -1 #SUP: 43
18 -1 14 -1 8 -1 8 -1 18 -1 18 -1 #SUP: 44
18 -1 14 -1 8 -1 8 -1 21 -1 #SUP: 34
18 -1 14 -1 8 -1 8 -1 29 -1 #SUP: 33
18 -1 14 -1 8 -1 8 -1 71 -1 #SUP: 43
18 -1 14 -1 8 -1 14 -1 #SUP: 125
18 -1 14 -1 8 -1 14 -1 8 -1 #SUP: 71
18 -1 14 -1 8 -1 14 -1 8 -1 8 -1 #SUP: 32
18 -1 14 -1 8 -1 14 -1 8 -1 18 -1 #SUP: 50
18 -1 14 -1 8 -1 14 -1 14 -1 #SUP: 45
18 -1 14 -1 8 -1 14 -1 17 -1 #SUP: 30
18 -1 14 -1 8 -1 14 -1 18 -1 #SUP: 76
18 -1 14 -1 8 -1 14 -1 18 -1 8 -1 #SUP: 41
18 -1 14 -1 8 -1 14 -1 18 -1 18 -1 #SUP: 37
18 -1 14 -1 8 -1 14 -1 21 -1 #SUP: 34
18 -1 14 -1 8 -1 14 -1 29 -1 #SUP: 31
18 -1 14 -1 8 -1 14 -1 71 -1 #SUP: 36
18 -1 14 -1 8 -1 17 -1 #SUP: 77
18 -1 14 -1 8 -1 17 -1 8 -1 #SUP: 41
18 -1 14 -1 8 -1 17 -1 14 -1 #SUP: 30
18 -1 14 -1 8 -1 17 -1 18 -1 #SUP: 31
18 -1 14 -1 8 -1 18 -1 #SUP: 198
18 -1 14 -1 8 -1 18 -1 3 -1 #SUP: 31
18 -1 14 -1 8 -1 18 -1 8 -1 #SUP: 108
18 -1 14 -1 8 -1 18 -1 8 -1 8 -1 #SUP: 51
18 -1 14 -1 8 -1 18 -1 8 -1 8 -1 18 -1 #SUP: 32
18 -1 14 -1 8 -1 18 -1 8 -1 14 -1 #SUP: 45
18 -1 14 -1 8 -1 18 -1 8 -1 18 -1 #SUP: 70
18 -1 14 -1 8 -1 18 -1 8 -1 18 -1 8 -1 #SUP: 39
18 -1 14 -1 8 -1 18 -1 8 -1 18 -1 14 -1 #SUP: 30
18 -1 14 -1 8 -1 18 -1 8 -1 71 -1 #SUP: 33
18 -1 14 -1 8 -1 18 -1 14 -1 #SUP: 75
18 -1 14 -1 8 -1 18 -1 14 -1 8 -1 #SUP: 45
18 -1 14 -1 8 -1 18 -1 14 -1 8 -1 18 -1 #SUP: 33
18 -1 14 -1 8 -1 18 -1 14 -1 18 -1 #SUP: 44
18 -1 14 -1 8 -1 18 -1 17 -1 #SUP: 47
18 -1 14 -1 8 -1 18 -1 18 -1 #SUP: 93
18 -1 14 -1 8 -1 18 -1 18 -1 8 -1 #SUP: 46
18 -1 14 -1 8 -1 18 -1 18 -1 14 -1 #SUP: 36
18 -1 14 -1 8 -1 18 -1 18 -1 18 -1 #SUP: 38
18 -1 14 -1 8 -1 18 -1 21 -1 #SUP: 50
18 -1 14 -1 8 -1 18 -1 29 -1 #SUP: 42
18 -1 14 -1 8 -1 18 -1 290 -1 #SUP: 31
18 -1 14 -1 8 -1 18 -1 40 -1 #SUP: 33
18 -1 14 -1 8 -1 18 -1 71 -1 #SUP: 64
18 -1 14 -1 8 -1 18 -1 92 -1 #SUP: 30
18 -1 14 -1 8 -1 18 -1 96 -1 #SUP: 31
18 -1 14 -1 8 -1 20 -1 #SUP: 42
18 -1 14 -1 8 -1 21 -1 #SUP: 71
18 -1 14 -1 8 -1 21 -1 8 -1 #SUP: 43
18 -1 14 -1 8 -1 21 -1 14 -1 #SUP: 30
18 -1 14 -1 8 -1 21 -1 18 -1 #SUP: 36
18 -1 14 -1 8 -1 29 -1 #SUP: 60
18 -1 14 -1 8 -1 290 -1 #SUP: 54
18 -1 14 -1 8 -1 40 -1 #SUP: 44
18 -1 14 -1 8 -1 318 -1 #SUP: 39
18 -1 14 -1 8 -1 71 -1 #SUP: 96
18 -1 14 -1 8 -1 71 -1 8 -1 #SUP: 50
18 -1 14 -1 8 -1 71 -1 8 -1 18 -1 #SUP: 32
18 -1 14 -1 8 -1 71 -1 14 -1 #SUP: 37
18 -1 14 -1 8 -1 71 -1 18 -1 #SUP: 44
18 -1 14 -1 8 -1 71 -1 71 -1 #SUP: 37
18 -1 14 -1 8 -1 92 -1 #SUP: 55
18 -1 14 -1 8 -1 92 -1 18 -1 #SUP: 33
18 -1 14 -1 8 -1 96 -1 #SUP: 49
18 -1 14 -1 8 -1 96 -1 8 -1 #SUP: 31
18 -1 14 -1 8 -1 124 -1 #SUP: 32
18 -1 14 -1 8 -1 206 -1 #SUP: 36
18 -1 14 -1 8 -1 227 -1 #SUP: 35
18 -1 14 -1 265 -1 #SUP: 42
18 -1 14 -1 14 -1 #SUP: 217
18 -1 14 -1 14 -1 3 -1 #SUP: 37
18 -1 14 -1 14 -1 8 -1 #SUP: 115
18 -1 14 -1 14 -1 8 -1 8 -1 #SUP: 57
18 -1 14 -1 14 -1 8 -1 8 -1 18 -1 #SUP: 37
18 -1 14 -1 14 -1 8 -1 14 -1 #SUP: 45
18 -1 14 -1 14 -1 8 -1 18 -1 #SUP: 77
18 -1 14 -1 14 -1 8 -1 18 -1 8 -1 #SUP: 40
18 -1 14 -1 14 -1 8 -1 18 -1 18 -1 #SUP: 35
18 -1 14 -1 14 -1 8 -1 71 -1 #SUP: 36
18 -1 14 -1 14 -1 14 -1 #SUP: 83
18 -1 14 -1 14 -1 14 -1 8 -1 #SUP: 46
18 -1 14 -1 14 -1 14 -1 8 -1 18 -1 #SUP: 34
18 -1 14 -1 14 -1 14 -1 14 -1 #SUP: 32
18 -1 14 -1 14 -1 14 -1 18 -1 #SUP: 52
18 -1 14 -1 14 -1 14 -1 71 -1 #SUP: 32
18 -1 14 -1 14 -1 17 -1 #SUP: 53
18 -1 14 -1 14 -1 18 -1 #SUP: 120
18 -1 14 -1 14 -1 18 -1 8 -1 #SUP: 65
18 -1 14 -1 14 -1 18 -1 8 -1 18 -1 #SUP: 43
18 -1 14 -1 14 -1 18 -1 14 -1 #SUP: 45
18 -1 14 -1 14 -1 18 -1 18 -1 #SUP: 57
18 -1 14 -1 14 -1 18 -1 29 -1 #SUP: 30
18 -1 14 -1 14 -1 18 -1 71 -1 #SUP: 41
18 -1 14 -1 14 -1 20 -1 #SUP: 30
18 -1 14 -1 14 -1 21 -1 #SUP: 57
18 -1 14 -1 14 -1 29 -1 #SUP: 52
18 -1 14 -1 14 -1 290 -1 #SUP: 38
18 -1 14 -1 14 -1 40 -1 #SUP: 37
18 -1 14 -1 14 -1 71 -1 #SUP: 71
18 -1 14 -1 14 -1 71 -1 8 -1 #SUP: 37
18 -1 14 -1 14 -1 71 -1 14 -1 #SUP: 30
18 -1 14 -1 14 -1 71 -1 18 -1 #SUP: 39
18 -1 14 -1 14 -1 71 -1 71 -1 #SUP: 31
18 -1 14 -1 14 -1 92 -1 #SUP: 38
18 -1 14 -1 14 -1 96 -1 #SUP: 32
18 -1 14 -1 17 -1 #SUP: 145
18 -1 14 -1 17 -1 3 -1 #SUP: 30
18 -1 14 -1 17 -1 8 -1 #SUP: 71
18 -1 14 -1 17 -1 8 -1 18 -1 #SUP: 42
18 -1 14 -1 17 -1 14 -1 #SUP: 62
18 -1 14 -1 17 -1 14 -1 18 -1 #SUP: 30
18 -1 14 -1 17 -1 17 -1 #SUP: 35
18 -1 14 -1 17 -1 18 -1 #SUP: 65
18 -1 14 -1 17 -1 18 -1 8 -1 #SUP: 31
18 -1 14 -1 17 -1 21 -1 #SUP: 34
18 -1 14 -1 17 -1 29 -1 #SUP: 37
18 -1 14 -1 17 -1 71 -1 #SUP: 50
18 -1 14 -1 18 -1 #SUP: 298
18 -1 14 -1 18 -1 3 -1 #SUP: 44
18 -1 14 -1 18 -1 8 -1 #SUP: 157
18 -1 14 -1 18 -1 8 -1 8 -1 #SUP: 76
18 -1 14 -1 18 -1 8 -1 8 -1 8 -1 #SUP: 40
18 -1 14 -1 18 -1 8 -1 8 -1 14 -1 #SUP: 36
18 -1 14 -1 18 -1 8 -1 8 -1 18 -1 #SUP: 52
18 -1 14 -1 18 -1 8 -1 8 -1 18 -1 8 -1 #SUP: 33
18 -1 14 -1 18 -1 8 -1 14 -1 #SUP: 69
18 -1 14 -1 18 -1 8 -1 14 -1 8 -1 #SUP: 41
18 -1 14 -1 18 -1 8 -1 14 -1 18 -1 #SUP: 37
18 -1 14 -1 18 -1 8 -1 17 -1 #SUP: 33
18 -1 14 -1 18 -1 8 -1 18 -1 #SUP: 96
18 -1 14 -1 18 -1 8 -1 18 -1 8 -1 #SUP: 55
18 -1 14 -1 18 -1 8 -1 18 -1 8 -1 18 -1 #SUP: 33
18 -1 14 -1 18 -1 8 -1 18 -1 14 -1 #SUP: 43
18 -1 14 -1 18 -1 8 -1 18 -1 18 -1 #SUP: 41
18 -1 14 -1 18 -1 8 -1 18 -1 71 -1 #SUP: 32
18 -1 14 -1 18 -1 8 -1 21 -1 #SUP: 33
18 -1 14 -1 18 -1 8 -1 29 -1 #SUP: 36
18 -1 14 -1 18 -1 8 -1 71 -1 #SUP: 50
18 -1 14 -1 18 -1 14 -1 #SUP: 119
18 -1 14 -1 18 -1 14 -1 8 -1 #SUP: 68
18 -1 14 -1 18 -1 14 -1 8 -1 8 -1 #SUP: 31
18 -1 14 -1 18 -1 14 -1 8 -1 18 -1 #SUP: 44
18 -1 14 -1 18 -1 14 -1 14 -1 #SUP: 46
18 -1 14 -1 18 -1 14 -1 18 -1 #SUP: 70
18 -1 14 -1 18 -1 14 -1 18 -1 8 -1 #SUP: 40
18 -1 14 -1 18 -1 14 -1 18 -1 18 -1 #SUP: 34
18 -1 14 -1 18 -1 14 -1 21 -1 #SUP: 34
18 -1 14 -1 18 -1 14 -1 29 -1 #SUP: 30
18 -1 14 -1 18 -1 14 -1 71 -1 #SUP: 39
18 -1 14 -1 18 -1 17 -1 #SUP: 62
18 -1 14 -1 18 -1 17 -1 8 -1 #SUP: 33
18 -1 14 -1 18 -1 18 -1 #SUP: 137
18 -1 14 -1 18 -1 18 -1 8 -1 #SUP: 65
18 -1 14 -1 18 -1 18 -1 8 -1 8 -1 #SUP: 32
18 -1 14 -1 18 -1 18 -1 8 -1 14 -1 #SUP: 30
18 -1 14 -1 18 -1 18 -1 8 -1 18 -1 #SUP: 38
18 -1 14 -1 18 -1 18 -1 14 -1 #SUP: 57
18 -1 14 -1 18 -1 18 -1 14 -1 8 -1 #SUP: 36
18 -1 14 -1 18 -1 18 -1 14 -1 18 -1 #SUP: 34
18 -1 14 -1 18 -1 18 -1 18 -1 #SUP: 51
18 -1 14 -1 18 -1 18 -1 18 -1 8 -1 #SUP: 36
18 -1 14 -1 18 -1 18 -1 18 -1 18 -1 #SUP: 32
18 -1 14 -1 18 -1 18 -1 21 -1 #SUP: 32
18 -1 14 -1 18 -1 18 -1 29 -1 #SUP: 34
18 -1 14 -1 18 -1 18 -1 71 -1 #SUP: 42
18 -1 14 -1 18 -1 20 -1 #SUP: 50
18 -1 14 -1 18 -1 21 -1 #SUP: 74
18 -1 14 -1 18 -1 21 -1 8 -1 #SUP: 38
18 -1 14 -1 18 -1 21 -1 14 -1 #SUP: 32
18 -1 14 -1 18 -1 29 -1 #SUP: 68
18 -1 14 -1 18 -1 29 -1 8 -1 #SUP: 31
18 -1 14 -1 18 -1 29 -1 18 -1 #SUP: 33
18 -1 14 -1 18 -1 29 -1 71 -1 #SUP: 30
18 -1 14 -1 18 -1 30 -1 #SUP: 31
18 -1 14 -1 18 -1 290 -1 #SUP: 52
18 -1 14 -1 18 -1 40 -1 #SUP: 49
18 -1 14 -1 18 -1 318 -1 #SUP: 46
18 -1 14 -1 18 -1 71 -1 #SUP: 99
18 -1 14 -1 18 -1 71 -1 8 -1 #SUP: 47
18 -1 14 -1 18 -1 71 -1 8 -1 18 -1 #SUP: 30
18 -1 14 -1 18 -1 71 -1 14 -1 #SUP: 40
18 -1 14 -1 18 -1 71 -1 18 -1 #SUP: 47
18 -1 14 -1 18 -1 71 -1 71 -1 #SUP: 38
18 -1 14 -1 18 -1 92 -1 #SUP: 57
18 -1 14 -1 18 -1 96 -1 #SUP: 44
18 -1 14 -1 18 -1 122 -1 #SUP: 35
18 -1 14 -1 18 -1 124 -1 #SUP: 30
18 -1 14 -1 18 -1 206 -1 #SUP: 39
18 -1 14 -1 18 -1 224 -1 #SUP: 32
18 -1 14 -1 18 -1 227 -1 #SUP: 43
18 -1 14 -1 19 -1 #SUP: 41
18 -1 14 -1 20 -1 #SUP: 94
18 -1 14 -1 20 -1 8 -1 #SUP: 43
18 -1 14 -1 20 -1 14 -1 #SUP: 39
18 -1 14 -1 20 -1 18 -1 #SUP: 40
18 -1 14 -1 20 -1 71 -1 #SUP: 31
18 -1 14 -1 21 -1 #SUP: 155
18 -1 14 -1 21 -1 8 -1 #SUP: 93
18 -1 14 -1 21 -1 8 -1 8 -1 #SUP: 53
18 -1 14 -1 21 -1 8 -1 8 -1 18 -1 #SUP: 30
18 -1 14 -1 21 -1 8 -1 14 -1 #SUP: 44
18 -1 14 -1 21 -1 8 -1 18 -1 #SUP: 62
18 -1 14 -1 21 -1 8 -1 18 -1 8 -1 #SUP: 39
18 -1 14 -1 21 -1 8 -1 18 -1 18 -1 #SUP: 31
18 -1 14 -1 21 -1 8 -1 71 -1 #SUP: 30
18 -1 14 -1 21 -1 14 -1 #SUP: 65
18 -1 14 -1 21 -1 14 -1 8 -1 #SUP: 37
18 -1 14 -1 21 -1 14 -1 18 -1 #SUP: 37
18 -1 14 -1 21 -1 18 -1 #SUP: 78
18 -1 14 -1 21 -1 18 -1 8 -1 #SUP: 46
18 -1 14 -1 21 -1 18 -1 8 -1 18 -1 #SUP: 31
18 -1 14 -1 21 -1 18 -1 14 -1 #SUP: 34
18 -1 14 -1 21 -1 18 -1 18 -1 #SUP: 39
18 -1 14 -1 21 -1 21 -1 #SUP: 35
18 -1 14 -1 21 -1 40 -1 #SUP: 30
18 -1 14 -1 21 -1 71 -1 #SUP: 46
18 -1 14 -1 23 -1 #SUP: 71
18 -1 14 -1 23 -1 18 -1 #SUP: 35
18 -1 14 -1 25 -1 #SUP: 42
18 -1 14 -1 29 -1 #SUP: 130
18 -1 14 -1 29 -1 8 -1 #SUP: 67
18 -1 14 -1 29 -1 8 -1 18 -1 #SUP: 38
18 -1 14 -1 29 -1 14 -1 #SUP: 48
18 -1 14 -1 29 -1 17 -1 #SUP: 53
18 -1 14 -1 29 -1 18 -1 #SUP: 66
18 -1 14 -1 29 -1 18 -1 8 -1 #SUP: 31
18 -1 14 -1 29 -1 21 -1 #SUP: 37
18 -1 14 -1 29 -1 29 -1 #SUP: 36
18 -1 14 -1 29 -1 71 -1 #SUP: 52
18 -1 14 -1 29 -1 96 -1 #SUP: 30
18 -1 14 -1 30 -1 #SUP: 70
18 -1 14 -1 30 -1 8 -1 #SUP: 32
18 -1 14 -1 290 -1 #SUP: 101
18 -1 14 -1 290 -1 8 -1 #SUP: 44
18 -1 14 -1 290 -1 14 -1 #SUP: 31
18 -1 14 -1 290 -1 18 -1 #SUP: 45
18 -1 14 -1 290 -1 71 -1 #SUP: 39
18 -1 14 -1 292 -1 #SUP: 62
18 -1 14 -1 292 -1 8 -1 #SUP: 40
18 -1 14 -1 292 -1 14 -1 #SUP: 35
18 -1 14 -1 292 -1 18 -1 #SUP: 33
18 -1 14 -1 39 -1 #SUP: 58
18 -1 14 -1 39 -1 18 -1 #SUP: 31
18 -1 14 -1 40 -1 #SUP: 91
18 -1 14 -1 40 -1 8 -1 #SUP: 44
18 -1 14 -1 40 -1 14 -1 #SUP: 32
18 -1 14 -1 40 -1 18 -1 #SUP: 49
18 -1 14 -1 45 -1 #SUP: 30
18 -1 14 -1 50 -1 #SUP: 35
18 -1 14 -1 52 -1 #SUP: 67
18 -1 14 -1 52 -1 18 -1 #SUP: 31
18 -1 14 -1 54 -1 #SUP: 45
18 -1 14 -1 318 -1 #SUP: 68
18 -1 14 -1 63 -1 #SUP: 42
18 -1 14 -1 71 -1 #SUP: 193
18 -1 14 -1 71 -1 3 -1 #SUP: 37
18 -1 14 -1 71 -1 8 -1 #SUP: 103
18 -1 14 -1 71 -1 8 -1 8 -1 #SUP: 56
18 -1 14 -1 71 -1 8 -1 14 -1 #SUP: 48
18 -1 14 -1 71 -1 8 -1 18 -1 #SUP: 70
18 -1 14 -1 71 -1 8 -1 18 -1 8 -1 #SUP: 44
18 -1 14 -1 71 -1 8 -1 71 -1 #SUP: 37
18 -1 14 -1 71 -1 14 -1 #SUP: 88
18 -1 14 -1 71 -1 14 -1 8 -1 #SUP: 46
18 -1 14 -1 71 -1 14 -1 8 -1 18 -1 #SUP: 31
18 -1 14 -1 71 -1 14 -1 18 -1 #SUP: 48
18 -1 14 -1 71 -1 14 -1 71 -1 #SUP: 34
18 -1 14 -1 71 -1 17 -1 #SUP: 46
18 -1 14 -1 71 -1 18 -1 #SUP: 96
18 -1 14 -1 71 -1 18 -1 8 -1 #SUP: 53
18 -1 14 -1 71 -1 18 -1 8 -1 18 -1 #SUP: 31
18 -1 14 -1 71 -1 18 -1 14 -1 #SUP: 37
18 -1 14 -1 71 -1 18 -1 18 -1 #SUP: 42
18 -1 14 -1 71 -1 18 -1 71 -1 #SUP: 39
18 -1 14 -1 71 -1 20 -1 #SUP: 39
18 -1 14 -1 71 -1 21 -1 #SUP: 47
18 -1 14 -1 71 -1 29 -1 #SUP: 43
18 -1 14 -1 71 -1 290 -1 #SUP: 52
18 -1 14 -1 71 -1 318 -1 #SUP: 38
18 -1 14 -1 71 -1 71 -1 #SUP: 81
18 -1 14 -1 71 -1 71 -1 8 -1 #SUP: 33
18 -1 14 -1 71 -1 71 -1 14 -1 #SUP: 36
18 -1 14 -1 71 -1 71 -1 18 -1 #SUP: 35
18 -1 14 -1 71 -1 71 -1 71 -1 #SUP: 33
18 -1 14 -1 71 -1 92 -1 #SUP: 44
18 -1 14 -1 71 -1 227 -1 #SUP: 30
18 -1 14 -1 74 -1 #SUP: 31
18 -1 14 -1 92 -1 #SUP: 109
18 -1 14 -1 92 -1 8 -1 #SUP: 46
18 -1 14 -1 92 -1 14 -1 #SUP: 34
18 -1 14 -1 92 -1 18 -1 #SUP: 52
18 -1 14 -1 92 -1 21 -1 #SUP: 32
18 -1 14 -1 92 -1 71 -1 #SUP: 30
18 -1 14 -1 92 -1 92 -1 #SUP: 31
18 -1 14 -1 96 -1 #SUP: 87
18 -1 14 -1 96 -1 8 -1 #SUP: 49
18 -1 14 -1 96 -1 8 -1 18 -1 #SUP: 31
18 -1 14 -1 96 -1 14 -1 #SUP: 37
18 -1 14 -1 96 -1 17 -1 #SUP: 39
18 -1 14 -1 96 -1 18 -1 #SUP: 45
18 -1 14 -1 103 -1 #SUP: 56
18 -1 14 -1 103 -1 8 -1 #SUP: 31
18 -1 14 -1 103 -1 18 -1 #SUP: 30
18 -1 14 -1 632 -1 #SUP: 33
18 -1 14 -1 122 -1 #SUP: 50
18 -1 14 -1 124 -1 #SUP: 70
18 -1 14 -1 124 -1 8 -1 #SUP: 37
18 -1 14 -1 124 -1 14 -1 #SUP: 30
18 -1 14 -1 124 -1 18 -1 #SUP: 33
18 -1 14 -1 197 -1 #SUP: 32
18 -1 14 -1 206 -1 #SUP: 59
18 -1 14 -1 212 -1 #SUP: 36
18 -1 14 -1 219 -1 #SUP: 64
18 -1 14 -1 219 -1 71 -1 #SUP: 30
18 -1 14 -1 224 -1 #SUP: 54
18 -1 14 -1 225 -1 #SUP: 31
18 -1 14 -1 227 -1 #SUP: 72
18 -1 14 -1 227 -1 14 -1 #SUP: 34
18 -1 270 -1 #SUP: 38
18 -1 272 -1 #SUP: 34
18 -1 17 -1 #SUP: 401
18 -1 17 -1 3 -1 #SUP: 83
18 -1 17 -1 3 -1 8 -1 #SUP: 49
18 -1 17 -1 3 -1 8 -1 18 -1 #SUP: 35
18 -1 17 -1 3 -1 18 -1 #SUP: 44
18 -1 17 -1 8 -1 #SUP: 214
18 -1 17 -1 8 -1 3 -1 #SUP: 31
18 -1 17 -1 8 -1 8 -1 #SUP: 102
18 -1 17 -1 8 -1 8 -1 8 -1 #SUP: 53
18 -1 17 -1 8 -1 8 -1 8 -1 18 -1 #SUP: 30
18 -1 17 -1 8 -1 8 -1 14 -1 #SUP: 41
18 -1 17 -1 8 -1 8 -1 18 -1 #SUP: 62
18 -1 17 -1 8 -1 14 -1 #SUP: 89
18 -1 17 -1 8 -1 14 -1 8 -1 #SUP: 48
18 -1 17 -1 8 -1 14 -1 8 -1 18 -1 #SUP: 36
18 -1 17 -1 8 -1 14 -1 18 -1 #SUP: 52
18 -1 17 -1 8 -1 17 -1 #SUP: 59
18 -1 17 -1 8 -1 18 -1 #SUP: 140
18 -1 17 -1 8 -1 18 -1 8 -1 #SUP: 72
18 -1 17 -1 8 -1 18 -1 8 -1 8 -1 #SUP: 35
18 -1 17 -1 8 -1 18 -1 8 -1 14 -1 #SUP: 30
18 -1 17 -1 8 -1 18 -1 8 -1 18 -1 #SUP: 48
18 -1 17 -1 8 -1 18 -1 14 -1 #SUP: 51
18 -1 17 -1 8 -1 18 -1 14 -1 18 -1 #SUP: 30
18 -1 17 -1 8 -1 18 -1 17 -1 #SUP: 32
18 -1 17 -1 8 -1 18 -1 18 -1 #SUP: 62
18 -1 17 -1 8 -1 18 -1 21 -1 #SUP: 36
18 -1 17 -1 8 -1 18 -1 71 -1 #SUP: 36
18 -1 17 -1 8 -1 21 -1 #SUP: 52
18 -1 17 -1 8 -1 21 -1 8 -1 #SUP: 36
18 -1 17 -1 8 -1 21 -1 18 -1 #SUP: 32
18 -1 17 -1 8 -1 29 -1 #SUP: 44
18 -1 17 -1 8 -1 40 -1 #SUP: 34
18 -1 17 -1 8 -1 71 -1 #SUP: 56
18 -1 17 -1 8 -1 92 -1 #SUP: 43
18 -1 17 -1 8 -1 96 -1 #SUP: 41
18 -1 17 -1 265 -1 #SUP: 34
18 -1 17 -1 14 -1 #SUP: 165
18 -1 17 -1 14 -1 8 -1 #SUP: 84
18 -1 17 -1 14 -1 8 -1 8 -1 #SUP: 40
18 -1 17 -1 14 -1 8 -1 14 -1 #SUP: 31
18 -1 17 -1 14 -1 8 -1 18 -1 #SUP: 61
18 -1 17 -1 14 -1 14 -1 #SUP: 45
18 -1 17 -1 14 -1 17 -1 #SUP: 48
18 -1 17 -1 14 -1 18 -1 #SUP: 88
18 -1 17 -1 14 -1 18 -1 8 -1 #SUP: 41
18 -1 17 -1 14 -1 18 -1 18 -1 #SUP: 37
18 -1 17 -1 14 -1 21 -1 #SUP: 44
18 -1 17 -1 14 -1 29 -1 #SUP: 33
18 -1 17 -1 14 -1 71 -1 #SUP: 52
18 -1 17 -1 17 -1 #SUP: 118
18 -1 17 -1 17 -1 8 -1 #SUP: 59
18 -1 17 -1 17 -1 8 -1 18 -1 #SUP: 41
18 -1 17 -1 17 -1 14 -1 #SUP: 44
18 -1 17 -1 17 -1 18 -1 #SUP: 52
18 -1 17 -1 17 -1 71 -1 #SUP: 38
18 -1 17 -1 18 -1 #SUP: 202
18 -1 17 -1 18 -1 3 -1 #SUP: 33
18 -1 17 -1 18 -1 8 -1 #SUP: 101
18 -1 17 -1 18 -1 8 -1 8 -1 #SUP: 49
18 -1 17 -1 18 -1 8 -1 8 -1 18 -1 #SUP: 31
18 -1 17 -1 18 -1 8 -1 14 -1 #SUP: 42
18 -1 17 -1 18 -1 8 -1 18 -1 #SUP: 67
18 -1 17 -1 18 -1 8 -1 18 -1 8 -1 #SUP: 30
18 -1 17 -1 18 -1 14 -1 #SUP: 72
18 -1 17 -1 18 -1 14 -1 8 -1 #SUP: 38
18 -1 17 -1 18 -1 14 -1 8 -1 18 -1 #SUP: 30
18 -1 17 -1 18 -1 14 -1 18 -1 #SUP: 46
18 -1 17 -1 18 -1 17 -1 #SUP: 48
18 -1 17 -1 18 -1 18 -1 #SUP: 94
18 -1 17 -1 18 -1 18 -1 8 -1 #SUP: 41
18 -1 17 -1 18 -1 18 -1 8 -1 18 -1 #SUP: 30
18 -1 17 -1 18 -1 18 -1 14 -1 #SUP: 32
18 -1 17 -1 18 -1 18 -1 18 -1 #SUP: 38
18 -1 17 -1 18 -1 21 -1 #SUP: 42
18 -1 17 -1 18 -1 29 -1 #SUP: 42
18 -1 17 -1 18 -1 40 -1 #SUP: 34
18 -1 17 -1 18 -1 71 -1 #SUP: 57
18 -1 17 -1 18 -1 71 -1 18 -1 #SUP: 31
18 -1 17 -1 18 -1 92 -1 #SUP: 32
18 -1 17 -1 18 -1 96 -1 #SUP: 37
18 -1 17 -1 19 -1 #SUP: 38
18 -1 17 -1 20 -1 #SUP: 62
18 -1 17 -1 20 -1 8 -1 #SUP: 34
18 -1 17 -1 21 -1 #SUP: 101
18 -1 17 -1 21 -1 8 -1 #SUP: 65
18 -1 17 -1 21 -1 8 -1 8 -1 #SUP: 39
18 -1 17 -1 21 -1 8 -1 18 -1 #SUP: 47
18 -1 17 -1 21 -1 14 -1 #SUP: 36
18 -1 17 -1 21 -1 18 -1 #SUP: 58
18 -1 17 -1 21 -1 18 -1 8 -1 #SUP: 31
18 -1 17 -1 21 -1 21 -1 #SUP: 33
18 -1 17 -1 23 -1 #SUP: 37
18 -1 17 -1 25 -1 #SUP: 31
18 -1 17 -1 29 -1 #SUP: 111
18 -1 17 -1 29 -1 8 -1 #SUP: 51
18 -1 17 -1 29 -1 8 -1 18 -1 #SUP: 33
18 -1 17 -1 29 -1 14 -1 #SUP: 35
18 -1 17 -1 29 -1 17 -1 #SUP: 40
18 -1 17 -1 29 -1 18 -1 #SUP: 54
18 -1 17 -1 29 -1 21 -1 #SUP: 30
18 -1 17 -1 29 -1 71 -1 #SUP: 42
18 -1 17 -1 29 -1 96 -1 #SUP: 30
18 -1 17 -1 30 -1 #SUP: 60
18 -1 17 -1 30 -1 8 -1 #SUP: 32
18 -1 17 -1 290 -1 #SUP: 61
18 -1 17 -1 39 -1 #SUP: 62
18 -1 17 -1 39 -1 8 -1 #SUP: 32
18 -1 17 -1 39 -1 18 -1 #SUP: 37
18 -1 17 -1 40 -1 #SUP: 90
18 -1 17 -1 40 -1 8 -1 #SUP: 46
18 -1 17 -1 40 -1 8 -1 18 -1 #SUP: 36
18 -1 17 -1 40 -1 14 -1 #SUP: 41
18 -1 17 -1 40 -1 18 -1 #SUP: 52
18 -1 17 -1 52 -1 #SUP: 73
18 -1 17 -1 52 -1 8 -1 #SUP: 34
18 -1 17 -1 52 -1 18 -1 #SUP: 38
18 -1 17 -1 52 -1 39 -1 #SUP: 30
18 -1 17 -1 52 -1 71 -1 #SUP: 31
18 -1 17 -1 54 -1 #SUP: 34
18 -1 17 -1 71 -1 #SUP: 152
18 -1 17 -1 71 -1 8 -1 #SUP: 89
18 -1 17 -1 71 -1 8 -1 8 -1 #SUP: 41
18 -1 17 -1 71 -1 8 -1 14 -1 #SUP: 35
18 -1 17 -1 71 -1 8 -1 18 -1 #SUP: 55
18 -1 17 -1 71 -1 8 -1 71 -1 #SUP: 30
18 -1 17 -1 71 -1 14 -1 #SUP: 63
18 -1 17 -1 71 -1 14 -1 8 -1 #SUP: 30
18 -1 17 -1 71 -1 14 -1 18 -1 #SUP: 31
18 -1 17 -1 71 -1 14 -1 71 -1 #SUP: 30
18 -1 17 -1 71 -1 17 -1 #SUP: 48
18 -1 17 -1 71 -1 18 -1 #SUP: 75
18 -1 17 -1 71 -1 18 -1 8 -1 #SUP: 37
18 -1 17 -1 71 -1 29 -1 #SUP: 38
18 -1 17 -1 71 -1 290 -1 #SUP: 36
18 -1 17 -1 71 -1 71 -1 #SUP: 68
18 -1 17 -1 71 -1 71 -1 8 -1 #SUP: 35
18 -1 17 -1 71 -1 92 -1 #SUP: 42
18 -1 17 -1 90 -1 #SUP: 47
18 -1 17 -1 92 -1 #SUP: 89
18 -1 17 -1 92 -1 8 -1 #SUP: 41
18 -1 17 -1 92 -1 8 -1 18 -1 #SUP: 31
18 -1 17 -1 92 -1 14 -1 #SUP: 31
18 -1 17 -1 92 -1 18 -1 #SUP: 47
18 -1 17 -1 96 -1 #SUP: 77
18 -1 17 -1 96 -1 8 -1 #SUP: 45
18 -1 17 -1 96 -1 8 -1 18 -1 #SUP: 31
18 -1 17 -1 96 -1 17 -1 #SUP: 38
18 -1 17 -1 96 -1 18 -1 #SUP: 43
18 -1 17 -1 103 -1 #SUP: 48
18 -1 17 -1 122 -1 #SUP: 43
18 -1 17 -1 206 -1 #SUP: 45
18 -1 17 -1 212 -1 #SUP: 38
18 -1 17 -1 224 -1 #SUP: 40
18 -1 17 -1 227 -1 #SUP: 31
18 -1 18 -1 #SUP: 613
18 -1 18 -1 3 -1 #SUP: 101
18 -1 18 -1 3 -1 8 -1 #SUP: 59
18 -1 18 -1 3 -1 8 -1 8 -1 #SUP: 32
18 -1 18 -1 3 -1 8 -1 18 -1 #SUP: 46
18 -1 18 -1 3 -1 14 -1 #SUP: 40
18 -1 18 -1 3 -1 18 -1 #SUP: 57
18 -1 18 -1 3 -1 71 -1 #SUP: 36
18 -1 18 -1 8 -1 #SUP: 342
18 -1 18 -1 8 -1 3 -1 #SUP: 59
18 -1 18 -1 8 -1 3 -1 8 -1 #SUP: 36
18 -1 18 -1 8 -1 3 -1 8 -1 18 -1 #SUP: 30
18 -1 18 -1 8 -1 3 -1 18 -1 #SUP: 36
18 -1 18 -1 8 -1 8 -1 #SUP: 182
18 -1 18 -1 8 -1 8 -1 8 -1 #SUP: 92
18 -1 18 -1 8 -1 8 -1 8 -1 8 -1 #SUP: 37
18 -1 18 -1 8 -1 8 -1 8 -1 14 -1 #SUP: 35
18 -1 18 -1 8 -1 8 -1 8 -1 18 -1 #SUP: 57
18 -1 18 -1 8 -1 8 -1 14 -1 #SUP: 77
18 -1 18 -1 8 -1 8 -1 14 -1 8 -1 #SUP: 45
18 -1 18 -1 8 -1 8 -1 14 -1 18 -1 #SUP: 44
18 -1 18 -1 8 -1 8 -1 17 -1 #SUP: 38
18 -1 18 -1 8 -1 8 -1 18 -1 #SUP: 124
18 -1 18 -1 8 -1 8 -1 18 -1 8 -1 #SUP: 69
18 -1 18 -1 8 -1 8 -1 18 -1 8 -1 18 -1 #SUP: 40
18 -1 18 -1 8 -1 8 -1 18 -1 14 -1 #SUP: 47
18 -1 18 -1 8 -1 8 -1 18 -1 18 -1 #SUP: 54
18 -1 18 -1 8 -1 8 -1 18 -1 18 -1 8 -1 #SUP: 31
18 -1 18 -1 8 -1 8 -1 18 -1 21 -1 #SUP: 30
18 -1 18 -1 8 -1 8 -1 18 -1 71 -1 #SUP: 39
18 -1 18 -1 8 -1 8 -1 21 -1 #SUP: 36
18 -1 18 -1 8 -1 8 -1 29 -1 #SUP: 32
18 -1 18 -1 8 -1 8 -1 71 -1 #SUP: 60
18 -1 18 -1 8 -1 14 -1 #SUP: 144
18 -1 18 -1 8 -1 14 -1 8 -1 #SUP: 93
18 -1 18 -1 8 -1 14 -1 8 -1 8 -1 #SUP: 35
18 -1 18 -1 8 -1 14 -1 8 -1 14 -1 #SUP: 32
18 -1 18 -1 8 -1 14 -1 8 -1 18 -1 #SUP: 58
18 -1 18 -1 8 -1 14 -1 14 -1 #SUP: 50
18 -1 18 -1 8 -1 14 -1 14 -1 18 -1 #SUP: 30
18 -1 18 -1 8 -1 14 -1 17 -1 #SUP: 32
18 -1 18 -1 8 -1 14 -1 18 -1 #SUP: 84
18 -1 18 -1 8 -1 14 -1 18 -1 8 -1 #SUP: 47
18 -1 18 -1 8 -1 14 -1 18 -1 8 -1 18 -1 #SUP: 32
18 -1 18 -1 8 -1 14 -1 18 -1 14 -1 #SUP: 30
18 -1 18 -1 8 -1 14 -1 18 -1 18 -1 #SUP: 44
18 -1 18 -1 8 -1 14 -1 21 -1 #SUP: 31
18 -1 18 -1 8 -1 14 -1 29 -1 #SUP: 35
18 -1 18 -1 8 -1 14 -1 71 -1 #SUP: 53
18 -1 18 -1 8 -1 17 -1 #SUP: 76
18 -1 18 -1 8 -1 17 -1 8 -1 #SUP: 42
18 -1 18 -1 8 -1 17 -1 14 -1 #SUP: 31
18 -1 18 -1 8 -1 17 -1 18 -1 #SUP: 36
18 -1 18 -1 8 -1 18 -1 #SUP: 216
18 -1 18 -1 8 -1 18 -1 3 -1 #SUP: 34
18 -1 18 -1 8 -1 18 -1 8 -1 #SUP: 123
18 -1 18 -1 8 -1 18 -1 8 -1 8 -1 #SUP: 56
18 -1 18 -1 8 -1 18 -1 8 -1 8 -1 18 -1 #SUP: 36
18 -1 18 -1 8 -1 18 -1 8 -1 14 -1 #SUP: 47
18 -1 18 -1 8 -1 18 -1 8 -1 18 -1 #SUP: 79
18 -1 18 -1 8 -1 18 -1 8 -1 18 -1 8 -1 #SUP: 44
18 -1 18 -1 8 -1 18 -1 8 -1 18 -1 14 -1 #SUP: 31
18 -1 18 -1 8 -1 18 -1 8 -1 18 -1 18 -1 #SUP: 39
18 -1 18 -1 8 -1 18 -1 8 -1 71 -1 #SUP: 38
18 -1 18 -1 8 -1 18 -1 14 -1 #SUP: 88
18 -1 18 -1 8 -1 18 -1 14 -1 8 -1 #SUP: 53
18 -1 18 -1 8 -1 18 -1 14 -1 8 -1 18 -1 #SUP: 35
18 -1 18 -1 8 -1 18 -1 14 -1 18 -1 #SUP: 53
18 -1 18 -1 8 -1 18 -1 14 -1 71 -1 #SUP: 32
18 -1 18 -1 8 -1 18 -1 17 -1 #SUP: 46
18 -1 18 -1 8 -1 18 -1 18 -1 #SUP: 100
18 -1 18 -1 8 -1 18 -1 18 -1 8 -1 #SUP: 54
18 -1 18 -1 8 -1 18 -1 18 -1 8 -1 18 -1 #SUP: 37
18 -1 18 -1 8 -1 18 -1 18 -1 14 -1 #SUP: 38
18 -1 18 -1 8 -1 18 -1 18 -1 18 -1 #SUP: 55
18 -1 18 -1 8 -1 18 -1 18 -1 71 -1 #SUP: 30
18 -1 18 -1 8 -1 18 -1 21 -1 #SUP: 51
18 -1 18 -1 8 -1 18 -1 21 -1 8 -1 #SUP: 36
18 -1 18 -1 8 -1 18 -1 21 -1 18 -1 #SUP: 31
18 -1 18 -1 8 -1 18 -1 29 -1 #SUP: 47
18 -1 18 -1 8 -1 18 -1 40 -1 #SUP: 31
18 -1 18 -1 8 -1 18 -1 318 -1 #SUP: 31
18 -1 18 -1 8 -1 18 -1 71 -1 #SUP: 75
18 -1 18 -1 8 -1 18 -1 71 -1 8 -1 #SUP: 34
18 -1 18 -1 8 -1 18 -1 71 -1 18 -1 #SUP: 33
18 -1 18 -1 8 -1 18 -1 92 -1 #SUP: 38
18 -1 18 -1 8 -1 18 -1 96 -1 #SUP: 31
18 -1 18 -1 8 -1 20 -1 #SUP: 47
18 -1 18 -1 8 -1 21 -1 #SUP: 74
18 -1 18 -1 8 -1 21 -1 8 -1 #SUP: 50
18 -1 18 -1 8 -1 21 -1 8 -1 8 -1 #SUP: 38
18 -1 18 -1 8 -1 21 -1 8 -1 18 -1 #SUP: 39
18 -1 18 -1 8 -1 21 -1 14 -1 #SUP: 33
18 -1 18 -1 8 -1 21 -1 18 -1 #SUP: 44
18 -1 18 -1 8 -1 21 -1 18 -1 8 -1 #SUP: 30
18 -1 18 -1 8 -1 23 -1 #SUP: 35
18 -1 18 -1 8 -1 29 -1 #SUP: 79
18 -1 18 -1 8 -1 29 -1 8 -1 #SUP: 44
18 -1 18 -1 8 -1 29 -1 14 -1 #SUP: 32
18 -1 18 -1 8 -1 29 -1 17 -1 #SUP: 30
18 -1 18 -1 8 -1 29 -1 18 -1 #SUP: 41
18 -1 18 -1 8 -1 29 -1 71 -1 #SUP: 34
18 -1 18 -1 8 -1 30 -1 #SUP: 36
18 -1 18 -1 8 -1 290 -1 #SUP: 55
18 -1 18 -1 8 -1 39 -1 #SUP: 40
18 -1 18 -1 8 -1 40 -1 #SUP: 48
18 -1 18 -1 8 -1 318 -1 #SUP: 38
18 -1 18 -1 8 -1 71 -1 #SUP: 131
18 -1 18 -1 8 -1 71 -1 8 -1 #SUP: 68
18 -1 18 -1 8 -1 71 -1 8 -1 18 -1 #SUP: 42
18 -1 18 -1 8 -1 71 -1 14 -1 #SUP: 51
18 -1 18 -1 8 -1 71 -1 18 -1 #SUP: 57
18 -1 18 -1 8 -1 71 -1 29 -1 #SUP: 33
18 -1 18 -1 8 -1 71 -1 71 -1 #SUP: 44
18 -1 18 -1 8 -1 92 -1 #SUP: 60
18 -1 18 -1 8 -1 92 -1 8 -1 #SUP: 34
18 -1 18 -1 8 -1 92 -1 18 -1 #SUP: 35
18 -1 18 -1 8 -1 96 -1 #SUP: 48
18 -1 18 -1 8 -1 122 -1 #SUP: 39
18 -1 18 -1 8 -1 124 -1 #SUP: 45
18 -1 18 -1 8 -1 206 -1 #SUP: 34
18 -1 18 -1 8 -1 219 -1 #SUP: 37
18 -1 18 -1 8 -1 224 -1 #SUP: 36
18 -1 18 -1 8 -1 227 -1 #SUP: 34
18 -1 18 -1 265 -1 #SUP: 44
18 -1 18 -1 14 -1 #SUP: 248
18 -1 18 -1 14 -1 3 -1 #SUP: 39
18 -1 18 -1 14 -1 8 -1 #SUP: 145
18 -1 18 -1 14 -1 8 -1 8 -1 #SUP: 64
18 -1 18 -1 14 -1 8 -1 8 -1 14 -1 #SUP: 33
18 -1 18 -1 14 -1 8 -1 8 -1 18 -1 #SUP: 44
18 -1 18 -1 14 -1 8 -1 14 -1 #SUP: 57
18 -1 18 -1 14 -1 8 -1 14 -1 8 -1 #SUP: 30
18 -1 18 -1 14 -1 8 -1 14 -1 18 -1 #SUP: 33
18 -1 18 -1 14 -1 8 -1 17 -1 #SUP: 30
18 -1 18 -1 14 -1 8 -1 18 -1 #SUP: 99
18 -1 18 -1 14 -1 8 -1 18 -1 8 -1 #SUP: 47
18 -1 18 -1 14 -1 8 -1 18 -1 8 -1 18 -1 #SUP: 34
18 -1 18 -1 14 -1 8 -1 18 -1 14 -1 #SUP: 39
18 -1 18 -1 14 -1 8 -1 18 -1 18 -1 #SUP: 42
18 -1 18 -1 14 -1 8 -1 18 -1 71 -1 #SUP: 31
18 -1 18 -1 14 -1 8 -1 71 -1 #SUP: 47
18 -1 18 -1 14 -1 14 -1 #SUP: 95
18 -1 18 -1 14 -1 14 -1 8 -1 #SUP: 50
18 -1 18 -1 14 -1 14 -1 8 -1 18 -1 #SUP: 34
18 -1 18 -1 14 -1 14 -1 14 -1 #SUP: 40
18 -1 18 -1 14 -1 14 -1 18 -1 #SUP: 54
18 -1 18 -1 14 -1 14 -1 71 -1 #SUP: 34
18 -1 18 -1 14 -1 17 -1 #SUP: 53
18 -1 18 -1 14 -1 18 -1 #SUP: 148
18 -1 18 -1 14 -1 18 -1 8 -1 #SUP: 75
18 -1 18 -1 14 -1 18 -1 8 -1 8 -1 #SUP: 33
18 -1 18 -1 14 -1 18 -1 8 -1 14 -1 #SUP: 35
18 -1 18 -1 14 -1 18 -1 8 -1 18 -1 #SUP: 52
18 -1 18 -1 14 -1 18 -1 14 -1 #SUP: 59
18 -1 18 -1 14 -1 18 -1 14 -1 8 -1 #SUP: 31
18 -1 18 -1 14 -1 18 -1 14 -1 18 -1 #SUP: 34
18 -1 18 -1 14 -1 18 -1 18 -1 #SUP: 70
18 -1 18 -1 14 -1 18 -1 18 -1 8 -1 #SUP: 35
18 -1 18 -1 14 -1 18 -1 18 -1 18 -1 #SUP: 30
18 -1 18 -1 14 -1 18 -1 21 -1 #SUP: 32
18 -1 18 -1 14 -1 18 -1 71 -1 #SUP: 49
18 -1 18 -1 14 -1 20 -1 #SUP: 37
18 -1 18 -1 14 -1 21 -1 #SUP: 64
18 -1 18 -1 14 -1 21 -1 8 -1 #SUP: 38
18 -1 18 -1 14 -1 21 -1 18 -1 #SUP: 33
18 -1 18 -1 14 -1 29 -1 #SUP: 61
18 -1 18 -1 14 -1 29 -1 8 -1 #SUP: 32
18 -1 18 -1 14 -1 29 -1 18 -1 #SUP: 31
18 -1 18 -1 14 -1 30 -1 #SUP: 31
18 -1 18 -1 14 -1 290 -1 #SUP: 39
18 -1 18 -1 14 -1 40 -1 #SUP: 43
18 -1 18 -1 14 -1 318 -1 #SUP: 33
18 -1 18 -1 14 -1 71 -1 #SUP: 93
18 -1 18 -1 14 -1 71 -1 8 -1 #SUP: 42
18 -1 18 -1 14 -1 71 -1 8 -1 18 -1 #SUP: 30
18 -1 18 -1 14 -1 71 -1 14 -1 #SUP: 36
18 -1 18 -1 14 -1 71 -1 18 -1 #SUP: 42
18 -1 18 -1 14 -1 71 -1 71 -1 #SUP: 33
18 -1 18 -1 14 -1 92 -1 #SUP: 39
18 -1 18 -1 14 -1 96 -1 #SUP: 42
18 -1 18 -1 14 -1 124 -1 #SUP: 33
18 -1 18 -1 14 -1 219 -1 #SUP: 31
18 -1 18 -1 14 -1 227 -1 #SUP: 34
18 -1 18 -1 17 -1 #SUP: 155
18 -1 18 -1 17 -1 3 -1 #SUP: 33
18 -1 18 -1 17 -1 8 -1 #SUP: 78
18 -1 18 -1 17 -1 8 -1 8 -1 #SUP: 34
18 -1 18 -1 17 -1 8 -1 14 -1 #SUP: 32
18 -1 18 -1 17 -1 8 -1 18 -1 #SUP: 49
18 -1 18 -1 17 -1 14 -1 #SUP: 54
18 -1 18 -1 17 -1 14 -1 8 -1 #SUP: 30
18 -1 18 -1 17 -1 14 -1 18 -1 #SUP: 31
18 -1 18 -1 17 -1 17 -1 #SUP: 34
18 -1 18 -1 17 -1 18 -1 #SUP: 75
18 -1 18 -1 17 -1 18 -1 8 -1 #SUP: 35
18 -1 18 -1 17 -1 18 -1 18 -1 #SUP: 31
18 -1 18 -1 17 -1 21 -1 #SUP: 37
18 -1 18 -1 17 -1 29 -1 #SUP: 41
18 -1 18 -1 17 -1 71 -1 #SUP: 53
18 -1 18 -1 18 -1 #SUP: 298
18 -1 18 -1 18 -1 3 -1 #SUP: 44
18 -1 18 -1 18 -1 8 -1 #SUP: 150
18 -1 18 -1 18 -1 8 -1 8 -1 #SUP: 80
18 -1 18 -1 18 -1 8 -1 8 -1 8 -1 #SUP: 41
18 -1 18 -1 18 -1 8 -1 8 -1 14 -1 #SUP: 40
18 -1 18 -1 18 -1 8 -1 8 -1 18 -1 #SUP: 57
18 -1 18 -1 18 -1 8 -1 14 -1 #SUP: 64
18 -1 18 -1 18 -1 8 -1 14 -1 8 -1 #SUP: 37
18 -1 18 -1 18 -1 8 -1 14 -1 18 -1 #SUP: 39
18 -1 18 -1 18 -1 8 -1 17 -1 #SUP: 31
18 -1 18 -1 18 -1 8 -1 18 -1 #SUP: 97
18 -1 18 -1 18 -1 8 -1 18 -1 8 -1 #SUP: 59
18 -1 18 -1 18 -1 8 -1 18 -1 8 -1 18 -1 #SUP: 41
18 -1 18 -1 18 -1 8 -1 18 -1 14 -1 #SUP: 39
18 -1 18 -1 18 -1 8 -1 18 -1 18 -1 #SUP: 51
18 -1 18 -1 18 -1 8 -1 18 -1 71 -1 #SUP: 30
18 -1 18 -1 18 -1 8 -1 21 -1 #SUP: 31
18 -1 18 -1 18 -1 8 -1 29 -1 #SUP: 31
18 -1 18 -1 18 -1 8 -1 71 -1 #SUP: 51
18 -1 18 -1 18 -1 14 -1 #SUP: 122
18 -1 18 -1 18 -1 14 -1 8 -1 #SUP: 73
18 -1 18 -1 18 -1 14 -1 8 -1 8 -1 #SUP: 35
18 -1 18 -1 18 -1 14 -1 8 -1 18 -1 #SUP: 50
18 -1 18 -1 18 -1 14 -1 14 -1 #SUP: 41
18 -1 18 -1 18 -1 14 -1 17 -1 #SUP: 31
18 -1 18 -1 18 -1 14 -1 18 -1 #SUP: 74
18 -1 18 -1 18 -1 14 -1 18 -1 8 -1 #SUP: 43
18 -1 18 -1 18 -1 14 -1 18 -1 8 -1 18 -1 #SUP: 30
18 -1 18 -1 18 -1 14 -1 18 -1 18 -1 #SUP: 39
18 -1 18 -1 18 -1 14 -1 71 -1 #SUP: 48
18 -1 18 -1 18 -1 17 -1 #SUP: 60
18 -1 18 -1 18 -1 17 -1 8 -1 #SUP: 35
18 -1 18 -1 18 -1 18 -1 #SUP: 131
18 -1 18 -1 18 -1 18 -1 8 -1 #SUP: 77
18 -1 18 -1 18 -1 18 -1 8 -1 8 -1 #SUP: 37
18 -1 18 -1 18 -1 18 -1 8 -1 18 -1 #SUP: 53
18 -1 18 -1 18 -1 18 -1 8 -1 18 -1 8 -1 #SUP: 30
18 -1 18 -1 18 -1 18 -1 14 -1 #SUP: 52
18 -1 18 -1 18 -1 18 -1 14 -1 8 -1 #SUP: 30
18 -1 18 -1 18 -1 18 -1 14 -1 18 -1 #SUP: 34
18 -1 18 -1 18 -1 18 -1 18 -1 #SUP: 74
18 -1 18 -1 18 -1 18 -1 18 -1 8 -1 #SUP: 41
18 -1 18 -1 18 -1 18 -1 18 -1 18 -1 #SUP: 31
18 -1 18 -1 18 -1 18 -1 71 -1 #SUP: 42
18 -1 18 -1 18 -1 20 -1 #SUP: 40
18 -1 18 -1 18 -1 21 -1 #SUP: 75
18 -1 18 -1 18 -1 21 -1 8 -1 #SUP: 47
18 -1 18 -1 18 -1 21 -1 8 -1 8 -1 #SUP: 35
18 -1 18 -1 18 -1 21 -1 8 -1 18 -1 #SUP: 33
18 -1 18 -1 18 -1 21 -1 14 -1 #SUP: 32
18 -1 18 -1 18 -1 21 -1 18 -1 #SUP: 41
18 -1 18 -1 18 -1 29 -1 #SUP: 64
18 -1 18 -1 18 -1 29 -1 8 -1 #SUP: 32
18 -1 18 -1 18 -1 29 -1 18 -1 #SUP: 30
18 -1 18 -1 18 -1 30 -1 #SUP: 31
18 -1 18 -1 18 -1 290 -1 #SUP: 41
18 -1 18 -1 18 -1 39 -1 #SUP: 31
18 -1 18 -1 18 -1 40 -1 #SUP: 47
18 -1 18 -1 18 -1 318 -1 #SUP: 41
18 -1 18 -1 18 -1 71 -1 #SUP: 106
18 -1 18 -1 18 -1 71 -1 8 -1 #SUP: 54
18 -1 18 -1 18 -1 71 -1 8 -1 18 -1 #SUP: 35
18 -1 18 -1 18 -1 71 -1 14 -1 #SUP: 42
18 -1 18 -1 18 -1 71 -1 18 -1 #SUP: 52
18 -1 18 -1 18 -1 71 -1 18 -1 8 -1 #SUP: 30
18 -1 18 -1 18 -1 71 -1 71 -1 #SUP: 39
18 -1 18 -1 18 -1 92 -1 #SUP: 56
18 -1 18 -1 18 -1 96 -1 #SUP: 41
18 -1 18 -1 18 -1 122 -1 #SUP: 43
18 -1 18 -1 18 -1 124 -1 #SUP: 37
18 -1 18 -1 18 -1 206 -1 #SUP: 33
18 -1 18 -1 18 -1 219 -1 #SUP: 35
18 -1 18 -1 18 -1 224 -1 #SUP: 34
18 -1 18 -1 18 -1 227 -1 #SUP: 41
18 -1 18 -1 19 -1 #SUP: 47
18 -1 18 -1 20 -1 #SUP: 100
18 -1 18 -1 20 -1 8 -1 #SUP: 52
18 -1 18 -1 20 -1 8 -1 18 -1 #SUP: 32
18 -1 18 -1 20 -1 14 -1 #SUP: 39
18 -1 18 -1 20 -1 18 -1 #SUP: 48
18 -1 18 -1 20 -1 71 -1 #SUP: 36
18 -1 18 -1 21 -1 #SUP: 155
18 -1 18 -1 21 -1 8 -1 #SUP: 89
18 -1 18 -1 21 -1 8 -1 8 -1 #SUP: 57
18 -1 18 -1 21 -1 8 -1 8 -1 18 -1 #SUP: 37
18 -1 18 -1 21 -1 8 -1 14 -1 #SUP: 36
18 -1 18 -1 21 -1 8 -1 18 -1 #SUP: 65
18 -1 18 -1 21 -1 8 -1 18 -1 8 -1 #SUP: 41
18 -1 18 -1 21 -1 8 -1 18 -1 18 -1 #SUP: 35
18 -1 18 -1 21 -1 14 -1 #SUP: 59
18 -1 18 -1 21 -1 14 -1 8 -1 #SUP: 33
18 -1 18 -1 21 -1 14 -1 18 -1 #SUP: 32
18 -1 18 -1 21 -1 17 -1 #SUP: 34
18 -1 18 -1 21 -1 18 -1 #SUP: 84
18 -1 18 -1 21 -1 18 -1 8 -1 #SUP: 47
18 -1 18 -1 21 -1 18 -1 8 -1 18 -1 #SUP: 35
18 -1 18 -1 21 -1 18 -1 14 -1 #SUP: 30
18 -1 18 -1 21 -1 18 -1 18 -1 #SUP: 42
18 -1 18 -1 21 -1 21 -1 #SUP: 40
18 -1 18 -1 21 -1 29 -1 #SUP: 32
18 -1 18 -1 21 -1 71 -1 #SUP: 49
18 -1 18 -1 21 -1 92 -1 #SUP: 31
18 -1 18 -1 23 -1 #SUP: 66
18 -1 18 -1 23 -1 18 -1 #SUP: 37
18 -1 18 -1 24 -1 #SUP: 31
18 -1 18 -1 25 -1 #SUP: 40
18 -1 18 -1 29 -1 #SUP: 158
18 -1 18 -1 29 -1 3 -1 #SUP: 34
18 -1 18 -1 29 -1 8 -1 #SUP: 81
18 -1 18 -1 29 -1 8 -1 8 -1 #SUP: 40
18 -1 18 -1 29 -1 8 -1 8 -1 18 -1 #SUP: 30
18 -1 18 -1 29 -1 8 -1 14 -1 #SUP: 37
18 -1 18 -1 29 -1 8 -1 18 -1 #SUP: 49
18 -1 18 -1 29 -1 14 -1 #SUP: 61
18 -1 18 -1 29 -1 14 -1 8 -1 #SUP: 32
18 -1 18 -1 29 -1 14 -1 18 -1 #SUP: 32
18 -1 18 -1 29 -1 17 -1 #SUP: 60
18 -1 18 -1 29 -1 17 -1 18 -1 #SUP: 32
18 -1 18 -1 29 -1 18 -1 #SUP: 80
18 -1 18 -1 29 -1 18 -1 8 -1 #SUP: 40
18 -1 18 -1 29 -1 18 -1 14 -1 #SUP: 32
18 -1 18 -1 29 -1 18 -1 18 -1 #SUP: 40
18 -1 18 -1 29 -1 21 -1 #SUP: 46
18 -1 18 -1 29 -1 29 -1 #SUP: 37
18 -1 18 -1 29 -1 290 -1 #SUP: 32
18 -1 18 -1 29 -1 40 -1 #SUP: 30
18 -1 18 -1 29 -1 71 -1 #SUP: 65
18 -1 18 -1 29 -1 71 -1 8 -1 #SUP: 30
18 -1 18 -1 29 -1 71 -1 18 -1 #SUP: 31
18 -1 18 -1 29 -1 96 -1 #SUP: 37
18 -1 18 -1 30 -1 #SUP: 84
18 -1 18 -1 30 -1 8 -1 #SUP: 37
18 -1 18 -1 30 -1 18 -1 #SUP: 35
18 -1 18 -1 33 -1 #SUP: 36
18 -1 18 -1 290 -1 #SUP: 95
18 -1 18 -1 290 -1 8 -1 #SUP: 42
18 -1 18 -1 290 -1 18 -1 #SUP: 45
18 -1 18 -1 290 -1 71 -1 #SUP: 38
18 -1 18 -1 292 -1 #SUP: 53
18 -1 18 -1 292 -1 8 -1 #SUP: 32
18 -1 18 -1 292 -1 18 -1 #SUP: 32
18 -1 18 -1 39 -1 #SUP: 73
18 -1 18 -1 39 -1 8 -1 #SUP: 37
18 -1 18 -1 39 -1 18 -1 #SUP: 44
18 -1 18 -1 40 -1 #SUP: 119
18 -1 18 -1 40 -1 8 -1 #SUP: 60
18 -1 18 -1 40 -1 8 -1 18 -1 #SUP: 40
18 -1 18 -1 40 -1 14 -1 #SUP: 42
18 -1 18 -1 40 -1 18 -1 #SUP: 66
18 -1 18 -1 40 -1 18 -1 8 -1 #SUP: 34
18 -1 18 -1 40 -1 29 -1 #SUP: 33
18 -1 18 -1 40 -1 71 -1 #SUP: 43
18 -1 18 -1 40 -1 92 -1 #SUP: 33
18 -1 18 -1 45 -1 #SUP: 32
18 -1 18 -1 307 -1 #SUP: 34
18 -1 18 -1 52 -1 #SUP: 68
18 -1 18 -1 52 -1 18 -1 #SUP: 35
18 -1 18 -1 54 -1 #SUP: 52
18 -1 18 -1 54 -1 14 -1 #SUP: 30
18 -1 18 -1 318 -1 #SUP: 75
18 -1 18 -1 318 -1 8 -1 #SUP: 31
18 -1 18 -1 63 -1 #SUP: 40
18 -1 18 -1 71 -1 #SUP: 221
18 -1 18 -1 71 -1 3 -1 #SUP: 34
18 -1 18 -1 71 -1 8 -1 #SUP: 113
18 -1 18 -1 71 -1 8 -1 8 -1 #SUP: 50
18 -1 18 -1 71 -1 8 -1 8 -1 18 -1 #SUP: 35
18 -1 18 -1 71 -1 8 -1 14 -1 #SUP: 47
18 -1 18 -1 71 -1 8 -1 18 -1 #SUP: 74
18 -1 18 -1 71 -1 8 -1 18 -1 8 -1 #SUP: 42
18 -1 18 -1 71 -1 8 -1 18 -1 18 -1 #SUP: 33
18 -1 18 -1 71 -1 8 -1 71 -1 #SUP: 40
18 -1 18 -1 71 -1 14 -1 #SUP: 91
18 -1 18 -1 71 -1 14 -1 8 -1 #SUP: 49
18 -1 18 -1 71 -1 14 -1 8 -1 18 -1 #SUP: 35
18 -1 18 -1 71 -1 14 -1 14 -1 #SUP: 34
18 -1 18 -1 71 -1 14 -1 18 -1 #SUP: 48
18 -1 18 -1 71 -1 14 -1 71 -1 #SUP: 39
18 -1 18 -1 71 -1 17 -1 #SUP: 45
18 -1 18 -1 71 -1 18 -1 #SUP: 103
18 -1 18 -1 71 -1 18 -1 8 -1 #SUP: 54
18 -1 18 -1 71 -1 18 -1 8 -1 18 -1 #SUP: 35
18 -1 18 -1 71 -1 18 -1 14 -1 #SUP: 39
18 -1 18 -1 71 -1 18 -1 18 -1 #SUP: 44
18 -1 18 -1 71 -1 18 -1 71 -1 #SUP: 39
18 -1 18 -1 71 -1 20 -1 #SUP: 37
18 -1 18 -1 71 -1 21 -1 #SUP: 47
18 -1 18 -1 71 -1 21 -1 8 -1 #SUP: 32
18 -1 18 -1 71 -1 29 -1 #SUP: 55
18 -1 18 -1 71 -1 290 -1 #SUP: 55
18 -1 18 -1 71 -1 40 -1 #SUP: 35
18 -1 18 -1 71 -1 318 -1 #SUP: 33
18 -1 18 -1 71 -1 71 -1 #SUP: 87
18 -1 18 -1 71 -1 71 -1 8 -1 #SUP: 34
18 -1 18 -1 71 -1 71 -1 14 -1 #SUP: 32
18 -1 18 -1 71 -1 71 -1 18 -1 #SUP: 38
18 -1 18 -1 71 -1 71 -1 71 -1 #SUP: 30
18 -1 18 -1 71 -1 92 -1 #SUP: 46
18 -1 18 -1 71 -1 96 -1 #SUP: 32
18 -1 18 -1 71 -1 122 -1 #SUP: 33
18 -1 18 -1 71 -1 219 -1 #SUP: 37
18 -1 18 -1 74 -1 #SUP: 36
18 -1 18 -1 347 -1 #SUP: 32
18 -1 18 -1 92 -1 #SUP: 124
18 -1 18 -1 92 -1 8 -1 #SUP: 55
18 -1 18 -1 92 -1 8 -1 18 -1 #SUP: 35
18 -1 18 -1 92 -1 14 -1 #SUP: 38
18 -1 18 -1 92 -1 18 -1 #SUP: 66
18 -1 18 -1 92 -1 18 -1 8 -1 #SUP: 34
18 -1 18 -1 92 -1 21 -1 #SUP: 32
18 -1 18 -1 92 -1 29 -1 #SUP: 30
18 -1 18 -1 92 -1 71 -1 #SUP: 47
18 -1 18 -1 92 -1 92 -1 #SUP: 42
18 -1 18 -1 96 -1 #SUP: 107
18 -1 18 -1 96 -1 8 -1 #SUP: 58
18 -1 18 -1 96 -1 8 -1 18 -1 #SUP: 37
18 -1 18 -1 96 -1 14 -1 #SUP: 44
18 -1 18 -1 96 -1 17 -1 #SUP: 40
18 -1 18 -1 96 -1 18 -1 #SUP: 56
18 -1 18 -1 96 -1 29 -1 #SUP: 31
18 -1 18 -1 96 -1 71 -1 #SUP: 43
18 -1 18 -1 103 -1 #SUP: 56
18 -1 18 -1 103 -1 8 -1 #SUP: 33
18 -1 18 -1 103 -1 18 -1 #SUP: 35
18 -1 18 -1 122 -1 #SUP: 73
18 -1 18 -1 122 -1 18 -1 #SUP: 31
18 -1 18 -1 124 -1 #SUP: 74
18 -1 18 -1 124 -1 8 -1 #SUP: 40
18 -1 18 -1 124 -1 14 -1 #SUP: 33
18 -1 18 -1 124 -1 18 -1 #SUP: 39
18 -1 18 -1 124 -1 71 -1 #SUP: 34
18 -1 18 -1 174 -1 #SUP: 36
18 -1 18 -1 186 -1 #SUP: 41
18 -1 18 -1 197 -1 #SUP: 33
18 -1 18 -1 206 -1 #SUP: 75
18 -1 18 -1 206 -1 8 -1 #SUP: 36
18 -1 18 -1 206 -1 18 -1 #SUP: 38
18 -1 18 -1 212 -1 #SUP: 35
18 -1 18 -1 219 -1 #SUP: 75
18 -1 18 -1 219 -1 8 -1 #SUP: 33
18 -1 18 -1 219 -1 18 -1 #SUP: 36
18 -1 18 -1 219 -1 71 -1 #SUP: 33
18 -1 18 -1 224 -1 #SUP: 72
18 -1 18 -1 224 -1 8 -1 #SUP: 37
18 -1 18 -1 224 -1 18 -1 #SUP: 37
18 -1 18 -1 224 -1 71 -1 #SUP: 36
18 -1 18 -1 224 -1 225 -1 #SUP: 32
18 -1 18 -1 225 -1 #SUP: 48
18 -1 18 -1 227 -1 #SUP: 81
18 -1 18 -1 227 -1 8 -1 #SUP: 30
18 -1 18 -1 227 -1 14 -1 #SUP: 31
18 -1 18 -1 227 -1 18 -1 #SUP: 31
18 -1 274 -1 #SUP: 37
18 -1 19 -1 #SUP: 122
18 -1 19 -1 8 -1 #SUP: 68
18 -1 19 -1 8 -1 8 -1 #SUP: 32
18 -1 19 -1 8 -1 14 -1 #SUP: 36
18 -1 19 -1 8 -1 18 -1 #SUP: 46
18 -1 19 -1 14 -1 #SUP: 59
18 -1 19 -1 14 -1 18 -1 #SUP: 32
18 -1 19 -1 17 -1 #SUP: 39
18 -1 19 -1 18 -1 #SUP: 64
18 -1 19 -1 21 -1 #SUP: 34
18 -1 19 -1 29 -1 #SUP: 38
18 -1 19 -1 71 -1 #SUP: 58
18 -1 19 -1 71 -1 8 -1 #SUP: 32
18 -1 19 -1 92 -1 #SUP: 38
18 -1 19 -1 122 -1 #SUP: 30
18 -1 20 -1 #SUP: 212
18 -1 20 -1 3 -1 #SUP: 34
18 -1 20 -1 8 -1 #SUP: 117
18 -1 20 -1 8 -1 8 -1 #SUP: 51
18 -1 20 -1 8 -1 8 -1 18 -1 #SUP: 32
18 -1 20 -1 8 -1 14 -1 #SUP: 43
18 -1 20 -1 8 -1 18 -1 #SUP: 76
18 -1 20 -1 8 -1 18 -1 8 -1 #SUP: 38
18 -1 20 -1 8 -1 18 -1 18 -1 #SUP: 31
18 -1 20 -1 8 -1 71 -1 #SUP: 36
18 -1 20 -1 14 -1 #SUP: 93
18 -1 20 -1 14 -1 8 -1 #SUP: 45
18 -1 20 -1 14 -1 8 -1 18 -1 #SUP: 30
18 -1 20 -1 14 -1 18 -1 #SUP: 48
18 -1 20 -1 14 -1 71 -1 #SUP: 31
18 -1 20 -1 17 -1 #SUP: 58
18 -1 20 -1 17 -1 8 -1 #SUP: 30
18 -1 20 -1 18 -1 #SUP: 107
18 -1 20 -1 18 -1 8 -1 #SUP: 53
18 -1 20 -1 18 -1 14 -1 #SUP: 34
18 -1 20 -1 18 -1 18 -1 #SUP: 43
18 -1 20 -1 18 -1 71 -1 #SUP: 35
18 -1 20 -1 20 -1 #SUP: 46
18 -1 20 -1 21 -1 #SUP: 69
18 -1 20 -1 21 -1 8 -1 #SUP: 36
18 -1 20 -1 21 -1 18 -1 #SUP: 30
18 -1 20 -1 29 -1 #SUP: 53
18 -1 20 -1 30 -1 #SUP: 43
18 -1 20 -1 290 -1 #SUP: 41
18 -1 20 -1 40 -1 #SUP: 60
18 -1 20 -1 52 -1 #SUP: 32
18 -1 20 -1 71 -1 #SUP: 88
18 -1 20 -1 71 -1 8 -1 #SUP: 41
18 -1 20 -1 71 -1 14 -1 #SUP: 31
18 -1 20 -1 71 -1 18 -1 #SUP: 35
18 -1 20 -1 71 -1 71 -1 #SUP: 32
18 -1 20 -1 92 -1 #SUP: 54
18 -1 20 -1 96 -1 #SUP: 34
18 -1 20 -1 103 -1 #SUP: 31
18 -1 20 -1 124 -1 #SUP: 40
18 -1 20 -1 206 -1 #SUP: 35
18 -1 20 -1 219 -1 #SUP: 37
18 -1 276 -1 #SUP: 30
18 -1 21 -1 #SUP: 339
18 -1 21 -1 3 -1 #SUP: 55
18 -1 21 -1 3 -1 8 -1 #SUP: 33
18 -1 21 -1 8 -1 #SUP: 221
18 -1 21 -1 8 -1 3 -1 #SUP: 35
18 -1 21 -1 8 -1 8 -1 #SUP: 124
18 -1 21 -1 8 -1 8 -1 8 -1 #SUP: 51
18 -1 21 -1 8 -1 8 -1 14 -1 #SUP: 43
18 -1 21 -1 8 -1 8 -1 17 -1 #SUP: 30
18 -1 21 -1 8 -1 8 -1 18 -1 #SUP: 74
18 -1 21 -1 8 -1 8 -1 18 -1 8 -1 #SUP: 36
18 -1 21 -1 8 -1 8 -1 18 -1 18 -1 #SUP: 31
18 -1 21 -1 8 -1 8 -1 71 -1 #SUP: 38
18 -1 21 -1 8 -1 14 -1 #SUP: 88
18 -1 21 -1 8 -1 14 -1 8 -1 #SUP: 55
18 -1 21 -1 8 -1 14 -1 8 -1 18 -1 #SUP: 38
18 -1 21 -1 8 -1 14 -1 18 -1 #SUP: 50
18 -1 21 -1 8 -1 17 -1 #SUP: 59
18 -1 21 -1 8 -1 18 -1 #SUP: 154
18 -1 21 -1 8 -1 18 -1 8 -1 #SUP: 91
18 -1 21 -1 8 -1 18 -1 8 -1 8 -1 #SUP: 36
18 -1 21 -1 8 -1 18 -1 8 -1 14 -1 #SUP: 31
18 -1 21 -1 8 -1 18 -1 8 -1 18 -1 #SUP: 57
18 -1 21 -1 8 -1 18 -1 14 -1 #SUP: 55
18 -1 21 -1 8 -1 18 -1 14 -1 8 -1 #SUP: 35
18 -1 21 -1 8 -1 18 -1 14 -1 18 -1 #SUP: 35
18 -1 21 -1 8 -1 18 -1 17 -1 #SUP: 35
18 -1 21 -1 8 -1 18 -1 18 -1 #SUP: 73
18 -1 21 -1 8 -1 18 -1 18 -1 8 -1 #SUP: 34
18 -1 21 -1 8 -1 18 -1 18 -1 18 -1 #SUP: 32
18 -1 21 -1 8 -1 18 -1 21 -1 #SUP: 36
18 -1 21 -1 8 -1 18 -1 71 -1 #SUP: 49
18 -1 21 -1 8 -1 21 -1 #SUP: 58
18 -1 21 -1 8 -1 21 -1 8 -1 #SUP: 30
18 -1 21 -1 8 -1 21 -1 18 -1 #SUP: 30
18 -1 21 -1 8 -1 29 -1 #SUP: 44
18 -1 21 -1 8 -1 40 -1 #SUP: 36
18 -1 21 -1 8 -1 71 -1 #SUP: 69
18 -1 21 -1 8 -1 71 -1 8 -1 #SUP: 40
18 -1 21 -1 8 -1 92 -1 #SUP: 34
18 -1 21 -1 8 -1 96 -1 #SUP: 34
18 -1 21 -1 8 -1 224 -1 #SUP: 30
18 -1 21 -1 14 -1 #SUP: 137
18 -1 21 -1 14 -1 8 -1 #SUP: 80
18 -1 21 -1 14 -1 8 -1 8 -1 #SUP: 40
18 -1 21 -1 14 -1 8 -1 14 -1 #SUP: 31
18 -1 21 -1 14 -1 8 -1 18 -1 #SUP: 57
18 -1 21 -1 14 -1 8 -1 18 -1 8 -1 #SUP: 31
18 -1 21 -1 14 -1 14 -1 #SUP: 42
18 -1 21 -1 14 -1 18 -1 #SUP: 81
18 -1 21 -1 14 -1 18 -1 8 -1 #SUP: 41
18 -1 21 -1 14 -1 18 -1 18 -1 #SUP: 34
18 -1 21 -1 14 -1 21 -1 #SUP: 43
18 -1 21 -1 14 -1 29 -1 #SUP: 30
18 -1 21 -1 14 -1 71 -1 #SUP: 46
18 -1 21 -1 17 -1 #SUP: 91
18 -1 21 -1 17 -1 8 -1 #SUP: 44
18 -1 21 -1 17 -1 14 -1 #SUP: 33
18 -1 21 -1 17 -1 18 -1 #SUP: 44
18 -1 21 -1 18 -1 #SUP: 192
18 -1 21 -1 18 -1 8 -1 #SUP: 107
18 -1 21 -1 18 -1 8 -1 8 -1 #SUP: 50
18 -1 21 -1 18 -1 8 -1 8 -1 18 -1 #SUP: 32
18 -1 21 -1 18 -1 8 -1 14 -1 #SUP: 41
18 -1 21 -1 18 -1 8 -1 18 -1 #SUP: 66
18 -1 21 -1 18 -1 8 -1 18 -1 8 -1 #SUP: 35
18 -1 21 -1 18 -1 8 -1 18 -1 18 -1 #SUP: 30
18 -1 21 -1 18 -1 8 -1 71 -1 #SUP: 40
18 -1 21 -1 18 -1 14 -1 #SUP: 72
18 -1 21 -1 18 -1 14 -1 8 -1 #SUP: 46
18 -1 21 -1 18 -1 14 -1 8 -1 18 -1 #SUP: 33
18 -1 21 -1 18 -1 14 -1 18 -1 #SUP: 46
18 -1 21 -1 18 -1 17 -1 #SUP: 46
18 -1 21 -1 18 -1 18 -1 #SUP: 88
18 -1 21 -1 18 -1 18 -1 8 -1 #SUP: 46
18 -1 21 -1 18 -1 18 -1 8 -1 18 -1 #SUP: 33
18 -1 21 -1 18 -1 18 -1 14 -1 #SUP: 37
18 -1 21 -1 18 -1 18 -1 18 -1 #SUP: 45
18 -1 21 -1 18 -1 21 -1 #SUP: 48
18 -1 21 -1 18 -1 21 -1 18 -1 #SUP: 30
18 -1 21 -1 18 -1 29 -1 #SUP: 39
18 -1 21 -1 18 -1 40 -1 #SUP: 33
18 -1 21 -1 18 -1 71 -1 #SUP: 64
18 -1 21 -1 18 -1 71 -1 8 -1 #SUP: 35
18 -1 21 -1 18 -1 71 -1 18 -1 #SUP: 30
18 -1 21 -1 18 -1 92 -1 #SUP: 30
18 -1 21 -1 20 -1 #SUP: 56
18 -1 21 -1 21 -1 #SUP: 96
18 -1 21 -1 21 -1 8 -1 #SUP: 50
18 -1 21 -1 21 -1 8 -1 8 -1 #SUP: 30
18 -1 21 -1 21 -1 8 -1 18 -1 #SUP: 35
18 -1 21 -1 21 -1 18 -1 #SUP: 48
18 -1 21 -1 23 -1 #SUP: 31
18 -1 21 -1 29 -1 #SUP: 77
18 -1 21 -1 29 -1 8 -1 #SUP: 40
18 -1 21 -1 29 -1 17 -1 #SUP: 32
18 -1 21 -1 29 -1 18 -1 #SUP: 38
18 -1 21 -1 29 -1 71 -1 #SUP: 31
18 -1 21 -1 30 -1 #SUP: 49
18 -1 21 -1 290 -1 #SUP: 48
18 -1 21 -1 39 -1 #SUP: 40
18 -1 21 -1 40 -1 #SUP: 68
18 -1 21 -1 40 -1 8 -1 #SUP: 37
18 -1 21 -1 40 -1 18 -1 #SUP: 40
18 -1 21 -1 52 -1 #SUP: 47
18 -1 21 -1 54 -1 #SUP: 36
18 -1 21 -1 318 -1 #SUP: 34
18 -1 21 -1 71 -1 #SUP: 117
18 -1 21 -1 71 -1 8 -1 #SUP: 62
18 -1 21 -1 71 -1 8 -1 8 -1 #SUP: 30
18 -1 21 -1 71 -1 8 -1 18 -1 #SUP: 37
18 -1 21 -1 71 -1 14 -1 #SUP: 48
18 -1 21 -1 71 -1 18 -1 #SUP: 53
18 -1 21 -1 71 -1 18 -1 8 -1 #SUP: 31
18 -1 21 -1 71 -1 29 -1 #SUP: 30
18 -1 21 -1 71 -1 71 -1 #SUP: 48
18 -1 21 -1 92 -1 #SUP: 79
18 -1 21 -1 92 -1 8 -1 #SUP: 38
18 -1 21 -1 92 -1 18 -1 #SUP: 40
18 -1 21 -1 96 -1 #SUP: 54
18 -1 21 -1 96 -1 8 -1 #SUP: 36
18 -1 21 -1 96 -1 18 -1 #SUP: 35
18 -1 21 -1 122 -1 #SUP: 36
18 -1 21 -1 124 -1 #SUP: 38
18 -1 21 -1 206 -1 #SUP: 39
18 -1 21 -1 219 -1 #SUP: 42
18 -1 21 -1 224 -1 #SUP: 44
18 -1 21 -1 227 -1 #SUP: 53
18 -1 22 -1 #SUP: 37
18 -1 23 -1 #SUP: 130
18 -1 23 -1 8 -1 #SUP: 53
18 -1 23 -1 8 -1 18 -1 #SUP: 35
18 -1 23 -1 14 -1 #SUP: 48
18 -1 23 -1 18 -1 #SUP: 65
18 -1 23 -1 71 -1 #SUP: 44
18 -1 24 -1 #SUP: 75
18 -1 24 -1 8 -1 #SUP: 34
18 -1 24 -1 14 -1 #SUP: 34
18 -1 24 -1 18 -1 #SUP: 39
18 -1 25 -1 #SUP: 79
18 -1 25 -1 8 -1 #SUP: 44
18 -1 25 -1 18 -1 #SUP: 36
18 -1 25 -1 71 -1 #SUP: 35
18 -1 537 -1 #SUP: 30
18 -1 26 -1 #SUP: 60
18 -1 27 -1 #SUP: 53
18 -1 27 -1 8 -1 #SUP: 31
18 -1 29 -1 #SUP: 337
18 -1 29 -1 3 -1 #SUP: 73
18 -1 29 -1 3 -1 8 -1 #SUP: 42
18 -1 29 -1 3 -1 8 -1 18 -1 #SUP: 32
18 -1 29 -1 3 -1 18 -1 #SUP: 39
18 -1 29 -1 8 -1 #SUP: 195
18 -1 29 -1 8 -1 8 -1 #SUP: 92
18 -1 29 -1 8 -1 8 -1 8 -1 #SUP: 39
18 -1 29 -1 8 -1 8 -1 14 -1 #SUP: 40
18 -1 29 -1 8 -1 8 -1 18 -1 #SUP: 62
18 -1 29 -1 8 -1 14 -1 #SUP: 73
18 -1 29 -1 8 -1 14 -1 8 -1 #SUP: 44
18 -1 29 -1 8 -1 14 -1 8 -1 18 -1 #SUP: 35
18 -1 29 -1 8 -1 14 -1 18 -1 #SUP: 45
18 -1 29 -1 8 -1 17 -1 #SUP: 50
18 -1 29 -1 8 -1 18 -1 #SUP: 114
18 -1 29 -1 8 -1 18 -1 8 -1 #SUP: 61
18 -1 29 -1 8 -1 18 -1 8 -1 18 -1 #SUP: 43
18 -1 29 -1 8 -1 18 -1 14 -1 #SUP: 47
18 -1 29 -1 8 -1 18 -1 14 -1 18 -1 #SUP: 31
18 -1 29 -1 8 -1 18 -1 18 -1 #SUP: 59
18 -1 29 -1 8 -1 18 -1 71 -1 #SUP: 36
18 -1 29 -1 8 -1 21 -1 #SUP: 44
18 -1 29 -1 8 -1 29 -1 #SUP: 45
18 -1 29 -1 8 -1 40 -1 #SUP: 33
18 -1 29 -1 8 -1 71 -1 #SUP: 58
18 -1 29 -1 8 -1 92 -1 #SUP: 36
18 -1 29 -1 8 -1 96 -1 #SUP: 30
18 -1 29 -1 265 -1 #SUP: 40
18 -1 29 -1 14 -1 #SUP: 135
18 -1 29 -1 14 -1 8 -1 #SUP: 66
18 -1 29 -1 14 -1 8 -1 8 -1 #SUP: 31
18 -1 29 -1 14 -1 8 -1 18 -1 #SUP: 45
18 -1 29 -1 14 -1 14 -1 #SUP: 48
18 -1 29 -1 14 -1 18 -1 #SUP: 65
18 -1 29 -1 14 -1 21 -1 #SUP: 33
18 -1 29 -1 14 -1 71 -1 #SUP: 45
18 -1 29 -1 17 -1 #SUP: 140
18 -1 29 -1 17 -1 8 -1 #SUP: 68
18 -1 29 -1 17 -1 8 -1 18 -1 #SUP: 45
18 -1 29 -1 17 -1 14 -1 #SUP: 55
18 -1 29 -1 17 -1 17 -1 #SUP: 30
18 -1 29 -1 17 -1 18 -1 #SUP: 72
18 -1 29 -1 17 -1 18 -1 8 -1 #SUP: 34
18 -1 29 -1 17 -1 18 -1 18 -1 #SUP: 36
18 -1 29 -1 17 -1 21 -1 #SUP: 30
18 -1 29 -1 17 -1 29 -1 #SUP: 31
18 -1 29 -1 17 -1 40 -1 #SUP: 36
18 -1 29 -1 17 -1 71 -1 #SUP: 59
18 -1 29 -1 17 -1 71 -1 8 -1 #SUP: 33
18 -1 29 -1 17 -1 71 -1 18 -1 #SUP: 31
18 -1 29 -1 18 -1 #SUP: 174
18 -1 29 -1 18 -1 8 -1 #SUP: 89
18 -1 29 -1 18 -1 8 -1 8 -1 #SUP: 39
18 -1 29 -1 18 -1 8 -1 8 -1 18 -1 #SUP: 30
18 -1 29 -1 18 -1 8 -1 14 -1 #SUP: 44
18 -1 29 -1 18 -1 8 -1 18 -1 #SUP: 58
18 -1 29 -1 18 -1 8 -1 71 -1 #SUP: 31
18 -1 29 -1 18 -1 14 -1 #SUP: 71
18 -1 29 -1 18 -1 14 -1 8 -1 #SUP: 38
18 -1 29 -1 18 -1 14 -1 8 -1 18 -1 #SUP: 30
18 -1 29 -1 18 -1 14 -1 18 -1 #SUP: 44
18 -1 29 -1 18 -1 17 -1 #SUP: 41
18 -1 29 -1 18 -1 18 -1 #SUP: 89
18 -1 29 -1 18 -1 18 -1 8 -1 #SUP: 33
18 -1 29 -1 18 -1 18 -1 14 -1 #SUP: 30
18 -1 29 -1 18 -1 18 -1 18 -1 #SUP: 35
18 -1 29 -1 18 -1 21 -1 #SUP: 39
18 -1 29 -1 18 -1 29 -1 #SUP: 47
18 -1 29 -1 18 -1 40 -1 #SUP: 32
18 -1 29 -1 18 -1 71 -1 #SUP: 60
18 -1 29 -1 18 -1 71 -1 14 -1 #SUP: 31
18 -1 29 -1 18 -1 71 -1 18 -1 #SUP: 31
18 -1 29 -1 18 -1 92 -1 #SUP: 30
18 -1 29 -1 18 -1 96 -1 #SUP: 32
18 -1 29 -1 19 -1 #SUP: 30
18 -1 29 -1 20 -1 #SUP: 53
18 -1 29 -1 21 -1 #SUP: 105
18 -1 29 -1 21 -1 8 -1 #SUP: 61
18 -1 29 -1 21 -1 8 -1 8 -1 #SUP: 34
18 -1 29 -1 21 -1 8 -1 18 -1 #SUP: 41
18 -1 29 -1 21 -1 14 -1 #SUP: 36
18 -1 29 -1 21 -1 18 -1 #SUP: 53
18 -1 29 -1 23 -1 #SUP: 31
18 -1 29 -1 29 -1 #SUP: 90
18 -1 29 -1 29 -1 8 -1 #SUP: 44
18 -1 29 -1 29 -1 14 -1 #SUP: 32
18 -1 29 -1 29 -1 18 -1 #SUP: 44
18 -1 29 -1 29 -1 71 -1 #SUP: 32
18 -1 29 -1 30 -1 #SUP: 66
18 -1 29 -1 30 -1 8 -1 #SUP: 31
18 -1 29 -1 290 -1 #SUP: 71
18 -1 29 -1 290 -1 8 -1 #SUP: 35
18 -1 29 -1 290 -1 18 -1 #SUP: 33
18 -1 29 -1 39 -1 #SUP: 59
18 -1 29 -1 39 -1 18 -1 #SUP: 33
18 -1 29 -1 40 -1 #SUP: 75
18 -1 29 -1 40 -1 8 -1 #SUP: 31
18 -1 29 -1 40 -1 18 -1 #SUP: 36
18 -1 29 -1 52 -1 #SUP: 54
18 -1 29 -1 52 -1 18 -1 #SUP: 30
18 -1 29 -1 54 -1 #SUP: 33
18 -1 29 -1 318 -1 #SUP: 41
18 -1 29 -1 63 -1 #SUP: 32
18 -1 29 -1 71 -1 #SUP: 142
18 -1 29 -1 71 -1 8 -1 #SUP: 75
18 -1 29 -1 71 -1 8 -1 8 -1 #SUP: 34
18 -1 29 -1 71 -1 8 -1 14 -1 #SUP: 35
18 -1 29 -1 71 -1 8 -1 18 -1 #SUP: 46
18 -1 29 -1 71 -1 14 -1 #SUP: 63
18 -1 29 -1 71 -1 14 -1 18 -1 #SUP: 31
18 -1 29 -1 71 -1 17 -1 #SUP: 36
18 -1 29 -1 71 -1 18 -1 #SUP: 67
18 -1 29 -1 71 -1 18 -1 8 -1 #SUP: 34
18 -1 29 -1 71 -1 18 -1 14 -1 #SUP: 31
18 -1 29 -1 71 -1 18 -1 18 -1 #SUP: 35
18 -1 29 -1 71 -1 29 -1 #SUP: 41
18 -1 29 -1 71 -1 290 -1 #SUP: 37
18 -1 29 -1 71 -1 40 -1 #SUP: 31
18 -1 29 -1 71 -1 71 -1 #SUP: 62
18 -1 29 -1 71 -1 92 -1 #SUP: 33
18 -1 29 -1 92 -1 #SUP: 79
18 -1 29 -1 92 -1 8 -1 #SUP: 40
18 -1 29 -1 92 -1 18 -1 #SUP: 34
18 -1 29 -1 96 -1 #SUP: 86
18 -1 29 -1 96 -1 8 -1 #SUP: 46
18 -1 29 -1 96 -1 14 -1 #SUP: 31
18 -1 29 -1 96 -1 17 -1 #SUP: 35
18 -1 29 -1 96 -1 18 -1 #SUP: 40
18 -1 29 -1 103 -1 #SUP: 42
18 -1 29 -1 122 -1 #SUP: 42
18 -1 29 -1 124 -1 #SUP: 49
18 -1 29 -1 206 -1 #SUP: 30
18 -1 29 -1 219 -1 #SUP: 51
18 -1 29 -1 224 -1 #SUP: 36
18 -1 29 -1 227 -1 #SUP: 51
18 -1 30 -1 #SUP: 189
18 -1 30 -1 8 -1 #SUP: 89
18 -1 30 -1 8 -1 8 -1 #SUP: 43
18 -1 30 -1 8 -1 14 -1 #SUP: 32
18 -1 30 -1 8 -1 18 -1 #SUP: 57
18 -1 30 -1 14 -1 #SUP: 70
18 -1 30 -1 14 -1 8 -1 #SUP: 34
18 -1 30 -1 14 -1 18 -1 #SUP: 32
18 -1 30 -1 17 -1 #SUP: 70
18 -1 30 -1 17 -1 8 -1 #SUP: 36
18 -1 30 -1 17 -1 14 -1 #SUP: 32
18 -1 30 -1 18 -1 #SUP: 81
18 -1 30 -1 18 -1 8 -1 #SUP: 42
18 -1 30 -1 21 -1 #SUP: 45
18 -1 30 -1 29 -1 #SUP: 52
18 -1 30 -1 30 -1 #SUP: 39
18 -1 30 -1 290 -1 #SUP: 48
18 -1 30 -1 40 -1 #SUP: 36
18 -1 30 -1 52 -1 #SUP: 40
18 -1 30 -1 71 -1 #SUP: 65
18 -1 30 -1 92 -1 #SUP: 42
18 -1 31 -1 #SUP: 50
18 -1 31 -1 290 -1 #SUP: 30
18 -1 32 -1 #SUP: 32
18 -1 33 -1 #SUP: 68
18 -1 33 -1 8 -1 #SUP: 33
18 -1 33 -1 18 -1 #SUP: 37
18 -1 290 -1 #SUP: 225
18 -1 290 -1 3 -1 #SUP: 52
18 -1 290 -1 8 -1 #SUP: 112
18 -1 290 -1 8 -1 8 -1 #SUP: 69
18 -1 290 -1 8 -1 8 -1 8 -1 #SUP: 31
18 -1 290 -1 8 -1 8 -1 18 -1 #SUP: 38
18 -1 290 -1 8 -1 14 -1 #SUP: 41
18 -1 290 -1 8 -1 18 -1 #SUP: 82
18 -1 290 -1 8 -1 18 -1 8 -1 #SUP: 54
18 -1 290 -1 8 -1 18 -1 18 -1 #SUP: 37
18 -1 290 -1 8 -1 71 -1 #SUP: 38
18 -1 290 -1 14 -1 #SUP: 82
18 -1 290 -1 14 -1 8 -1 #SUP: 44
18 -1 290 -1 14 -1 18 -1 #SUP: 40
18 -1 290 -1 17 -1 #SUP: 48
18 -1 290 -1 18 -1 #SUP: 119
18 -1 290 -1 18 -1 8 -1 #SUP: 70
18 -1 290 -1 18 -1 8 -1 8 -1 #SUP: 33
18 -1 290 -1 18 -1 8 -1 18 -1 #SUP: 37
18 -1 290 -1 18 -1 14 -1 #SUP: 42
18 -1 290 -1 18 -1 18 -1 #SUP: 52
18 -1 290 -1 18 -1 71 -1 #SUP: 37
18 -1 290 -1 20 -1 #SUP: 48
18 -1 290 -1 21 -1 #SUP: 62
18 -1 290 -1 21 -1 8 -1 #SUP: 36
18 -1 290 -1 21 -1 18 -1 #SUP: 35
18 -1 290 -1 29 -1 #SUP: 58
18 -1 290 -1 29 -1 8 -1 #SUP: 33
18 -1 290 -1 30 -1 #SUP: 31
18 -1 290 -1 290 -1 #SUP: 47
18 -1 290 -1 40 -1 #SUP: 44
18 -1 290 -1 52 -1 #SUP: 35
18 -1 290 -1 318 -1 #SUP: 31
18 -1 290 -1 71 -1 #SUP: 90
18 -1 290 -1 71 -1 8 -1 #SUP: 47
18 -1 290 -1 71 -1 8 -1 18 -1 #SUP: 30
18 -1 290 -1 71 -1 14 -1 #SUP: 31
18 -1 290 -1 71 -1 18 -1 #SUP: 45
18 -1 290 -1 71 -1 71 -1 #SUP: 41
18 -1 290 -1 92 -1 #SUP: 65
18 -1 290 -1 96 -1 #SUP: 30
18 -1 290 -1 219 -1 #SUP: 30
18 -1 292 -1 #SUP: 119
18 -1 292 -1 8 -1 #SUP: 73
18 -1 292 -1 8 -1 8 -1 #SUP: 50
18 -1 292 -1 8 -1 14 -1 #SUP: 43
18 -1 292 -1 8 -1 18 -1 #SUP: 50
18 -1 292 -1 8 -1 18 -1 8 -1 #SUP: 34
18 -1 292 -1 14 -1 #SUP: 59
18 -1 292 -1 14 -1 8 -1 #SUP: 37
18 -1 292 -1 17 -1 #SUP: 31
18 -1 292 -1 18 -1 #SUP: 66
18 -1 292 -1 18 -1 8 -1 #SUP: 39
18 -1 292 -1 18 -1 14 -1 #SUP: 36
18 -1 292 -1 18 -1 18 -1 #SUP: 32
18 -1 292 -1 21 -1 #SUP: 36
18 -1 292 -1 29 -1 #SUP: 34
18 -1 292 -1 71 -1 #SUP: 40
18 -1 293 -1 #SUP: 43
18 -1 39 -1 #SUP: 170
18 -1 39 -1 8 -1 #SUP: 95
18 -1 39 -1 8 -1 8 -1 #SUP: 49
18 -1 39 -1 8 -1 8 -1 18 -1 #SUP: 30
18 -1 39 -1 8 -1 14 -1 #SUP: 30
18 -1 39 -1 8 -1 18 -1 #SUP: 72
18 -1 39 -1 8 -1 18 -1 8 -1 #SUP: 36
18 -1 39 -1 14 -1 #SUP: 56
18 -1 39 -1 17 -1 #SUP: 40
18 -1 39 -1 18 -1 #SUP: 98
18 -1 39 -1 18 -1 8 -1 #SUP: 49
18 -1 39 -1 18 -1 8 -1 18 -1 #SUP: 32
18 -1 39 -1 18 -1 18 -1 #SUP: 43
18 -1 39 -1 21 -1 #SUP: 47
18 -1 39 -1 29 -1 #SUP: 38
18 -1 39 -1 40 -1 #SUP: 38
18 -1 39 -1 71 -1 #SUP: 61
18 -1 39 -1 71 -1 8 -1 #SUP: 33
18 -1 40 -1 #SUP: 262
18 -1 40 -1 3 -1 #SUP: 53
18 -1 40 -1 3 -1 8 -1 #SUP: 32
18 -1 40 -1 8 -1 #SUP: 138
18 -1 40 -1 8 -1 8 -1 #SUP: 77
18 -1 40 -1 8 -1 8 -1 8 -1 #SUP: 30
18 -1 40 -1 8 -1 8 -1 14 -1 #SUP: 31
18 -1 40 -1 8 -1 8 -1 18 -1 #SUP: 44
18 -1 40 -1 8 -1 14 -1 #SUP: 64
18 -1 40 -1 8 -1 14 -1 8 -1 #SUP: 30
18 -1 40 -1 8 -1 14 -1 18 -1 #SUP: 33
18 -1 40 -1 8 -1 17 -1 #SUP: 31
18 -1 40 -1 8 -1 18 -1 #SUP: 97
18 -1 40 -1 8 -1 18 -1 8 -1 #SUP: 48
18 -1 40 -1 8 -1 18 -1 14 -1 #SUP: 39
18 -1 40 -1 8 -1 18 -1 18 -1 #SUP: 38
18 -1 40 -1 8 -1 29 -1 #SUP: 36
18 -1 40 -1 8 -1 71 -1 #SUP: 44
18 -1 40 -1 265 -1 #SUP: 31
18 -1 40 -1 14 -1 #SUP: 110
18 -1 40 -1 14 -1 8 -1 #SUP: 57
18 -1 40 -1 14 -1 8 -1 18 -1 #SUP: 38
18 -1 40 -1 14 -1 14 -1 #SUP: 32
18 -1 40 -1 14 -1 18 -1 #SUP: 62
18 -1 40 -1 14 -1 29 -1 #SUP: 30
18 -1 40 -1 14 -1 71 -1 #SUP: 36
18 -1 40 -1 17 -1 #SUP: 73
18 -1 40 -1 17 -1 8 -1 #SUP: 41
18 -1 40 -1 17 -1 14 -1 #SUP: 31
18 -1 40 -1 17 -1 18 -1 #SUP: 36
18 -1 40 -1 18 -1 #SUP: 155
18 -1 40 -1 18 -1 8 -1 #SUP: 80
18 -1 40 -1 18 -1 8 -1 8 -1 #SUP: 36
18 -1 40 -1 18 -1 8 -1 14 -1 #SUP: 34
18 -1 40 -1 18 -1 8 -1 18 -1 #SUP: 44
18 -1 40 -1 18 -1 14 -1 #SUP: 60
18 -1 40 -1 18 -1 14 -1 18 -1 #SUP: 33
18 -1 40 -1 18 -1 17 -1 #SUP: 33
18 -1 40 -1 18 -1 18 -1 #SUP: 69
18 -1 40 -1 18 -1 18 -1 8 -1 #SUP: 33
18 -1 40 -1 18 -1 18 -1 18 -1 #SUP: 31
18 -1 40 -1 18 -1 21 -1 #SUP: 32
18 -1 40 -1 18 -1 29 -1 #SUP: 41
18 -1 40 -1 18 -1 71 -1 #SUP: 47
18 -1 40 -1 19 -1 #SUP: 58
18 -1 40 -1 19 -1 8 -1 #SUP: 35
18 -1 40 -1 19 -1 18 -1 #SUP: 34
18 -1 40 -1 19 -1 71 -1 #SUP: 33
18 -1 40 -1 20 -1 #SUP: 46
18 -1 40 -1 21 -1 #SUP: 65
18 -1 40 -1 21 -1 8 -1 #SUP: 36
18 -1 40 -1 21 -1 18 -1 #SUP: 38
18 -1 40 -1 29 -1 #SUP: 81
18 -1 40 -1 29 -1 8 -1 #SUP: 43
18 -1 40 -1 29 -1 14 -1 #SUP: 31
18 -1 40 -1 29 -1 18 -1 #SUP: 46
18 -1 40 -1 29 -1 71 -1 #SUP: 33
18 -1 40 -1 30 -1 #SUP: 46
18 -1 40 -1 290 -1 #SUP: 48
18 -1 40 -1 292 -1 #SUP: 31
18 -1 40 -1 39 -1 #SUP: 32
18 -1 40 -1 40 -1 #SUP: 62
18 -1 40 -1 52 -1 #SUP: 36
18 -1 40 -1 71 -1 #SUP: 100
18 -1 40 -1 71 -1 8 -1 #SUP: 54
18 -1 40 -1 71 -1 8 -1 18 -1 #SUP: 34
18 -1 40 -1 71 -1 14 -1 #SUP: 39
18 -1 40 -1 71 -1 18 -1 #SUP: 50
18 -1 40 -1 71 -1 71 -1 #SUP: 41
18 -1 40 -1 92 -1 #SUP: 76
18 -1 40 -1 92 -1 8 -1 #SUP: 33
18 -1 40 -1 92 -1 18 -1 #SUP: 31
18 -1 40 -1 96 -1 #SUP: 54
18 -1 40 -1 96 -1 8 -1 #SUP: 30
18 -1 40 -1 103 -1 #SUP: 30
18 -1 40 -1 122 -1 #SUP: 37
18 -1 40 -1 224 -1 #SUP: 30
18 -1 299 -1 #SUP: 64
18 -1 299 -1 8 -1 #SUP: 43
18 -1 299 -1 18 -1 #SUP: 36
18 -1 45 -1 #SUP: 64
18 -1 45 -1 8 -1 #SUP: 36
18 -1 45 -1 14 -1 #SUP: 30
18 -1 45 -1 18 -1 #SUP: 34
18 -1 47 -1 #SUP: 30
18 -1 50 -1 #SUP: 74
18 -1 50 -1 8 -1 #SUP: 37
18 -1 50 -1 14 -1 #SUP: 36
18 -1 50 -1 18 -1 #SUP: 40
18 -1 50 -1 290 -1 #SUP: 42
18 -1 50 -1 71 -1 #SUP: 33
18 -1 306 -1 #SUP: 46
18 -1 51 -1 #SUP: 67
18 -1 51 -1 8 -1 #SUP: 36
18 -1 51 -1 18 -1 #SUP: 31
18 -1 307 -1 #SUP: 74
18 -1 307 -1 8 -1 #SUP: 31
18 -1 52 -1 #SUP: 180
18 -1 52 -1 3 -1 #SUP: 30
18 -1 52 -1 8 -1 #SUP: 88
18 -1 52 -1 8 -1 8 -1 #SUP: 44
18 -1 52 -1 8 -1 14 -1 #SUP: 31
18 -1 52 -1 8 -1 18 -1 #SUP: 66
18 -1 52 -1 14 -1 #SUP: 56
18 -1 52 -1 14 -1 18 -1 #SUP: 31
18 -1 52 -1 17 -1 #SUP: 42
18 -1 52 -1 18 -1 #SUP: 93
18 -1 52 -1 18 -1 8 -1 #SUP: 41
18 -1 52 -1 18 -1 18 -1 #SUP: 38
18 -1 52 -1 20 -1 #SUP: 30
18 -1 52 -1 21 -1 #SUP: 51
18 -1 52 -1 29 -1 #SUP: 44
18 -1 52 -1 30 -1 #SUP: 36
18 -1 52 -1 290 -1 #SUP: 40
18 -1 52 -1 39 -1 #SUP: 62
18 -1 52 -1 39 -1 8 -1 #SUP: 31
18 -1 52 -1 39 -1 18 -1 #SUP: 35
18 -1 52 -1 40 -1 #SUP: 30
18 -1 52 -1 52 -1 #SUP: 30
18 -1 52 -1 71 -1 #SUP: 76
18 -1 52 -1 71 -1 8 -1 #SUP: 41
18 -1 52 -1 71 -1 18 -1 #SUP: 40
18 -1 52 -1 71 -1 71 -1 #SUP: 35
18 -1 52 -1 92 -1 #SUP: 39
18 -1 53 -1 #SUP: 38
18 -1 54 -1 #SUP: 127
18 -1 54 -1 3 -1 #SUP: 30
18 -1 54 -1 8 -1 #SUP: 72
18 -1 54 -1 8 -1 8 -1 #SUP: 42
18 -1 54 -1 8 -1 14 -1 #SUP: 41
18 -1 54 -1 8 -1 18 -1 #SUP: 51
18 -1 54 -1 14 -1 #SUP: 68
18 -1 54 -1 14 -1 8 -1 #SUP: 33
18 -1 54 -1 14 -1 18 -1 #SUP: 34
18 -1 54 -1 17 -1 #SUP: 40
18 -1 54 -1 18 -1 #SUP: 67
18 -1 54 -1 18 -1 8 -1 #SUP: 34
18 -1 54 -1 18 -1 14 -1 #SUP: 33
18 -1 54 -1 18 -1 18 -1 #SUP: 33
18 -1 54 -1 21 -1 #SUP: 41
18 -1 54 -1 29 -1 #SUP: 39
18 -1 54 -1 71 -1 #SUP: 49
18 -1 54 -1 96 -1 #SUP: 32
18 -1 312 -1 #SUP: 36
18 -1 58 -1 #SUP: 44
18 -1 316 -1 #SUP: 35
18 -1 318 -1 #SUP: 129
18 -1 318 -1 3 -1 #SUP: 31
18 -1 318 -1 8 -1 #SUP: 71
18 -1 318 -1 8 -1 8 -1 #SUP: 34
18 -1 318 -1 8 -1 18 -1 #SUP: 48
18 -1 318 -1 14 -1 #SUP: 51
18 -1 318 -1 18 -1 #SUP: 62
18 -1 318 -1 18 -1 8 -1 #SUP: 34
18 -1 318 -1 21 -1 #SUP: 42
18 -1 318 -1 29 -1 #SUP: 35
18 -1 318 -1 71 -1 #SUP: 45
18 -1 63 -1 #SUP: 98
18 -1 63 -1 8 -1 #SUP: 49
18 -1 63 -1 8 -1 18 -1 #SUP: 33
18 -1 63 -1 14 -1 #SUP: 38
18 -1 63 -1 18 -1 #SUP: 45
18 -1 63 -1 21 -1 #SUP: 34
18 -1 63 -1 71 -1 #SUP: 35
18 -1 319 -1 #SUP: 61
18 -1 319 -1 8 -1 #SUP: 30
18 -1 64 -1 #SUP: 57
18 -1 71 -1 #SUP: 454
18 -1 71 -1 3 -1 #SUP: 84
18 -1 71 -1 3 -1 8 -1 #SUP: 46
18 -1 71 -1 3 -1 8 -1 18 -1 #SUP: 34
18 -1 71 -1 3 -1 18 -1 #SUP: 44
18 -1 71 -1 8 -1 #SUP: 261
18 -1 71 -1 8 -1 3 -1 #SUP: 34
18 -1 71 -1 8 -1 8 -1 #SUP: 133
18 -1 71 -1 8 -1 8 -1 8 -1 #SUP: 67
18 -1 71 -1 8 -1 8 -1 8 -1 8 -1 #SUP: 31
18 -1 71 -1 8 -1 8 -1 8 -1 18 -1 #SUP: 39
18 -1 71 -1 8 -1 8 -1 14 -1 #SUP: 50
18 -1 71 -1 8 -1 8 -1 14 -1 8 -1 #SUP: 30
18 -1 71 -1 8 -1 8 -1 18 -1 #SUP: 80
18 -1 71 -1 8 -1 8 -1 18 -1 8 -1 #SUP: 46
18 -1 71 -1 8 -1 8 -1 18 -1 8 -1 18 -1 #SUP: 30
18 -1 71 -1 8 -1 8 -1 18 -1 14 -1 #SUP: 30
18 -1 71 -1 8 -1 8 -1 18 -1 18 -1 #SUP: 38
18 -1 71 -1 8 -1 8 -1 29 -1 #SUP: 32
18 -1 71 -1 8 -1 8 -1 71 -1 #SUP: 47
18 -1 71 -1 8 -1 8 -1 71 -1 8 -1 #SUP: 32
18 -1 71 -1 8 -1 14 -1 #SUP: 113
18 -1 71 -1 8 -1 14 -1 8 -1 #SUP: 69
18 -1 71 -1 8 -1 14 -1 8 -1 18 -1 #SUP: 44
18 -1 71 -1 8 -1 14 -1 14 -1 #SUP: 32
18 -1 71 -1 8 -1 14 -1 18 -1 #SUP: 65
18 -1 71 -1 8 -1 14 -1 18 -1 8 -1 #SUP: 35
18 -1 71 -1 8 -1 14 -1 29 -1 #SUP: 31
18 -1 71 -1 8 -1 14 -1 71 -1 #SUP: 39
18 -1 71 -1 8 -1 17 -1 #SUP: 56
18 -1 71 -1 8 -1 18 -1 #SUP: 173
18 -1 71 -1 8 -1 18 -1 8 -1 #SUP: 100
18 -1 71 -1 8 -1 18 -1 8 -1 8 -1 #SUP: 47
18 -1 71 -1 8 -1 18 -1 8 -1 14 -1 #SUP: 39
18 -1 71 -1 8 -1 18 -1 8 -1 18 -1 #SUP: 60
18 -1 71 -1 8 -1 18 -1 8 -1 18 -1 8 -1 #SUP: 31
18 -1 71 -1 8 -1 18 -1 8 -1 71 -1 #SUP: 34
18 -1 71 -1 8 -1 18 -1 14 -1 #SUP: 62
18 -1 71 -1 8 -1 18 -1 14 -1 8 -1 #SUP: 38
18 -1 71 -1 8 -1 18 -1 14 -1 18 -1 #SUP: 33
18 -1 71 -1 8 -1 18 -1 17 -1 #SUP: 36
18 -1 71 -1 8 -1 18 -1 18 -1 #SUP: 77
18 -1 71 -1 8 -1 18 -1 18 -1 8 -1 #SUP: 35
18 -1 71 -1 8 -1 18 -1 18 -1 18 -1 #SUP: 31
18 -1 71 -1 8 -1 18 -1 21 -1 #SUP: 38
18 -1 71 -1 8 -1 18 -1 29 -1 #SUP: 43
18 -1 71 -1 8 -1 18 -1 71 -1 #SUP: 63
18 -1 71 -1 8 -1 18 -1 71 -1 8 -1 #SUP: 34
18 -1 71 -1 8 -1 18 -1 71 -1 18 -1 #SUP: 32
18 -1 71 -1 8 -1 18 -1 92 -1 #SUP: 32
18 -1 71 -1 8 -1 20 -1 #SUP: 40
18 -1 71 -1 8 -1 21 -1 #SUP: 54
18 -1 71 -1 8 -1 21 -1 8 -1 #SUP: 34
18 -1 71 -1 8 -1 29 -1 #SUP: 60
18 -1 71 -1 8 -1 290 -1 #SUP: 42
18 -1 71 -1 8 -1 39 -1 #SUP: 33
18 -1 71 -1 8 -1 40 -1 #SUP: 37
18 -1 71 -1 8 -1 71 -1 #SUP: 99
18 -1 71 -1 8 -1 71 -1 8 -1 #SUP: 54
18 -1 71 -1 8 -1 71 -1 8 -1 18 -1 #SUP: 36
18 -1 71 -1 8 -1 71 -1 14 -1 #SUP: 38
18 -1 71 -1 8 -1 71 -1 18 -1 #SUP: 47
18 -1 71 -1 8 -1 71 -1 71 -1 #SUP: 33
18 -1 71 -1 8 -1 92 -1 #SUP: 52
18 -1 71 -1 8 -1 96 -1 #SUP: 38
18 -1 71 -1 8 -1 206 -1 #SUP: 32
18 -1 71 -1 8 -1 219 -1 #SUP: 34
18 -1 71 -1 8 -1 227 -1 #SUP: 32
18 -1 71 -1 265 -1 #SUP: 49
18 -1 71 -1 14 -1 #SUP: 194
18 -1 71 -1 14 -1 8 -1 #SUP: 106
18 -1 71 -1 14 -1 8 -1 8 -1 #SUP: 51
18 -1 71 -1 14 -1 8 -1 8 -1 18 -1 #SUP: 30
18 -1 71 -1 14 -1 8 -1 14 -1 #SUP: 38
18 -1 71 -1 14 -1 8 -1 18 -1 #SUP: 73
18 -1 71 -1 14 -1 8 -1 18 -1 8 -1 #SUP: 39
18 -1 71 -1 14 -1 8 -1 18 -1 18 -1 #SUP: 31
18 -1 71 -1 14 -1 8 -1 71 -1 #SUP: 31
18 -1 71 -1 14 -1 14 -1 #SUP: 69
18 -1 71 -1 14 -1 14 -1 8 -1 #SUP: 39
18 -1 71 -1 14 -1 14 -1 18 -1 #SUP: 40
18 -1 71 -1 14 -1 17 -1 #SUP: 46
18 -1 71 -1 14 -1 18 -1 #SUP: 106
18 -1 71 -1 14 -1 18 -1 8 -1 #SUP: 61
18 -1 71 -1 14 -1 18 -1 8 -1 18 -1 #SUP: 37
18 -1 71 -1 14 -1 18 -1 14 -1 #SUP: 34
18 -1 71 -1 14 -1 18 -1 18 -1 #SUP: 45
18 -1 71 -1 14 -1 18 -1 71 -1 #SUP: 34
18 -1 71 -1 14 -1 21 -1 #SUP: 50
18 -1 71 -1 14 -1 29 -1 #SUP: 46
18 -1 71 -1 14 -1 290 -1 #SUP: 31
18 -1 71 -1 14 -1 71 -1 #SUP: 76
18 -1 71 -1 14 -1 71 -1 8 -1 #SUP: 44
18 -1 71 -1 14 -1 71 -1 8 -1 18 -1 #SUP: 33
18 -1 71 -1 14 -1 71 -1 14 -1 #SUP: 33
18 -1 71 -1 14 -1 71 -1 18 -1 #SUP: 39
18 -1 71 -1 14 -1 92 -1 #SUP: 37
18 -1 71 -1 17 -1 #SUP: 120
18 -1 71 -1 17 -1 8 -1 #SUP: 55
18 -1 71 -1 17 -1 8 -1 18 -1 #SUP: 35
18 -1 71 -1 17 -1 14 -1 #SUP: 40
18 -1 71 -1 17 -1 18 -1 #SUP: 53
18 -1 71 -1 17 -1 71 -1 #SUP: 39
18 -1 71 -1 18 -1 #SUP: 233
18 -1 71 -1 18 -1 3 -1 #SUP: 33
18 -1 71 -1 18 -1 8 -1 #SUP: 124
18 -1 71 -1 18 -1 8 -1 8 -1 #SUP: 62
18 -1 71 -1 18 -1 8 -1 8 -1 8 -1 #SUP: 30
18 -1 71 -1 18 -1 8 -1 8 -1 18 -1 #SUP: 38
18 -1 71 -1 18 -1 8 -1 14 -1 #SUP: 53
18 -1 71 -1 18 -1 8 -1 14 -1 8 -1 #SUP: 33
18 -1 71 -1 18 -1 8 -1 18 -1 #SUP: 72
18 -1 71 -1 18 -1 8 -1 18 -1 8 -1 #SUP: 42
18 -1 71 -1 18 -1 8 -1 18 -1 14 -1 #SUP: 32
18 -1 71 -1 18 -1 8 -1 18 -1 18 -1 #SUP: 33
18 -1 71 -1 18 -1 8 -1 29 -1 #SUP: 33
18 -1 71 -1 18 -1 8 -1 71 -1 #SUP: 47
18 -1 71 -1 18 -1 8 -1 71 -1 8 -1 #SUP: 33
18 -1 71 -1 18 -1 14 -1 #SUP: 87
18 -1 71 -1 18 -1 14 -1 8 -1 #SUP: 54
18 -1 71 -1 18 -1 14 -1 8 -1 18 -1 #SUP: 35
18 -1 71 -1 18 -1 14 -1 14 -1 #SUP: 32
18 -1 71 -1 18 -1 14 -1 18 -1 #SUP: 45
18 -1 71 -1 18 -1 14 -1 71 -1 #SUP: 31
18 -1 71 -1 18 -1 17 -1 #SUP: 53
18 -1 71 -1 18 -1 18 -1 #SUP: 104
18 -1 71 -1 18 -1 18 -1 8 -1 #SUP: 50
18 -1 71 -1 18 -1 18 -1 8 -1 18 -1 #SUP: 30
18 -1 71 -1 18 -1 18 -1 14 -1 #SUP: 41
18 -1 71 -1 18 -1 18 -1 18 -1 #SUP: 40
18 -1 71 -1 18 -1 18 -1 71 -1 #SUP: 32
18 -1 71 -1 18 -1 20 -1 #SUP: 36
18 -1 71 -1 18 -1 21 -1 #SUP: 50
18 -1 71 -1 18 -1 29 -1 #SUP: 61
18 -1 71 -1 18 -1 290 -1 #SUP: 36
18 -1 71 -1 18 -1 39 -1 #SUP: 30
18 -1 71 -1 18 -1 40 -1 #SUP: 37
18 -1 71 -1 18 -1 318 -1 #SUP: 33
18 -1 71 -1 18 -1 71 -1 #SUP: 92
18 -1 71 -1 18 -1 71 -1 8 -1 #SUP: 49
18 -1 71 -1 18 -1 71 -1 8 -1 18 -1 #SUP: 32
18 -1 71 -1 18 -1 71 -1 14 -1 #SUP: 38
18 -1 71 -1 18 -1 71 -1 18 -1 #SUP: 46
18 -1 71 -1 18 -1 71 -1 71 -1 #SUP: 32
18 -1 71 -1 18 -1 92 -1 #SUP: 47
18 -1 71 -1 18 -1 96 -1 #SUP: 34
18 -1 71 -1 18 -1 122 -1 #SUP: 32
18 -1 71 -1 18 -1 206 -1 #SUP: 35
18 -1 71 -1 18 -1 219 -1 #SUP: 32
18 -1 71 -1 18 -1 227 -1 #SUP: 30
18 -1 71 -1 19 -1 #SUP: 37
18 -1 71 -1 20 -1 #SUP: 88
18 -1 71 -1 20 -1 8 -1 #SUP: 47
18 -1 71 -1 20 -1 14 -1 #SUP: 32
18 -1 71 -1 20 -1 18 -1 #SUP: 39
18 -1 71 -1 20 -1 71 -1 #SUP: 30
18 -1 71 -1 21 -1 #SUP: 112
18 -1 71 -1 21 -1 8 -1 #SUP: 72
18 -1 71 -1 21 -1 8 -1 8 -1 #SUP: 39
18 -1 71 -1 21 -1 8 -1 18 -1 #SUP: 48
18 -1 71 -1 21 -1 14 -1 #SUP: 43
18 -1 71 -1 21 -1 18 -1 #SUP: 61
18 -1 71 -1 21 -1 18 -1 8 -1 #SUP: 34
18 -1 71 -1 21 -1 71 -1 #SUP: 38
18 -1 71 -1 23 -1 #SUP: 50
18 -1 71 -1 25 -1 #SUP: 34
18 -1 71 -1 29 -1 #SUP: 120
18 -1 71 -1 29 -1 8 -1 #SUP: 63
18 -1 71 -1 29 -1 8 -1 18 -1 #SUP: 36
18 -1 71 -1 29 -1 14 -1 #SUP: 42
18 -1 71 -1 29 -1 17 -1 #SUP: 45
18 -1 71 -1 29 -1 18 -1 #SUP: 61
18 -1 71 -1 29 -1 18 -1 8 -1 #SUP: 33
18 -1 71 -1 29 -1 21 -1 #SUP: 34
18 -1 71 -1 29 -1 29 -1 #SUP: 33
18 -1 71 -1 29 -1 71 -1 #SUP: 44
18 -1 71 -1 30 -1 #SUP: 71
18 -1 71 -1 30 -1 8 -1 #SUP: 32
18 -1 71 -1 290 -1 #SUP: 116
18 -1 71 -1 290 -1 3 -1 #SUP: 31
18 -1 71 -1 290 -1 8 -1 #SUP: 57
18 -1 71 -1 290 -1 8 -1 8 -1 #SUP: 33
18 -1 71 -1 290 -1 8 -1 18 -1 #SUP: 41
18 -1 71 -1 290 -1 14 -1 #SUP: 46
18 -1 71 -1 290 -1 18 -1 #SUP: 64
18 -1 71 -1 290 -1 18 -1 8 -1 #SUP: 39
18 -1 71 -1 290 -1 29 -1 #SUP: 32
18 -1 71 -1 290 -1 71 -1 #SUP: 54
18 -1 71 -1 290 -1 92 -1 #SUP: 39
18 -1 71 -1 292 -1 #SUP: 41
18 -1 71 -1 39 -1 #SUP: 65
18 -1 71 -1 39 -1 8 -1 #SUP: 36
18 -1 71 -1 39 -1 18 -1 #SUP: 36
18 -1 71 -1 40 -1 #SUP: 91
18 -1 71 -1 40 -1 8 -1 #SUP: 41
18 -1 71 -1 40 -1 14 -1 #SUP: 30
18 -1 71 -1 40 -1 18 -1 #SUP: 49
18 -1 71 -1 40 -1 71 -1 #SUP: 30
18 -1 71 -1 307 -1 #SUP: 38
18 -1 71 -1 52 -1 #SUP: 54
18 -1 71 -1 54 -1 #SUP: 44
18 -1 71 -1 318 -1 #SUP: 61
18 -1 71 -1 63 -1 #SUP: 39
18 -1 71 -1 71 -1 #SUP: 198
18 -1 71 -1 71 -1 3 -1 #SUP: 31
18 -1 71 -1 71 -1 8 -1 #SUP: 99
18 -1 71 -1 71 -1 8 -1 8 -1 #SUP: 44
18 -1 71 -1 71 -1 8 -1 14 -1 #SUP: 38
18 -1 71 -1 71 -1 8 -1 18 -1 #SUP: 63
18 -1 71 -1 71 -1 8 -1 18 -1 8 -1 #SUP: 33
18 -1 71 -1 71 -1 8 -1 71 -1 #SUP: 36
18 -1 71 -1 71 -1 14 -1 #SUP: 76
18 -1 71 -1 71 -1 14 -1 8 -1 #SUP: 39
18 -1 71 -1 71 -1 14 -1 18 -1 #SUP: 41
18 -1 71 -1 71 -1 17 -1 #SUP: 42
18 -1 71 -1 71 -1 18 -1 #SUP: 90
18 -1 71 -1 71 -1 18 -1 8 -1 #SUP: 49
18 -1 71 -1 71 -1 18 -1 8 -1 18 -1 #SUP: 30
18 -1 71 -1 71 -1 18 -1 14 -1 #SUP: 36
18 -1 71 -1 71 -1 18 -1 18 -1 #SUP: 39
18 -1 71 -1 71 -1 18 -1 71 -1 #SUP: 38
18 -1 71 -1 71 -1 21 -1 #SUP: 42
18 -1 71 -1 71 -1 29 -1 #SUP: 45
18 -1 71 -1 71 -1 30 -1 #SUP: 31
18 -1 71 -1 71 -1 290 -1 #SUP: 44
18 -1 71 -1 71 -1 40 -1 #SUP: 33
18 -1 71 -1 71 -1 71 -1 #SUP: 79
18 -1 71 -1 71 -1 71 -1 8 -1 #SUP: 45
18 -1 71 -1 71 -1 71 -1 8 -1 18 -1 #SUP: 31
18 -1 71 -1 71 -1 71 -1 14 -1 #SUP: 36
18 -1 71 -1 71 -1 71 -1 18 -1 #SUP: 39
18 -1 71 -1 71 -1 71 -1 71 -1 #SUP: 30
18 -1 71 -1 71 -1 92 -1 #SUP: 45
18 -1 71 -1 71 -1 96 -1 #SUP: 31
18 -1 71 -1 92 -1 #SUP: 120
18 -1 71 -1 92 -1 8 -1 #SUP: 48
18 -1 71 -1 92 -1 14 -1 #SUP: 33
18 -1 71 -1 92 -1 18 -1 #SUP: 51
18 -1 71 -1 92 -1 71 -1 #SUP: 42
18 -1 71 -1 92 -1 92 -1 #SUP: 31
18 -1 71 -1 96 -1 #SUP: 75
18 -1 71 -1 96 -1 8 -1 #SUP: 43
18 -1 71 -1 96 -1 8 -1 18 -1 #SUP: 30
18 -1 71 -1 96 -1 17 -1 #SUP: 38
18 -1 71 -1 96 -1 18 -1 #SUP: 37
18 -1 71 -1 96 -1 71 -1 #SUP: 33
18 -1 71 -1 103 -1 #SUP: 62
18 -1 71 -1 103 -1 8 -1 #SUP: 31
18 -1 71 -1 103 -1 18 -1 #SUP: 35
18 -1 71 -1 122 -1 #SUP: 54
18 -1 71 -1 124 -1 #SUP: 52
18 -1 71 -1 197 -1 #SUP: 30
18 -1 71 -1 206 -1 #SUP: 58
18 -1 71 -1 219 -1 #SUP: 72
18 -1 71 -1 219 -1 8 -1 #SUP: 31
18 -1 71 -1 219 -1 18 -1 #SUP: 34
18 -1 71 -1 219 -1 71 -1 #SUP: 34
18 -1 71 -1 224 -1 #SUP: 50
18 -1 71 -1 225 -1 #SUP: 39
18 -1 71 -1 227 -1 #SUP: 62
18 -1 71 -1 227 -1 14 -1 #SUP: 30
18 -1 71 -1 227 -1 18 -1 #SUP: 31
18 -1 74 -1 #SUP: 81
18 -1 74 -1 8 -1 #SUP: 41
18 -1 74 -1 14 -1 #SUP: 31
18 -1 74 -1 18 -1 #SUP: 35
18 -1 74 -1 20 -1 #SUP: 54
18 -1 74 -1 20 -1 8 -1 #SUP: 31
18 -1 74 -1 71 -1 #SUP: 34
18 -1 75 -1 #SUP: 43
18 -1 332 -1 #SUP: 49
18 -1 591 -1 #SUP: 45
18 -1 80 -1 #SUP: 40
18 -1 80 -1 8 -1 #SUP: 30
18 -1 84 -1 #SUP: 32
18 -1 90 -1 #SUP: 72
18 -1 347 -1 #SUP: 65
18 -1 347 -1 8 -1 #SUP: 34
18 -1 347 -1 18 -1 #SUP: 30
18 -1 92 -1 #SUP: 280
18 -1 92 -1 3 -1 #SUP: 58
18 -1 92 -1 3 -1 8 -1 #SUP: 33
18 -1 92 -1 8 -1 #SUP: 128
18 -1 92 -1 8 -1 8 -1 #SUP: 73
18 -1 92 -1 8 -1 8 -1 8 -1 #SUP: 36
18 -1 92 -1 8 -1 8 -1 18 -1 #SUP: 40
18 -1 92 -1 8 -1 14 -1 #SUP: 48
18 -1 92 -1 8 -1 17 -1 #SUP: 31
18 -1 92 -1 8 -1 18 -1 #SUP: 85
18 -1 92 -1 8 -1 18 -1 8 -1 #SUP: 52
18 -1 92 -1 8 -1 18 -1 14 -1 #SUP: 30
18 -1 92 -1 8 -1 18 -1 18 -1 #SUP: 37
18 -1 92 -1 8 -1 18 -1 71 -1 #SUP: 32
18 -1 92 -1 8 -1 71 -1 #SUP: 47
18 -1 92 -1 14 -1 #SUP: 98
18 -1 92 -1 14 -1 8 -1 #SUP: 46
18 -1 92 -1 14 -1 8 -1 18 -1 #SUP: 32
18 -1 92 -1 14 -1 14 -1 #SUP: 32
18 -1 92 -1 14 -1 18 -1 #SUP: 52
18 -1 92 -1 14 -1 71 -1 #SUP: 35
18 -1 92 -1 17 -1 #SUP: 75
18 -1 92 -1 17 -1 8 -1 #SUP: 39
18 -1 92 -1 17 -1 18 -1 #SUP: 34
18 -1 92 -1 18 -1 #SUP: 147
18 -1 92 -1 18 -1 8 -1 #SUP: 74
18 -1 92 -1 18 -1 8 -1 8 -1 #SUP: 34
18 -1 92 -1 18 -1 8 -1 18 -1 #SUP: 39
18 -1 92 -1 18 -1 14 -1 #SUP: 52
18 -1 92 -1 18 -1 17 -1 #SUP: 33
18 -1 92 -1 18 -1 18 -1 #SUP: 59
18 -1 92 -1 18 -1 18 -1 8 -1 #SUP: 31
18 -1 92 -1 18 -1 21 -1 #SUP: 37
18 -1 92 -1 18 -1 29 -1 #SUP: 30
18 -1 92 -1 18 -1 71 -1 #SUP: 52
18 -1 92 -1 18 -1 92 -1 #SUP: 30
18 -1 92 -1 20 -1 #SUP: 46
18 -1 92 -1 21 -1 #SUP: 80
18 -1 92 -1 21 -1 8 -1 #SUP: 43
18 -1 92 -1 21 -1 18 -1 #SUP: 36
18 -1 92 -1 23 -1 #SUP: 40
18 -1 92 -1 29 -1 #SUP: 68
18 -1 92 -1 29 -1 8 -1 #SUP: 36
18 -1 92 -1 29 -1 14 -1 #SUP: 30
18 -1 92 -1 29 -1 18 -1 #SUP: 34
18 -1 92 -1 29 -1 71 -1 #SUP: 30
18 -1 92 -1 30 -1 #SUP: 43
18 -1 92 -1 290 -1 #SUP: 58
18 -1 92 -1 290 -1 8 -1 #SUP: 30
18 -1 92 -1 290 -1 18 -1 #SUP: 33
18 -1 92 -1 39 -1 #SUP: 35
18 -1 92 -1 40 -1 #SUP: 59
18 -1 92 -1 52 -1 #SUP: 36
18 -1 92 -1 71 -1 #SUP: 111
18 -1 92 -1 71 -1 8 -1 #SUP: 59
18 -1 92 -1 71 -1 8 -1 18 -1 #SUP: 38
18 -1 92 -1 71 -1 14 -1 #SUP: 42
18 -1 92 -1 71 -1 18 -1 #SUP: 51
18 -1 92 -1 71 -1 290 -1 #SUP: 30
18 -1 92 -1 71 -1 71 -1 #SUP: 48
18 -1 92 -1 71 -1 92 -1 #SUP: 32
18 -1 92 -1 92 -1 #SUP: 87
18 -1 92 -1 92 -1 8 -1 #SUP: 35
18 -1 92 -1 92 -1 18 -1 #SUP: 32
18 -1 92 -1 92 -1 71 -1 #SUP: 31
18 -1 92 -1 96 -1 #SUP: 52
18 -1 92 -1 96 -1 8 -1 #SUP: 35
18 -1 92 -1 103 -1 #SUP: 37
18 -1 92 -1 124 -1 #SUP: 33
18 -1 92 -1 206 -1 #SUP: 35
18 -1 92 -1 219 -1 #SUP: 39
18 -1 92 -1 224 -1 #SUP: 33
18 -1 92 -1 227 -1 #SUP: 30
18 -1 604 -1 #SUP: 62
18 -1 604 -1 8 -1 #SUP: 30
18 -1 96 -1 #SUP: 233
18 -1 96 -1 3 -1 #SUP: 47
18 -1 96 -1 3 -1 8 -1 #SUP: 32
18 -1 96 -1 8 -1 #SUP: 132
18 -1 96 -1 8 -1 8 -1 #SUP: 56
18 -1 96 -1 8 -1 8 -1 18 -1 #SUP: 31
18 -1 96 -1 8 -1 14 -1 #SUP: 54
18 -1 96 -1 8 -1 18 -1 #SUP: 86
18 -1 96 -1 8 -1 18 -1 8 -1 #SUP: 40
18 -1 96 -1 8 -1 18 -1 14 -1 #SUP: 32
18 -1 96 -1 8 -1 18 -1 18 -1 #SUP: 31
18 -1 96 -1 8 -1 71 -1 #SUP: 37
18 -1 96 -1 14 -1 #SUP: 95
18 -1 96 -1 14 -1 8 -1 #SUP: 42
18 -1 96 -1 14 -1 8 -1 18 -1 #SUP: 32
18 -1 96 -1 14 -1 18 -1 #SUP: 51
18 -1 96 -1 14 -1 71 -1 #SUP: 30
18 -1 96 -1 17 -1 #SUP: 108
18 -1 96 -1 17 -1 8 -1 #SUP: 43
18 -1 96 -1 17 -1 14 -1 #SUP: 34
18 -1 96 -1 17 -1 18 -1 #SUP: 41
18 -1 96 -1 17 -1 71 -1 #SUP: 31
18 -1 96 -1 18 -1 #SUP: 119
18 -1 96 -1 18 -1 8 -1 #SUP: 59
18 -1 96 -1 18 -1 8 -1 18 -1 #SUP: 34
18 -1 96 -1 18 -1 14 -1 #SUP: 44
18 -1 96 -1 18 -1 18 -1 #SUP: 44
18 -1 96 -1 18 -1 71 -1 #SUP: 33
18 -1 96 -1 20 -1 #SUP: 34
18 -1 96 -1 21 -1 #SUP: 62
18 -1 96 -1 21 -1 8 -1 #SUP: 35
18 -1 96 -1 29 -1 #SUP: 57
18 -1 96 -1 29 -1 8 -1 #SUP: 30
18 -1 96 -1 30 -1 #SUP: 39
18 -1 96 -1 290 -1 #SUP: 41
18 -1 96 -1 40 -1 #SUP: 49
18 -1 96 -1 52 -1 #SUP: 32
18 -1 96 -1 71 -1 #SUP: 84
18 -1 96 -1 71 -1 8 -1 #SUP: 38
18 -1 96 -1 71 -1 14 -1 #SUP: 32
18 -1 96 -1 71 -1 18 -1 #SUP: 30
18 -1 96 -1 92 -1 #SUP: 47
18 -1 96 -1 96 -1 #SUP: 35
18 -1 96 -1 124 -1 #SUP: 43
18 -1 96 -1 124 -1 8 -1 #SUP: 30
18 -1 96 -1 206 -1 #SUP: 41
18 -1 96 -1 219 -1 #SUP: 34
18 -1 96 -1 224 -1 #SUP: 30
18 -1 97 -1 #SUP: 42
18 -1 97 -1 8 -1 #SUP: 30
18 -1 101 -1 #SUP: 62
18 -1 101 -1 8 -1 #SUP: 30
18 -1 103 -1 #SUP: 143
18 -1 103 -1 8 -1 #SUP: 83
18 -1 103 -1 8 -1 8 -1 #SUP: 41
18 -1 103 -1 8 -1 14 -1 #SUP: 33
18 -1 103 -1 8 -1 18 -1 #SUP: 58
18 -1 103 -1 8 -1 71 -1 #SUP: 32
18 -1 103 -1 14 -1 #SUP: 57
18 -1 103 -1 14 -1 8 -1 #SUP: 34
18 -1 103 -1 17 -1 #SUP: 40
18 -1 103 -1 18 -1 #SUP: 80
18 -1 103 -1 18 -1 8 -1 #SUP: 39
18 -1 103 -1 18 -1 18 -1 #SUP: 36
18 -1 103 -1 21 -1 #SUP: 43
18 -1 103 -1 29 -1 #SUP: 33
18 -1 103 -1 71 -1 #SUP: 53
18 -1 103 -1 92 -1 #SUP: 30
18 -1 103 -1 96 -1 #SUP: 33
18 -1 617 -1 #SUP: 30
18 -1 2672 -1 #SUP: 33
18 -1 117 -1 #SUP: 44
18 -1 632 -1 #SUP: 38
18 -1 122 -1 #SUP: 127
18 -1 122 -1 8 -1 #SUP: 51
18 -1 122 -1 8 -1 18 -1 #SUP: 33
18 -1 122 -1 14 -1 #SUP: 46
18 -1 122 -1 17 -1 #SUP: 30
18 -1 122 -1 18 -1 #SUP: 51
18 -1 122 -1 29 -1 #SUP: 31
18 -1 122 -1 71 -1 #SUP: 50
18 -1 124 -1 #SUP: 168
18 -1 124 -1 3 -1 #SUP: 36
18 -1 124 -1 8 -1 #SUP: 90
18 -1 124 -1 8 -1 8 -1 #SUP: 43
18 -1 124 -1 8 -1 14 -1 #SUP: 33
18 -1 124 -1 8 -1 18 -1 #SUP: 61
18 -1 124 -1 8 -1 18 -1 8 -1 #SUP: 33
18 -1 124 -1 14 -1 #SUP: 71
18 -1 124 -1 14 -1 8 -1 #SUP: 41
18 -1 124 -1 14 -1 14 -1 #SUP: 30
18 -1 124 -1 14 -1 18 -1 #SUP: 34
18 -1 124 -1 17 -1 #SUP: 37
18 -1 124 -1 18 -1 #SUP: 81
18 -1 124 -1 18 -1 8 -1 #SUP: 47
18 -1 124 -1 18 -1 8 -1 18 -1 #SUP: 31
18 -1 124 -1 18 -1 14 -1 #SUP: 34
18 -1 124 -1 18 -1 18 -1 #SUP: 41
18 -1 124 -1 21 -1 #SUP: 50
18 -1 124 -1 21 -1 8 -1 #SUP: 30
18 -1 124 -1 29 -1 #SUP: 38
18 -1 124 -1 71 -1 #SUP: 71
18 -1 124 -1 71 -1 8 -1 #SUP: 35
18 -1 124 -1 71 -1 18 -1 #SUP: 30
18 -1 124 -1 92 -1 #SUP: 31
18 -1 381 -1 #SUP: 48
18 -1 381 -1 8 -1 #SUP: 35
18 -1 125 -1 #SUP: 49
18 -1 126 -1 #SUP: 71
18 -1 126 -1 8 -1 #SUP: 31
18 -1 393 -1 #SUP: 39
18 -1 905 -1 #SUP: 49
18 -1 146 -1 #SUP: 40
18 -1 147 -1 #SUP: 56
18 -1 3734 -1 #SUP: 35
18 -1 153 -1 #SUP: 49
18 -1 922 -1 #SUP: 39
18 -1 160 -1 #SUP: 36
18 -1 161 -1 #SUP: 50
18 -1 934 -1 #SUP: 50
18 -1 174 -1 #SUP: 82
18 -1 174 -1 8 -1 #SUP: 38
18 -1 174 -1 14 -1 #SUP: 30
18 -1 174 -1 17 -1 #SUP: 32
18 -1 174 -1 18 -1 #SUP: 36
18 -1 174 -1 71 -1 #SUP: 36
18 -1 175 -1 #SUP: 44
18 -1 690 -1 #SUP: 35
18 -1 2227 -1 #SUP: 32
18 -1 436 -1 #SUP: 40
18 -1 186 -1 #SUP: 91
18 -1 186 -1 8 -1 #SUP: 35
18 -1 186 -1 18 -1 #SUP: 38
18 -1 186 -1 71 -1 #SUP: 32
18 -1 1214 -1 #SUP: 33
18 -1 197 -1 #SUP: 73
18 -1 197 -1 8 -1 #SUP: 36
18 -1 197 -1 17 -1 #SUP: 41
18 -1 197 -1 18 -1 #SUP: 37
18 -1 197 -1 290 -1 #SUP: 33
18 -1 197 -1 71 -1 #SUP: 30
18 -1 197 -1 212 -1 #SUP: 31
18 -1 199 -1 #SUP: 33
18 -1 206 -1 #SUP: 158
18 -1 206 -1 8 -1 #SUP: 78
18 -1 206 -1 8 -1 8 -1 #SUP: 38
18 -1 206 -1 8 -1 8 -1 18 -1 #SUP: 30
18 -1 206 -1 8 -1 14 -1 #SUP: 36
18 -1 206 -1 8 -1 18 -1 #SUP: 63
18 -1 206 -1 8 -1 71 -1 #SUP: 34
18 -1 206 -1 14 -1 #SUP: 60
18 -1 206 -1 14 -1 8 -1 #SUP: 36
18 -1 206 -1 14 -1 18 -1 #SUP: 38
18 -1 206 -1 17 -1 #SUP: 34
18 -1 206 -1 18 -1 #SUP: 79
18 -1 206 -1 18 -1 8 -1 #SUP: 39
18 -1 206 -1 18 -1 8 -1 18 -1 #SUP: 30
18 -1 206 -1 18 -1 14 -1 #SUP: 33
18 -1 206 -1 18 -1 18 -1 #SUP: 39
18 -1 206 -1 18 -1 71 -1 #SUP: 32
18 -1 206 -1 21 -1 #SUP: 53
18 -1 206 -1 21 -1 8 -1 #SUP: 36
18 -1 206 -1 21 -1 8 -1 18 -1 #SUP: 30
18 -1 206 -1 21 -1 18 -1 #SUP: 33
18 -1 206 -1 29 -1 #SUP: 41
18 -1 206 -1 290 -1 #SUP: 31
18 -1 206 -1 71 -1 #SUP: 70
18 -1 206 -1 71 -1 8 -1 #SUP: 39
18 -1 206 -1 71 -1 14 -1 #SUP: 33
18 -1 206 -1 71 -1 18 -1 #SUP: 34
18 -1 206 -1 71 -1 71 -1 #SUP: 32
18 -1 206 -1 92 -1 #SUP: 32
18 -1 206 -1 124 -1 #SUP: 34
18 -1 206 -1 219 -1 #SUP: 32
18 -1 206 -1 227 -1 #SUP: 38
18 -1 209 -1 #SUP: 51
18 -1 212 -1 #SUP: 91
18 -1 212 -1 8 -1 #SUP: 46
18 -1 212 -1 8 -1 18 -1 #SUP: 30
18 -1 212 -1 18 -1 #SUP: 43
18 -1 212 -1 71 -1 #SUP: 33
18 -1 214 -1 #SUP: 43
18 -1 219 -1 #SUP: 148
18 -1 219 -1 8 -1 #SUP: 64
18 -1 219 -1 8 -1 8 -1 #SUP: 32
18 -1 219 -1 8 -1 18 -1 #SUP: 43
18 -1 219 -1 14 -1 #SUP: 55
18 -1 219 -1 17 -1 #SUP: 34
18 -1 219 -1 18 -1 #SUP: 62
18 -1 219 -1 18 -1 8 -1 #SUP: 30
18 -1 219 -1 21 -1 #SUP: 43
18 -1 219 -1 29 -1 #SUP: 45
18 -1 219 -1 290 -1 #SUP: 38
18 -1 219 -1 52 -1 #SUP: 31
18 -1 219 -1 71 -1 #SUP: 63
18 -1 219 -1 92 -1 #SUP: 42
18 -1 219 -1 124 -1 #SUP: 37
18 -1 219 -1 219 -1 #SUP: 38
18 -1 219 -1 227 -1 #SUP: 42
18 -1 731 -1 #SUP: 31
18 -1 224 -1 #SUP: 132
18 -1 224 -1 8 -1 #SUP: 75
18 -1 224 -1 8 -1 8 -1 #SUP: 36
18 -1 224 -1 8 -1 14 -1 #SUP: 30
18 -1 224 -1 8 -1 18 -1 #SUP: 42
18 -1 224 -1 8 -1 71 -1 #SUP: 33
18 -1 224 -1 14 -1 #SUP: 59
18 -1 224 -1 17 -1 #SUP: 42
18 -1 224 -1 18 -1 #SUP: 67
18 -1 224 -1 18 -1 8 -1 #SUP: 42
18 -1 224 -1 18 -1 71 -1 #SUP: 32
18 -1 224 -1 21 -1 #SUP: 34
18 -1 224 -1 29 -1 #SUP: 33
18 -1 224 -1 40 -1 #SUP: 32
18 -1 224 -1 71 -1 #SUP: 66
18 -1 224 -1 71 -1 8 -1 #SUP: 38
18 -1 224 -1 71 -1 71 -1 #SUP: 33
18 -1 224 -1 92 -1 #SUP: 30
18 -1 224 -1 225 -1 #SUP: 56
18 -1 225 -1 #SUP: 89
18 -1 225 -1 8 -1 #SUP: 34
18 -1 225 -1 14 -1 #SUP: 30
18 -1 225 -1 18 -1 #SUP: 32
18 -1 225 -1 71 -1 #SUP: 32
18 -1 227 -1 #SUP: 147
18 -1 227 -1 8 -1 #SUP: 58
18 -1 227 -1 8 -1 8 -1 #SUP: 31
18 -1 227 -1 8 -1 18 -1 #SUP: 46
18 -1 227 -1 14 -1 #SUP: 63
18 -1 227 -1 14 -1 8 -1 #SUP: 33
18 -1 227 -1 14 -1 18 -1 #SUP: 34
18 -1 227 -1 17 -1 #SUP: 31
18 -1 227 -1 18 -1 #SUP: 66
18 -1 227 -1 18 -1 8 -1 #SUP: 32
18 -1 227 -1 18 -1 18 -1 #SUP: 33
18 -1 227 -1 21 -1 #SUP: 46
18 -1 227 -1 29 -1 #SUP: 42
18 -1 227 -1 71 -1 #SUP: 55
18 -1 227 -1 92 -1 #SUP: 31
18 -1 227 -1 219 -1 #SUP: 31
18 -1 227 -1 227 -1 #SUP: 40
18 -1 234 -1 #SUP: 35
18 -1 493 -1 #SUP: 38
18 -1 1263 -1 #SUP: 34
19 -1 #SUP: 256
19 -1 3 -1 #SUP: 60
19 -1 3 -1 8 -1 #SUP: 33
19 -1 3 -1 18 -1 #SUP: 32
19 -1 263 -1 #SUP: 33
19 -1 8 -1 #SUP: 140
19 -1 8 -1 8 -1 #SUP: 73
19 -1 8 -1 8 -1 8 -1 #SUP: 30
19 -1 8 -1 8 -1 14 -1 #SUP: 34
19 -1 8 -1 8 -1 18 -1 #SUP: 42
19 -1 8 -1 14 -1 #SUP: 73
19 -1 8 -1 14 -1 8 -1 #SUP: 34
19 -1 8 -1 14 -1 18 -1 #SUP: 39
19 -1 8 -1 17 -1 #SUP: 48
19 -1 8 -1 17 -1 14 -1 #SUP: 30
19 -1 8 -1 18 -1 #SUP: 100
19 -1 8 -1 18 -1 8 -1 #SUP: 49
19 -1 8 -1 18 -1 8 -1 18 -1 #SUP: 31
19 -1 8 -1 18 -1 14 -1 #SUP: 46
19 -1 8 -1 18 -1 18 -1 #SUP: 46
19 -1 8 -1 18 -1 29 -1 #SUP: 30
19 -1 8 -1 18 -1 71 -1 #SUP: 36
19 -1 8 -1 21 -1 #SUP: 32
19 -1 8 -1 29 -1 #SUP: 47
19 -1 8 -1 71 -1 #SUP: 54
19 -1 8 -1 122 -1 #SUP: 35
19 -1 265 -1 #SUP: 66
19 -1 265 -1 71 -1 #SUP: 37
19 -1 14 -1 #SUP: 121
19 -1 14 -1 8 -1 #SUP: 58
19 -1 14 -1 8 -1 18 -1 #SUP: 39
19 -1 14 -1 265 -1 #SUP: 33
19 -1 14 -1 14 -1 #SUP: 52
19 -1 14 -1 17 -1 #SUP: 33
19 -1 14 -1 18 -1 #SUP: 66
19 -1 14 -1 21 -1 #SUP: 34
19 -1 14 -1 29 -1 #SUP: 38
19 -1 14 -1 71 -1 #SUP: 48
19 -1 14 -1 122 -1 #SUP: 30
19 -1 17 -1 #SUP: 102
19 -1 17 -1 8 -1 #SUP: 59
19 -1 17 -1 8 -1 14 -1 #SUP: 30
19 -1 17 -1 8 -1 18 -1 #SUP: 36
19 -1 17 -1 14 -1 #SUP: 51
19 -1 17 -1 17 -1 #SUP: 40
19 -1 17 -1 18 -1 #SUP: 50
19 -1 17 -1 18 -1 8 -1 #SUP: 30
19 -1 17 -1 29 -1 #SUP: 36
19 -1 17 -1 40 -1 #SUP: 30
19 -1 17 -1 71 -1 #SUP: 55
19 -1 17 -1 71 -1 8 -1 #SUP: 30
19 -1 18 -1 #SUP: 144
19 -1 18 -1 8 -1 #SUP: 71
19 -1 18 -1 8 -1 8 -1 #SUP: 30
19 -1 18 -1 8 -1 14 -1 #SUP: 37
19 -1 18 -1 8 -1 18 -1 #SUP: 47
19 -1 18 -1 8 -1 71 -1 #SUP: 30
19 -1 18 -1 265 -1 #SUP: 35
19 -1 18 -1 14 -1 #SUP: 68
19 -1 18 -1 14 -1 8 -1 #SUP: 30
19 -1 18 -1 14 -1 18 -1 #SUP: 37
19 -1 18 -1 17 -1 #SUP: 43
19 -1 18 -1 18 -1 #SUP: 68
19 -1 18 -1 18 -1 8 -1 #SUP: 31
19 -1 18 -1 18 -1 14 -1 #SUP: 30
19 -1 18 -1 18 -1 18 -1 #SUP: 30
19 -1 18 -1 21 -1 #SUP: 36
19 -1 18 -1 29 -1 #SUP: 46
19 -1 18 -1 71 -1 #SUP: 58
19 -1 18 -1 92 -1 #SUP: 38
19 -1 18 -1 122 -1 #SUP: 43
19 -1 19 -1 #SUP: 36
19 -1 20 -1 #SUP: 55
19 -1 20 -1 8 -1 #SUP: 30
19 -1 21 -1 #SUP: 80
19 -1 21 -1 8 -1 #SUP: 48
19 -1 21 -1 8 -1 18 -1 #SUP: 31
19 -1 21 -1 14 -1 #SUP: 33
19 -1 21 -1 18 -1 #SUP: 43
19 -1 21 -1 71 -1 #SUP: 34
19 -1 23 -1 #SUP: 30
19 -1 29 -1 #SUP: 86
19 -1 29 -1 8 -1 #SUP: 45
19 -1 29 -1 8 -1 18 -1 #SUP: 30
19 -1 29 -1 265 -1 #SUP: 33
19 -1 29 -1 14 -1 #SUP: 46
19 -1 29 -1 17 -1 #SUP: 40
19 -1 29 -1 18 -1 #SUP: 45
19 -1 29 -1 29 -1 #SUP: 35
19 -1 29 -1 71 -1 #SUP: 51
19 -1 29 -1 122 -1 #SUP: 33
19 -1 30 -1 #SUP: 55
19 -1 290 -1 #SUP: 53
19 -1 290 -1 71 -1 #SUP: 31
19 -1 292 -1 #SUP: 35
19 -1 39 -1 #SUP: 35
19 -1 40 -1 #SUP: 64
19 -1 40 -1 8 -1 #SUP: 37
19 -1 40 -1 18 -1 #SUP: 38
19 -1 40 -1 71 -1 #SUP: 30
19 -1 307 -1 #SUP: 32
19 -1 52 -1 #SUP: 44
19 -1 54 -1 #SUP: 38
19 -1 71 -1 #SUP: 142
19 -1 71 -1 8 -1 #SUP: 73
19 -1 71 -1 8 -1 8 -1 #SUP: 32
19 -1 71 -1 8 -1 14 -1 #SUP: 34
19 -1 71 -1 8 -1 18 -1 #SUP: 50
19 -1 71 -1 265 -1 #SUP: 33
19 -1 71 -1 14 -1 #SUP: 58
19 -1 71 -1 14 -1 18 -1 #SUP: 31
19 -1 71 -1 17 -1 #SUP: 45
19 -1 71 -1 18 -1 #SUP: 72
19 -1 71 -1 18 -1 8 -1 #SUP: 33
19 -1 71 -1 18 -1 14 -1 #SUP: 30
19 -1 71 -1 29 -1 #SUP: 43
19 -1 71 -1 290 -1 #SUP: 35
19 -1 71 -1 40 -1 #SUP: 30
19 -1 71 -1 71 -1 #SUP: 65
19 -1 71 -1 71 -1 8 -1 #SUP: 37
19 -1 71 -1 71 -1 18 -1 #SUP: 32
19 -1 71 -1 71 -1 71 -1 #SUP: 30
19 -1 71 -1 92 -1 #SUP: 40
19 -1 71 -1 122 -1 #SUP: 40
19 -1 92 -1 #SUP: 82
19 -1 92 -1 8 -1 #SUP: 36
19 -1 92 -1 18 -1 #SUP: 40
19 -1 92 -1 29 -1 #SUP: 31
19 -1 92 -1 71 -1 #SUP: 40
19 -1 96 -1 #SUP: 53
19 -1 96 -1 17 -1 #SUP: 30
19 -1 103 -1 #SUP: 32
19 -1 122 -1 #SUP: 88
19 -1 122 -1 8 -1 #SUP: 34
19 -1 122 -1 14 -1 #SUP: 38
19 -1 122 -1 18 -1 #SUP: 39
19 -1 122 -1 71 -1 #SUP: 38
19 -1 124 -1 #SUP: 32
19 -1 206 -1 #SUP: 37
19 -1 212 -1 #SUP: 33
20 -1 #SUP: 390
20 -1 3 -1 #SUP: 68
20 -1 3 -1 8 -1 #SUP: 34
20 -1 3 -1 18 -1 #SUP: 34
20 -1 8 -1 #SUP: 228
20 -1 8 -1 3 -1 #SUP: 32
20 -1 8 -1 8 -1 #SUP: 118
20 -1 8 -1 8 -1 8 -1 #SUP: 66
20 -1 8 -1 8 -1 8 -1 8 -1 #SUP: 36
20 -1 8 -1 8 -1 8 -1 18 -1 #SUP: 39
20 -1 8 -1 8 -1 14 -1 #SUP: 50
20 -1 8 -1 8 -1 14 -1 18 -1 #SUP: 30
20 -1 8 -1 8 -1 17 -1 #SUP: 31
20 -1 8 -1 8 -1 18 -1 #SUP: 76
20 -1 8 -1 8 -1 18 -1 8 -1 #SUP: 38
20 -1 8 -1 8 -1 18 -1 18 -1 #SUP: 31
20 -1 8 -1 8 -1 21 -1 #SUP: 35
20 -1 8 -1 8 -1 71 -1 #SUP: 31
20 -1 8 -1 14 -1 #SUP: 97
20 -1 8 -1 14 -1 8 -1 #SUP: 56
20 -1 8 -1 14 -1 8 -1 18 -1 #SUP: 38
20 -1 8 -1 14 -1 14 -1 #SUP: 33
20 -1 8 -1 14 -1 18 -1 #SUP: 54
20 -1 8 -1 14 -1 21 -1 #SUP: 31
20 -1 8 -1 14 -1 71 -1 #SUP: 30
20 -1 8 -1 17 -1 #SUP: 61
20 -1 8 -1 17 -1 8 -1 #SUP: 35
20 -1 8 -1 17 -1 18 -1 #SUP: 30
20 -1 8 -1 18 -1 #SUP: 149
20 -1 8 -1 18 -1 8 -1 #SUP: 80
20 -1 8 -1 18 -1 8 -1 8 -1 #SUP: 41
20 -1 8 -1 18 -1 8 -1 14 -1 #SUP: 34
20 -1 8 -1 18 -1 8 -1 18 -1 #SUP: 53
20 -1 8 -1 18 -1 14 -1 #SUP: 55
20 -1 8 -1 18 -1 14 -1 18 -1 #SUP: 30
20 -1 8 -1 18 -1 17 -1 #SUP: 37
20 -1 8 -1 18 -1 18 -1 #SUP: 63
20 -1 8 -1 18 -1 21 -1 #SUP: 42
20 -1 8 -1 18 -1 29 -1 #SUP: 30
20 -1 8 -1 18 -1 40 -1 #SUP: 40
20 -1 8 -1 18 -1 71 -1 #SUP: 45
20 -1 8 -1 18 -1 92 -1 #SUP: 33
20 -1 8 -1 20 -1 #SUP: 35
20 -1 8 -1 21 -1 #SUP: 70
20 -1 8 -1 21 -1 8 -1 #SUP: 46
20 -1 8 -1 21 -1 8 -1 18 -1 #SUP: 31
20 -1 8 -1 21 -1 18 -1 #SUP: 41
20 -1 8 -1 29 -1 #SUP: 46
20 -1 8 -1 40 -1 #SUP: 53
20 -1 8 -1 71 -1 #SUP: 73
20 -1 8 -1 71 -1 8 -1 #SUP: 32
20 -1 8 -1 92 -1 #SUP: 59
20 -1 8 -1 96 -1 #SUP: 43
20 -1 8 -1 219 -1 #SUP: 34
20 -1 265 -1 #SUP: 48
20 -1 266 -1 #SUP: 31
20 -1 14 -1 #SUP: 181
20 -1 14 -1 8 -1 #SUP: 98
20 -1 14 -1 8 -1 8 -1 #SUP: 44
20 -1 14 -1 8 -1 14 -1 #SUP: 41
20 -1 14 -1 8 -1 18 -1 #SUP: 60
20 -1 14 -1 14 -1 #SUP: 68
20 -1 14 -1 14 -1 8 -1 #SUP: 35
20 -1 14 -1 14 -1 14 -1 #SUP: 33
20 -1 14 -1 14 -1 18 -1 #SUP: 37
20 -1 14 -1 17 -1 #SUP: 34
20 -1 14 -1 18 -1 #SUP: 96
20 -1 14 -1 18 -1 8 -1 #SUP: 55
20 -1 14 -1 18 -1 14 -1 #SUP: 39
20 -1 14 -1 18 -1 18 -1 #SUP: 40
20 -1 14 -1 18 -1 71 -1 #SUP: 30
20 -1 14 -1 20 -1 #SUP: 35
20 -1 14 -1 21 -1 #SUP: 55
20 -1 14 -1 29 -1 #SUP: 40
20 -1 14 -1 40 -1 #SUP: 35
20 -1 14 -1 71 -1 #SUP: 61
20 -1 14 -1 92 -1 #SUP: 30
20 -1 14 -1 96 -1 #SUP: 32
20 -1 17 -1 #SUP: 122
20 -1 17 -1 8 -1 #SUP: 64
20 -1 17 -1 8 -1 8 -1 #SUP: 31
20 -1 17 -1 8 -1 18 -1 #SUP: 43
20 -1 17 -1 14 -1 #SUP: 47
20 -1 17 -1 17 -1 #SUP: 38
20 -1 17 -1 18 -1 #SUP: 58
20 -1 17 -1 21 -1 #SUP: 35
20 -1 17 -1 40 -1 #SUP: 37
20 -1 17 -1 71 -1 #SUP: 33
20 -1 18 -1 #SUP: 217
20 -1 18 -1 3 -1 #SUP: 31
20 -1 18 -1 8 -1 #SUP: 114
20 -1 18 -1 8 -1 8 -1 #SUP: 51
20 -1 18 -1 8 -1 14 -1 #SUP: 49
20 -1 18 -1 8 -1 18 -1 #SUP: 64
20 -1 18 -1 8 -1 18 -1 8 -1 #SUP: 32
20 -1 18 -1 8 -1 21 -1 #SUP: 30
20 -1 18 -1 8 -1 71 -1 #SUP: 35
20 -1 18 -1 14 -1 #SUP: 87
20 -1 18 -1 14 -1 8 -1 #SUP: 42
20 -1 18 -1 14 -1 14 -1 #SUP: 36
20 -1 18 -1 14 -1 18 -1 #SUP: 45
20 -1 18 -1 17 -1 #SUP: 49
20 -1 18 -1 18 -1 #SUP: 92
20 -1 18 -1 18 -1 8 -1 #SUP: 45
20 -1 18 -1 18 -1 14 -1 #SUP: 36
20 -1 18 -1 18 -1 18 -1 #SUP: 35
20 -1 18 -1 20 -1 #SUP: 32
20 -1 18 -1 21 -1 #SUP: 62
20 -1 18 -1 21 -1 8 -1 #SUP: 35
20 -1 18 -1 21 -1 18 -1 #SUP: 30
20 -1 18 -1 29 -1 #SUP: 45
20 -1 18 -1 290 -1 #SUP: 31
20 -1 18 -1 40 -1 #SUP: 46
20 -1 18 -1 71 -1 #SUP: 70
20 -1 18 -1 71 -1 8 -1 #SUP: 34
20 -1 18 -1 92 -1 #SUP: 45
20 -1 18 -1 96 -1 #SUP: 38
20 -1 18 -1 206 -1 #SUP: 32
20 -1 18 -1 219 -1 #SUP: 31
20 -1 19 -1 #SUP: 49
20 -1 20 -1 #SUP: 96
20 -1 20 -1 8 -1 #SUP: 37
20 -1 20 -1 14 -1 #SUP: 32
20 -1 20 -1 18 -1 #SUP: 39
20 -1 20 -1 71 -1 #SUP: 32
20 -1 21 -1 #SUP: 141
20 -1 21 -1 8 -1 #SUP: 87
20 -1 21 -1 8 -1 8 -1 #SUP: 49
20 -1 21 -1 8 -1 8 -1 18 -1 #SUP: 32
20 -1 21 -1 8 -1 14 -1 #SUP: 34
20 -1 21 -1 8 -1 18 -1 #SUP: 56
20 -1 21 -1 14 -1 #SUP: 55
20 -1 21 -1 14 -1 8 -1 #SUP: 30
20 -1 21 -1 14 -1 18 -1 #SUP: 30
20 -1 21 -1 17 -1 #SUP: 30
20 -1 21 -1 18 -1 #SUP: 73
20 -1 21 -1 18 -1 8 -1 #SUP: 38
20 -1 21 -1 18 -1 18 -1 #SUP: 31
20 -1 21 -1 21 -1 #SUP: 43
20 -1 21 -1 40 -1 #SUP: 33
20 -1 21 -1 71 -1 #SUP: 36
20 -1 23 -1 #SUP: 43
20 -1 25 -1 #SUP: 44
20 -1 29 -1 #SUP: 96
20 -1 29 -1 8 -1 #SUP: 49
20 -1 29 -1 14 -1 #SUP: 37
20 -1 29 -1 17 -1 #SUP: 34
20 -1 29 -1 18 -1 #SUP: 39
20 -1 29 -1 71 -1 #SUP: 30
20 -1 30 -1 #SUP: 76
20 -1 30 -1 8 -1 #SUP: 31
20 -1 290 -1 #SUP: 70
20 -1 290 -1 8 -1 #SUP: 33
20 -1 290 -1 18 -1 #SUP: 33
20 -1 292 -1 #SUP: 38
20 -1 39 -1 #SUP: 57
20 -1 40 -1 #SUP: 115
20 -1 40 -1 8 -1 #SUP: 49
20 -1 40 -1 8 -1 8 -1 #SUP: 30
20 -1 40 -1 14 -1 #SUP: 43
20 -1 40 -1 18 -1 #SUP: 56
20 -1 40 -1 19 -1 #SUP: 31
20 -1 40 -1 40 -1 #SUP: 34
20 -1 40 -1 71 -1 #SUP: 34
20 -1 40 -1 92 -1 #SUP: 35
20 -1 52 -1 #SUP: 63
20 -1 52 -1 8 -1 #SUP: 31
20 -1 54 -1 #SUP: 50
20 -1 54 -1 8 -1 #SUP: 30
20 -1 318 -1 #SUP: 45
20 -1 63 -1 #SUP: 45
20 -1 71 -1 #SUP: 154
20 -1 71 -1 3 -1 #SUP: 30
20 -1 71 -1 8 -1 #SUP: 79
20 -1 71 -1 8 -1 8 -1 #SUP: 37
20 -1 71 -1 8 -1 14 -1 #SUP: 30
20 -1 71 -1 8 -1 18 -1 #SUP: 46
20 -1 71 -1 8 -1 71 -1 #SUP: 32
20 -1 71 -1 14 -1 #SUP: 63
20 -1 71 -1 14 -1 8 -1 #SUP: 33
20 -1 71 -1 14 -1 18 -1 #SUP: 31
20 -1 71 -1 17 -1 #SUP: 34
20 -1 71 -1 18 -1 #SUP: 67
20 -1 71 -1 18 -1 8 -1 #SUP: 37
20 -1 71 -1 18 -1 18 -1 #SUP: 30
20 -1 71 -1 20 -1 #SUP: 31
20 -1 71 -1 21 -1 #SUP: 46
20 -1 71 -1 29 -1 #SUP: 39
20 -1 71 -1 290 -1 #SUP: 41
20 -1 71 -1 40 -1 #SUP: 36
20 -1 71 -1 71 -1 #SUP: 66
20 -1 71 -1 92 -1 #SUP: 48
20 -1 92 -1 #SUP: 110
20 -1 92 -1 8 -1 #SUP: 48
20 -1 92 -1 14 -1 #SUP: 35
20 -1 92 -1 18 -1 #SUP: 52
20 -1 92 -1 71 -1 #SUP: 37
20 -1 96 -1 #SUP: 75
20 -1 96 -1 8 -1 #SUP: 45
20 -1 96 -1 14 -1 #SUP: 33
20 -1 96 -1 17 -1 #SUP: 32
20 -1 96 -1 18 -1 #SUP: 37
20 -1 103 -1 #SUP: 59
20 -1 103 -1 18 -1 #SUP: 30
20 -1 122 -1 #SUP: 41
20 -1 124 -1 #SUP: 66
20 -1 124 -1 8 -1 #SUP: 33
20 -1 124 -1 14 -1 #SUP: 31
20 -1 124 -1 18 -1 #SUP: 32
20 -1 206 -1 #SUP: 58
20 -1 206 -1 18 -1 #SUP: 31
20 -1 212 -1 #SUP: 33
20 -1 219 -1 #SUP: 71
20 -1 219 -1 8 -1 #SUP: 31
20 -1 224 -1 #SUP: 42
20 -1 227 -1 #SUP: 54
21 -1 #SUP: 605
21 -1 3 -1 #SUP: 116
21 -1 3 -1 8 -1 #SUP: 67
21 -1 3 -1 8 -1 8 -1 #SUP: 39
21 -1 3 -1 8 -1 14 -1 #SUP: 31
21 -1 3 -1 8 -1 18 -1 #SUP: 47
21 -1 3 -1 8 -1 18 -1 8 -1 #SUP: 30
21 -1 3 -1 14 -1 #SUP: 47
21 -1 3 -1 18 -1 #SUP: 58
21 -1 3 -1 18 -1 8 -1 #SUP: 34
21 -1 3 -1 71 -1 #SUP: 44
21 -1 8 -1 #SUP: 414
21 -1 8 -1 3 -1 #SUP: 72
21 -1 8 -1 3 -1 8 -1 #SUP: 38
21 -1 8 -1 3 -1 18 -1 #SUP: 34
21 -1 8 -1 8 -1 #SUP: 249
21 -1 8 -1 8 -1 3 -1 #SUP: 40
21 -1 8 -1 8 -1 8 -1 #SUP: 129
21 -1 8 -1 8 -1 8 -1 8 -1 #SUP: 64
21 -1 8 -1 8 -1 8 -1 8 -1 8 -1 #SUP: 32
21 -1 8 -1 8 -1 8 -1 8 -1 18 -1 #SUP: 40
21 -1 8 -1 8 -1 8 -1 14 -1 #SUP: 45
21 -1 8 -1 8 -1 8 -1 18 -1 #SUP: 86
21 -1 8 -1 8 -1 8 -1 18 -1 8 -1 #SUP: 45
21 -1 8 -1 8 -1 8 -1 71 -1 #SUP: 39
21 -1 8 -1 8 -1 14 -1 #SUP: 104
21 -1 8 -1 8 -1 14 -1 8 -1 #SUP: 62
21 -1 8 -1 8 -1 14 -1 8 -1 18 -1 #SUP: 44
21 -1 8 -1 8 -1 14 -1 14 -1 #SUP: 35
21 -1 8 -1 8 -1 14 -1 18 -1 #SUP: 65
21 -1 8 -1 8 -1 14 -1 18 -1 8 -1 #SUP: 33
21 -1 8 -1 8 -1 14 -1 71 -1 #SUP: 37
21 -1 8 -1 8 -1 17 -1 #SUP: 70
21 -1 8 -1 8 -1 17 -1 8 -1 #SUP: 35
21 -1 8 -1 8 -1 17 -1 18 -1 #SUP: 32
21 -1 8 -1 8 -1 18 -1 #SUP: 161
21 -1 8 -1 8 -1 18 -1 8 -1 #SUP: 97
21 -1 8 -1 8 -1 18 -1 8 -1 8 -1 #SUP: 43
21 -1 8 -1 8 -1 18 -1 8 -1 14 -1 #SUP: 35
21 -1 8 -1 8 -1 18 -1 8 -1 18 -1 #SUP: 59
21 -1 8 -1 8 -1 18 -1 14 -1 #SUP: 63
21 -1 8 -1 8 -1 18 -1 14 -1 8 -1 #SUP: 34
21 -1 8 -1 8 -1 18 -1 14 -1 18 -1 #SUP: 33
21 -1 8 -1 8 -1 18 -1 17 -1 #SUP: 40
21 -1 8 -1 8 -1 18 -1 18 -1 #SUP: 78
21 -1 8 -1 8 -1 18 -1 18 -1 8 -1 #SUP: 37
21 -1 8 -1 8 -1 18 -1 21 -1 #SUP: 37
21 -1 8 -1 8 -1 18 -1 29 -1 #SUP: 33
21 -1 8 -1 8 -1 18 -1 71 -1 #SUP: 47
21 -1 8 -1 8 -1 20 -1 #SUP: 31
21 -1 8 -1 8 -1 21 -1 #SUP: 61
21 -1 8 -1 8 -1 21 -1 8 -1 #SUP: 37
21 -1 8 -1 8 -1 21 -1 8 -1 18 -1 #SUP: 31
21 -1 8 -1 8 -1 21 -1 18 -1 #SUP: 38
21 -1 8 -1 8 -1 29 -1 #SUP: 55
21 -1 8 -1 8 -1 30 -1 #SUP: 34
21 -1 8 -1 8 -1 290 -1 #SUP: 33
21 -1 8 -1 8 -1 40 -1 #SUP: 38
21 -1 8 -1 8 -1 71 -1 #SUP: 81
21 -1 8 -1 8 -1 71 -1 8 -1 #SUP: 40
21 -1 8 -1 8 -1 71 -1 18 -1 #SUP: 32
21 -1 8 -1 8 -1 92 -1 #SUP: 46
21 -1 8 -1 8 -1 96 -1 #SUP: 51
21 -1 8 -1 8 -1 96 -1 8 -1 #SUP: 31
21 -1 8 -1 14 -1 #SUP: 185
21 -1 8 -1 14 -1 3 -1 #SUP: 30
21 -1 8 -1 14 -1 8 -1 #SUP: 117
21 -1 8 -1 14 -1 8 -1 8 -1 #SUP: 51
21 -1 8 -1 14 -1 8 -1 8 -1 18 -1 #SUP: 33
21 -1 8 -1 14 -1 8 -1 14 -1 #SUP: 41
21 -1 8 -1 14 -1 8 -1 17 -1 #SUP: 30
21 -1 8 -1 14 -1 8 -1 18 -1 #SUP: 80
21 -1 8 -1 14 -1 8 -1 18 -1 8 -1 #SUP: 41
21 -1 8 -1 14 -1 8 -1 18 -1 18 -1 #SUP: 35
21 -1 8 -1 14 -1 14 -1 #SUP: 63
21 -1 8 -1 14 -1 14 -1 8 -1 #SUP: 30
21 -1 8 -1 14 -1 14 -1 18 -1 #SUP: 33
21 -1 8 -1 14 -1 17 -1 #SUP: 48
21 -1 8 -1 14 -1 18 -1 #SUP: 112
21 -1 8 -1 14 -1 18 -1 8 -1 #SUP: 58
21 -1 8 -1 14 -1 18 -1 8 -1 18 -1 #SUP: 35
21 -1 8 -1 14 -1 18 -1 14 -1 #SUP: 40
21 -1 8 -1 14 -1 18 -1 18 -1 #SUP: 49
21 -1 8 -1 14 -1 20 -1 #SUP: 30
21 -1 8 -1 14 -1 21 -1 #SUP: 53
21 -1 8 -1 14 -1 21 -1 8 -1 #SUP: 32
21 -1 8 -1 14 -1 21 -1 18 -1 #SUP: 30
21 -1 8 -1 14 -1 29 -1 #SUP: 43
21 -1 8 -1 14 -1 40 -1 #SUP: 33
21 -1 8 -1 14 -1 71 -1 #SUP: 61
21 -1 8 -1 14 -1 71 -1 8 -1 #SUP: 33
21 -1 8 -1 14 -1 92 -1 #SUP: 31
21 -1 8 -1 17 -1 #SUP: 128
21 -1 8 -1 17 -1 8 -1 #SUP: 71
21 -1 8 -1 17 -1 8 -1 18 -1 #SUP: 48
21 -1 8 -1 17 -1 14 -1 #SUP: 50
21 -1 8 -1 17 -1 17 -1 #SUP: 33
21 -1 8 -1 17 -1 18 -1 #SUP: 65
21 -1 8 -1 17 -1 18 -1 8 -1 #SUP: 33
21 -1 8 -1 17 -1 18 -1 18 -1 #SUP: 30
21 -1 8 -1 17 -1 21 -1 #SUP: 34
21 -1 8 -1 17 -1 71 -1 #SUP: 42
21 -1 8 -1 18 -1 #SUP: 289
21 -1 8 -1 18 -1 3 -1 #SUP: 46
21 -1 8 -1 18 -1 8 -1 #SUP: 180
21 -1 8 -1 18 -1 8 -1 3 -1 #SUP: 31
21 -1 8 -1 18 -1 8 -1 8 -1 #SUP: 95
21 -1 8 -1 18 -1 8 -1 8 -1 8 -1 #SUP: 49
21 -1 8 -1 18 -1 8 -1 8 -1 8 -1 18 -1 #SUP: 30
21 -1 8 -1 18 -1 8 -1 8 -1 14 -1 #SUP: 33
21 -1 8 -1 18 -1 8 -1 8 -1 18 -1 #SUP: 65
21 -1 8 -1 18 -1 8 -1 8 -1 18 -1 8 -1 #SUP: 36
21 -1 8 -1 18 -1 8 -1 14 -1 #SUP: 74
21 -1 8 -1 18 -1 8 -1 14 -1 8 -1 #SUP: 45
21 -1 8 -1 18 -1 8 -1 14 -1 8 -1 18 -1 #SUP: 32
21 -1 8 -1 18 -1 8 -1 14 -1 18 -1 #SUP: 46
21 -1 8 -1 18 -1 8 -1 17 -1 #SUP: 42
21 -1 8 -1 18 -1 8 -1 18 -1 #SUP: 125
21 -1 8 -1 18 -1 8 -1 18 -1 8 -1 #SUP: 72
21 -1 8 -1 18 -1 8 -1 18 -1 8 -1 8 -1 #SUP: 31
21 -1 8 -1 18 -1 8 -1 18 -1 8 -1 18 -1 #SUP: 44
21 -1 8 -1 18 -1 8 -1 18 -1 14 -1 #SUP: 44
21 -1 8 -1 18 -1 8 -1 18 -1 17 -1 #SUP: 30
21 -1 8 -1 18 -1 8 -1 18 -1 18 -1 #SUP: 57
21 -1 8 -1 18 -1 8 -1 18 -1 71 -1 #SUP: 35
21 -1 8 -1 18 -1 8 -1 21 -1 #SUP: 41
21 -1 8 -1 18 -1 8 -1 29 -1 #SUP: 40
21 -1 8 -1 18 -1 8 -1 71 -1 #SUP: 59
21 -1 8 -1 18 -1 8 -1 71 -1 8 -1 #SUP: 30
21 -1 8 -1 18 -1 8 -1 92 -1 #SUP: 31
21 -1 8 -1 18 -1 8 -1 96 -1 #SUP: 35
21 -1 8 -1 18 -1 14 -1 #SUP: 122
21 -1 8 -1 18 -1 14 -1 8 -1 #SUP: 81
21 -1 8 -1 18 -1 14 -1 8 -1 8 -1 #SUP: 34
21 -1 8 -1 18 -1 14 -1 8 -1 18 -1 #SUP: 58
21 -1 8 -1 18 -1 14 -1 14 -1 #SUP: 42
21 -1 8 -1 18 -1 14 -1 17 -1 #SUP: 33
21 -1 8 -1 18 -1 14 -1 18 -1 #SUP: 80
21 -1 8 -1 18 -1 14 -1 18 -1 8 -1 #SUP: 41
21 -1 8 -1 18 -1 14 -1 18 -1 18 -1 #SUP: 38
21 -1 8 -1 18 -1 14 -1 21 -1 #SUP: 32
21 -1 8 -1 18 -1 14 -1 29 -1 #SUP: 32
21 -1 8 -1 18 -1 14 -1 71 -1 #SUP: 43
21 -1 8 -1 18 -1 17 -1 #SUP: 75
21 -1 8 -1 18 -1 17 -1 8 -1 #SUP: 43
21 -1 8 -1 18 -1 17 -1 8 -1 18 -1 #SUP: 33
21 -1 8 -1 18 -1 17 -1 18 -1 #SUP: 44
21 -1 8 -1 18 -1 18 -1 #SUP: 152
21 -1 8 -1 18 -1 18 -1 8 -1 #SUP: 87
21 -1 8 -1 18 -1 18 -1 8 -1 8 -1 #SUP: 36
21 -1 8 -1 18 -1 18 -1 8 -1 14 -1 #SUP: 31
21 -1 8 -1 18 -1 18 -1 8 -1 18 -1 #SUP: 56
21 -1 8 -1 18 -1 18 -1 14 -1 #SUP: 56
21 -1 8 -1 18 -1 18 -1 14 -1 8 -1 #SUP: 30
21 -1 8 -1 18 -1 18 -1 14 -1 18 -1 #SUP: 32
21 -1 8 -1 18 -1 18 -1 17 -1 #SUP: 37
21 -1 8 -1 18 -1 18 -1 18 -1 #SUP: 72
21 -1 8 -1 18 -1 18 -1 18 -1 8 -1 #SUP: 30
21 -1 8 -1 18 -1 18 -1 21 -1 #SUP: 33
21 -1 8 -1 18 -1 18 -1 29 -1 #SUP: 34
21 -1 8 -1 18 -1 18 -1 71 -1 #SUP: 46
21 -1 8 -1 18 -1 20 -1 #SUP: 40
21 -1 8 -1 18 -1 21 -1 #SUP: 74
21 -1 8 -1 18 -1 21 -1 8 -1 #SUP: 48
21 -1 8 -1 18 -1 21 -1 8 -1 18 -1 #SUP: 37
21 -1 8 -1 18 -1 21 -1 18 -1 #SUP: 46
21 -1 8 -1 18 -1 23 -1 #SUP: 32
21 -1 8 -1 18 -1 29 -1 #SUP: 71
21 -1 8 -1 18 -1 29 -1 8 -1 #SUP: 41
21 -1 8 -1 18 -1 29 -1 18 -1 #SUP: 32
21 -1 8 -1 18 -1 29 -1 71 -1 #SUP: 30
21 -1 8 -1 18 -1 30 -1 #SUP: 51
21 -1 8 -1 18 -1 290 -1 #SUP: 49
21 -1 8 -1 18 -1 39 -1 #SUP: 35
21 -1 8 -1 18 -1 40 -1 #SUP: 58
21 -1 8 -1 18 -1 40 -1 8 -1 #SUP: 30
21 -1 8 -1 18 -1 40 -1 18 -1 #SUP: 38
21 -1 8 -1 18 -1 52 -1 #SUP: 37
21 -1 8 -1 18 -1 71 -1 #SUP: 99
21 -1 8 -1 18 -1 71 -1 8 -1 #SUP: 62
21 -1 8 -1 18 -1 71 -1 8 -1 18 -1 #SUP: 42
21 -1 8 -1 18 -1 71 -1 14 -1 #SUP: 41
21 -1 8 -1 18 -1 71 -1 18 -1 #SUP: 54
21 -1 8 -1 18 -1 71 -1 71 -1 #SUP: 37
21 -1 8 -1 18 -1 92 -1 #SUP: 43
21 -1 8 -1 18 -1 96 -1 #SUP: 55
21 -1 8 -1 18 -1 96 -1 8 -1 #SUP: 37
21 -1 8 -1 18 -1 96 -1 18 -1 #SUP: 36
21 -1 8 -1 18 -1 124 -1 #SUP: 37
21 -1 8 -1 18 -1 206 -1 #SUP: 38
21 -1 8 -1 18 -1 224 -1 #SUP: 31
21 -1 8 -1 18 -1 227 -1 #SUP: 38
21 -1 8 -1 19 -1 #SUP: 38
21 -1 8 -1 20 -1 #SUP: 58
21 -1 8 -1 20 -1 8 -1 #SUP: 31
21 -1 8 -1 21 -1 #SUP: 129
21 -1 8 -1 21 -1 8 -1 #SUP: 82
21 -1 8 -1 21 -1 8 -1 8 -1 #SUP: 44
21 -1 8 -1 21 -1 8 -1 18 -1 #SUP: 58
21 -1 8 -1 21 -1 8 -1 18 -1 8 -1 #SUP: 33
21 -1 8 -1 21 -1 14 -1 #SUP: 41
21 -1 8 -1 21 -1 18 -1 #SUP: 74
21 -1 8 -1 21 -1 18 -1 8 -1 #SUP: 40
21 -1 8 -1 21 -1 71 -1 #SUP: 41
21 -1 8 -1 23 -1 #SUP: 40
21 -1 8 -1 25 -1 #SUP: 30
21 -1 8 -1 29 -1 #SUP: 111
21 -1 8 -1 29 -1 8 -1 #SUP: 63
21 -1 8 -1 29 -1 8 -1 18 -1 #SUP: 37
21 -1 8 -1 29 -1 14 -1 #SUP: 47
21 -1 8 -1 29 -1 17 -1 #SUP: 39
21 -1 8 -1 29 -1 18 -1 #SUP: 55
21 -1 8 -1 29 -1 21 -1 #SUP: 34
21 -1 8 -1 29 -1 71 -1 #SUP: 44
21 -1 8 -1 30 -1 #SUP: 65
21 -1 8 -1 30 -1 8 -1 #SUP: 33
21 -1 8 -1 290 -1 #SUP: 68
21 -1 8 -1 290 -1 8 -1 #SUP: 37
21 -1 8 -1 290 -1 18 -1 #SUP: 30
21 -1 8 -1 39 -1 #SUP: 57
21 -1 8 -1 39 -1 8 -1 #SUP: 34
21 -1 8 -1 39 -1 18 -1 #SUP: 33
21 -1 8 -1 40 -1 #SUP: 82
21 -1 8 -1 40 -1 8 -1 #SUP: 46
21 -1 8 -1 40 -1 8 -1 18 -1 #SUP: 32
21 -1 8 -1 40 -1 14 -1 #SUP: 37
21 -1 8 -1 40 -1 18 -1 #SUP: 53
21 -1 8 -1 40 -1 18 -1 8 -1 #SUP: 32
21 -1 8 -1 52 -1 #SUP: 65
21 -1 8 -1 52 -1 8 -1 #SUP: 32
21 -1 8 -1 54 -1 #SUP: 41
21 -1 8 -1 318 -1 #SUP: 34
21 -1 8 -1 71 -1 #SUP: 143
21 -1 8 -1 71 -1 3 -1 #SUP: 30
21 -1 8 -1 71 -1 8 -1 #SUP: 84
21 -1 8 -1 71 -1 8 -1 8 -1 #SUP: 37
21 -1 8 -1 71 -1 8 -1 14 -1 #SUP: 34
21 -1 8 -1 71 -1 8 -1 18 -1 #SUP: 53
21 -1 8 -1 71 -1 8 -1 18 -1 8 -1 #SUP: 32
21 -1 8 -1 71 -1 14 -1 #SUP: 60
21 -1 8 -1 71 -1 14 -1 8 -1 #SUP: 33
21 -1 8 -1 71 -1 14 -1 18 -1 #SUP: 33
21 -1 8 -1 71 -1 17 -1 #SUP: 36
21 -1 8 -1 71 -1 18 -1 #SUP: 70
21 -1 8 -1 71 -1 18 -1 8 -1 #SUP: 38
21 -1 8 -1 71 -1 29 -1 #SUP: 33
21 -1 8 -1 71 -1 290 -1 #SUP: 35
21 -1 8 -1 71 -1 71 -1 #SUP: 55
21 -1 8 -1 92 -1 #SUP: 77
21 -1 8 -1 92 -1 8 -1 #SUP: 41
21 -1 8 -1 92 -1 18 -1 #SUP: 39
21 -1 8 -1 96 -1 #SUP: 79
21 -1 8 -1 96 -1 8 -1 #SUP: 46
21 -1 8 -1 96 -1 8 -1 18 -1 #SUP: 33
21 -1 8 -1 96 -1 14 -1 #SUP: 32
21 -1 8 -1 96 -1 17 -1 #SUP: 35
21 -1 8 -1 96 -1 18 -1 #SUP: 45
21 -1 8 -1 103 -1 #SUP: 46
21 -1 8 -1 103 -1 18 -1 #SUP: 31
21 -1 8 -1 122 -1 #SUP: 34
21 -1 8 -1 124 -1 #SUP: 54
21 -1 8 -1 126 -1 #SUP: 37
21 -1 8 -1 206 -1 #SUP: 44
21 -1 8 -1 219 -1 #SUP: 45
21 -1 8 -1 224 -1 #SUP: 48
21 -1 8 -1 224 -1 8 -1 #SUP: 30
21 -1 8 -1 227 -1 #SUP: 49
21 -1 265 -1 #SUP: 47
21 -1 14 -1 #SUP: 283
21 -1 14 -1 3 -1 #SUP: 47
21 -1 14 -1 8 -1 #SUP: 171
21 -1 14 -1 8 -1 8 -1 #SUP: 87
21 -1 14 -1 8 -1 8 -1 8 -1 #SUP: 42
21 -1 14 -1 8 -1 8 -1 14 -1 #SUP: 36
21 -1 14 -1 8 -1 8 -1 18 -1 #SUP: 55
21 -1 14 -1 8 -1 8 -1 18 -1 8 -1 #SUP: 32
21 -1 14 -1 8 -1 14 -1 #SUP: 67
21 -1 14 -1 8 -1 14 -1 8 -1 #SUP: 33
21 -1 14 -1 8 -1 14 -1 18 -1 #SUP: 38
21 -1 14 -1 8 -1 17 -1 #SUP: 45
21 -1 14 -1 8 -1 18 -1 #SUP: 113
21 -1 14 -1 8 -1 18 -1 8 -1 #SUP: 65
21 -1 14 -1 8 -1 18 -1 8 -1 8 -1 #SUP: 30
21 -1 14 -1 8 -1 18 -1 8 -1 18 -1 #SUP: 43
21 -1 14 -1 8 -1 18 -1 14 -1 #SUP: 40
21 -1 14 -1 8 -1 18 -1 18 -1 #SUP: 55
21 -1 14 -1 8 -1 18 -1 71 -1 #SUP: 36
21 -1 14 -1 8 -1 21 -1 #SUP: 44
21 -1 14 -1 8 -1 29 -1 #SUP: 34
21 -1 14 -1 8 -1 71 -1 #SUP: 54
21 -1 14 -1 8 -1 71 -1 8 -1 #SUP: 30
21 -1 14 -1 14 -1 #SUP: 116
21 -1 14 -1 14 -1 8 -1 #SUP: 61
21 -1 14 -1 14 -1 8 -1 8 -1 #SUP: 30
21 -1 14 -1 14 -1 8 -1 18 -1 #SUP: 42
21 -1 14 -1 14 -1 14 -1 #SUP: 47
21 -1 14 -1 14 -1 17 -1 #SUP: 36
21 -1 14 -1 14 -1 18 -1 #SUP: 61
21 -1 14 -1 14 -1 18 -1 8 -1 #SUP: 35
21 -1 14 -1 14 -1 18 -1 18 -1 #SUP: 33
21 -1 14 -1 14 -1 21 -1 #SUP: 32
21 -1 14 -1 14 -1 29 -1 #SUP: 32
21 -1 14 -1 14 -1 71 -1 #SUP: 40
21 -1 14 -1 17 -1 #SUP: 70
21 -1 14 -1 17 -1 8 -1 #SUP: 34
21 -1 14 -1 17 -1 14 -1 #SUP: 34
21 -1 14 -1 17 -1 18 -1 #SUP: 35
21 -1 14 -1 18 -1 #SUP: 166
21 -1 14 -1 18 -1 8 -1 #SUP: 90
21 -1 14 -1 18 -1 8 -1 8 -1 #SUP: 41
21 -1 14 -1 18 -1 8 -1 14 -1 #SUP: 39
21 -1 14 -1 18 -1 8 -1 18 -1 #SUP: 55
21 -1 14 -1 18 -1 14 -1 #SUP: 65
21 -1 14 -1 18 -1 14 -1 8 -1 #SUP: 35
21 -1 14 -1 18 -1 14 -1 18 -1 #SUP: 35
21 -1 14 -1 18 -1 17 -1 #SUP: 37
21 -1 14 -1 18 -1 18 -1 #SUP: 77
21 -1 14 -1 18 -1 18 -1 8 -1 #SUP: 36
21 -1 14 -1 18 -1 18 -1 18 -1 #SUP: 32
21 -1 14 -1 18 -1 21 -1 #SUP: 45
21 -1 14 -1 18 -1 29 -1 #SUP: 36
21 -1 14 -1 18 -1 71 -1 #SUP: 53
21 -1 14 -1 20 -1 #SUP: 51
21 -1 14 -1 21 -1 #SUP: 95
21 -1 14 -1 21 -1 8 -1 #SUP: 57
21 -1 14 -1 21 -1 8 -1 8 -1 #SUP: 35
21 -1 14 -1 21 -1 8 -1 18 -1 #SUP: 44
21 -1 14 -1 21 -1 14 -1 #SUP: 36
21 -1 14 -1 21 -1 18 -1 #SUP: 56
21 -1 14 -1 21 -1 18 -1 8 -1 #SUP: 34
21 -1 14 -1 21 -1 71 -1 #SUP: 30
21 -1 14 -1 23 -1 #SUP: 35
21 -1 14 -1 29 -1 #SUP: 72
21 -1 14 -1 29 -1 8 -1 #SUP: 40
21 -1 14 -1 29 -1 14 -1 #SUP: 30
21 -1 14 -1 29 -1 18 -1 #SUP: 34
21 -1 14 -1 30 -1 #SUP: 38
21 -1 14 -1 290 -1 #SUP: 45
21 -1 14 -1 39 -1 #SUP: 32
21 -1 14 -1 40 -1 #SUP: 52
21 -1 14 -1 40 -1 18 -1 #SUP: 33
21 -1 14 -1 52 -1 #SUP: 40
21 -1 14 -1 71 -1 #SUP: 103
21 -1 14 -1 71 -1 8 -1 #SUP: 56
21 -1 14 -1 71 -1 8 -1 18 -1 #SUP: 37
21 -1 14 -1 71 -1 14 -1 #SUP: 40
21 -1 14 -1 71 -1 18 -1 #SUP: 53
21 -1 14 -1 71 -1 71 -1 #SUP: 34
21 -1 14 -1 92 -1 #SUP: 50
21 -1 14 -1 96 -1 #SUP: 43
21 -1 14 -1 124 -1 #SUP: 40
21 -1 14 -1 219 -1 #SUP: 33
21 -1 14 -1 224 -1 #SUP: 33
21 -1 14 -1 227 -1 #SUP: 37
21 -1 17 -1 #SUP: 200
21 -1 17 -1 3 -1 #SUP: 37
21 -1 17 -1 8 -1 #SUP: 105
21 -1 17 -1 8 -1 8 -1 #SUP: 48
21 -1 17 -1 8 -1 14 -1 #SUP: 42
21 -1 17 -1 8 -1 18 -1 #SUP: 68
21 -1 17 -1 8 -1 18 -1 8 -1 #SUP: 35
21 -1 17 -1 14 -1 #SUP: 79
21 -1 17 -1 14 -1 8 -1 #SUP: 40
21 -1 17 -1 14 -1 18 -1 #SUP: 37
21 -1 17 -1 17 -1 #SUP: 57
21 -1 17 -1 18 -1 #SUP: 101
21 -1 17 -1 18 -1 8 -1 #SUP: 50
21 -1 17 -1 18 -1 8 -1 18 -1 #SUP: 31
21 -1 17 -1 18 -1 14 -1 #SUP: 37
21 -1 17 -1 18 -1 18 -1 #SUP: 43
21 -1 17 -1 20 -1 #SUP: 30
21 -1 17 -1 21 -1 #SUP: 58
21 -1 17 -1 21 -1 8 -1 #SUP: 35
21 -1 17 -1 29 -1 #SUP: 52
21 -1 17 -1 39 -1 #SUP: 34
21 -1 17 -1 40 -1 #SUP: 42
21 -1 17 -1 52 -1 #SUP: 40
21 -1 17 -1 71 -1 #SUP: 73
21 -1 17 -1 71 -1 8 -1 #SUP: 41
21 -1 17 -1 71 -1 18 -1 #SUP: 34
21 -1 17 -1 71 -1 71 -1 #SUP: 31
21 -1 17 -1 92 -1 #SUP: 39
21 -1 17 -1 96 -1 #SUP: 32
21 -1 18 -1 #SUP: 375
21 -1 18 -1 3 -1 #SUP: 62
21 -1 18 -1 3 -1 8 -1 #SUP: 34
21 -1 18 -1 3 -1 18 -1 #SUP: 33
21 -1 18 -1 8 -1 #SUP: 223
21 -1 18 -1 8 -1 3 -1 #SUP: 42
21 -1 18 -1 8 -1 8 -1 #SUP: 126
21 -1 18 -1 8 -1 8 -1 8 -1 #SUP: 65
21 -1 18 -1 8 -1 8 -1 8 -1 8 -1 #SUP: 31
21 -1 18 -1 8 -1 8 -1 8 -1 18 -1 #SUP: 44
21 -1 18 -1 8 -1 8 -1 14 -1 #SUP: 47
21 -1 18 -1 8 -1 8 -1 14 -1 8 -1 #SUP: 30
21 -1 18 -1 8 -1 8 -1 18 -1 #SUP: 81
21 -1 18 -1 8 -1 8 -1 18 -1 8 -1 #SUP: 50
21 -1 18 -1 8 -1 8 -1 18 -1 18 -1 #SUP: 38
21 -1 18 -1 8 -1 8 -1 71 -1 #SUP: 37
21 -1 18 -1 8 -1 14 -1 #SUP: 101
21 -1 18 -1 8 -1 14 -1 8 -1 #SUP: 63
21 -1 18 -1 8 -1 14 -1 8 -1 18 -1 #SUP: 44
21 -1 18 -1 8 -1 14 -1 14 -1 #SUP: 34
21 -1 18 -1 8 -1 14 -1 18 -1 #SUP: 60
21 -1 18 -1 8 -1 14 -1 18 -1 8 -1 #SUP: 34
21 -1 18 -1 8 -1 14 -1 18 -1 18 -1 #SUP: 30
21 -1 18 -1 8 -1 14 -1 71 -1 #SUP: 36
21 -1 18 -1 8 -1 17 -1 #SUP: 53
21 -1 18 -1 8 -1 17 -1 18 -1 #SUP: 30
21 -1 18 -1 8 -1 18 -1 #SUP: 150
21 -1 18 -1 8 -1 18 -1 8 -1 #SUP: 92
21 -1 18 -1 8 -1 18 -1 8 -1 8 -1 #SUP: 46
21 -1 18 -1 8 -1 18 -1 8 -1 8 -1 18 -1 #SUP: 31
21 -1 18 -1 8 -1 18 -1 8 -1 14 -1 #SUP: 31
21 -1 18 -1 8 -1 18 -1 8 -1 18 -1 #SUP: 60
21 -1 18 -1 8 -1 18 -1 8 -1 18 -1 8 -1 #SUP: 32
21 -1 18 -1 8 -1 18 -1 14 -1 #SUP: 56
21 -1 18 -1 8 -1 18 -1 14 -1 8 -1 #SUP: 37
21 -1 18 -1 8 -1 18 -1 14 -1 18 -1 #SUP: 35
21 -1 18 -1 8 -1 18 -1 17 -1 #SUP: 36
21 -1 18 -1 8 -1 18 -1 18 -1 #SUP: 76
21 -1 18 -1 8 -1 18 -1 18 -1 8 -1 #SUP: 37
21 -1 18 -1 8 -1 18 -1 21 -1 #SUP: 30
21 -1 18 -1 8 -1 18 -1 29 -1 #SUP: 33
21 -1 18 -1 8 -1 18 -1 71 -1 #SUP: 42
21 -1 18 -1 8 -1 21 -1 #SUP: 59
21 -1 18 -1 8 -1 21 -1 8 -1 #SUP: 36
21 -1 18 -1 8 -1 21 -1 8 -1 18 -1 #SUP: 30
21 -1 18 -1 8 -1 21 -1 18 -1 #SUP: 37
21 -1 18 -1 8 -1 29 -1 #SUP: 52
21 -1 18 -1 8 -1 290 -1 #SUP: 36
21 -1 18 -1 8 -1 39 -1 #SUP: 31
21 -1 18 -1 8 -1 40 -1 #SUP: 37
21 -1 18 -1 8 -1 71 -1 #SUP: 76
21 -1 18 -1 8 -1 71 -1 8 -1 #SUP: 40
21 -1 18 -1 8 -1 71 -1 18 -1 #SUP: 35
21 -1 18 -1 8 -1 92 -1 #SUP: 38
21 -1 18 -1 8 -1 96 -1 #SUP: 39
21 -1 18 -1 14 -1 #SUP: 166
21 -1 18 -1 14 -1 8 -1 #SUP: 104
21 -1 18 -1 14 -1 8 -1 8 -1 #SUP: 44
21 -1 18 -1 14 -1 8 -1 14 -1 #SUP: 34
21 -1 18 -1 14 -1 8 -1 18 -1 #SUP: 71
21 -1 18 -1 14 -1 8 -1 18 -1 8 -1 #SUP: 33
21 -1 18 -1 14 -1 8 -1 18 -1 18 -1 #SUP: 31
21 -1 18 -1 14 -1 14 -1 #SUP: 60
21 -1 18 -1 14 -1 14 -1 8 -1 #SUP: 30
21 -1 18 -1 14 -1 14 -1 18 -1 #SUP: 32
21 -1 18 -1 14 -1 17 -1 #SUP: 41
21 -1 18 -1 14 -1 18 -1 #SUP: 100
21 -1 18 -1 14 -1 18 -1 8 -1 #SUP: 50
21 -1 18 -1 14 -1 18 -1 8 -1 18 -1 #SUP: 32
21 -1 18 -1 14 -1 18 -1 14 -1 #SUP: 33
21 -1 18 -1 14 -1 18 -1 18 -1 #SUP: 47
21 -1 18 -1 14 -1 21 -1 #SUP: 48
21 -1 18 -1 14 -1 29 -1 #SUP: 38
21 -1 18 -1 14 -1 71 -1 #SUP: 53
21 -1 18 -1 14 -1 71 -1 8 -1 #SUP: 31
21 -1 18 -1 17 -1 #SUP: 97
21 -1 18 -1 17 -1 8 -1 #SUP: 52
21 -1 18 -1 17 -1 8 -1 18 -1 #SUP: 38
21 -1 18 -1 17 -1 14 -1 #SUP: 39
21 -1 18 -1 17 -1 17 -1 #SUP: 30
21 -1 18 -1 17 -1 18 -1 #SUP: 54
21 -1 18 -1 17 -1 71 -1 #SUP: 35
21 -1 18 -1 18 -1 #SUP: 187
21 -1 18 -1 18 -1 8 -1 #SUP: 113
21 -1 18 -1 18 -1 8 -1 8 -1 #SUP: 56
21 -1 18 -1 18 -1 8 -1 8 -1 18 -1 #SUP: 39
21 -1 18 -1 18 -1 8 -1 14 -1 #SUP: 41
21 -1 18 -1 18 -1 8 -1 18 -1 #SUP: 76
21 -1 18 -1 18 -1 8 -1 18 -1 8 -1 #SUP: 39
21 -1 18 -1 18 -1 8 -1 18 -1 18 -1 #SUP: 30
21 -1 18 -1 18 -1 8 -1 71 -1 #SUP: 34
21 -1 18 -1 18 -1 14 -1 #SUP: 77
21 -1 18 -1 18 -1 14 -1 8 -1 #SUP: 47
21 -1 18 -1 18 -1 14 -1 8 -1 18 -1 #SUP: 34
21 -1 18 -1 18 -1 14 -1 18 -1 #SUP: 49
21 -1 18 -1 18 -1 17 -1 #SUP: 46
21 -1 18 -1 18 -1 18 -1 #SUP: 101
21 -1 18 -1 18 -1 18 -1 8 -1 #SUP: 45
21 -1 18 -1 18 -1 18 -1 18 -1 #SUP: 37
21 -1 18 -1 18 -1 21 -1 #SUP: 51
21 -1 18 -1 18 -1 21 -1 8 -1 #SUP: 32
21 -1 18 -1 18 -1 21 -1 18 -1 #SUP: 34
21 -1 18 -1 18 -1 29 -1 #SUP: 45
21 -1 18 -1 18 -1 40 -1 #SUP: 32
21 -1 18 -1 18 -1 71 -1 #SUP: 58
21 -1 18 -1 18 -1 71 -1 8 -1 #SUP: 32
21 -1 18 -1 18 -1 71 -1 18 -1 #SUP: 31
21 -1 18 -1 19 -1 #SUP: 37
21 -1 18 -1 20 -1 #SUP: 54
21 -1 18 -1 20 -1 8 -1 #SUP: 30
21 -1 18 -1 21 -1 #SUP: 108
21 -1 18 -1 21 -1 8 -1 #SUP: 68
21 -1 18 -1 21 -1 8 -1 8 -1 #SUP: 39
21 -1 18 -1 21 -1 8 -1 18 -1 #SUP: 50
21 -1 18 -1 21 -1 14 -1 #SUP: 36
21 -1 18 -1 21 -1 18 -1 #SUP: 65
21 -1 18 -1 21 -1 18 -1 8 -1 #SUP: 35
21 -1 18 -1 21 -1 21 -1 #SUP: 32
21 -1 18 -1 21 -1 71 -1 #SUP: 37
21 -1 18 -1 23 -1 #SUP: 38
21 -1 18 -1 29 -1 #SUP: 94
21 -1 18 -1 29 -1 8 -1 #SUP: 54
21 -1 18 -1 29 -1 8 -1 18 -1 #SUP: 31
21 -1 18 -1 29 -1 14 -1 #SUP: 36
21 -1 18 -1 29 -1 17 -1 #SUP: 31
21 -1 18 -1 29 -1 18 -1 #SUP: 42
21 -1 18 -1 29 -1 71 -1 #SUP: 37
21 -1 18 -1 30 -1 #SUP: 63
21 -1 18 -1 30 -1 8 -1 #SUP: 30
21 -1 18 -1 290 -1 #SUP: 70
21 -1 18 -1 290 -1 8 -1 #SUP: 34
21 -1 18 -1 290 -1 18 -1 #SUP: 32
21 -1 18 -1 39 -1 #SUP: 54
21 -1 18 -1 40 -1 #SUP: 76
21 -1 18 -1 40 -1 8 -1 #SUP: 41
21 -1 18 -1 40 -1 14 -1 #SUP: 34
21 -1 18 -1 40 -1 18 -1 #SUP: 48
21 -1 18 -1 52 -1 #SUP: 59
21 -1 18 -1 52 -1 8 -1 #SUP: 30
21 -1 18 -1 52 -1 71 -1 #SUP: 31
21 -1 18 -1 54 -1 #SUP: 35
21 -1 18 -1 318 -1 #SUP: 34
21 -1 18 -1 71 -1 #SUP: 134
21 -1 18 -1 71 -1 8 -1 #SUP: 77
21 -1 18 -1 71 -1 8 -1 8 -1 #SUP: 35
21 -1 18 -1 71 -1 8 -1 14 -1 #SUP: 30
21 -1 18 -1 71 -1 8 -1 18 -1 #SUP: 50
21 -1 18 -1 71 -1 8 -1 18 -1 8 -1 #SUP: 31
21 -1 18 -1 71 -1 14 -1 #SUP: 57
21 -1 18 -1 71 -1 14 -1 8 -1 #SUP: 33
21 -1 18 -1 71 -1 14 -1 18 -1 #SUP: 31
21 -1 18 -1 71 -1 17 -1 #SUP: 31
21 -1 18 -1 71 -1 18 -1 #SUP: 70
21 -1 18 -1 71 -1 18 -1 8 -1 #SUP: 37
21 -1 18 -1 71 -1 18 -1 18 -1 #SUP: 32
21 -1 18 -1 71 -1 29 -1 #SUP: 34
21 -1 18 -1 71 -1 290 -1 #SUP: 36
21 -1 18 -1 71 -1 71 -1 #SUP: 52
21 -1 18 -1 92 -1 #SUP: 72
21 -1 18 -1 92 -1 8 -1 #SUP: 31
21 -1 18 -1 92 -1 18 -1 #SUP: 37
21 -1 18 -1 96 -1 #SUP: 65
21 -1 18 -1 96 -1 8 -1 #SUP: 40
21 -1 18 -1 96 -1 8 -1 18 -1 #SUP: 30
21 -1 18 -1 96 -1 18 -1 #SUP: 39
21 -1 18 -1 103 -1 #SUP: 47
21 -1 18 -1 103 -1 18 -1 #SUP: 31
21 -1 18 -1 122 -1 #SUP: 37
21 -1 18 -1 124 -1 #SUP: 53
21 -1 18 -1 206 -1 #SUP: 44
21 -1 18 -1 219 -1 #SUP: 45
21 -1 18 -1 224 -1 #SUP: 44
21 -1 18 -1 227 -1 #SUP: 50
21 -1 19 -1 #SUP: 63
21 -1 19 -1 8 -1 #SUP: 35
21 -1 19 -1 18 -1 #SUP: 33
21 -1 20 -1 #SUP: 114
21 -1 20 -1 8 -1 #SUP: 62
21 -1 20 -1 8 -1 8 -1 #SUP: 31
21 -1 20 -1 8 -1 18 -1 #SUP: 39
21 -1 20 -1 14 -1 #SUP: 48
21 -1 20 -1 18 -1 #SUP: 57
21 -1 20 -1 21 -1 #SUP: 40
21 -1 20 -1 71 -1 #SUP: 36
21 -1 21 -1 #SUP: 200
21 -1 21 -1 3 -1 #SUP: 33
21 -1 21 -1 8 -1 #SUP: 124
21 -1 21 -1 8 -1 8 -1 #SUP: 68
21 -1 21 -1 8 -1 8 -1 18 -1 #SUP: 37
21 -1 21 -1 8 -1 14 -1 #SUP: 37
21 -1 21 -1 8 -1 18 -1 #SUP: 84
21 -1 21 -1 8 -1 18 -1 8 -1 #SUP: 47
21 -1 21 -1 8 -1 18 -1 18 -1 #SUP: 31
21 -1 21 -1 8 -1 71 -1 #SUP: 38
21 -1 21 -1 14 -1 #SUP: 71
21 -1 21 -1 14 -1 8 -1 #SUP: 42
21 -1 21 -1 14 -1 8 -1 18 -1 #SUP: 30
21 -1 21 -1 14 -1 18 -1 #SUP: 38
21 -1 21 -1 17 -1 #SUP: 48
21 -1 21 -1 18 -1 #SUP: 112
21 -1 21 -1 18 -1 8 -1 #SUP: 62
21 -1 21 -1 18 -1 8 -1 18 -1 #SUP: 32
21 -1 21 -1 18 -1 14 -1 #SUP: 30
21 -1 21 -1 18 -1 18 -1 #SUP: 41
21 -1 21 -1 18 -1 71 -1 #SUP: 32
21 -1 21 -1 21 -1 #SUP: 55
21 -1 21 -1 21 -1 8 -1 #SUP: 31
21 -1 21 -1 29 -1 #SUP: 46
21 -1 21 -1 40 -1 #SUP: 38
21 -1 21 -1 71 -1 #SUP: 67
21 -1 21 -1 71 -1 8 -1 #SUP: 40
21 -1 21 -1 71 -1 18 -1 #SUP: 34
21 -1 21 -1 92 -1 #SUP: 35
21 -1 23 -1 #SUP: 77
21 -1 23 -1 8 -1 #SUP: 33
21 -1 23 -1 14 -1 #SUP: 35
21 -1 23 -1 18 -1 #SUP: 36
21 -1 24 -1 #SUP: 37
21 -1 25 -1 #SUP: 53
21 -1 25 -1 8 -1 #SUP: 33
21 -1 25 -1 18 -1 #SUP: 30
21 -1 26 -1 #SUP: 43
21 -1 27 -1 #SUP: 31
21 -1 29 -1 #SUP: 184
21 -1 29 -1 3 -1 #SUP: 42
21 -1 29 -1 8 -1 #SUP: 106
21 -1 29 -1 8 -1 8 -1 #SUP: 55
21 -1 29 -1 8 -1 8 -1 18 -1 #SUP: 35
21 -1 29 -1 8 -1 14 -1 #SUP: 43
21 -1 29 -1 8 -1 18 -1 #SUP: 63
21 -1 29 -1 8 -1 18 -1 8 -1 #SUP: 36
21 -1 29 -1 8 -1 18 -1 18 -1 #SUP: 35
21 -1 29 -1 8 -1 71 -1 #SUP: 31
21 -1 29 -1 14 -1 #SUP: 81
21 -1 29 -1 14 -1 8 -1 #SUP: 44
21 -1 29 -1 14 -1 18 -1 #SUP: 36
21 -1 29 -1 17 -1 #SUP: 75
21 -1 29 -1 17 -1 8 -1 #SUP: 37
21 -1 29 -1 17 -1 14 -1 #SUP: 35
21 -1 29 -1 17 -1 18 -1 #SUP: 39
21 -1 29 -1 17 -1 71 -1 #SUP: 31
21 -1 29 -1 18 -1 #SUP: 93
21 -1 29 -1 18 -1 8 -1 #SUP: 51
21 -1 29 -1 18 -1 8 -1 18 -1 #SUP: 32
21 -1 29 -1 18 -1 14 -1 #SUP: 37
21 -1 29 -1 18 -1 18 -1 #SUP: 46
21 -1 29 -1 20 -1 #SUP: 33
21 -1 29 -1 21 -1 #SUP: 55
21 -1 29 -1 21 -1 8 -1 #SUP: 31
21 -1 29 -1 29 -1 #SUP: 57
21 -1 29 -1 30 -1 #SUP: 35
21 -1 29 -1 290 -1 #SUP: 35
21 -1 29 -1 39 -1 #SUP: 35
21 -1 29 -1 40 -1 #SUP: 33
21 -1 29 -1 52 -1 #SUP: 43
21 -1 29 -1 71 -1 #SUP: 75
21 -1 29 -1 71 -1 8 -1 #SUP: 39
21 -1 29 -1 71 -1 14 -1 #SUP: 32
21 -1 29 -1 71 -1 18 -1 #SUP: 37
21 -1 29 -1 92 -1 #SUP: 39
21 -1 29 -1 96 -1 #SUP: 43
21 -1 29 -1 219 -1 #SUP: 34
21 -1 30 -1 #SUP: 107
21 -1 30 -1 8 -1 #SUP: 55
21 -1 30 -1 8 -1 8 -1 #SUP: 30
21 -1 30 -1 8 -1 18 -1 #SUP: 33
21 -1 30 -1 17 -1 #SUP: 43
21 -1 30 -1 18 -1 #SUP: 41
21 -1 30 -1 21 -1 #SUP: 35
21 -1 30 -1 71 -1 #SUP: 30
21 -1 33 -1 #SUP: 42
21 -1 290 -1 #SUP: 114
21 -1 290 -1 3 -1 #SUP: 30
21 -1 290 -1 8 -1 #SUP: 62
21 -1 290 -1 8 -1 8 -1 #SUP: 38
21 -1 290 -1 8 -1 18 -1 #SUP: 35
21 -1 290 -1 14 -1 #SUP: 40
21 -1 290 -1 17 -1 #SUP: 30
21 -1 290 -1 18 -1 #SUP: 49
21 -1 290 -1 18 -1 8 -1 #SUP: 34
21 -1 290 -1 29 -1 #SUP: 32
21 -1 290 -1 71 -1 #SUP: 45
21 -1 290 -1 71 -1 8 -1 #SUP: 30
21 -1 292 -1 #SUP: 55
21 -1 292 -1 8 -1 #SUP: 38
21 -1 292 -1 18 -1 #SUP: 30
21 -1 39 -1 #SUP: 105
21 -1 39 -1 8 -1 #SUP: 57
21 -1 39 -1 8 -1 18 -1 #SUP: 40
21 -1 39 -1 14 -1 #SUP: 38
21 -1 39 -1 18 -1 #SUP: 52
21 -1 39 -1 18 -1 8 -1 #SUP: 31
21 -1 39 -1 21 -1 #SUP: 34
21 -1 39 -1 71 -1 #SUP: 38
21 -1 40 -1 #SUP: 156
21 -1 40 -1 8 -1 #SUP: 88
21 -1 40 -1 8 -1 8 -1 #SUP: 45
21 -1 40 -1 8 -1 14 -1 #SUP: 32
21 -1 40 -1 8 -1 18 -1 #SUP: 58
21 -1 40 -1 14 -1 #SUP: 63
21 -1 40 -1 14 -1 8 -1 #SUP: 36
21 -1 40 -1 14 -1 18 -1 #SUP: 33
21 -1 40 -1 17 -1 #SUP: 44
21 -1 40 -1 18 -1 #SUP: 99
21 -1 40 -1 18 -1 8 -1 #SUP: 53
21 -1 40 -1 18 -1 14 -1 #SUP: 37
21 -1 40 -1 18 -1 18 -1 #SUP: 46
21 -1 40 -1 19 -1 #SUP: 30
21 -1 40 -1 21 -1 #SUP: 45
21 -1 40 -1 29 -1 #SUP: 55
21 -1 40 -1 40 -1 #SUP: 42
21 -1 40 -1 71 -1 #SUP: 56
21 -1 40 -1 71 -1 8 -1 #SUP: 37
21 -1 40 -1 71 -1 18 -1 #SUP: 30
21 -1 40 -1 92 -1 #SUP: 37
21 -1 299 -1 #SUP: 45
21 -1 45 -1 #SUP: 40
21 -1 306 -1 #SUP: 32
21 -1 51 -1 #SUP: 34
21 -1 307 -1 #SUP: 39
21 -1 52 -1 #SUP: 109
21 -1 52 -1 8 -1 #SUP: 50
21 -1 52 -1 8 -1 18 -1 #SUP: 33
21 -1 52 -1 14 -1 #SUP: 33
21 -1 52 -1 18 -1 #SUP: 48
21 -1 52 -1 39 -1 #SUP: 43
21 -1 52 -1 71 -1 #SUP: 47
21 -1 54 -1 #SUP: 73
21 -1 54 -1 8 -1 #SUP: 38
21 -1 54 -1 14 -1 #SUP: 40
21 -1 54 -1 18 -1 #SUP: 39
21 -1 318 -1 #SUP: 61
21 -1 318 -1 8 -1 #SUP: 30
21 -1 63 -1 #SUP: 53
21 -1 319 -1 #SUP: 36
21 -1 64 -1 #SUP: 35
21 -1 71 -1 #SUP: 238
21 -1 71 -1 3 -1 #SUP: 50
21 -1 71 -1 8 -1 #SUP: 134
21 -1 71 -1 8 -1 8 -1 #SUP: 67
21 -1 71 -1 8 -1 8 -1 8 -1 #SUP: 38
21 -1 71 -1 8 -1 8 -1 18 -1 #SUP: 42
21 -1 71 -1 8 -1 14 -1 #SUP: 55
21 -1 71 -1 8 -1 14 -1 8 -1 #SUP: 33
21 -1 71 -1 8 -1 17 -1 #SUP: 32
21 -1 71 -1 8 -1 18 -1 #SUP: 87
21 -1 71 -1 8 -1 18 -1 8 -1 #SUP: 56
21 -1 71 -1 8 -1 18 -1 8 -1 18 -1 #SUP: 33
21 -1 71 -1 8 -1 18 -1 14 -1 #SUP: 31
21 -1 71 -1 8 -1 18 -1 18 -1 #SUP: 41
21 -1 71 -1 8 -1 18 -1 71 -1 #SUP: 30
21 -1 71 -1 8 -1 29 -1 #SUP: 30
21 -1 71 -1 8 -1 71 -1 #SUP: 49
21 -1 71 -1 14 -1 #SUP: 97
21 -1 71 -1 14 -1 8 -1 #SUP: 61
21 -1 71 -1 14 -1 8 -1 18 -1 #SUP: 44
21 -1 71 -1 14 -1 18 -1 #SUP: 56
21 -1 71 -1 14 -1 71 -1 #SUP: 40
21 -1 71 -1 17 -1 #SUP: 65
21 -1 71 -1 17 -1 8 -1 #SUP: 32
21 -1 71 -1 17 -1 18 -1 #SUP: 33
21 -1 71 -1 18 -1 #SUP: 122
21 -1 71 -1 18 -1 8 -1 #SUP: 68
21 -1 71 -1 18 -1 8 -1 8 -1 #SUP: 32
21 -1 71 -1 18 -1 8 -1 18 -1 #SUP: 41
21 -1 71 -1 18 -1 14 -1 #SUP: 46
21 -1 71 -1 18 -1 14 -1 8 -1 #SUP: 30
21 -1 71 -1 18 -1 18 -1 #SUP: 59
21 -1 71 -1 18 -1 18 -1 8 -1 #SUP: 30
21 -1 71 -1 18 -1 29 -1 #SUP: 32
21 -1 71 -1 18 -1 71 -1 #SUP: 43
21 -1 71 -1 20 -1 #SUP: 36
21 -1 71 -1 21 -1 #SUP: 52
21 -1 71 -1 21 -1 8 -1 #SUP: 31
21 -1 71 -1 21 -1 18 -1 #SUP: 30
21 -1 71 -1 29 -1 #SUP: 60
21 -1 71 -1 29 -1 8 -1 #SUP: 31
21 -1 71 -1 30 -1 #SUP: 42
21 -1 71 -1 290 -1 #SUP: 58
21 -1 71 -1 290 -1 18 -1 #SUP: 32
21 -1 71 -1 40 -1 #SUP: 51
21 -1 71 -1 40 -1 18 -1 #SUP: 30
21 -1 71 -1 52 -1 #SUP: 33
21 -1 71 -1 71 -1 #SUP: 101
21 -1 71 -1 71 -1 8 -1 #SUP: 58
21 -1 71 -1 71 -1 8 -1 18 -1 #SUP: 36
21 -1 71 -1 71 -1 14 -1 #SUP: 41
21 -1 71 -1 71 -1 18 -1 #SUP: 47
21 -1 71 -1 71 -1 71 -1 #SUP: 44
21 -1 71 -1 92 -1 #SUP: 60
21 -1 71 -1 92 -1 8 -1 #SUP: 30
21 -1 71 -1 96 -1 #SUP: 39
21 -1 71 -1 103 -1 #SUP: 31
21 -1 71 -1 122 -1 #SUP: 30
21 -1 71 -1 219 -1 #SUP: 35
21 -1 71 -1 224 -1 #SUP: 33
21 -1 71 -1 227 -1 #SUP: 34
21 -1 74 -1 #SUP: 48
21 -1 74 -1 20 -1 #SUP: 30
21 -1 90 -1 #SUP: 35
21 -1 347 -1 #SUP: 41
21 -1 92 -1 #SUP: 160
21 -1 92 -1 3 -1 #SUP: 30
21 -1 92 -1 8 -1 #SUP: 78
21 -1 92 -1 8 -1 8 -1 #SUP: 39
21 -1 92 -1 8 -1 18 -1 #SUP: 49
21 -1 92 -1 14 -1 #SUP: 48
21 -1 92 -1 17 -1 #SUP: 39
21 -1 92 -1 18 -1 #SUP: 80
21 -1 92 -1 18 -1 8 -1 #SUP: 43
21 -1 92 -1 18 -1 18 -1 #SUP: 32
21 -1 92 -1 21 -1 #SUP: 45
21 -1 92 -1 29 -1 #SUP: 34
21 -1 92 -1 290 -1 #SUP: 31
21 -1 92 -1 71 -1 #SUP: 55
21 -1 92 -1 92 -1 #SUP: 49
21 -1 604 -1 #SUP: 44
21 -1 96 -1 #SUP: 116
21 -1 96 -1 8 -1 #SUP: 70
21 -1 96 -1 8 -1 18 -1 #SUP: 49
21 -1 96 -1 14 -1 #SUP: 49
21 -1 96 -1 17 -1 #SUP: 49
21 -1 96 -1 18 -1 #SUP: 65
21 -1 96 -1 18 -1 8 -1 #SUP: 30
21 -1 96 -1 21 -1 #SUP: 30
21 -1 96 -1 71 -1 #SUP: 38
21 -1 101 -1 #SUP: 35
21 -1 103 -1 #SUP: 78
21 -1 103 -1 8 -1 #SUP: 42
21 -1 103 -1 8 -1 18 -1 #SUP: 35
21 -1 103 -1 18 -1 #SUP: 47
21 -1 122 -1 #SUP: 68
21 -1 122 -1 8 -1 #SUP: 31
21 -1 122 -1 18 -1 #SUP: 32
21 -1 124 -1 #SUP: 85
21 -1 124 -1 8 -1 #SUP: 42
21 -1 124 -1 14 -1 #SUP: 31
21 -1 124 -1 18 -1 #SUP: 37
21 -1 126 -1 #SUP: 37
21 -1 153 -1 #SUP: 32
21 -1 161 -1 #SUP: 36
21 -1 174 -1 #SUP: 34
21 -1 186 -1 #SUP: 36
21 -1 197 -1 #SUP: 39
21 -1 206 -1 #SUP: 80
21 -1 206 -1 8 -1 #SUP: 46
21 -1 206 -1 8 -1 18 -1 #SUP: 33
21 -1 206 -1 14 -1 #SUP: 32
21 -1 206 -1 18 -1 #SUP: 43
21 -1 212 -1 #SUP: 48
21 -1 219 -1 #SUP: 88
21 -1 219 -1 8 -1 #SUP: 39
21 -1 219 -1 14 -1 #SUP: 36
21 -1 219 -1 18 -1 #SUP: 32
21 -1 219 -1 71 -1 #SUP: 32
21 -1 224 -1 #SUP: 77
21 -1 224 -1 8 -1 #SUP: 47
21 -1 224 -1 14 -1 #SUP: 32
21 -1 224 -1 18 -1 #SUP: 35
21 -1 224 -1 71 -1 #SUP: 33
21 -1 225 -1 #SUP: 41
21 -1 227 -1 #SUP: 87
21 -1 227 -1 8 -1 #SUP: 46
21 -1 227 -1 8 -1 18 -1 #SUP: 35
21 -1 227 -1 14 -1 #SUP: 44
21 -1 227 -1 18 -1 #SUP: 41
21 -1 227 -1 71 -1 #SUP: 35
22 -1 #SUP: 65
22 -1 8 -1 #SUP: 33
22 -1 18 -1 #SUP: 37
23 -1 #SUP: 208
23 -1 3 -1 #SUP: 38
23 -1 8 -1 #SUP: 96
23 -1 8 -1 8 -1 #SUP: 55
23 -1 8 -1 8 -1 8 -1 #SUP: 32
23 -1 8 -1 8 -1 18 -1 #SUP: 35
23 -1 8 -1 14 -1 #SUP: 48
23 -1 8 -1 18 -1 #SUP: 65
23 -1 8 -1 18 -1 8 -1 #SUP: 38
23 -1 8 -1 18 -1 14 -1 #SUP: 32
23 -1 8 -1 18 -1 18 -1 #SUP: 31
23 -1 8 -1 71 -1 #SUP: 36
23 -1 14 -1 #SUP: 80
23 -1 14 -1 8 -1 #SUP: 44
23 -1 14 -1 8 -1 18 -1 #SUP: 31
23 -1 14 -1 18 -1 #SUP: 43
23 -1 17 -1 #SUP: 54
23 -1 17 -1 8 -1 #SUP: 30
23 -1 17 -1 18 -1 #SUP: 32
23 -1 18 -1 #SUP: 115
23 -1 18 -1 8 -1 #SUP: 57
23 -1 18 -1 8 -1 8 -1 #SUP: 33
23 -1 18 -1 8 -1 18 -1 #SUP: 38
23 -1 18 -1 14 -1 #SUP: 47
23 -1 18 -1 14 -1 18 -1 #SUP: 30
23 -1 18 -1 17 -1 #SUP: 30
23 -1 18 -1 18 -1 #SUP: 50
23 -1 18 -1 21 -1 #SUP: 36
23 -1 18 -1 29 -1 #SUP: 30
23 -1 18 -1 71 -1 #SUP: 43
23 -1 20 -1 #SUP: 39
23 -1 21 -1 #SUP: 54
23 -1 21 -1 8 -1 #SUP: 34
23 -1 29 -1 #SUP: 49
23 -1 29 -1 18 -1 #SUP: 32
23 -1 290 -1 #SUP: 31
23 -1 39 -1 #SUP: 37
23 -1 40 -1 #SUP: 36
23 -1 52 -1 #SUP: 38
23 -1 71 -1 #SUP: 78
23 -1 71 -1 8 -1 #SUP: 49
23 -1 71 -1 8 -1 8 -1 #SUP: 31
23 -1 71 -1 8 -1 18 -1 #SUP: 36
23 -1 71 -1 14 -1 #SUP: 42
23 -1 71 -1 18 -1 #SUP: 45
23 -1 71 -1 71 -1 #SUP: 30
23 -1 92 -1 #SUP: 46
23 -1 124 -1 #SUP: 30
23 -1 206 -1 #SUP: 44
23 -1 219 -1 #SUP: 31
24 -1 #SUP: 115
24 -1 8 -1 #SUP: 51
24 -1 8 -1 8 -1 #SUP: 31
24 -1 8 -1 18 -1 #SUP: 36
24 -1 14 -1 #SUP: 48
24 -1 17 -1 #SUP: 40
24 -1 18 -1 #SUP: 57
24 -1 21 -1 #SUP: 36
24 -1 29 -1 #SUP: 36
24 -1 71 -1 #SUP: 44
24 -1 92 -1 #SUP: 35
24 -1 96 -1 #SUP: 37
25 -1 #SUP: 168
25 -1 8 -1 #SUP: 100
25 -1 8 -1 8 -1 #SUP: 54
25 -1 8 -1 8 -1 8 -1 #SUP: 32
25 -1 8 -1 8 -1 18 -1 #SUP: 32
25 -1 8 -1 14 -1 #SUP: 40
25 -1 8 -1 17 -1 #SUP: 41
25 -1 8 -1 18 -1 #SUP: 64
25 -1 8 -1 18 -1 8 -1 #SUP: 38
25 -1 8 -1 18 -1 18 -1 #SUP: 35
25 -1 8 -1 21 -1 #SUP: 32
25 -1 8 -1 71 -1 #SUP: 33
25 -1 14 -1 #SUP: 72
25 -1 14 -1 8 -1 #SUP: 43
25 -1 14 -1 14 -1 #SUP: 32
25 -1 14 -1 18 -1 #SUP: 39
25 -1 17 -1 #SUP: 71
25 -1 17 -1 8 -1 #SUP: 35
25 -1 17 -1 14 -1 #SUP: 31
25 -1 18 -1 #SUP: 81
25 -1 18 -1 8 -1 #SUP: 51
25 -1 18 -1 8 -1 18 -1 #SUP: 35
25 -1 18 -1 14 -1 #SUP: 39
25 -1 18 -1 18 -1 #SUP: 47
25 -1 18 -1 71 -1 #SUP: 30
25 -1 20 -1 #SUP: 59
25 -1 20 -1 8 -1 #SUP: 31
25 -1 20 -1 14 -1 #SUP: 31
25 -1 20 -1 71 -1 #SUP: 31
25 -1 21 -1 #SUP: 66
25 -1 21 -1 8 -1 #SUP: 43
25 -1 21 -1 18 -1 #SUP: 35
25 -1 29 -1 #SUP: 54
25 -1 29 -1 8 -1 #SUP: 34
25 -1 29 -1 18 -1 #SUP: 32
25 -1 30 -1 #SUP: 41
25 -1 290 -1 #SUP: 38
25 -1 39 -1 #SUP: 32
25 -1 40 -1 #SUP: 37
25 -1 52 -1 #SUP: 34
25 -1 71 -1 #SUP: 81
25 -1 71 -1 8 -1 #SUP: 47
25 -1 71 -1 14 -1 #SUP: 34
25 -1 71 -1 18 -1 #SUP: 38
25 -1 71 -1 71 -1 #SUP: 32
25 -1 92 -1 #SUP: 38
25 -1 96 -1 #SUP: 35
26 -1 #SUP: 160
26 -1 3 -1 #SUP: 38
26 -1 8 -1 #SUP: 101
26 -1 8 -1 8 -1 #SUP: 57
26 -1 8 -1 8 -1 18 -1 #SUP: 35
26 -1 8 -1 14 -1 #SUP: 49
26 -1 8 -1 14 -1 8 -1 #SUP: 32
26 -1 8 -1 18 -1 #SUP: 63
26 -1 8 -1 18 -1 8 -1 #SUP: 39
26 -1 8 -1 18 -1 14 -1 #SUP: 31
26 -1 8 -1 18 -1 18 -1 #SUP: 30
26 -1 8 -1 21 -1 #SUP: 31
26 -1 8 -1 29 -1 #SUP: 38
26 -1 8 -1 71 -1 #SUP: 33
26 -1 14 -1 #SUP: 80
26 -1 14 -1 8 -1 #SUP: 50
26 -1 14 -1 8 -1 18 -1 #SUP: 31
26 -1 14 -1 14 -1 #SUP: 30
26 -1 14 -1 18 -1 #SUP: 42
26 -1 17 -1 #SUP: 76
26 -1 17 -1 8 -1 #SUP: 42
26 -1 17 -1 14 -1 #SUP: 35
26 -1 17 -1 18 -1 #SUP: 33
26 -1 17 -1 29 -1 #SUP: 30
26 -1 17 -1 71 -1 #SUP: 34
26 -1 18 -1 #SUP: 91
26 -1 18 -1 8 -1 #SUP: 63
26 -1 18 -1 8 -1 14 -1 #SUP: 33
26 -1 18 -1 8 -1 18 -1 #SUP: 38
26 -1 18 -1 14 -1 #SUP: 46
26 -1 18 -1 18 -1 #SUP: 43
26 -1 18 -1 21 -1 #SUP: 30
26 -1 18 -1 29 -1 #SUP: 35
26 -1 18 -1 71 -1 #SUP: 30
26 -1 21 -1 #SUP: 56
26 -1 21 -1 8 -1 #SUP: 36
26 -1 29 -1 #SUP: 71
26 -1 29 -1 8 -1 #SUP: 43
26 -1 29 -1 14 -1 #SUP: 36
26 -1 29 -1 18 -1 #SUP: 35
26 -1 29 -1 71 -1 #SUP: 31
26 -1 290 -1 #SUP: 43
26 -1 40 -1 #SUP: 34
26 -1 71 -1 #SUP: 65
26 -1 71 -1 8 -1 #SUP: 39
26 -1 71 -1 14 -1 #SUP: 30
26 -1 71 -1 18 -1 #SUP: 35
26 -1 92 -1 #SUP: 35
26 -1 96 -1 #SUP: 33
27 -1 #SUP: 115
27 -1 8 -1 #SUP: 70
27 -1 8 -1 18 -1 #SUP: 46
27 -1 14 -1 #SUP: 43
27 -1 17 -1 #SUP: 38
27 -1 18 -1 #SUP: 58
27 -1 18 -1 8 -1 #SUP: 31
27 -1 21 -1 #SUP: 36
27 -1 29 -1 #SUP: 33
27 -1 71 -1 #SUP: 47
27 -1 92 -1 #SUP: 31
29 -1 #SUP: 657
29 -1 3 -1 #SUP: 169
29 -1 3 -1 3 -1 #SUP: 41
29 -1 3 -1 8 -1 #SUP: 98
29 -1 3 -1 8 -1 8 -1 #SUP: 46
29 -1 3 -1 8 -1 14 -1 #SUP: 38
29 -1 3 -1 8 -1 18 -1 #SUP: 68
29 -1 3 -1 8 -1 18 -1 8 -1 #SUP: 33
29 -1 3 -1 8 -1 71 -1 #SUP: 32
29 -1 3 -1 14 -1 #SUP: 69
29 -1 3 -1 14 -1 8 -1 #SUP: 37
29 -1 3 -1 14 -1 18 -1 #SUP: 33
29 -1 3 -1 17 -1 #SUP: 43
29 -1 3 -1 18 -1 #SUP: 92
29 -1 3 -1 18 -1 8 -1 #SUP: 44
29 -1 3 -1 18 -1 14 -1 #SUP: 35
29 -1 3 -1 18 -1 18 -1 #SUP: 38
29 -1 3 -1 20 -1 #SUP: 35
29 -1 3 -1 21 -1 #SUP: 33
29 -1 3 -1 29 -1 #SUP: 34
29 -1 3 -1 39 -1 #SUP: 34
29 -1 3 -1 40 -1 #SUP: 30
29 -1 3 -1 71 -1 #SUP: 61
29 -1 3 -1 71 -1 8 -1 #SUP: 31
29 -1 3 -1 92 -1 #SUP: 42
29 -1 262 -1 #SUP: 30
29 -1 263 -1 #SUP: 37
29 -1 8 -1 #SUP: 412
29 -1 8 -1 3 -1 #SUP: 82
29 -1 8 -1 3 -1 8 -1 #SUP: 45
29 -1 8 -1 3 -1 18 -1 #SUP: 38
29 -1 8 -1 8 -1 #SUP: 222
29 -1 8 -1 8 -1 3 -1 #SUP: 37
29 -1 8 -1 8 -1 8 -1 #SUP: 110
29 -1 8 -1 8 -1 8 -1 8 -1 #SUP: 51
29 -1 8 -1 8 -1 8 -1 14 -1 #SUP: 42
29 -1 8 -1 8 -1 8 -1 18 -1 #SUP: 78
29 -1 8 -1 8 -1 8 -1 18 -1 8 -1 #SUP: 34
29 -1 8 -1 8 -1 8 -1 71 -1 #SUP: 34
29 -1 8 -1 8 -1 14 -1 #SUP: 91
29 -1 8 -1 8 -1 14 -1 8 -1 #SUP: 52
29 -1 8 -1 8 -1 14 -1 8 -1 18 -1 #SUP: 36
29 -1 8 -1 8 -1 14 -1 14 -1 #SUP: 31
29 -1 8 -1 8 -1 14 -1 18 -1 #SUP: 52
29 -1 8 -1 8 -1 14 -1 71 -1 #SUP: 33
29 -1 8 -1 8 -1 17 -1 #SUP: 50
29 -1 8 -1 8 -1 18 -1 #SUP: 142
29 -1 8 -1 8 -1 18 -1 8 -1 #SUP: 73
29 -1 8 -1 8 -1 18 -1 8 -1 8 -1 #SUP: 34
29 -1 8 -1 8 -1 18 -1 8 -1 14 -1 #SUP: 34
29 -1 8 -1 8 -1 18 -1 8 -1 18 -1 #SUP: 54
29 -1 8 -1 8 -1 18 -1 14 -1 #SUP: 59
29 -1 8 -1 8 -1 18 -1 14 -1 8 -1 #SUP: 33
29 -1 8 -1 8 -1 18 -1 14 -1 18 -1 #SUP: 36
29 -1 8 -1 8 -1 18 -1 18 -1 #SUP: 70
29 -1 8 -1 8 -1 18 -1 18 -1 8 -1 #SUP: 32
29 -1 8 -1 8 -1 18 -1 29 -1 #SUP: 34
29 -1 8 -1 8 -1 18 -1 71 -1 #SUP: 41
29 -1 8 -1 8 -1 21 -1 #SUP: 47
29 -1 8 -1 8 -1 29 -1 #SUP: 51
29 -1 8 -1 8 -1 40 -1 #SUP: 33
29 -1 8 -1 8 -1 71 -1 #SUP: 70
29 -1 8 -1 8 -1 71 -1 8 -1 #SUP: 39
29 -1 8 -1 8 -1 71 -1 18 -1 #SUP: 30
29 -1 8 -1 8 -1 92 -1 #SUP: 40
29 -1 8 -1 8 -1 96 -1 #SUP: 33
29 -1 8 -1 8 -1 227 -1 #SUP: 30
29 -1 8 -1 265 -1 #SUP: 43
29 -1 8 -1 14 -1 #SUP: 172
29 -1 8 -1 14 -1 3 -1 #SUP: 34
29 -1 8 -1 14 -1 8 -1 #SUP: 102
29 -1 8 -1 14 -1 8 -1 8 -1 #SUP: 41
29 -1 8 -1 14 -1 8 -1 14 -1 #SUP: 34
29 -1 8 -1 14 -1 8 -1 18 -1 #SUP: 70
29 -1 8 -1 14 -1 14 -1 #SUP: 63
29 -1 8 -1 14 -1 14 -1 8 -1 #SUP: 32
29 -1 8 -1 14 -1 14 -1 18 -1 #SUP: 33
29 -1 8 -1 14 -1 17 -1 #SUP: 48
29 -1 8 -1 14 -1 18 -1 #SUP: 99
29 -1 8 -1 14 -1 18 -1 8 -1 #SUP: 45
29 -1 8 -1 14 -1 18 -1 14 -1 #SUP: 32
29 -1 8 -1 14 -1 18 -1 18 -1 #SUP: 38
29 -1 8 -1 14 -1 20 -1 #SUP: 32
29 -1 8 -1 14 -1 21 -1 #SUP: 42
29 -1 8 -1 14 -1 29 -1 #SUP: 45
29 -1 8 -1 14 -1 40 -1 #SUP: 34
29 -1 8 -1 14 -1 71 -1 #SUP: 64
29 -1 8 -1 14 -1 71 -1 8 -1 #SUP: 32
29 -1 8 -1 14 -1 227 -1 #SUP: 34
29 -1 8 -1 17 -1 #SUP: 129
29 -1 8 -1 17 -1 8 -1 #SUP: 72
29 -1 8 -1 17 -1 8 -1 18 -1 #SUP: 47
29 -1 8 -1 17 -1 14 -1 #SUP: 52
29 -1 8 -1 17 -1 14 -1 18 -1 #SUP: 32
29 -1 8 -1 17 -1 18 -1 #SUP: 64
29 -1 8 -1 17 -1 18 -1 8 -1 #SUP: 31
29 -1 8 -1 17 -1 18 -1 18 -1 #SUP: 30
29 -1 8 -1 17 -1 21 -1 #SUP: 31
29 -1 8 -1 17 -1 29 -1 #SUP: 31
29 -1 8 -1 17 -1 71 -1 #SUP: 46
29 -1 8 -1 18 -1 #SUP: 273
29 -1 8 -1 18 -1 3 -1 #SUP: 49
29 -1 8 -1 18 -1 8 -1 #SUP: 156
29 -1 8 -1 18 -1 8 -1 8 -1 #SUP: 75
29 -1 8 -1 18 -1 8 -1 8 -1 8 -1 #SUP: 33
29 -1 8 -1 18 -1 8 -1 8 -1 14 -1 #SUP: 32
29 -1 8 -1 18 -1 8 -1 8 -1 18 -1 #SUP: 56
29 -1 8 -1 18 -1 8 -1 14 -1 #SUP: 66
29 -1 8 -1 18 -1 8 -1 14 -1 8 -1 #SUP: 36
29 -1 8 -1 18 -1 8 -1 14 -1 18 -1 #SUP: 40
29 -1 8 -1 18 -1 8 -1 17 -1 #SUP: 34
29 -1 8 -1 18 -1 8 -1 18 -1 #SUP: 107
29 -1 8 -1 18 -1 8 -1 18 -1 8 -1 #SUP: 52
29 -1 8 -1 18 -1 8 -1 18 -1 8 -1 18 -1 #SUP: 37
29 -1 8 -1 18 -1 8 -1 18 -1 14 -1 #SUP: 41
29 -1 8 -1 18 -1 8 -1 18 -1 18 -1 #SUP: 47
29 -1 8 -1 18 -1 8 -1 21 -1 #SUP: 33
29 -1 8 -1 18 -1 8 -1 29 -1 #SUP: 38
29 -1 8 -1 18 -1 8 -1 71 -1 #SUP: 50
29 -1 8 -1 18 -1 14 -1 #SUP: 114
29 -1 8 -1 18 -1 14 -1 8 -1 #SUP: 66
29 -1 8 -1 18 -1 14 -1 8 -1 18 -1 #SUP: 48
29 -1 8 -1 18 -1 14 -1 14 -1 #SUP: 44
29 -1 8 -1 18 -1 14 -1 17 -1 #SUP: 31
29 -1 8 -1 18 -1 14 -1 18 -1 #SUP: 69
29 -1 8 -1 18 -1 14 -1 18 -1 8 -1 #SUP: 31
29 -1 8 -1 18 -1 14 -1 21 -1 #SUP: 30
29 -1 8 -1 18 -1 14 -1 71 -1 #SUP: 40
29 -1 8 -1 18 -1 17 -1 #SUP: 78
29 -1 8 -1 18 -1 17 -1 8 -1 #SUP: 42
29 -1 8 -1 18 -1 17 -1 14 -1 #SUP: 33
29 -1 8 -1 18 -1 17 -1 18 -1 #SUP: 40
29 -1 8 -1 18 -1 18 -1 #SUP: 142
29 -1 8 -1 18 -1 18 -1 8 -1 #SUP: 69
29 -1 8 -1 18 -1 18 -1 8 -1 18 -1 #SUP: 48
29 -1 8 -1 18 -1 18 -1 14 -1 #SUP: 49
29 -1 8 -1 18 -1 18 -1 14 -1 18 -1 #SUP: 30
29 -1 8 -1 18 -1 18 -1 18 -1 #SUP: 59
29 -1 8 -1 18 -1 18 -1 29 -1 #SUP: 31
29 -1 8 -1 18 -1 18 -1 71 -1 #SUP: 39
29 -1 8 -1 18 -1 20 -1 #SUP: 47
29 -1 8 -1 18 -1 21 -1 #SUP: 81
29 -1 8 -1 18 -1 21 -1 8 -1 #SUP: 43
29 -1 8 -1 18 -1 21 -1 8 -1 18 -1 #SUP: 33
29 -1 8 -1 18 -1 21 -1 14 -1 #SUP: 32
29 -1 8 -1 18 -1 21 -1 18 -1 #SUP: 42
29 -1 8 -1 18 -1 23 -1 #SUP: 35
29 -1 8 -1 18 -1 29 -1 #SUP: 72
29 -1 8 -1 18 -1 29 -1 8 -1 #SUP: 35
29 -1 8 -1 18 -1 29 -1 18 -1 #SUP: 35
29 -1 8 -1 18 -1 30 -1 #SUP: 36
29 -1 8 -1 18 -1 290 -1 #SUP: 39
29 -1 8 -1 18 -1 39 -1 #SUP: 41
29 -1 8 -1 18 -1 40 -1 #SUP: 64
29 -1 8 -1 18 -1 40 -1 18 -1 #SUP: 33
29 -1 8 -1 18 -1 52 -1 #SUP: 33
29 -1 8 -1 18 -1 318 -1 #SUP: 31
29 -1 8 -1 18 -1 71 -1 #SUP: 104
29 -1 8 -1 18 -1 71 -1 8 -1 #SUP: 48
29 -1 8 -1 18 -1 71 -1 8 -1 18 -1 #SUP: 36
29 -1 8 -1 18 -1 71 -1 14 -1 #SUP: 43
29 -1 8 -1 18 -1 71 -1 18 -1 #SUP: 48
29 -1 8 -1 18 -1 71 -1 29 -1 #SUP: 32
29 -1 8 -1 18 -1 71 -1 71 -1 #SUP: 39
29 -1 8 -1 18 -1 92 -1 #SUP: 50
29 -1 8 -1 18 -1 96 -1 #SUP: 52
29 -1 8 -1 18 -1 96 -1 18 -1 #SUP: 32
29 -1 8 -1 18 -1 122 -1 #SUP: 34
29 -1 8 -1 18 -1 206 -1 #SUP: 30
29 -1 8 -1 18 -1 219 -1 #SUP: 33
29 -1 8 -1 18 -1 227 -1 #SUP: 43
29 -1 8 -1 19 -1 #SUP: 34
29 -1 8 -1 20 -1 #SUP: 62
29 -1 8 -1 20 -1 8 -1 #SUP: 31
29 -1 8 -1 20 -1 14 -1 #SUP: 31
29 -1 8 -1 21 -1 #SUP: 112
29 -1 8 -1 21 -1 8 -1 #SUP: 70
29 -1 8 -1 21 -1 8 -1 8 -1 #SUP: 38
29 -1 8 -1 21 -1 8 -1 18 -1 #SUP: 47
29 -1 8 -1 21 -1 14 -1 #SUP: 40
29 -1 8 -1 21 -1 18 -1 #SUP: 59
29 -1 8 -1 21 -1 18 -1 8 -1 #SUP: 33
29 -1 8 -1 21 -1 71 -1 #SUP: 32
29 -1 8 -1 23 -1 #SUP: 49
29 -1 8 -1 29 -1 #SUP: 112
29 -1 8 -1 29 -1 8 -1 #SUP: 58
29 -1 8 -1 29 -1 8 -1 18 -1 #SUP: 36
29 -1 8 -1 29 -1 14 -1 #SUP: 45
29 -1 8 -1 29 -1 17 -1 #SUP: 37
29 -1 8 -1 29 -1 18 -1 #SUP: 52
29 -1 8 -1 29 -1 21 -1 #SUP: 32
29 -1 8 -1 29 -1 71 -1 #SUP: 42
29 -1 8 -1 30 -1 #SUP: 57
29 -1 8 -1 290 -1 #SUP: 57
29 -1 8 -1 39 -1 #SUP: 57
29 -1 8 -1 39 -1 8 -1 #SUP: 34
29 -1 8 -1 39 -1 18 -1 #SUP: 33
29 -1 8 -1 40 -1 #SUP: 84
29 -1 8 -1 40 -1 8 -1 #SUP: 40
29 -1 8 -1 40 -1 14 -1 #SUP: 30
29 -1 8 -1 40 -1 18 -1 #SUP: 42
29 -1 8 -1 40 -1 71 -1 #SUP: 30
29 -1 8 -1 307 -1 #SUP: 30
29 -1 8 -1 52 -1 #SUP: 54
29 -1 8 -1 54 -1 #SUP: 40
29 -1 8 -1 318 -1 #SUP: 35
29 -1 8 -1 71 -1 #SUP: 150
29 -1 8 -1 71 -1 3 -1 #SUP: 32
29 -1 8 -1 71 -1 8 -1 #SUP: 81
29 -1 8 -1 71 -1 8 -1 8 -1 #SUP: 36
29 -1 8 -1 71 -1 8 -1 14 -1 #SUP: 32
29 -1 8 -1 71 -1 8 -1 18 -1 #SUP: 56
29 -1 8 -1 71 -1 14 -1 #SUP: 63
29 -1 8 -1 71 -1 14 -1 8 -1 #SUP: 33
29 -1 8 -1 71 -1 14 -1 18 -1 #SUP: 34
29 -1 8 -1 71 -1 17 -1 #SUP: 35
29 -1 8 -1 71 -1 18 -1 #SUP: 71
29 -1 8 -1 71 -1 18 -1 8 -1 #SUP: 33
29 -1 8 -1 71 -1 18 -1 18 -1 #SUP: 30
29 -1 8 -1 71 -1 21 -1 #SUP: 35
29 -1 8 -1 71 -1 29 -1 #SUP: 47
29 -1 8 -1 71 -1 290 -1 #SUP: 30
29 -1 8 -1 71 -1 40 -1 #SUP: 32
29 -1 8 -1 71 -1 71 -1 #SUP: 56
29 -1 8 -1 71 -1 92 -1 #SUP: 33
29 -1 8 -1 92 -1 #SUP: 92
29 -1 8 -1 92 -1 8 -1 #SUP: 42
29 -1 8 -1 92 -1 18 -1 #SUP: 39
29 -1 8 -1 96 -1 #SUP: 75
29 -1 8 -1 96 -1 8 -1 #SUP: 40
29 -1 8 -1 96 -1 17 -1 #SUP: 34
29 -1 8 -1 96 -1 18 -1 #SUP: 42
29 -1 8 -1 103 -1 #SUP: 39
29 -1 8 -1 122 -1 #SUP: 40
29 -1 8 -1 124 -1 #SUP: 46
29 -1 8 -1 126 -1 #SUP: 38
29 -1 8 -1 206 -1 #SUP: 34
29 -1 8 -1 219 -1 #SUP: 47
29 -1 8 -1 224 -1 #SUP: 38
29 -1 8 -1 227 -1 #SUP: 57
29 -1 265 -1 #SUP: 95
29 -1 265 -1 8 -1 #SUP: 46
29 -1 265 -1 265 -1 #SUP: 38
29 -1 265 -1 14 -1 #SUP: 40
29 -1 265 -1 17 -1 #SUP: 35
29 -1 265 -1 18 -1 #SUP: 45
29 -1 265 -1 29 -1 #SUP: 31
29 -1 265 -1 30 -1 #SUP: 32
29 -1 265 -1 71 -1 #SUP: 54
29 -1 266 -1 #SUP: 45
29 -1 12 -1 #SUP: 41
29 -1 14 -1 #SUP: 313
29 -1 14 -1 3 -1 #SUP: 61
29 -1 14 -1 3 -1 8 -1 #SUP: 34
29 -1 14 -1 8 -1 #SUP: 163
29 -1 14 -1 8 -1 8 -1 #SUP: 75
29 -1 14 -1 8 -1 8 -1 8 -1 #SUP: 33
29 -1 14 -1 8 -1 8 -1 14 -1 #SUP: 32
29 -1 14 -1 8 -1 8 -1 18 -1 #SUP: 54
29 -1 14 -1 8 -1 14 -1 #SUP: 59
29 -1 14 -1 8 -1 14 -1 8 -1 #SUP: 32
29 -1 14 -1 8 -1 14 -1 18 -1 #SUP: 36
29 -1 14 -1 8 -1 17 -1 #SUP: 37
29 -1 14 -1 8 -1 18 -1 #SUP: 105
29 -1 14 -1 8 -1 18 -1 8 -1 #SUP: 49
29 -1 14 -1 8 -1 18 -1 8 -1 18 -1 #SUP: 39
29 -1 14 -1 8 -1 18 -1 14 -1 #SUP: 34
29 -1 14 -1 8 -1 18 -1 18 -1 #SUP: 52
29 -1 14 -1 8 -1 18 -1 71 -1 #SUP: 30
29 -1 14 -1 8 -1 21 -1 #SUP: 36
29 -1 14 -1 8 -1 29 -1 #SUP: 41
29 -1 14 -1 8 -1 71 -1 #SUP: 45
29 -1 14 -1 265 -1 #SUP: 35
29 -1 14 -1 14 -1 #SUP: 121
29 -1 14 -1 14 -1 8 -1 #SUP: 60
29 -1 14 -1 14 -1 8 -1 18 -1 #SUP: 39
29 -1 14 -1 14 -1 14 -1 #SUP: 54
29 -1 14 -1 14 -1 17 -1 #SUP: 32
29 -1 14 -1 14 -1 18 -1 #SUP: 62
29 -1 14 -1 14 -1 18 -1 8 -1 #SUP: 30
29 -1 14 -1 14 -1 21 -1 #SUP: 34
29 -1 14 -1 14 -1 29 -1 #SUP: 30
29 -1 14 -1 14 -1 71 -1 #SUP: 42
29 -1 14 -1 17 -1 #SUP: 85
29 -1 14 -1 17 -1 8 -1 #SUP: 33
29 -1 14 -1 17 -1 14 -1 #SUP: 35
29 -1 14 -1 17 -1 18 -1 #SUP: 38
29 -1 14 -1 18 -1 #SUP: 156
29 -1 14 -1 18 -1 8 -1 #SUP: 73
29 -1 14 -1 18 -1 8 -1 8 -1 #SUP: 31
29 -1 14 -1 18 -1 8 -1 14 -1 #SUP: 31
29 -1 14 -1 18 -1 8 -1 18 -1 #SUP: 49
29 -1 14 -1 18 -1 14 -1 #SUP: 53
29 -1 14 -1 18 -1 14 -1 8 -1 #SUP: 32
29 -1 14 -1 18 -1 14 -1 18 -1 #SUP: 30
29 -1 14 -1 18 -1 17 -1 #SUP: 31
29 -1 14 -1 18 -1 18 -1 #SUP: 66
29 -1 14 -1 18 -1 18 -1 8 -1 #SUP: 31
29 -1 14 -1 18 -1 21 -1 #SUP: 34
29 -1 14 -1 18 -1 29 -1 #SUP: 34
29 -1 14 -1 18 -1 71 -1 #SUP: 47
29 -1 14 -1 20 -1 #SUP: 57
29 -1 14 -1 21 -1 #SUP: 83
29 -1 14 -1 21 -1 8 -1 #SUP: 44
29 -1 14 -1 21 -1 8 -1 18 -1 #SUP: 30
29 -1 14 -1 21 -1 14 -1 #SUP: 33
29 -1 14 -1 21 -1 18 -1 #SUP: 43
29 -1 14 -1 23 -1 #SUP: 32
29 -1 14 -1 29 -1 #SUP: 84
29 -1 14 -1 29 -1 8 -1 #SUP: 39
29 -1 14 -1 29 -1 14 -1 #SUP: 32
29 -1 14 -1 29 -1 18 -1 #SUP: 38
29 -1 14 -1 30 -1 #SUP: 51
29 -1 14 -1 290 -1 #SUP: 45
29 -1 14 -1 39 -1 #SUP: 47
29 -1 14 -1 40 -1 #SUP: 59
29 -1 14 -1 40 -1 18 -1 #SUP: 32
29 -1 14 -1 52 -1 #SUP: 43
29 -1 14 -1 318 -1 #SUP: 33
29 -1 14 -1 71 -1 #SUP: 119
29 -1 14 -1 71 -1 8 -1 #SUP: 54
29 -1 14 -1 71 -1 8 -1 18 -1 #SUP: 37
29 -1 14 -1 71 -1 14 -1 #SUP: 52
29 -1 14 -1 71 -1 18 -1 #SUP: 45
29 -1 14 -1 71 -1 29 -1 #SUP: 31
29 -1 14 -1 71 -1 71 -1 #SUP: 43
29 -1 14 -1 92 -1 #SUP: 50
29 -1 14 -1 96 -1 #SUP: 56
29 -1 14 -1 96 -1 18 -1 #SUP: 30
29 -1 14 -1 103 -1 #SUP: 43
29 -1 14 -1 122 -1 #SUP: 31
29 -1 14 -1 124 -1 #SUP: 49
29 -1 14 -1 206 -1 #SUP: 30
29 -1 14 -1 219 -1 #SUP: 42
29 -1 14 -1 224 -1 #SUP: 30
29 -1 14 -1 227 -1 #SUP: 52
29 -1 17 -1 #SUP: 303
29 -1 17 -1 3 -1 #SUP: 71
29 -1 17 -1 3 -1 8 -1 #SUP: 40
29 -1 17 -1 3 -1 18 -1 #SUP: 35
29 -1 17 -1 8 -1 #SUP: 160
29 -1 17 -1 8 -1 8 -1 #SUP: 71
29 -1 17 -1 8 -1 8 -1 8 -1 #SUP: 37
29 -1 17 -1 8 -1 8 -1 14 -1 #SUP: 30
29 -1 17 -1 8 -1 8 -1 18 -1 #SUP: 41
29 -1 17 -1 8 -1 14 -1 #SUP: 59
29 -1 17 -1 8 -1 14 -1 18 -1 #SUP: 30
29 -1 17 -1 8 -1 17 -1 #SUP: 34
29 -1 17 -1 8 -1 18 -1 #SUP: 100
29 -1 17 -1 8 -1 18 -1 8 -1 #SUP: 49
29 -1 17 -1 8 -1 18 -1 8 -1 18 -1 #SUP: 33
29 -1 17 -1 8 -1 18 -1 14 -1 #SUP: 41
29 -1 17 -1 8 -1 18 -1 18 -1 #SUP: 41
29 -1 17 -1 8 -1 18 -1 71 -1 #SUP: 30
29 -1 17 -1 8 -1 21 -1 #SUP: 34
29 -1 17 -1 8 -1 29 -1 #SUP: 34
29 -1 17 -1 8 -1 71 -1 #SUP: 49
29 -1 17 -1 8 -1 92 -1 #SUP: 32
29 -1 17 -1 14 -1 #SUP: 126
29 -1 17 -1 14 -1 8 -1 #SUP: 57
29 -1 17 -1 14 -1 8 -1 18 -1 #SUP: 37
29 -1 17 -1 14 -1 14 -1 #SUP: 35
29 -1 17 -1 14 -1 17 -1 #SUP: 35
29 -1 17 -1 14 -1 18 -1 #SUP: 57
29 -1 17 -1 14 -1 71 -1 #SUP: 44
29 -1 17 -1 17 -1 #SUP: 85
29 -1 17 -1 17 -1 8 -1 #SUP: 34
29 -1 17 -1 17 -1 18 -1 #SUP: 32
29 -1 17 -1 18 -1 #SUP: 157
29 -1 17 -1 18 -1 8 -1 #SUP: 76
29 -1 17 -1 18 -1 8 -1 8 -1 #SUP: 36
29 -1 17 -1 18 -1 8 -1 14 -1 #SUP: 34
29 -1 17 -1 18 -1 8 -1 18 -1 #SUP: 52
29 -1 17 -1 18 -1 14 -1 #SUP: 62
29 -1 17 -1 18 -1 14 -1 18 -1 #SUP: 34
29 -1 17 -1 18 -1 17 -1 #SUP: 33
29 -1 17 -1 18 -1 18 -1 #SUP: 71
29 -1 17 -1 18 -1 18 -1 8 -1 #SUP: 31
29 -1 17 -1 18 -1 29 -1 #SUP: 33
29 -1 17 -1 18 -1 71 -1 #SUP: 52
29 -1 17 -1 20 -1 #SUP: 47
29 -1 17 -1 21 -1 #SUP: 79
29 -1 17 -1 21 -1 8 -1 #SUP: 51
29 -1 17 -1 21 -1 18 -1 #SUP: 38
29 -1 17 -1 23 -1 #SUP: 31
29 -1 17 -1 29 -1 #SUP: 81
29 -1 17 -1 29 -1 8 -1 #SUP: 37
29 -1 17 -1 29 -1 18 -1 #SUP: 32
29 -1 17 -1 29 -1 71 -1 #SUP: 31
29 -1 17 -1 30 -1 #SUP: 42
29 -1 17 -1 290 -1 #SUP: 51
29 -1 17 -1 39 -1 #SUP: 47
29 -1 17 -1 40 -1 #SUP: 74
29 -1 17 -1 40 -1 18 -1 #SUP: 33
29 -1 17 -1 52 -1 #SUP: 59
29 -1 17 -1 53 -1 #SUP: 33
29 -1 17 -1 71 -1 #SUP: 139
29 -1 17 -1 71 -1 8 -1 #SUP: 66
29 -1 17 -1 71 -1 8 -1 18 -1 #SUP: 38
29 -1 17 -1 71 -1 14 -1 #SUP: 49
29 -1 17 -1 71 -1 17 -1 #SUP: 32
29 -1 17 -1 71 -1 18 -1 #SUP: 62
29 -1 17 -1 71 -1 29 -1 #SUP: 36
29 -1 17 -1 71 -1 290 -1 #SUP: 32
29 -1 17 -1 71 -1 53 -1 #SUP: 31
29 -1 17 -1 71 -1 71 -1 #SUP: 54
29 -1 17 -1 92 -1 #SUP: 72
29 -1 17 -1 92 -1 8 -1 #SUP: 30
29 -1 17 -1 92 -1 18 -1 #SUP: 35
29 -1 17 -1 96 -1 #SUP: 55
29 -1 17 -1 103 -1 #SUP: 41
29 -1 17 -1 206 -1 #SUP: 33
29 -1 17 -1 227 -1 #SUP: 36
29 -1 18 -1 #SUP: 389
29 -1 18 -1 3 -1 #SUP: 74
29 -1 18 -1 3 -1 8 -1 #SUP: 41
29 -1 18 -1 3 -1 8 -1 18 -1 #SUP: 32
29 -1 18 -1 3 -1 18 -1 #SUP: 41
29 -1 18 -1 8 -1 #SUP: 219
29 -1 18 -1 8 -1 3 -1 #SUP: 41
29 -1 18 -1 8 -1 8 -1 #SUP: 103
29 -1 18 -1 8 -1 8 -1 8 -1 #SUP: 49
29 -1 18 -1 8 -1 8 -1 8 -1 18 -1 #SUP: 34
29 -1 18 -1 8 -1 8 -1 14 -1 #SUP: 42
29 -1 18 -1 8 -1 8 -1 18 -1 #SUP: 75
29 -1 18 -1 8 -1 8 -1 18 -1 8 -1 #SUP: 38
29 -1 18 -1 8 -1 8 -1 71 -1 #SUP: 32
29 -1 18 -1 8 -1 14 -1 #SUP: 98
29 -1 18 -1 8 -1 14 -1 8 -1 #SUP: 52
29 -1 18 -1 8 -1 14 -1 8 -1 18 -1 #SUP: 37
29 -1 18 -1 8 -1 14 -1 18 -1 #SUP: 53
29 -1 18 -1 8 -1 14 -1 71 -1 #SUP: 34
29 -1 18 -1 8 -1 17 -1 #SUP: 52
29 -1 18 -1 8 -1 18 -1 #SUP: 144
29 -1 18 -1 8 -1 18 -1 8 -1 #SUP: 71
29 -1 18 -1 8 -1 18 -1 8 -1 8 -1 #SUP: 39
29 -1 18 -1 8 -1 18 -1 8 -1 18 -1 #SUP: 53
29 -1 18 -1 8 -1 18 -1 14 -1 #SUP: 57
29 -1 18 -1 8 -1 18 -1 14 -1 8 -1 #SUP: 33
29 -1 18 -1 8 -1 18 -1 14 -1 18 -1 #SUP: 34
29 -1 18 -1 8 -1 18 -1 17 -1 #SUP: 31
29 -1 18 -1 8 -1 18 -1 18 -1 #SUP: 66
29 -1 18 -1 8 -1 18 -1 18 -1 8 -1 #SUP: 32
29 -1 18 -1 8 -1 18 -1 29 -1 #SUP: 38
29 -1 18 -1 8 -1 18 -1 71 -1 #SUP: 44
29 -1 18 -1 8 -1 20 -1 #SUP: 30
29 -1 18 -1 8 -1 21 -1 #SUP: 46
29 -1 18 -1 8 -1 29 -1 #SUP: 57
29 -1 18 -1 8 -1 29 -1 8 -1 #SUP: 30
29 -1 18 -1 8 -1 40 -1 #SUP: 38
29 -1 18 -1 8 -1 71 -1 #SUP: 73
29 -1 18 -1 8 -1 71 -1 8 -1 #SUP: 42
29 -1 18 -1 8 -1 71 -1 8 -1 18 -1 #SUP: 33
29 -1 18 -1 8 -1 71 -1 14 -1 #SUP: 34
29 -1 18 -1 8 -1 71 -1 18 -1 #SUP: 37
29 -1 18 -1 8 -1 92 -1 #SUP: 39
29 -1 18 -1 8 -1 96 -1 #SUP: 39
29 -1 18 -1 8 -1 124 -1 #SUP: 30
29 -1 18 -1 8 -1 227 -1 #SUP: 32
29 -1 18 -1 265 -1 #SUP: 43
29 -1 18 -1 14 -1 #SUP: 166
29 -1 18 -1 14 -1 3 -1 #SUP: 33
29 -1 18 -1 14 -1 8 -1 #SUP: 89
29 -1 18 -1 14 -1 8 -1 8 -1 #SUP: 36
29 -1 18 -1 14 -1 8 -1 14 -1 #SUP: 31
29 -1 18 -1 14 -1 8 -1 18 -1 #SUP: 61
29 -1 18 -1 14 -1 14 -1 #SUP: 63
29 -1 18 -1 14 -1 14 -1 8 -1 #SUP: 33
29 -1 18 -1 14 -1 14 -1 18 -1 #SUP: 38
29 -1 18 -1 14 -1 17 -1 #SUP: 42
29 -1 18 -1 14 -1 18 -1 #SUP: 95
29 -1 18 -1 14 -1 18 -1 8 -1 #SUP: 40
29 -1 18 -1 14 -1 18 -1 18 -1 #SUP: 36
29 -1 18 -1 14 -1 20 -1 #SUP: 30
29 -1 18 -1 14 -1 21 -1 #SUP: 43
29 -1 18 -1 14 -1 29 -1 #SUP: 41
29 -1 18 -1 14 -1 40 -1 #SUP: 30
29 -1 18 -1 14 -1 71 -1 #SUP: 60
29 -1 18 -1 14 -1 227 -1 #SUP: 33
29 -1 18 -1 17 -1 #SUP: 110
29 -1 18 -1 17 -1 8 -1 #SUP: 58
29 -1 18 -1 17 -1 8 -1 18 -1 #SUP: 38
29 -1 18 -1 17 -1 14 -1 #SUP: 48
29 -1 18 -1 17 -1 14 -1 18 -1 #SUP: 32
29 -1 18 -1 17 -1 18 -1 #SUP: 57
29 -1 18 -1 17 -1 29 -1 #SUP: 31
29 -1 18 -1 17 -1 71 -1 #SUP: 45
29 -1 18 -1 18 -1 #SUP: 200
29 -1 18 -1 18 -1 3 -1 #SUP: 30
29 -1 18 -1 18 -1 8 -1 #SUP: 97
29 -1 18 -1 18 -1 8 -1 8 -1 #SUP: 48
29 -1 18 -1 18 -1 8 -1 8 -1 18 -1 #SUP: 35
29 -1 18 -1 18 -1 8 -1 14 -1 #SUP: 36
29 -1 18 -1 18 -1 8 -1 18 -1 #SUP: 70
29 -1 18 -1 18 -1 8 -1 18 -1 8 -1 #SUP: 34
29 -1 18 -1 18 -1 8 -1 71 -1 #SUP: 33
29 -1 18 -1 18 -1 14 -1 #SUP: 75
29 -1 18 -1 18 -1 14 -1 8 -1 #SUP: 43
29 -1 18 -1 18 -1 14 -1 8 -1 18 -1 #SUP: 30
29 -1 18 -1 18 -1 14 -1 18 -1 #SUP: 45
29 -1 18 -1 18 -1 17 -1 #SUP: 38
29 -1 18 -1 18 -1 18 -1 #SUP: 92
29 -1 18 -1 18 -1 18 -1 8 -1 #SUP: 41
29 -1 18 -1 18 -1 18 -1 18 -1 #SUP: 36
29 -1 18 -1 18 -1 21 -1 #SUP: 40
29 -1 18 -1 18 -1 29 -1 #SUP: 49
29 -1 18 -1 18 -1 40 -1 #SUP: 33
29 -1 18 -1 18 -1 71 -1 #SUP: 64
29 -1 18 -1 18 -1 71 -1 8 -1 #SUP: 31
29 -1 18 -1 18 -1 71 -1 18 -1 #SUP: 31
29 -1 18 -1 18 -1 92 -1 #SUP: 33
29 -1 18 -1 18 -1 96 -1 #SUP: 33
29 -1 18 -1 18 -1 227 -1 #SUP: 35
29 -1 18 -1 19 -1 #SUP: 34
29 -1 18 -1 20 -1 #SUP: 68
29 -1 18 -1 20 -1 8 -1 #SUP: 33
29 -1 18 -1 20 -1 14 -1 #SUP: 32
29 -1 18 -1 20 -1 18 -1 #SUP: 33
29 -1 18 -1 21 -1 #SUP: 109
29 -1 18 -1 21 -1 8 -1 #SUP: 57
29 -1 18 -1 21 -1 8 -1 8 -1 #SUP: 33
29 -1 18 -1 21 -1 8 -1 18 -1 #SUP: 44
29 -1 18 -1 21 -1 14 -1 #SUP: 38
29 -1 18 -1 21 -1 18 -1 #SUP: 62
29 -1 18 -1 21 -1 18 -1 8 -1 #SUP: 31
29 -1 18 -1 21 -1 71 -1 #SUP: 37
29 -1 18 -1 23 -1 #SUP: 48
29 -1 18 -1 29 -1 #SUP: 107
29 -1 18 -1 29 -1 8 -1 #SUP: 55
29 -1 18 -1 29 -1 8 -1 18 -1 #SUP: 34
29 -1 18 -1 29 -1 14 -1 #SUP: 40
29 -1 18 -1 29 -1 17 -1 #SUP: 34
29 -1 18 -1 29 -1 18 -1 #SUP: 54
29 -1 18 -1 29 -1 21 -1 #SUP: 32
29 -1 18 -1 29 -1 71 -1 #SUP: 42
29 -1 18 -1 30 -1 #SUP: 61
29 -1 18 -1 290 -1 #SUP: 68
29 -1 18 -1 290 -1 18 -1 #SUP: 30
29 -1 18 -1 292 -1 #SUP: 33
29 -1 18 -1 39 -1 #SUP: 62
29 -1 18 -1 39 -1 8 -1 #SUP: 32
29 -1 18 -1 39 -1 18 -1 #SUP: 41
29 -1 18 -1 40 -1 #SUP: 83
29 -1 18 -1 40 -1 8 -1 #SUP: 36
29 -1 18 -1 40 -1 14 -1 #SUP: 32
29 -1 18 -1 40 -1 18 -1 #SUP: 46
29 -1 18 -1 307 -1 #SUP: 30
29 -1 18 -1 52 -1 #SUP: 55
29 -1 18 -1 54 -1 #SUP: 39
29 -1 18 -1 318 -1 #SUP: 49
29 -1 18 -1 63 -1 #SUP: 31
29 -1 18 -1 71 -1 #SUP: 155
29 -1 18 -1 71 -1 8 -1 #SUP: 75
29 -1 18 -1 71 -1 8 -1 14 -1 #SUP: 32
29 -1 18 -1 71 -1 8 -1 18 -1 #SUP: 54
29 -1 18 -1 71 -1 14 -1 #SUP: 69
29 -1 18 -1 71 -1 14 -1 8 -1 #SUP: 34
29 -1 18 -1 71 -1 14 -1 18 -1 #SUP: 37
29 -1 18 -1 71 -1 17 -1 #SUP: 33
29 -1 18 -1 71 -1 18 -1 #SUP: 74
29 -1 18 -1 71 -1 18 -1 8 -1 #SUP: 32
29 -1 18 -1 71 -1 18 -1 18 -1 #SUP: 31
29 -1 18 -1 71 -1 21 -1 #SUP: 36
29 -1 18 -1 71 -1 29 -1 #SUP: 46
29 -1 18 -1 71 -1 290 -1 #SUP: 35
29 -1 18 -1 71 -1 40 -1 #SUP: 30
29 -1 18 -1 71 -1 71 -1 #SUP: 60
29 -1 18 -1 92 -1 #SUP: 78
29 -1 18 -1 92 -1 18 -1 #SUP: 34
29 -1 18 -1 96 -1 #SUP: 73
29 -1 18 -1 96 -1 8 -1 #SUP: 34
29 -1 18 -1 96 -1 17 -1 #SUP: 33
29 -1 18 -1 96 -1 18 -1 #SUP: 43
29 -1 18 -1 103 -1 #SUP: 48
29 -1 18 -1 122 -1 #SUP: 52
29 -1 18 -1 124 -1 #SUP: 48
29 -1 18 -1 206 -1 #SUP: 43
29 -1 18 -1 212 -1 #SUP: 30
29 -1 18 -1 219 -1 #SUP: 50
29 -1 18 -1 224 -1 #SUP: 37
29 -1 18 -1 227 -1 #SUP: 60
29 -1 19 -1 #SUP: 78
29 -1 19 -1 8 -1 #SUP: 33
29 -1 19 -1 18 -1 #SUP: 38
29 -1 19 -1 71 -1 #SUP: 39
29 -1 20 -1 #SUP: 125
29 -1 20 -1 8 -1 #SUP: 66
29 -1 20 -1 8 -1 14 -1 #SUP: 31
29 -1 20 -1 8 -1 18 -1 #SUP: 44
29 -1 20 -1 14 -1 #SUP: 63
29 -1 20 -1 14 -1 8 -1 #SUP: 31
29 -1 20 -1 14 -1 18 -1 #SUP: 34
29 -1 20 -1 17 -1 #SUP: 33
29 -1 20 -1 18 -1 #SUP: 63
29 -1 20 -1 20 -1 #SUP: 33
29 -1 20 -1 21 -1 #SUP: 41
29 -1 20 -1 40 -1 #SUP: 38
29 -1 20 -1 71 -1 #SUP: 49
29 -1 21 -1 #SUP: 234
29 -1 21 -1 3 -1 #SUP: 43
29 -1 21 -1 8 -1 #SUP: 145
29 -1 21 -1 8 -1 8 -1 #SUP: 84
29 -1 21 -1 8 -1 8 -1 8 -1 #SUP: 42
29 -1 21 -1 8 -1 8 -1 14 -1 #SUP: 32
29 -1 21 -1 8 -1 8 -1 18 -1 #SUP: 58
29 -1 21 -1 8 -1 8 -1 18 -1 8 -1 #SUP: 30
29 -1 21 -1 8 -1 14 -1 #SUP: 66
29 -1 21 -1 8 -1 14 -1 8 -1 #SUP: 42
29 -1 21 -1 8 -1 14 -1 18 -1 #SUP: 35
29 -1 21 -1 8 -1 17 -1 #SUP: 41
29 -1 21 -1 8 -1 18 -1 #SUP: 99
29 -1 21 -1 8 -1 18 -1 8 -1 #SUP: 61
29 -1 21 -1 8 -1 18 -1 8 -1 8 -1 #SUP: 31
29 -1 21 -1 8 -1 18 -1 8 -1 18 -1 #SUP: 45
29 -1 21 -1 8 -1 18 -1 14 -1 #SUP: 43
29 -1 21 -1 8 -1 18 -1 18 -1 #SUP: 53
29 -1 21 -1 8 -1 18 -1 71 -1 #SUP: 34
29 -1 21 -1 8 -1 21 -1 #SUP: 44
29 -1 21 -1 8 -1 29 -1 #SUP: 37
29 -1 21 -1 8 -1 71 -1 #SUP: 50
29 -1 21 -1 8 -1 71 -1 8 -1 #SUP: 30
29 -1 21 -1 14 -1 #SUP: 104
29 -1 21 -1 14 -1 8 -1 #SUP: 61
29 -1 21 -1 14 -1 8 -1 18 -1 #SUP: 40
29 -1 21 -1 14 -1 14 -1 #SUP: 39
29 -1 21 -1 14 -1 18 -1 #SUP: 57
29 -1 21 -1 14 -1 21 -1 #SUP: 35
29 -1 21 -1 14 -1 71 -1 #SUP: 33
29 -1 21 -1 17 -1 #SUP: 63
29 -1 21 -1 17 -1 8 -1 #SUP: 37
29 -1 21 -1 17 -1 18 -1 #SUP: 33
29 -1 21 -1 18 -1 #SUP: 132
29 -1 21 -1 18 -1 8 -1 #SUP: 75
29 -1 21 -1 18 -1 8 -1 8 -1 #SUP: 39
29 -1 21 -1 18 -1 8 -1 14 -1 #SUP: 33
29 -1 21 -1 18 -1 8 -1 18 -1 #SUP: 52
29 -1 21 -1 18 -1 8 -1 18 -1 8 -1 #SUP: 31
29 -1 21 -1 18 -1 14 -1 #SUP: 58
29 -1 21 -1 18 -1 14 -1 8 -1 #SUP: 37
29 -1 21 -1 18 -1 14 -1 18 -1 #SUP: 34
29 -1 21 -1 18 -1 17 -1 #SUP: 33
29 -1 21 -1 18 -1 18 -1 #SUP: 65
29 -1 21 -1 18 -1 18 -1 8 -1 #SUP: 41
29 -1 21 -1 18 -1 18 -1 18 -1 #SUP: 35
29 -1 21 -1 18 -1 21 -1 #SUP: 37
29 -1 21 -1 18 -1 29 -1 #SUP: 34
29 -1 21 -1 18 -1 71 -1 #SUP: 49
29 -1 21 -1 20 -1 #SUP: 39
29 -1 21 -1 21 -1 #SUP: 68
29 -1 21 -1 21 -1 8 -1 #SUP: 41
29 -1 21 -1 21 -1 18 -1 #SUP: 37
29 -1 21 -1 23 -1 #SUP: 32
29 -1 21 -1 29 -1 #SUP: 72
29 -1 21 -1 29 -1 8 -1 #SUP: 36
29 -1 21 -1 29 -1 18 -1 #SUP: 32
29 -1 21 -1 30 -1 #SUP: 31
29 -1 21 -1 290 -1 #SUP: 35
29 -1 21 -1 39 -1 #SUP: 39
29 -1 21 -1 40 -1 #SUP: 56
29 -1 21 -1 40 -1 18 -1 #SUP: 32
29 -1 21 -1 52 -1 #SUP: 43
29 -1 21 -1 71 -1 #SUP: 83
29 -1 21 -1 71 -1 8 -1 #SUP: 47
29 -1 21 -1 71 -1 8 -1 18 -1 #SUP: 33
29 -1 21 -1 71 -1 14 -1 #SUP: 44
29 -1 21 -1 71 -1 18 -1 #SUP: 42
29 -1 21 -1 71 -1 71 -1 #SUP: 32
29 -1 21 -1 92 -1 #SUP: 47
29 -1 21 -1 96 -1 #SUP: 32
29 -1 21 -1 122 -1 #SUP: 30
29 -1 21 -1 124 -1 #SUP: 33
29 -1 21 -1 219 -1 #SUP: 32
29 -1 21 -1 227 -1 #SUP: 38
29 -1 23 -1 #SUP: 80
29 -1 23 -1 8 -1 #SUP: 34
29 -1 23 -1 14 -1 #SUP: 31
29 -1 23 -1 18 -1 #SUP: 44
29 -1 24 -1 #SUP: 36
29 -1 25 -1 #SUP: 48
29 -1 26 -1 #SUP: 46
29 -1 27 -1 #SUP: 37
29 -1 29 -1 #SUP: 215
29 -1 29 -1 3 -1 #SUP: 47
29 -1 29 -1 3 -1 8 -1 #SUP: 30
29 -1 29 -1 8 -1 #SUP: 106
29 -1 29 -1 8 -1 8 -1 #SUP: 50
29 -1 29 -1 8 -1 8 -1 18 -1 #SUP: 34
29 -1 29 -1 8 -1 14 -1 #SUP: 38
29 -1 29 -1 8 -1 18 -1 #SUP: 64
29 -1 29 -1 8 -1 18 -1 8 -1 #SUP: 35
29 -1 29 -1 8 -1 18 -1 18 -1 #SUP: 31
29 -1 29 -1 8 -1 71 -1 #SUP: 34
29 -1 29 -1 265 -1 #SUP: 33
29 -1 29 -1 14 -1 #SUP: 84
29 -1 29 -1 14 -1 8 -1 #SUP: 43
29 -1 29 -1 14 -1 18 -1 #SUP: 39
29 -1 29 -1 17 -1 #SUP: 78
29 -1 29 -1 17 -1 8 -1 #SUP: 35
29 -1 29 -1 17 -1 14 -1 #SUP: 36
29 -1 29 -1 17 -1 18 -1 #SUP: 35
29 -1 29 -1 17 -1 71 -1 #SUP: 38
29 -1 29 -1 18 -1 #SUP: 98
29 -1 29 -1 18 -1 8 -1 #SUP: 49
29 -1 29 -1 18 -1 8 -1 18 -1 #SUP: 37
29 -1 29 -1 18 -1 14 -1 #SUP: 36
29 -1 29 -1 18 -1 18 -1 #SUP: 46
29 -1 29 -1 18 -1 71 -1 #SUP: 34
29 -1 29 -1 20 -1 #SUP: 35
29 -1 29 -1 21 -1 #SUP: 57
29 -1 29 -1 21 -1 8 -1 #SUP: 32
29 -1 29 -1 29 -1 #SUP: 48
29 -1 29 -1 30 -1 #SUP: 47
29 -1 29 -1 290 -1 #SUP: 42
29 -1 29 -1 39 -1 #SUP: 34
29 -1 29 -1 40 -1 #SUP: 42
29 -1 29 -1 52 -1 #SUP: 44
29 -1 29 -1 71 -1 #SUP: 89
29 -1 29 -1 71 -1 8 -1 #SUP: 44
29 -1 29 -1 71 -1 14 -1 #SUP: 37
29 -1 29 -1 71 -1 18 -1 #SUP: 36
29 -1 29 -1 71 -1 71 -1 #SUP: 35
29 -1 29 -1 92 -1 #SUP: 50
29 -1 29 -1 96 -1 #SUP: 38
29 -1 29 -1 219 -1 #SUP: 31
29 -1 29 -1 227 -1 #SUP: 39
29 -1 30 -1 #SUP: 137
29 -1 30 -1 8 -1 #SUP: 59
29 -1 30 -1 8 -1 8 -1 #SUP: 30
29 -1 30 -1 8 -1 18 -1 #SUP: 37
29 -1 30 -1 14 -1 #SUP: 50
29 -1 30 -1 17 -1 #SUP: 48
29 -1 30 -1 18 -1 #SUP: 56
29 -1 30 -1 21 -1 #SUP: 35
29 -1 30 -1 29 -1 #SUP: 40
29 -1 30 -1 30 -1 #SUP: 36
29 -1 30 -1 290 -1 #SUP: 31
29 -1 30 -1 40 -1 #SUP: 33
29 -1 30 -1 71 -1 #SUP: 57
29 -1 30 -1 92 -1 #SUP: 34
29 -1 31 -1 #SUP: 53
29 -1 31 -1 290 -1 #SUP: 31
29 -1 33 -1 #SUP: 37
29 -1 290 -1 #SUP: 154
29 -1 290 -1 3 -1 #SUP: 38
29 -1 290 -1 8 -1 #SUP: 71
29 -1 290 -1 8 -1 8 -1 #SUP: 34
29 -1 290 -1 8 -1 18 -1 #SUP: 43
29 -1 290 -1 14 -1 #SUP: 60
29 -1 290 -1 14 -1 8 -1 #SUP: 32
29 -1 290 -1 14 -1 18 -1 #SUP: 30
29 -1 290 -1 17 -1 #SUP: 39
29 -1 290 -1 18 -1 #SUP: 64
29 -1 290 -1 18 -1 8 -1 #SUP: 35
29 -1 290 -1 18 -1 18 -1 #SUP: 36
29 -1 290 -1 20 -1 #SUP: 33
29 -1 290 -1 21 -1 #SUP: 40
29 -1 290 -1 29 -1 #SUP: 48
29 -1 290 -1 30 -1 #SUP: 30
29 -1 290 -1 290 -1 #SUP: 32
29 -1 290 -1 40 -1 #SUP: 34
29 -1 290 -1 71 -1 #SUP: 58
29 -1 290 -1 92 -1 #SUP: 43
29 -1 292 -1 #SUP: 79
29 -1 292 -1 8 -1 #SUP: 38
29 -1 292 -1 14 -1 #SUP: 35
29 -1 292 -1 18 -1 #SUP: 43
29 -1 39 -1 #SUP: 133
29 -1 39 -1 8 -1 #SUP: 71
29 -1 39 -1 8 -1 8 -1 #SUP: 30
29 -1 39 -1 8 -1 18 -1 #SUP: 49
29 -1 39 -1 14 -1 #SUP: 42
29 -1 39 -1 18 -1 #SUP: 74
29 -1 39 -1 18 -1 8 -1 #SUP: 35
29 -1 39 -1 18 -1 18 -1 #SUP: 32
29 -1 39 -1 21 -1 #SUP: 34
29 -1 39 -1 29 -1 #SUP: 39
29 -1 39 -1 71 -1 #SUP: 41
29 -1 40 -1 #SUP: 169
29 -1 40 -1 3 -1 #SUP: 37
29 -1 40 -1 8 -1 #SUP: 75
29 -1 40 -1 8 -1 8 -1 #SUP: 33
29 -1 40 -1 8 -1 14 -1 #SUP: 32
29 -1 40 -1 8 -1 18 -1 #SUP: 50
29 -1 40 -1 14 -1 #SUP: 68
29 -1 40 -1 14 -1 8 -1 #SUP: 36
29 -1 40 -1 14 -1 18 -1 #SUP: 38
29 -1 40 -1 17 -1 #SUP: 42
29 -1 40 -1 18 -1 #SUP: 88
29 -1 40 -1 18 -1 8 -1 #SUP: 39
29 -1 40 -1 18 -1 14 -1 #SUP: 31
29 -1 40 -1 18 -1 18 -1 #SUP: 35
29 -1 40 -1 19 -1 #SUP: 36
29 -1 40 -1 20 -1 #SUP: 30
29 -1 40 -1 21 -1 #SUP: 41
29 -1 40 -1 29 -1 #SUP: 55
29 -1 40 -1 40 -1 #SUP: 50
29 -1 40 -1 52 -1 #SUP: 31
29 -1 40 -1 71 -1 #SUP: 67
29 -1 40 -1 71 -1 8 -1 #SUP: 32
29 -1 40 -1 71 -1 14 -1 #SUP: 32
29 -1 40 -1 71 -1 18 -1 #SUP: 36
29 -1 40 -1 92 -1 #SUP: 45
29 -1 299 -1 #SUP: 48
29 -1 45 -1 #SUP: 35
29 -1 306 -1 #SUP: 41
29 -1 50 -1 #SUP: 52
29 -1 50 -1 8 -1 #SUP: 30
29 -1 307 -1 #SUP: 62
29 -1 51 -1 #SUP: 41
29 -1 52 -1 #SUP: 140
29 -1 52 -1 8 -1 #SUP: 66
29 -1 52 -1 8 -1 8 -1 #SUP: 30
29 -1 52 -1 8 -1 18 -1 #SUP: 47
29 -1 52 -1 14 -1 #SUP: 38
29 -1 52 -1 17 -1 #SUP: 31
29 -1 52 -1 18 -1 #SUP: 73
29 -1 52 -1 18 -1 8 -1 #SUP: 34
29 -1 52 -1 18 -1 18 -1 #SUP: 33
29 -1 52 -1 21 -1 #SUP: 34
29 -1 52 -1 29 -1 #SUP: 37
29 -1 52 -1 39 -1 #SUP: 58
29 -1 52 -1 39 -1 8 -1 #SUP: 30
29 -1 52 -1 39 -1 18 -1 #SUP: 35
29 -1 52 -1 71 -1 #SUP: 56
29 -1 52 -1 92 -1 #SUP: 30
29 -1 53 -1 #SUP: 43
29 -1 54 -1 #SUP: 77
29 -1 54 -1 8 -1 #SUP: 43
29 -1 54 -1 8 -1 18 -1 #SUP: 30
29 -1 54 -1 14 -1 #SUP: 40
29 -1 54 -1 18 -1 #SUP: 41
29 -1 58 -1 #SUP: 33
29 -1 318 -1 #SUP: 83
29 -1 318 -1 8 -1 #SUP: 37
29 -1 318 -1 14 -1 #SUP: 32
29 -1 318 -1 18 -1 #SUP: 35
29 -1 63 -1 #SUP: 84
29 -1 63 -1 8 -1 #SUP: 42
29 -1 63 -1 18 -1 #SUP: 41
29 -1 63 -1 71 -1 #SUP: 36
29 -1 319 -1 #SUP: 47
29 -1 64 -1 #SUP: 38
29 -1 71 -1 #SUP: 319
29 -1 71 -1 3 -1 #SUP: 62
29 -1 71 -1 3 -1 8 -1 #SUP: 33
29 -1 71 -1 3 -1 18 -1 #SUP: 32
29 -1 71 -1 8 -1 #SUP: 171
29 -1 71 -1 8 -1 8 -1 #SUP: 79
29 -1 71 -1 8 -1 8 -1 8 -1 #SUP: 43
29 -1 71 -1 8 -1 8 -1 8 -1 18 -1 #SUP: 34
29 -1 71 -1 8 -1 8 -1 14 -1 #SUP: 33
29 -1 71 -1 8 -1 8 -1 18 -1 #SUP: 52
29 -1 71 -1 8 -1 8 -1 18 -1 8 -1 #SUP: 32
29 -1 71 -1 8 -1 8 -1 18 -1 18 -1 #SUP: 31
29 -1 71 -1 8 -1 14 -1 #SUP: 75
29 -1 71 -1 8 -1 14 -1 8 -1 #SUP: 45
29 -1 71 -1 8 -1 14 -1 8 -1 18 -1 #SUP: 35
29 -1 71 -1 8 -1 14 -1 18 -1 #SUP: 45
29 -1 71 -1 8 -1 17 -1 #SUP: 36
29 -1 71 -1 8 -1 18 -1 #SUP: 111
29 -1 71 -1 8 -1 18 -1 8 -1 #SUP: 56
29 -1 71 -1 8 -1 18 -1 8 -1 18 -1 #SUP: 41
29 -1 71 -1 8 -1 18 -1 14 -1 #SUP: 45
29 -1 71 -1 8 -1 18 -1 18 -1 #SUP: 55
29 -1 71 -1 8 -1 18 -1 71 -1 #SUP: 40
29 -1 71 -1 8 -1 21 -1 #SUP: 33
29 -1 71 -1 8 -1 29 -1 #SUP: 45
29 -1 71 -1 8 -1 40 -1 #SUP: 30
29 -1 71 -1 8 -1 71 -1 #SUP: 59
29 -1 71 -1 8 -1 71 -1 8 -1 #SUP: 31
29 -1 71 -1 8 -1 71 -1 14 -1 #SUP: 30
29 -1 71 -1 8 -1 92 -1 #SUP: 30
29 -1 71 -1 265 -1 #SUP: 45
29 -1 71 -1 14 -1 #SUP: 139
29 -1 71 -1 14 -1 8 -1 #SUP: 69
29 -1 71 -1 14 -1 8 -1 8 -1 #SUP: 30
29 -1 71 -1 14 -1 8 -1 18 -1 #SUP: 51
29 -1 71 -1 14 -1 14 -1 #SUP: 46
29 -1 71 -1 14 -1 14 -1 18 -1 #SUP: 31
29 -1 71 -1 14 -1 18 -1 #SUP: 73
29 -1 71 -1 14 -1 18 -1 8 -1 #SUP: 30
29 -1 71 -1 14 -1 18 -1 18 -1 #SUP: 32
29 -1 71 -1 14 -1 21 -1 #SUP: 33
29 -1 71 -1 14 -1 29 -1 #SUP: 35
29 -1 71 -1 14 -1 71 -1 #SUP: 54
29 -1 71 -1 17 -1 #SUP: 89
29 -1 71 -1 17 -1 8 -1 #SUP: 44
29 -1 71 -1 17 -1 8 -1 18 -1 #SUP: 31
29 -1 71 -1 17 -1 14 -1 #SUP: 32
29 -1 71 -1 17 -1 18 -1 #SUP: 46
29 -1 71 -1 17 -1 71 -1 #SUP: 36
29 -1 71 -1 18 -1 #SUP: 158
29 -1 71 -1 18 -1 8 -1 #SUP: 76
29 -1 71 -1 18 -1 8 -1 8 -1 #SUP: 37
29 -1 71 -1 18 -1 8 -1 14 -1 #SUP: 34
29 -1 71 -1 18 -1 8 -1 18 -1 #SUP: 52
29 -1 71 -1 18 -1 14 -1 #SUP: 63
29 -1 71 -1 18 -1 14 -1 8 -1 #SUP: 36
29 -1 71 -1 18 -1 14 -1 18 -1 #SUP: 35
29 -1 71 -1 18 -1 17 -1 #SUP: 36
29 -1 71 -1 18 -1 18 -1 #SUP: 73
29 -1 71 -1 18 -1 18 -1 8 -1 #SUP: 37
29 -1 71 -1 18 -1 18 -1 18 -1 #SUP: 37
29 -1 71 -1 18 -1 21 -1 #SUP: 33
29 -1 71 -1 18 -1 29 -1 #SUP: 45
29 -1 71 -1 18 -1 40 -1 #SUP: 33
29 -1 71 -1 18 -1 71 -1 #SUP: 61
29 -1 71 -1 18 -1 71 -1 18 -1 #SUP: 30
29 -1 71 -1 19 -1 #SUP: 30
29 -1 71 -1 20 -1 #SUP: 52
29 -1 71 -1 21 -1 #SUP: 75
29 -1 71 -1 21 -1 8 -1 #SUP: 39
29 -1 71 -1 21 -1 18 -1 #SUP: 38
29 -1 71 -1 23 -1 #SUP: 39
29 -1 71 -1 29 -1 #SUP: 96
29 -1 71 -1 29 -1 8 -1 #SUP: 45
29 -1 71 -1 29 -1 14 -1 #SUP: 35
29 -1 71 -1 29 -1 17 -1 #SUP: 32
29 -1 71 -1 29 -1 18 -1 #SUP: 44
29 -1 71 -1 29 -1 71 -1 #SUP: 37
29 -1 71 -1 30 -1 #SUP: 64
29 -1 71 -1 290 -1 #SUP: 77
29 -1 71 -1 290 -1 8 -1 #SUP: 33
29 -1 71 -1 290 -1 14 -1 #SUP: 30
29 -1 71 -1 290 -1 18 -1 #SUP: 35
29 -1 71 -1 290 -1 71 -1 #SUP: 31
29 -1 71 -1 39 -1 #SUP: 43
29 -1 71 -1 40 -1 #SUP: 75
29 -1 71 -1 40 -1 8 -1 #SUP: 32
29 -1 71 -1 40 -1 18 -1 #SUP: 37
29 -1 71 -1 307 -1 #SUP: 34
29 -1 71 -1 52 -1 #SUP: 47
29 -1 71 -1 53 -1 #SUP: 33
29 -1 71 -1 54 -1 #SUP: 34
29 -1 71 -1 318 -1 #SUP: 38
29 -1 71 -1 63 -1 #SUP: 30
29 -1 71 -1 71 -1 #SUP: 135
29 -1 71 -1 71 -1 8 -1 #SUP: 64
29 -1 71 -1 71 -1 8 -1 18 -1 #SUP: 43
29 -1 71 -1 71 -1 14 -1 #SUP: 57
29 -1 71 -1 71 -1 14 -1 18 -1 #SUP: 31
29 -1 71 -1 71 -1 17 -1 #SUP: 30
29 -1 71 -1 71 -1 18 -1 #SUP: 61
29 -1 71 -1 71 -1 29 -1 #SUP: 36
29 -1 71 -1 71 -1 40 -1 #SUP: 30
29 -1 71 -1 71 -1 71 -1 #SUP: 61
29 -1 71 -1 71 -1 71 -1 8 -1 #SUP: 30
29 -1 71 -1 92 -1 #SUP: 76
29 -1 71 -1 92 -1 8 -1 #SUP: 35
29 -1 71 -1 92 -1 18 -1 #SUP: 34
29 -1 71 -1 96 -1 #SUP: 63
29 -1 71 -1 96 -1 8 -1 #SUP: 31
29 -1 71 -1 96 -1 17 -1 #SUP: 31
29 -1 71 -1 103 -1 #SUP: 47
29 -1 71 -1 122 -1 #SUP: 40
29 -1 71 -1 124 -1 #SUP: 32
29 -1 71 -1 206 -1 #SUP: 37
29 -1 71 -1 219 -1 #SUP: 43
29 -1 71 -1 224 -1 #SUP: 36
29 -1 71 -1 225 -1 #SUP: 30
29 -1 71 -1 227 -1 #SUP: 48
29 -1 74 -1 #SUP: 53
29 -1 74 -1 20 -1 #SUP: 32
29 -1 75 -1 #SUP: 31
29 -1 332 -1 #SUP: 32
29 -1 591 -1 #SUP: 31
29 -1 80 -1 #SUP: 30
29 -1 90 -1 #SUP: 37
29 -1 347 -1 #SUP: 51
29 -1 347 -1 8 -1 #SUP: 30
29 -1 92 -1 #SUP: 174
29 -1 92 -1 3 -1 #SUP: 35
29 -1 92 -1 8 -1 #SUP: 84
29 -1 92 -1 8 -1 8 -1 #SUP: 35
29 -1 92 -1 8 -1 14 -1 #SUP: 31
29 -1 92 -1 8 -1 18 -1 #SUP: 47
29 -1 92 -1 8 -1 71 -1 #SUP: 30
29 -1 92 -1 14 -1 #SUP: 55
29 -1 92 -1 17 -1 #SUP: 44
29 -1 92 -1 18 -1 #SUP: 82
29 -1 92 -1 18 -1 8 -1 #SUP: 44
29 -1 92 -1 18 -1 18 -1 #SUP: 30
29 -1 92 -1 21 -1 #SUP: 43
29 -1 92 -1 29 -1 #SUP: 50
29 -1 92 -1 290 -1 #SUP: 35
29 -1 92 -1 40 -1 #SUP: 38
29 -1 92 -1 71 -1 #SUP: 60
29 -1 92 -1 71 -1 8 -1 #SUP: 32
29 -1 92 -1 92 -1 #SUP: 44
29 -1 604 -1 #SUP: 37
29 -1 96 -1 #SUP: 179
29 -1 96 -1 3 -1 #SUP: 41
29 -1 96 -1 8 -1 #SUP: 94
29 -1 96 -1 8 -1 8 -1 #SUP: 39
29 -1 96 -1 8 -1 14 -1 #SUP: 36
29 -1 96 -1 8 -1 18 -1 #SUP: 59
29 -1 96 -1 8 -1 18 -1 8 -1 #SUP: 30
29 -1 96 -1 14 -1 #SUP: 75
29 -1 96 -1 14 -1 8 -1 #SUP: 38
29 -1 96 -1 14 -1 18 -1 #SUP: 44
29 -1 96 -1 17 -1 #SUP: 82
29 -1 96 -1 17 -1 8 -1 #SUP: 35
29 -1 96 -1 17 -1 14 -1 #SUP: 31
29 -1 96 -1 17 -1 18 -1 #SUP: 36
29 -1 96 -1 17 -1 71 -1 #SUP: 30
29 -1 96 -1 18 -1 #SUP: 87
29 -1 96 -1 18 -1 8 -1 #SUP: 41
29 -1 96 -1 18 -1 14 -1 #SUP: 31
29 -1 96 -1 18 -1 18 -1 #SUP: 37
29 -1 96 -1 21 -1 #SUP: 47
29 -1 96 -1 29 -1 #SUP: 43
29 -1 96 -1 40 -1 #SUP: 41
29 -1 96 -1 71 -1 #SUP: 68
29 -1 96 -1 92 -1 #SUP: 33
29 -1 101 -1 #SUP: 46
29 -1 103 -1 #SUP: 98
29 -1 103 -1 8 -1 #SUP: 54
29 -1 103 -1 8 -1 18 -1 #SUP: 38
29 -1 103 -1 14 -1 #SUP: 37
29 -1 103 -1 18 -1 #SUP: 55
29 -1 103 -1 71 -1 #SUP: 35
29 -1 117 -1 #SUP: 30
29 -1 122 -1 #SUP: 94
29 -1 122 -1 8 -1 #SUP: 37
29 -1 122 -1 14 -1 #SUP: 39
29 -1 122 -1 18 -1 #SUP: 41
29 -1 122 -1 71 -1 #SUP: 38
29 -1 124 -1 #SUP: 115
29 -1 124 -1 8 -1 #SUP: 60
29 -1 124 -1 8 -1 18 -1 #SUP: 43
29 -1 124 -1 14 -1 #SUP: 47
29 -1 124 -1 18 -1 #SUP: 60
29 -1 124 -1 18 -1 8 -1 #SUP: 34
29 -1 124 -1 18 -1 18 -1 #SUP: 32
29 -1 124 -1 21 -1 #SUP: 34
29 -1 124 -1 29 -1 #SUP: 33
29 -1 124 -1 71 -1 #SUP: 48
29 -1 381 -1 #SUP: 30
29 -1 125 -1 #SUP: 44
29 -1 126 -1 #SUP: 38
29 -1 905 -1 #SUP: 39
29 -1 147 -1 #SUP: 43
29 -1 922 -1 #SUP: 32
29 -1 161 -1 #SUP: 40
29 -1 934 -1 #SUP: 34
29 -1 174 -1 #SUP: 36
29 -1 186 -1 #SUP: 42
29 -1 197 -1 #SUP: 42
29 -1 206 -1 #SUP: 83
29 -1 206 -1 8 -1 #SUP: 36
29 -1 206 -1 14 -1 #SUP: 32
29 -1 206 -1 18 -1 #SUP: 37
29 -1 206 -1 71 -1 #SUP: 30
29 -1 212 -1 #SUP: 80
29 -1 212 -1 8 -1 #SUP: 39
29 -1 212 -1 14 -1 #SUP: 33
29 -1 212 -1 18 -1 #SUP: 44
29 -1 212 -1 71 -1 #SUP: 35
29 -1 214 -1 #SUP: 31
29 -1 219 -1 #SUP: 109
29 -1 219 -1 8 -1 #SUP: 47
29 -1 219 -1 8 -1 18 -1 #SUP: 32
29 -1 219 -1 14 -1 #SUP: 43
29 -1 219 -1 18 -1 #SUP: 47
29 -1 219 -1 21 -1 #SUP: 32
29 -1 219 -1 29 -1 #SUP: 36
29 -1 219 -1 71 -1 #SUP: 45
29 -1 219 -1 92 -1 #SUP: 33
29 -1 219 -1 219 -1 #SUP: 32
29 -1 219 -1 227 -1 #SUP: 34
29 -1 224 -1 #SUP: 78
29 -1 224 -1 8 -1 #SUP: 34
29 -1 224 -1 18 -1 #SUP: 34
29 -1 224 -1 71 -1 #SUP: 35
29 -1 224 -1 225 -1 #SUP: 31
29 -1 225 -1 #SUP: 51
29 -1 227 -1 #SUP: 100
29 -1 227 -1 8 -1 #SUP: 47
29 -1 227 -1 8 -1 18 -1 #SUP: 33
29 -1 227 -1 14 -1 #SUP: 41
29 -1 227 -1 18 -1 #SUP: 46
29 -1 227 -1 29 -1 #SUP: 31
29 -1 227 -1 71 -1 #SUP: 41
29 -1 493 -1 #SUP: 34
30 -1 #SUP: 367
30 -1 3 -1 #SUP: 63
30 -1 3 -1 8 -1 #SUP: 38
30 -1 8 -1 #SUP: 187
30 -1 8 -1 8 -1 #SUP: 101
30 -1 8 -1 8 -1 8 -1 #SUP: 41
30 -1 8 -1 8 -1 14 -1 #SUP: 36
30 -1 8 -1 8 -1 18 -1 #SUP: 58
30 -1 8 -1 8 -1 71 -1 #SUP: 39
30 -1 8 -1 14 -1 #SUP: 72
30 -1 8 -1 14 -1 8 -1 #SUP: 40
30 -1 8 -1 14 -1 18 -1 #SUP: 40
30 -1 8 -1 14 -1 71 -1 #SUP: 31
30 -1 8 -1 17 -1 #SUP: 49
30 -1 8 -1 18 -1 #SUP: 121
30 -1 8 -1 18 -1 8 -1 #SUP: 63
30 -1 8 -1 18 -1 8 -1 18 -1 #SUP: 36
30 -1 8 -1 18 -1 14 -1 #SUP: 38
30 -1 8 -1 18 -1 18 -1 #SUP: 46
30 -1 8 -1 18 -1 21 -1 #SUP: 31
30 -1 8 -1 18 -1 29 -1 #SUP: 37
30 -1 8 -1 18 -1 71 -1 #SUP: 42
30 -1 8 -1 20 -1 #SUP: 32
30 -1 8 -1 21 -1 #SUP: 51
30 -1 8 -1 21 -1 8 -1 #SUP: 30
30 -1 8 -1 29 -1 #SUP: 52
30 -1 8 -1 40 -1 #SUP: 35
30 -1 8 -1 52 -1 #SUP: 31
30 -1 8 -1 71 -1 #SUP: 65
30 -1 8 -1 71 -1 8 -1 #SUP: 42
30 -1 8 -1 71 -1 18 -1 #SUP: 30
30 -1 8 -1 92 -1 #SUP: 45
30 -1 265 -1 #SUP: 37
30 -1 14 -1 #SUP: 142
30 -1 14 -1 8 -1 #SUP: 70
30 -1 14 -1 8 -1 8 -1 #SUP: 36
30 -1 14 -1 8 -1 18 -1 #SUP: 45
30 -1 14 -1 14 -1 #SUP: 44
30 -1 14 -1 17 -1 #SUP: 33
30 -1 14 -1 18 -1 #SUP: 65
30 -1 14 -1 18 -1 8 -1 #SUP: 34
30 -1 14 -1 21 -1 #SUP: 36
30 -1 14 -1 29 -1 #SUP: 32
30 -1 14 -1 71 -1 #SUP: 58
30 -1 14 -1 71 -1 8 -1 #SUP: 30
30 -1 17 -1 #SUP: 175
30 -1 17 -1 8 -1 #SUP: 96
30 -1 17 -1 8 -1 8 -1 #SUP: 50
30 -1 17 -1 8 -1 14 -1 #SUP: 42
30 -1 17 -1 8 -1 18 -1 #SUP: 64
30 -1 17 -1 8 -1 18 -1 8 -1 #SUP: 34
30 -1 17 -1 8 -1 21 -1 #SUP: 30
30 -1 17 -1 8 -1 71 -1 #SUP: 37
30 -1 17 -1 14 -1 #SUP: 72
30 -1 17 -1 14 -1 8 -1 #SUP: 36
30 -1 17 -1 14 -1 18 -1 #SUP: 32
30 -1 17 -1 14 -1 71 -1 #SUP: 30
30 -1 17 -1 17 -1 #SUP: 51
30 -1 17 -1 18 -1 #SUP: 86
30 -1 17 -1 18 -1 8 -1 #SUP: 45
30 -1 17 -1 18 -1 8 -1 18 -1 #SUP: 30
30 -1 17 -1 18 -1 14 -1 #SUP: 33
30 -1 17 -1 18 -1 18 -1 #SUP: 37
30 -1 17 -1 18 -1 71 -1 #SUP: 32
30 -1 17 -1 20 -1 #SUP: 30
30 -1 17 -1 21 -1 #SUP: 49
30 -1 17 -1 21 -1 8 -1 #SUP: 31
30 -1 17 -1 29 -1 #SUP: 58
30 -1 17 -1 29 -1 8 -1 #SUP: 32
30 -1 17 -1 39 -1 #SUP: 33
30 -1 17 -1 40 -1 #SUP: 43
30 -1 17 -1 52 -1 #SUP: 48
30 -1 17 -1 71 -1 #SUP: 76
30 -1 17 -1 71 -1 8 -1 #SUP: 43
30 -1 17 -1 71 -1 14 -1 #SUP: 38
30 -1 17 -1 71 -1 18 -1 #SUP: 35
30 -1 17 -1 71 -1 71 -1 #SUP: 37
30 -1 17 -1 92 -1 #SUP: 36
30 -1 18 -1 #SUP: 172
30 -1 18 -1 8 -1 #SUP: 91
30 -1 18 -1 8 -1 8 -1 #SUP: 36
30 -1 18 -1 8 -1 18 -1 #SUP: 52
30 -1 18 -1 8 -1 71 -1 #SUP: 35
30 -1 18 -1 14 -1 #SUP: 58
30 -1 18 -1 14 -1 18 -1 #SUP: 32
30 -1 18 -1 17 -1 #SUP: 31
30 -1 18 -1 18 -1 #SUP: 69
30 -1 18 -1 18 -1 18 -1 #SUP: 32
30 -1 18 -1 18 -1 71 -1 #SUP: 30
30 -1 18 -1 21 -1 #SUP: 41
30 -1 18 -1 29 -1 #SUP: 49
30 -1 18 -1 71 -1 #SUP: 58
30 -1 18 -1 71 -1 8 -1 #SUP: 30
30 -1 18 -1 92 -1 #SUP: 35
30 -1 19 -1 #SUP: 36
30 -1 20 -1 #SUP: 64
30 -1 20 -1 8 -1 #SUP: 32
30 -1 21 -1 #SUP: 103
30 -1 21 -1 8 -1 #SUP: 59
30 -1 21 -1 8 -1 8 -1 #SUP: 34
30 -1 21 -1 8 -1 18 -1 #SUP: 41
30 -1 21 -1 14 -1 #SUP: 38
30 -1 21 -1 18 -1 #SUP: 53
30 -1 21 -1 21 -1 #SUP: 30
30 -1 21 -1 71 -1 #SUP: 34
30 -1 23 -1 #SUP: 38
30 -1 25 -1 #SUP: 31
30 -1 29 -1 #SUP: 124
30 -1 29 -1 8 -1 #SUP: 66
30 -1 29 -1 8 -1 8 -1 #SUP: 34
30 -1 29 -1 8 -1 18 -1 #SUP: 40
30 -1 29 -1 14 -1 #SUP: 48
30 -1 29 -1 17 -1 #SUP: 42
30 -1 29 -1 18 -1 #SUP: 62
30 -1 29 -1 21 -1 #SUP: 39
30 -1 29 -1 29 -1 #SUP: 33
30 -1 29 -1 71 -1 #SUP: 54
30 -1 29 -1 71 -1 8 -1 #SUP: 30
30 -1 30 -1 #SUP: 84
30 -1 30 -1 17 -1 #SUP: 35
30 -1 290 -1 #SUP: 95
30 -1 290 -1 8 -1 #SUP: 45
30 -1 290 -1 14 -1 #SUP: 36
30 -1 290 -1 17 -1 #SUP: 32
30 -1 290 -1 18 -1 #SUP: 37
30 -1 290 -1 29 -1 #SUP: 31
30 -1 290 -1 71 -1 #SUP: 43
30 -1 290 -1 92 -1 #SUP: 31
30 -1 39 -1 #SUP: 58
30 -1 39 -1 8 -1 #SUP: 33
30 -1 39 -1 18 -1 #SUP: 33
30 -1 40 -1 #SUP: 88
30 -1 40 -1 8 -1 #SUP: 42
30 -1 40 -1 14 -1 #SUP: 33
30 -1 40 -1 18 -1 #SUP: 48
30 -1 40 -1 71 -1 #SUP: 37
30 -1 52 -1 #SUP: 83
30 -1 52 -1 8 -1 #SUP: 36
30 -1 52 -1 18 -1 #SUP: 35
30 -1 52 -1 71 -1 #SUP: 35
30 -1 54 -1 #SUP: 38
30 -1 318 -1 #SUP: 38
30 -1 71 -1 #SUP: 163
30 -1 71 -1 3 -1 #SUP: 32
30 -1 71 -1 8 -1 #SUP: 86
30 -1 71 -1 8 -1 8 -1 #SUP: 47
30 -1 71 -1 8 -1 14 -1 #SUP: 38
30 -1 71 -1 8 -1 18 -1 #SUP: 54
30 -1 71 -1 8 -1 71 -1 #SUP: 36
30 -1 71 -1 14 -1 #SUP: 70
30 -1 71 -1 14 -1 8 -1 #SUP: 36
30 -1 71 -1 14 -1 18 -1 #SUP: 30
30 -1 71 -1 14 -1 71 -1 #SUP: 37
30 -1 71 -1 17 -1 #SUP: 42
30 -1 71 -1 18 -1 #SUP: 75
30 -1 71 -1 18 -1 8 -1 #SUP: 37
30 -1 71 -1 18 -1 71 -1 #SUP: 30
30 -1 71 -1 21 -1 #SUP: 41
30 -1 71 -1 29 -1 #SUP: 54
30 -1 71 -1 30 -1 #SUP: 31
30 -1 71 -1 290 -1 #SUP: 41
30 -1 71 -1 40 -1 #SUP: 34
30 -1 71 -1 71 -1 #SUP: 75
30 -1 71 -1 71 -1 8 -1 #SUP: 36
30 -1 71 -1 71 -1 14 -1 #SUP: 30
30 -1 71 -1 71 -1 18 -1 #SUP: 30
30 -1 71 -1 71 -1 71 -1 #SUP: 32
30 -1 71 -1 92 -1 #SUP: 48
30 -1 92 -1 #SUP: 96
30 -1 92 -1 8 -1 #SUP: 43
30 -1 92 -1 14 -1 #SUP: 36
30 -1 92 -1 18 -1 #SUP: 39
30 -1 92 -1 71 -1 #SUP: 34
30 -1 96 -1 #SUP: 50
30 -1 96 -1 8 -1 #SUP: 33
30 -1 103 -1 #SUP: 45
30 -1 122 -1 #SUP: 35
30 -1 124 -1 #SUP: 36
30 -1 206 -1 #SUP: 40
30 -1 212 -1 #SUP: 31
30 -1 219 -1 #SUP: 50
30 -1 224 -1 #SUP: 37
30 -1 227 -1 #SUP: 40
31 -1 #SUP: 106
31 -1 8 -1 #SUP: 47
31 -1 8 -1 18 -1 #SUP: 31
31 -1 14 -1 #SUP: 38
31 -1 18 -1 #SUP: 51
31 -1 290 -1 #SUP: 57
31 -1 71 -1 #SUP: 47
32 -1 #SUP: 71
32 -1 8 -1 #SUP: 39
32 -1 18 -1 #SUP: 38
32 -1 71 -1 #SUP: 37
33 -1 #SUP: 113
33 -1 8 -1 #SUP: 58
33 -1 8 -1 18 -1 #SUP: 34
33 -1 14 -1 #SUP: 48
33 -1 17 -1 #SUP: 40
33 -1 18 -1 #SUP: 65
33 -1 18 -1 8 -1 #SUP: 39
33 -1 29 -1 #SUP: 35
33 -1 71 -1 #SUP: 41
33 -1 92 -1 #SUP: 31
36 -1 #SUP: 179
36 -1 3 -1 #SUP: 54
36 -1 8 -1 #SUP: 130
36 -1 8 -1 3 -1 #SUP: 34
36 -1 8 -1 8 -1 #SUP: 80
36 -1 8 -1 8 -1 8 -1 #SUP: 55
36 -1 8 -1 8 -1 8 -1 8 -1 #SUP: 30
36 -1 8 -1 8 -1 8 -1 18 -1 #SUP: 32
36 -1 8 -1 8 -1 14 -1 #SUP: 44
36 -1 8 -1 8 -1 18 -1 #SUP: 57
36 -1 8 -1 8 -1 18 -1 8 -1 #SUP: 43
36 -1 8 -1 8 -1 71 -1 #SUP: 35
36 -1 8 -1 14 -1 #SUP: 74
36 -1 8 -1 14 -1 8 -1 #SUP: 45
36 -1 8 -1 14 -1 8 -1 18 -1 #SUP: 30
36 -1 8 -1 14 -1 18 -1 #SUP: 42
36 -1 8 -1 14 -1 71 -1 #SUP: 31
36 -1 8 -1 17 -1 #SUP: 51
36 -1 8 -1 18 -1 #SUP: 97
36 -1 8 -1 18 -1 8 -1 #SUP: 65
36 -1 8 -1 18 -1 8 -1 8 -1 #SUP: 38
36 -1 8 -1 18 -1 8 -1 18 -1 #SUP: 46
36 -1 8 -1 18 -1 8 -1 18 -1 8 -1 #SUP: 30
36 -1 8 -1 18 -1 14 -1 #SUP: 48
36 -1 8 -1 18 -1 14 -1 8 -1 #SUP: 32
36 -1 8 -1 18 -1 14 -1 18 -1 #SUP: 30
36 -1 8 -1 18 -1 18 -1 #SUP: 54
36 -1 8 -1 18 -1 18 -1 8 -1 #SUP: 34
36 -1 8 -1 18 -1 21 -1 #SUP: 36
36 -1 8 -1 18 -1 71 -1 #SUP: 38
36 -1 8 -1 20 -1 #SUP: 32
36 -1 8 -1 21 -1 #SUP: 47
36 -1 8 -1 21 -1 8 -1 #SUP: 33
36 -1 8 -1 29 -1 #SUP: 42
36 -1 8 -1 290 -1 #SUP: 35
36 -1 8 -1 40 -1 #SUP: 34
36 -1 8 -1 71 -1 #SUP: 61
36 -1 8 -1 71 -1 8 -1 #SUP: 37
36 -1 265 -1 #SUP: 32
36 -1 14 -1 #SUP: 104
36 -1 14 -1 8 -1 #SUP: 60
36 -1 14 -1 8 -1 8 -1 #SUP: 33
36 -1 14 -1 8 -1 18 -1 #SUP: 40
36 -1 14 -1 14 -1 #SUP: 48
36 -1 14 -1 18 -1 #SUP: 57
36 -1 14 -1 18 -1 8 -1 #SUP: 35
36 -1 14 -1 18 -1 18 -1 #SUP: 32
36 -1 14 -1 21 -1 #SUP: 38
36 -1 14 -1 71 -1 #SUP: 42
36 -1 17 -1 #SUP: 91
36 -1 17 -1 8 -1 #SUP: 57
36 -1 17 -1 8 -1 8 -1 #SUP: 32
36 -1 17 -1 8 -1 14 -1 #SUP: 31
36 -1 17 -1 8 -1 18 -1 #SUP: 40
36 -1 17 -1 14 -1 #SUP: 45
36 -1 17 -1 17 -1 #SUP: 34
36 -1 17 -1 18 -1 #SUP: 53
36 -1 17 -1 18 -1 8 -1 #SUP: 37
36 -1 17 -1 18 -1 18 -1 #SUP: 31
36 -1 17 -1 21 -1 #SUP: 31
36 -1 17 -1 29 -1 #SUP: 31
36 -1 17 -1 71 -1 #SUP: 42
36 -1 18 -1 #SUP: 127
36 -1 18 -1 8 -1 #SUP: 83
36 -1 18 -1 8 -1 8 -1 #SUP: 53
36 -1 18 -1 8 -1 8 -1 18 -1 #SUP: 33
36 -1 18 -1 8 -1 14 -1 #SUP: 45
36 -1 18 -1 8 -1 18 -1 #SUP: 62
36 -1 18 -1 8 -1 18 -1 8 -1 #SUP: 41
36 -1 18 -1 8 -1 71 -1 #SUP: 30
36 -1 18 -1 14 -1 #SUP: 69
36 -1 18 -1 14 -1 8 -1 #SUP: 43
36 -1 18 -1 14 -1 18 -1 #SUP: 40
36 -1 18 -1 17 -1 #SUP: 41
36 -1 18 -1 18 -1 #SUP: 74
36 -1 18 -1 18 -1 8 -1 #SUP: 49
36 -1 18 -1 18 -1 14 -1 #SUP: 32
36 -1 18 -1 18 -1 18 -1 #SUP: 36
36 -1 18 -1 20 -1 #SUP: 34
36 -1 18 -1 21 -1 #SUP: 50
36 -1 18 -1 21 -1 8 -1 #SUP: 35
36 -1 18 -1 21 -1 18 -1 #SUP: 34
36 -1 18 -1 29 -1 #SUP: 41
36 -1 18 -1 290 -1 #SUP: 37
36 -1 18 -1 71 -1 #SUP: 56
36 -1 18 -1 71 -1 8 -1 #SUP: 32
36 -1 18 -1 96 -1 #SUP: 30
36 -1 19 -1 #SUP: 30
36 -1 20 -1 #SUP: 59
36 -1 20 -1 8 -1 #SUP: 38
36 -1 20 -1 14 -1 #SUP: 32
36 -1 20 -1 18 -1 #SUP: 35
36 -1 21 -1 #SUP: 81
36 -1 21 -1 8 -1 #SUP: 59
36 -1 21 -1 8 -1 8 -1 #SUP: 36
36 -1 21 -1 8 -1 18 -1 #SUP: 46
36 -1 21 -1 8 -1 18 -1 8 -1 #SUP: 30
36 -1 21 -1 14 -1 #SUP: 45
36 -1 21 -1 18 -1 #SUP: 55
36 -1 21 -1 18 -1 8 -1 #SUP: 33
36 -1 21 -1 18 -1 18 -1 #SUP: 32
36 -1 21 -1 71 -1 #SUP: 37
36 -1 23 -1 #SUP: 32
36 -1 29 -1 #SUP: 83
36 -1 29 -1 8 -1 #SUP: 50
36 -1 29 -1 8 -1 18 -1 #SUP: 33
36 -1 29 -1 14 -1 #SUP: 41
36 -1 29 -1 17 -1 #SUP: 34
36 -1 29 -1 18 -1 #SUP: 48
36 -1 29 -1 29 -1 #SUP: 30
36 -1 29 -1 71 -1 #SUP: 44
36 -1 30 -1 #SUP: 50
36 -1 290 -1 #SUP: 62
36 -1 290 -1 8 -1 #SUP: 33
36 -1 290 -1 14 -1 #SUP: 35
36 -1 290 -1 18 -1 #SUP: 31
36 -1 292 -1 #SUP: 30
36 -1 39 -1 #SUP: 42
36 -1 40 -1 #SUP: 61
36 -1 40 -1 8 -1 #SUP: 38
36 -1 40 -1 18 -1 #SUP: 38
36 -1 52 -1 #SUP: 54
36 -1 54 -1 #SUP: 36
36 -1 71 -1 #SUP: 103
36 -1 71 -1 8 -1 #SUP: 58
36 -1 71 -1 8 -1 8 -1 #SUP: 36
36 -1 71 -1 8 -1 18 -1 #SUP: 41
36 -1 71 -1 8 -1 18 -1 8 -1 #SUP: 30
36 -1 71 -1 14 -1 #SUP: 49
36 -1 71 -1 14 -1 8 -1 #SUP: 30
36 -1 71 -1 18 -1 #SUP: 50
36 -1 71 -1 18 -1 8 -1 #SUP: 36
36 -1 71 -1 21 -1 #SUP: 30
36 -1 71 -1 290 -1 #SUP: 31
36 -1 71 -1 71 -1 #SUP: 45
36 -1 92 -1 #SUP: 51
36 -1 92 -1 18 -1 #SUP: 30
36 -1 96 -1 #SUP: 48
36 -1 103 -1 #SUP: 38
36 -1 124 -1 #SUP: 38
36 -1 197 -1 #SUP: 31
36 -1 206 -1 #SUP: 36
36 -1 212 -1 #SUP: 34
36 -1 219 -1 #SUP: 41
38 -1 #SUP: 33
39 -1 #SUP: 316
39 -1 3 -1 #SUP: 74
39 -1 3 -1 8 -1 #SUP: 40
39 -1 3 -1 18 -1 #SUP: 37
39 -1 8 -1 #SUP: 181
39 -1 8 -1 3 -1 #SUP: 31
39 -1 8 -1 8 -1 #SUP: 95
39 -1 8 -1 8 -1 8 -1 #SUP: 40
39 -1 8 -1 8 -1 14 -1 #SUP: 33
39 -1 8 -1 8 -1 18 -1 #SUP: 62
39 -1 8 -1 14 -1 #SUP: 72
39 -1 8 -1 14 -1 8 -1 #SUP: 43
39 -1 8 -1 14 -1 8 -1 18 -1 #SUP: 31
39 -1 8 -1 14 -1 18 -1 #SUP: 42
39 -1 8 -1 17 -1 #SUP: 55
39 -1 8 -1 17 -1 18 -1 #SUP: 30
39 -1 8 -1 18 -1 #SUP: 126
39 -1 8 -1 18 -1 8 -1 #SUP: 68
39 -1 8 -1 18 -1 8 -1 8 -1 #SUP: 31
39 -1 8 -1 18 -1 8 -1 18 -1 #SUP: 46
39 -1 8 -1 18 -1 14 -1 #SUP: 44
39 -1 8 -1 18 -1 14 -1 18 -1 #SUP: 31
39 -1 8 -1 18 -1 17 -1 #SUP: 33
39 -1 8 -1 18 -1 18 -1 #SUP: 60
39 -1 8 -1 18 -1 29 -1 #SUP: 30
39 -1 8 -1 18 -1 71 -1 #SUP: 36
39 -1 8 -1 21 -1 #SUP: 45
39 -1 8 -1 29 -1 #SUP: 45
39 -1 8 -1 40 -1 #SUP: 38
39 -1 8 -1 52 -1 #SUP: 31
39 -1 8 -1 71 -1 #SUP: 55
39 -1 8 -1 92 -1 #SUP: 32
39 -1 8 -1 96 -1 #SUP: 31
39 -1 14 -1 #SUP: 119
39 -1 14 -1 8 -1 #SUP: 64
39 -1 14 -1 8 -1 8 -1 #SUP: 37
39 -1 14 -1 8 -1 18 -1 #SUP: 46
39 -1 14 -1 14 -1 #SUP: 34
39 -1 14 -1 17 -1 #SUP: 34
39 -1 14 -1 18 -1 #SUP: 65
39 -1 14 -1 18 -1 8 -1 #SUP: 31
39 -1 14 -1 71 -1 #SUP: 35
39 -1 17 -1 #SUP: 98
39 -1 17 -1 8 -1 #SUP: 44
39 -1 17 -1 8 -1 18 -1 #SUP: 33
39 -1 17 -1 14 -1 #SUP: 38
39 -1 17 -1 18 -1 #SUP: 50
39 -1 17 -1 71 -1 #SUP: 31
39 -1 18 -1 #SUP: 182
39 -1 18 -1 3 -1 #SUP: 35
39 -1 18 -1 8 -1 #SUP: 103
39 -1 18 -1 8 -1 8 -1 #SUP: 47
39 -1 18 -1 8 -1 8 -1 18 -1 #SUP: 34
39 -1 18 -1 8 -1 14 -1 #SUP: 41
39 -1 18 -1 8 -1 18 -1 #SUP: 69
39 -1 18 -1 8 -1 18 -1 8 -1 #SUP: 32
39 -1 18 -1 8 -1 71 -1 #SUP: 31
39 -1 18 -1 14 -1 #SUP: 62
39 -1 18 -1 14 -1 8 -1 #SUP: 34
39 -1 18 -1 14 -1 18 -1 #SUP: 38
39 -1 18 -1 17 -1 #SUP: 47
39 -1 18 -1 18 -1 #SUP: 91
39 -1 18 -1 18 -1 8 -1 #SUP: 44
39 -1 18 -1 18 -1 18 -1 #SUP: 34
39 -1 18 -1 21 -1 #SUP: 45
39 -1 18 -1 21 -1 8 -1 #SUP: 30
39 -1 18 -1 29 -1 #SUP: 47
39 -1 18 -1 30 -1 #SUP: 31
39 -1 18 -1 40 -1 #SUP: 41
39 -1 18 -1 71 -1 #SUP: 53
39 -1 18 -1 92 -1 #SUP: 35
39 -1 18 -1 96 -1 #SUP: 31
39 -1 20 -1 #SUP: 52
39 -1 21 -1 #SUP: 95
39 -1 21 -1 8 -1 #SUP: 53
39 -1 21 -1 8 -1 18 -1 #SUP: 39
39 -1 21 -1 14 -1 #SUP: 32
39 -1 21 -1 17 -1 #SUP: 30
39 -1 21 -1 18 -1 #SUP: 51
39 -1 29 -1 #SUP: 90
39 -1 29 -1 8 -1 #SUP: 44
39 -1 29 -1 14 -1 #SUP: 35
39 -1 29 -1 17 -1 #SUP: 35
39 -1 29 -1 18 -1 #SUP: 46
39 -1 29 -1 71 -1 #SUP: 32
39 -1 30 -1 #SUP: 60
39 -1 290 -1 #SUP: 48
39 -1 292 -1 #SUP: 41
39 -1 39 -1 #SUP: 43
39 -1 40 -1 #SUP: 79
39 -1 40 -1 8 -1 #SUP: 37
39 -1 40 -1 14 -1 #SUP: 30
39 -1 40 -1 18 -1 #SUP: 49
39 -1 52 -1 #SUP: 61
39 -1 54 -1 #SUP: 31
39 -1 318 -1 #SUP: 37
39 -1 71 -1 #SUP: 115
39 -1 71 -1 8 -1 #SUP: 63
39 -1 71 -1 8 -1 8 -1 #SUP: 31
39 -1 71 -1 8 -1 18 -1 #SUP: 42
39 -1 71 -1 14 -1 #SUP: 38
39 -1 71 -1 18 -1 #SUP: 55
39 -1 71 -1 18 -1 8 -1 #SUP: 31
39 -1 71 -1 71 -1 #SUP: 35
39 -1 92 -1 #SUP: 66
39 -1 92 -1 8 -1 #SUP: 33
39 -1 92 -1 18 -1 #SUP: 30
39 -1 96 -1 #SUP: 54
39 -1 96 -1 8 -1 #SUP: 35
39 -1 96 -1 18 -1 #SUP: 33
39 -1 103 -1 #SUP: 37
39 -1 122 -1 #SUP: 30
39 -1 124 -1 #SUP: 38
39 -1 206 -1 #SUP: 32
39 -1 212 -1 #SUP: 30
39 -1 219 -1 #SUP: 54
39 -1 224 -1 #SUP: 36
39 -1 227 -1 #SUP: 38
40 -1 #SUP: 495
40 -1 3 -1 #SUP: 112
40 -1 3 -1 8 -1 #SUP: 65
40 -1 3 -1 8 -1 18 -1 #SUP: 45
40 -1 3 -1 14 -1 #SUP: 39
40 -1 3 -1 18 -1 #SUP: 57
40 -1 3 -1 40 -1 #SUP: 32
40 -1 3 -1 71 -1 #SUP: 46
40 -1 3 -1 92 -1 #SUP: 31
40 -1 8 -1 #SUP: 280
40 -1 8 -1 3 -1 #SUP: 55
40 -1 8 -1 3 -1 8 -1 #SUP: 31
40 -1 8 -1 8 -1 #SUP: 154
40 -1 8 -1 8 -1 8 -1 #SUP: 67
40 -1 8 -1 8 -1 8 -1 8 -1 #SUP: 35
40 -1 8 -1 8 -1 8 -1 18 -1 #SUP: 40
40 -1 8 -1 8 -1 14 -1 #SUP: 65
40 -1 8 -1 8 -1 14 -1 8 -1 #SUP: 32
40 -1 8 -1 8 -1 14 -1 18 -1 #SUP: 35
40 -1 8 -1 8 -1 17 -1 #SUP: 37
40 -1 8 -1 8 -1 18 -1 #SUP: 90
40 -1 8 -1 8 -1 18 -1 8 -1 #SUP: 44
40 -1 8 -1 8 -1 18 -1 14 -1 #SUP: 37
40 -1 8 -1 8 -1 18 -1 18 -1 #SUP: 40
40 -1 8 -1 8 -1 18 -1 71 -1 #SUP: 33
40 -1 8 -1 8 -1 29 -1 #SUP: 36
40 -1 8 -1 8 -1 71 -1 #SUP: 49
40 -1 8 -1 265 -1 #SUP: 39
40 -1 8 -1 14 -1 #SUP: 119
40 -1 8 -1 14 -1 8 -1 #SUP: 60
40 -1 8 -1 14 -1 8 -1 18 -1 #SUP: 39
40 -1 8 -1 14 -1 14 -1 #SUP: 34
40 -1 8 -1 14 -1 18 -1 #SUP: 62
40 -1 8 -1 14 -1 18 -1 8 -1 #SUP: 31
40 -1 8 -1 14 -1 71 -1 #SUP: 44
40 -1 8 -1 17 -1 #SUP: 86
40 -1 8 -1 17 -1 8 -1 #SUP: 41
40 -1 8 -1 17 -1 14 -1 #SUP: 35
40 -1 8 -1 17 -1 18 -1 #SUP: 40
40 -1 8 -1 18 -1 #SUP: 189
40 -1 8 -1 18 -1 8 -1 #SUP: 97
40 -1 8 -1 18 -1 8 -1 8 -1 #SUP: 41
40 -1 8 -1 18 -1 8 -1 14 -1 #SUP: 41
40 -1 8 -1 18 -1 8 -1 18 -1 #SUP: 58
40 -1 8 -1 18 -1 8 -1 71 -1 #SUP: 36
40 -1 8 -1 18 -1 14 -1 #SUP: 77
40 -1 8 -1 18 -1 14 -1 8 -1 #SUP: 36
40 -1 8 -1 18 -1 14 -1 18 -1 #SUP: 37
40 -1 8 -1 18 -1 17 -1 #SUP: 47
40 -1 8 -1 18 -1 18 -1 #SUP: 85
40 -1 8 -1 18 -1 18 -1 8 -1 #SUP: 40
40 -1 8 -1 18 -1 18 -1 18 -1 #SUP: 34
40 -1 8 -1 18 -1 18 -1 71 -1 #SUP: 32
40 -1 8 -1 18 -1 20 -1 #SUP: 35
40 -1 8 -1 18 -1 21 -1 #SUP: 39
40 -1 8 -1 18 -1 29 -1 #SUP: 50
40 -1 8 -1 18 -1 30 -1 #SUP: 35
40 -1 8 -1 18 -1 40 -1 #SUP: 45
40 -1 8 -1 18 -1 71 -1 #SUP: 67
40 -1 8 -1 18 -1 92 -1 #SUP: 32
40 -1 8 -1 18 -1 96 -1 #SUP: 30
40 -1 8 -1 20 -1 #SUP: 51
40 -1 8 -1 21 -1 #SUP: 59
40 -1 8 -1 21 -1 8 -1 #SUP: 34
40 -1 8 -1 23 -1 #SUP: 33
40 -1 8 -1 29 -1 #SUP: 83
40 -1 8 -1 29 -1 8 -1 #SUP: 32
40 -1 8 -1 29 -1 14 -1 #SUP: 30
40 -1 8 -1 29 -1 18 -1 #SUP: 35
40 -1 8 -1 29 -1 71 -1 #SUP: 32
40 -1 8 -1 30 -1 #SUP: 50
40 -1 8 -1 290 -1 #SUP: 46
40 -1 8 -1 39 -1 #SUP: 36
40 -1 8 -1 40 -1 #SUP: 65
40 -1 8 -1 40 -1 18 -1 #SUP: 30
40 -1 8 -1 52 -1 #SUP: 41
40 -1 8 -1 71 -1 #SUP: 106
40 -1 8 -1 71 -1 8 -1 #SUP: 56
40 -1 8 -1 71 -1 8 -1 18 -1 #SUP: 31
40 -1 8 -1 71 -1 14 -1 #SUP: 37
40 -1 8 -1 71 -1 18 -1 #SUP: 47
40 -1 8 -1 71 -1 71 -1 #SUP: 42
40 -1 8 -1 92 -1 #SUP: 57
40 -1 8 -1 96 -1 #SUP: 48
40 -1 8 -1 122 -1 #SUP: 35
40 -1 8 -1 224 -1 #SUP: 34
40 -1 265 -1 #SUP: 74
40 -1 265 -1 8 -1 #SUP: 33
40 -1 265 -1 17 -1 #SUP: 31
40 -1 265 -1 18 -1 #SUP: 30
40 -1 265 -1 71 -1 #SUP: 43
40 -1 14 -1 #SUP: 224
40 -1 14 -1 3 -1 #SUP: 37
40 -1 14 -1 8 -1 #SUP: 117
40 -1 14 -1 8 -1 8 -1 #SUP: 52
40 -1 14 -1 8 -1 14 -1 #SUP: 39
40 -1 14 -1 8 -1 18 -1 #SUP: 76
40 -1 14 -1 8 -1 18 -1 8 -1 #SUP: 32
40 -1 14 -1 8 -1 18 -1 18 -1 #SUP: 31
40 -1 14 -1 8 -1 29 -1 #SUP: 31
40 -1 14 -1 8 -1 71 -1 #SUP: 32
40 -1 14 -1 265 -1 #SUP: 32
40 -1 14 -1 14 -1 #SUP: 72
40 -1 14 -1 14 -1 8 -1 #SUP: 35
40 -1 14 -1 14 -1 18 -1 #SUP: 35
40 -1 14 -1 14 -1 71 -1 #SUP: 32
40 -1 14 -1 17 -1 #SUP: 58
40 -1 14 -1 17 -1 18 -1 #SUP: 32
40 -1 14 -1 18 -1 #SUP: 120
40 -1 14 -1 18 -1 8 -1 #SUP: 58
40 -1 14 -1 18 -1 8 -1 18 -1 #SUP: 34
40 -1 14 -1 18 -1 14 -1 #SUP: 39
40 -1 14 -1 18 -1 18 -1 #SUP: 54
40 -1 14 -1 18 -1 21 -1 #SUP: 32
40 -1 14 -1 18 -1 29 -1 #SUP: 34
40 -1 14 -1 18 -1 71 -1 #SUP: 40
40 -1 14 -1 20 -1 #SUP: 44
40 -1 14 -1 21 -1 #SUP: 53
40 -1 14 -1 29 -1 #SUP: 62
40 -1 14 -1 29 -1 18 -1 #SUP: 30
40 -1 14 -1 30 -1 #SUP: 40
40 -1 14 -1 290 -1 #SUP: 34
40 -1 14 -1 40 -1 #SUP: 60
40 -1 14 -1 52 -1 #SUP: 33
40 -1 14 -1 71 -1 #SUP: 86
40 -1 14 -1 71 -1 8 -1 #SUP: 36
40 -1 14 -1 71 -1 14 -1 #SUP: 32
40 -1 14 -1 71 -1 18 -1 #SUP: 37
40 -1 14 -1 71 -1 71 -1 #SUP: 38
40 -1 14 -1 92 -1 #SUP: 46
40 -1 14 -1 96 -1 #SUP: 35
40 -1 17 -1 #SUP: 180
40 -1 17 -1 3 -1 #SUP: 42
40 -1 17 -1 8 -1 #SUP: 90
40 -1 17 -1 8 -1 8 -1 #SUP: 41
40 -1 17 -1 8 -1 14 -1 #SUP: 32
40 -1 17 -1 8 -1 18 -1 #SUP: 54
40 -1 17 -1 14 -1 #SUP: 69
40 -1 17 -1 14 -1 18 -1 #SUP: 33
40 -1 17 -1 17 -1 #SUP: 54
40 -1 17 -1 18 -1 #SUP: 87
40 -1 17 -1 18 -1 8 -1 #SUP: 39
40 -1 17 -1 18 -1 18 -1 #SUP: 34
40 -1 17 -1 20 -1 #SUP: 30
40 -1 17 -1 21 -1 #SUP: 34
40 -1 17 -1 29 -1 #SUP: 56
40 -1 17 -1 30 -1 #SUP: 42
40 -1 17 -1 40 -1 #SUP: 54
40 -1 17 -1 52 -1 #SUP: 38
40 -1 17 -1 71 -1 #SUP: 73
40 -1 17 -1 71 -1 8 -1 #SUP: 36
40 -1 17 -1 71 -1 14 -1 #SUP: 31
40 -1 17 -1 71 -1 18 -1 #SUP: 37
40 -1 17 -1 71 -1 71 -1 #SUP: 33
40 -1 17 -1 92 -1 #SUP: 35
40 -1 17 -1 96 -1 #SUP: 30
40 -1 18 -1 #SUP: 308
40 -1 18 -1 3 -1 #SUP: 50
40 -1 18 -1 3 -1 18 -1 #SUP: 30
40 -1 18 -1 8 -1 #SUP: 167
40 -1 18 -1 8 -1 8 -1 #SUP: 77
40 -1 18 -1 8 -1 8 -1 8 -1 #SUP: 40
40 -1 18 -1 8 -1 8 -1 14 -1 #SUP: 42
40 -1 18 -1 8 -1 8 -1 18 -1 #SUP: 56
40 -1 18 -1 8 -1 8 -1 18 -1 8 -1 #SUP: 30
40 -1 18 -1 8 -1 14 -1 #SUP: 69
40 -1 18 -1 8 -1 14 -1 8 -1 #SUP: 35
40 -1 18 -1 8 -1 14 -1 18 -1 #SUP: 38
40 -1 18 -1 8 -1 17 -1 #SUP: 44
40 -1 18 -1 8 -1 18 -1 #SUP: 106
40 -1 18 -1 8 -1 18 -1 8 -1 #SUP: 54
40 -1 18 -1 8 -1 18 -1 8 -1 18 -1 #SUP: 36
40 -1 18 -1 8 -1 18 -1 14 -1 #SUP: 42
40 -1 18 -1 8 -1 18 -1 18 -1 #SUP: 49
40 -1 18 -1 8 -1 18 -1 71 -1 #SUP: 44
40 -1 18 -1 8 -1 20 -1 #SUP: 33
40 -1 18 -1 8 -1 21 -1 #SUP: 37
40 -1 18 -1 8 -1 29 -1 #SUP: 46
40 -1 18 -1 8 -1 40 -1 #SUP: 32
40 -1 18 -1 8 -1 71 -1 #SUP: 62
40 -1 18 -1 8 -1 71 -1 8 -1 #SUP: 32
40 -1 18 -1 8 -1 71 -1 18 -1 #SUP: 31
40 -1 18 -1 265 -1 #SUP: 41
40 -1 18 -1 14 -1 #SUP: 130
40 -1 18 -1 14 -1 8 -1 #SUP: 62
40 -1 18 -1 14 -1 8 -1 18 -1 #SUP: 43
40 -1 18 -1 14 -1 14 -1 #SUP: 42
40 -1 18 -1 14 -1 17 -1 #SUP: 32
40 -1 18 -1 14 -1 18 -1 #SUP: 73
40 -1 18 -1 14 -1 18 -1 8 -1 #SUP: 36
40 -1 18 -1 14 -1 18 -1 18 -1 #SUP: 32
40 -1 18 -1 14 -1 29 -1 #SUP: 35
40 -1 18 -1 14 -1 71 -1 #SUP: 45
40 -1 18 -1 17 -1 #SUP: 84
40 -1 18 -1 17 -1 8 -1 #SUP: 41
40 -1 18 -1 17 -1 14 -1 #SUP: 37
40 -1 18 -1 17 -1 18 -1 #SUP: 44
40 -1 18 -1 17 -1 71 -1 #SUP: 33
40 -1 18 -1 18 -1 #SUP: 153
40 -1 18 -1 18 -1 8 -1 #SUP: 74
40 -1 18 -1 18 -1 8 -1 8 -1 #SUP: 32
40 -1 18 -1 18 -1 8 -1 14 -1 #SUP: 32
40 -1 18 -1 18 -1 8 -1 18 -1 #SUP: 46
40 -1 18 -1 18 -1 14 -1 #SUP: 56
40 -1 18 -1 18 -1 14 -1 18 -1 #SUP: 31
40 -1 18 -1 18 -1 17 -1 #SUP: 38
40 -1 18 -1 18 -1 18 -1 #SUP: 70
40 -1 18 -1 18 -1 21 -1 #SUP: 35
40 -1 18 -1 18 -1 29 -1 #SUP: 42
40 -1 18 -1 18 -1 40 -1 #SUP: 34
40 -1 18 -1 18 -1 71 -1 #SUP: 62
40 -1 18 -1 20 -1 #SUP: 60
40 -1 18 -1 21 -1 #SUP: 78
40 -1 18 -1 21 -1 8 -1 #SUP: 42
40 -1 18 -1 21 -1 8 -1 18 -1 #SUP: 31
40 -1 18 -1 21 -1 14 -1 #SUP: 35
40 -1 18 -1 21 -1 18 -1 #SUP: 43
40 -1 18 -1 23 -1 #SUP: 38
40 -1 18 -1 29 -1 #SUP: 88
40 -1 18 -1 29 -1 8 -1 #SUP: 36
40 -1 18 -1 29 -1 14 -1 #SUP: 32
40 -1 18 -1 29 -1 17 -1 #SUP: 31
40 -1 18 -1 29 -1 18 -1 #SUP: 45
40 -1 18 -1 29 -1 71 -1 #SUP: 40
40 -1 18 -1 30 -1 #SUP: 55
40 -1 18 -1 290 -1 #SUP: 51
40 -1 18 -1 292 -1 #SUP: 30
40 -1 18 -1 39 -1 #SUP: 43
40 -1 18 -1 40 -1 #SUP: 75
40 -1 18 -1 40 -1 18 -1 #SUP: 40
40 -1 18 -1 52 -1 #SUP: 46
40 -1 18 -1 54 -1 #SUP: 33
40 -1 18 -1 318 -1 #SUP: 32
40 -1 18 -1 71 -1 #SUP: 114
40 -1 18 -1 71 -1 8 -1 #SUP: 56
40 -1 18 -1 71 -1 8 -1 18 -1 #SUP: 36
40 -1 18 -1 71 -1 14 -1 #SUP: 41
40 -1 18 -1 71 -1 18 -1 #SUP: 57
40 -1 18 -1 71 -1 290 -1 #SUP: 30
40 -1 18 -1 71 -1 71 -1 #SUP: 49
40 -1 18 -1 71 -1 92 -1 #SUP: 32
40 -1 18 -1 92 -1 #SUP: 75
40 -1 18 -1 92 -1 18 -1 #SUP: 34
40 -1 18 -1 96 -1 #SUP: 59
40 -1 18 -1 96 -1 18 -1 #SUP: 36
40 -1 18 -1 103 -1 #SUP: 35
40 -1 18 -1 122 -1 #SUP: 50
40 -1 18 -1 124 -1 #SUP: 33
40 -1 18 -1 206 -1 #SUP: 35
40 -1 18 -1 224 -1 #SUP: 42
40 -1 18 -1 227 -1 #SUP: 30
40 -1 19 -1 #SUP: 137
40 -1 19 -1 8 -1 #SUP: 74
40 -1 19 -1 8 -1 8 -1 #SUP: 43
40 -1 19 -1 8 -1 14 -1 #SUP: 42
40 -1 19 -1 8 -1 18 -1 #SUP: 56
40 -1 19 -1 8 -1 29 -1 #SUP: 30
40 -1 19 -1 265 -1 #SUP: 43
40 -1 19 -1 14 -1 #SUP: 64
40 -1 19 -1 14 -1 18 -1 #SUP: 37
40 -1 19 -1 17 -1 #SUP: 58
40 -1 19 -1 17 -1 8 -1 #SUP: 33
40 -1 19 -1 17 -1 18 -1 #SUP: 31
40 -1 19 -1 17 -1 71 -1 #SUP: 34
40 -1 19 -1 18 -1 #SUP: 76
40 -1 19 -1 18 -1 8 -1 #SUP: 35
40 -1 19 -1 18 -1 14 -1 #SUP: 37
40 -1 19 -1 18 -1 18 -1 #SUP: 40
40 -1 19 -1 18 -1 71 -1 #SUP: 31
40 -1 19 -1 20 -1 #SUP: 36
40 -1 19 -1 21 -1 #SUP: 36
40 -1 19 -1 29 -1 #SUP: 54
40 -1 19 -1 29 -1 18 -1 #SUP: 30
40 -1 19 -1 29 -1 71 -1 #SUP: 34
40 -1 19 -1 30 -1 #SUP: 34
40 -1 19 -1 290 -1 #SUP: 30
40 -1 19 -1 40 -1 #SUP: 45
40 -1 19 -1 71 -1 #SUP: 83
40 -1 19 -1 71 -1 8 -1 #SUP: 43
40 -1 19 -1 71 -1 8 -1 18 -1 #SUP: 33
40 -1 19 -1 71 -1 14 -1 #SUP: 35
40 -1 19 -1 71 -1 17 -1 #SUP: 32
40 -1 19 -1 71 -1 18 -1 #SUP: 42
40 -1 19 -1 71 -1 71 -1 #SUP: 41
40 -1 19 -1 92 -1 #SUP: 46
40 -1 19 -1 122 -1 #SUP: 47
40 -1 20 -1 #SUP: 104
40 -1 20 -1 8 -1 #SUP: 51
40 -1 20 -1 8 -1 18 -1 #SUP: 32
40 -1 20 -1 14 -1 #SUP: 40
40 -1 20 -1 18 -1 #SUP: 48
40 -1 20 -1 40 -1 #SUP: 34
40 -1 20 -1 71 -1 #SUP: 40
40 -1 21 -1 #SUP: 139
40 -1 21 -1 8 -1 #SUP: 81
40 -1 21 -1 8 -1 8 -1 #SUP: 48
40 -1 21 -1 8 -1 8 -1 18 -1 #SUP: 30
40 -1 21 -1 8 -1 14 -1 #SUP: 36
40 -1 21 -1 8 -1 18 -1 #SUP: 59
40 -1 21 -1 8 -1 18 -1 8 -1 #SUP: 30
40 -1 21 -1 14 -1 #SUP: 57
40 -1 21 -1 14 -1 8 -1 #SUP: 30
40 -1 21 -1 14 -1 18 -1 #SUP: 34
40 -1 21 -1 17 -1 #SUP: 40
40 -1 21 -1 18 -1 #SUP: 80
40 -1 21 -1 18 -1 8 -1 #SUP: 39
40 -1 21 -1 18 -1 14 -1 #SUP: 31
40 -1 21 -1 18 -1 18 -1 #SUP: 36
40 -1 21 -1 18 -1 71 -1 #SUP: 31
40 -1 21 -1 21 -1 #SUP: 37
40 -1 21 -1 29 -1 #SUP: 39
40 -1 21 -1 40 -1 #SUP: 43
40 -1 21 -1 71 -1 #SUP: 56
40 -1 21 -1 92 -1 #SUP: 36
40 -1 23 -1 #SUP: 58
40 -1 25 -1 #SUP: 33
40 -1 29 -1 #SUP: 166
40 -1 29 -1 3 -1 #SUP: 38
40 -1 29 -1 8 -1 #SUP: 80
40 -1 29 -1 8 -1 8 -1 #SUP: 36
40 -1 29 -1 8 -1 14 -1 #SUP: 35
40 -1 29 -1 8 -1 18 -1 #SUP: 48
40 -1 29 -1 8 -1 71 -1 #SUP: 31
40 -1 29 -1 265 -1 #SUP: 35
40 -1 29 -1 14 -1 #SUP: 66
40 -1 29 -1 17 -1 #SUP: 70
40 -1 29 -1 17 -1 14 -1 #SUP: 31
40 -1 29 -1 17 -1 18 -1 #SUP: 41
40 -1 29 -1 17 -1 71 -1 #SUP: 33
40 -1 29 -1 18 -1 #SUP: 82
40 -1 29 -1 18 -1 8 -1 #SUP: 34
40 -1 29 -1 18 -1 14 -1 #SUP: 35
40 -1 29 -1 18 -1 18 -1 #SUP: 38
40 -1 29 -1 18 -1 71 -1 #SUP: 33
40 -1 29 -1 21 -1 #SUP: 37
40 -1 29 -1 29 -1 #SUP: 44
40 -1 29 -1 30 -1 #SUP: 38
40 -1 29 -1 290 -1 #SUP: 34
40 -1 29 -1 39 -1 #SUP: 31
40 -1 29 -1 40 -1 #SUP: 42
40 -1 29 -1 71 -1 #SUP: 73
40 -1 29 -1 71 -1 8 -1 #SUP: 30
40 -1 29 -1 71 -1 18 -1 #SUP: 36
40 -1 29 -1 92 -1 #SUP: 37
40 -1 29 -1 96 -1 #SUP: 43
40 -1 30 -1 #SUP: 113
40 -1 30 -1 8 -1 #SUP: 49
40 -1 30 -1 14 -1 #SUP: 38
40 -1 30 -1 17 -1 #SUP: 41
40 -1 30 -1 18 -1 #SUP: 42
40 -1 30 -1 71 -1 #SUP: 38
40 -1 33 -1 #SUP: 44
40 -1 290 -1 #SUP: 104
40 -1 290 -1 8 -1 #SUP: 48
40 -1 290 -1 8 -1 18 -1 #SUP: 30
40 -1 290 -1 14 -1 #SUP: 32
40 -1 290 -1 17 -1 #SUP: 31
40 -1 290 -1 18 -1 #SUP: 47
40 -1 290 -1 29 -1 #SUP: 30
40 -1 290 -1 71 -1 #SUP: 52
40 -1 290 -1 92 -1 #SUP: 38
40 -1 292 -1 #SUP: 64
40 -1 292 -1 8 -1 #SUP: 36
40 -1 292 -1 18 -1 #SUP: 37
40 -1 39 -1 #SUP: 78
40 -1 39 -1 8 -1 #SUP: 39
40 -1 39 -1 18 -1 #SUP: 43
40 -1 40 -1 #SUP: 151
40 -1 40 -1 8 -1 #SUP: 69
40 -1 40 -1 8 -1 8 -1 #SUP: 31
40 -1 40 -1 8 -1 18 -1 #SUP: 46
40 -1 40 -1 14 -1 #SUP: 51
40 -1 40 -1 17 -1 #SUP: 37
40 -1 40 -1 18 -1 #SUP: 75
40 -1 40 -1 18 -1 8 -1 #SUP: 30
40 -1 40 -1 18 -1 18 -1 #SUP: 33
40 -1 40 -1 21 -1 #SUP: 36
40 -1 40 -1 29 -1 #SUP: 42
40 -1 40 -1 40 -1 #SUP: 46
40 -1 40 -1 71 -1 #SUP: 58
40 -1 40 -1 71 -1 8 -1 #SUP: 32
40 -1 40 -1 71 -1 18 -1 #SUP: 30
40 -1 40 -1 92 -1 #SUP: 52
40 -1 299 -1 #SUP: 34
40 -1 50 -1 #SUP: 36
40 -1 307 -1 #SUP: 48
40 -1 52 -1 #SUP: 98
40 -1 52 -1 8 -1 #SUP: 39
40 -1 52 -1 18 -1 #SUP: 42
40 -1 52 -1 39 -1 #SUP: 31
40 -1 52 -1 71 -1 #SUP: 38
40 -1 54 -1 #SUP: 50
40 -1 54 -1 14 -1 #SUP: 30
40 -1 318 -1 #SUP: 49
40 -1 63 -1 #SUP: 37
40 -1 319 -1 #SUP: 30
40 -1 71 -1 #SUP: 223
40 -1 71 -1 3 -1 #SUP: 46
40 -1 71 -1 8 -1 #SUP: 125
40 -1 71 -1 8 -1 8 -1 #SUP: 59
40 -1 71 -1 8 -1 8 -1 8 -1 #SUP: 30
40 -1 71 -1 8 -1 8 -1 18 -1 #SUP: 36
40 -1 71 -1 8 -1 14 -1 #SUP: 49
40 -1 71 -1 8 -1 18 -1 #SUP: 82
40 -1 71 -1 8 -1 18 -1 8 -1 #SUP: 40
40 -1 71 -1 8 -1 18 -1 18 -1 #SUP: 39
40 -1 71 -1 8 -1 71 -1 #SUP: 52
40 -1 71 -1 265 -1 #SUP: 39
40 -1 71 -1 14 -1 #SUP: 92
40 -1 71 -1 14 -1 8 -1 #SUP: 47
40 -1 71 -1 14 -1 8 -1 18 -1 #SUP: 31
40 -1 71 -1 14 -1 18 -1 #SUP: 51
40 -1 71 -1 14 -1 71 -1 #SUP: 39
40 -1 71 -1 17 -1 #SUP: 66
40 -1 71 -1 17 -1 8 -1 #SUP: 36
40 -1 71 -1 17 -1 18 -1 #SUP: 37
40 -1 71 -1 18 -1 #SUP: 115
40 -1 71 -1 18 -1 8 -1 #SUP: 55
40 -1 71 -1 18 -1 8 -1 18 -1 #SUP: 34
40 -1 71 -1 18 -1 14 -1 #SUP: 39
40 -1 71 -1 18 -1 18 -1 #SUP: 55
40 -1 71 -1 18 -1 29 -1 #SUP: 30
40 -1 71 -1 18 -1 71 -1 #SUP: 40
40 -1 71 -1 20 -1 #SUP: 45
40 -1 71 -1 21 -1 #SUP: 43
40 -1 71 -1 29 -1 #SUP: 62
40 -1 71 -1 29 -1 18 -1 #SUP: 31
40 -1 71 -1 29 -1 71 -1 #SUP: 30
40 -1 71 -1 30 -1 #SUP: 51
40 -1 71 -1 290 -1 #SUP: 52
40 -1 71 -1 40 -1 #SUP: 60
40 -1 71 -1 40 -1 8 -1 #SUP: 30
40 -1 71 -1 40 -1 18 -1 #SUP: 33
40 -1 71 -1 52 -1 #SUP: 30
40 -1 71 -1 318 -1 #SUP: 30
40 -1 71 -1 71 -1 #SUP: 104
40 -1 71 -1 71 -1 8 -1 #SUP: 50
40 -1 71 -1 71 -1 8 -1 18 -1 #SUP: 31
40 -1 71 -1 71 -1 14 -1 #SUP: 35
40 -1 71 -1 71 -1 18 -1 #SUP: 43
40 -1 71 -1 71 -1 71 -1 #SUP: 45
40 -1 71 -1 92 -1 #SUP: 58
40 -1 71 -1 96 -1 #SUP: 40
40 -1 71 -1 122 -1 #SUP: 34
40 -1 74 -1 #SUP: 35
40 -1 347 -1 #SUP: 34
40 -1 92 -1 #SUP: 152
40 -1 92 -1 3 -1 #SUP: 37
40 -1 92 -1 8 -1 #SUP: 71
40 -1 92 -1 8 -1 8 -1 #SUP: 32
40 -1 92 -1 8 -1 18 -1 #SUP: 37
40 -1 92 -1 14 -1 #SUP: 40
40 -1 92 -1 17 -1 #SUP: 41
40 -1 92 -1 18 -1 #SUP: 69
40 -1 92 -1 18 -1 8 -1 #SUP: 32
40 -1 92 -1 29 -1 #SUP: 34
40 -1 92 -1 40 -1 #SUP: 51
40 -1 92 -1 71 -1 #SUP: 56
40 -1 92 -1 92 -1 #SUP: 46
40 -1 96 -1 #SUP: 100
40 -1 96 -1 8 -1 #SUP: 52
40 -1 96 -1 8 -1 18 -1 #SUP: 33
40 -1 96 -1 14 -1 #SUP: 38
40 -1 96 -1 17 -1 #SUP: 47
40 -1 96 -1 18 -1 #SUP: 54
40 -1 96 -1 71 -1 #SUP: 34
40 -1 103 -1 #SUP: 65
40 -1 103 -1 8 -1 #SUP: 38
40 -1 103 -1 18 -1 #SUP: 37
40 -1 122 -1 #SUP: 86
40 -1 122 -1 14 -1 #SUP: 33
40 -1 122 -1 18 -1 #SUP: 31
40 -1 122 -1 71 -1 #SUP: 42
40 -1 124 -1 #SUP: 46
40 -1 147 -1 #SUP: 36
40 -1 186 -1 #SUP: 37
40 -1 206 -1 #SUP: 47
40 -1 212 -1 #SUP: 44
40 -1 219 -1 #SUP: 44
40 -1 224 -1 #SUP: 61
40 -1 224 -1 8 -1 #SUP: 33
40 -1 224 -1 18 -1 #SUP: 32
40 -1 225 -1 #SUP: 36
40 -1 227 -1 #SUP: 46
41 -1 #SUP: 33
44 -1 #SUP: 37
45 -1 #SUP: 119
45 -1 8 -1 #SUP: 66
45 -1 8 -1 8 -1 #SUP: 37
45 -1 8 -1 14 -1 #SUP: 30
45 -1 8 -1 18 -1 #SUP: 34
45 -1 14 -1 #SUP: 62
45 -1 14 -1 8 -1 #SUP: 36
45 -1 18 -1 #SUP: 65
45 -1 18 -1 8 -1 #SUP: 43
45 -1 18 -1 18 -1 #SUP: 30
45 -1 21 -1 #SUP: 40
45 -1 29 -1 #SUP: 35
45 -1 71 -1 #SUP: 48
45 -1 92 -1 #SUP: 36
47 -1 #SUP: 44
47 -1 18 -1 #SUP: 33
50 -1 #SUP: 127
50 -1 3 -1 #SUP: 35
50 -1 8 -1 #SUP: 75
50 -1 8 -1 8 -1 #SUP: 32
50 -1 8 -1 18 -1 #SUP: 45
50 -1 14 -1 #SUP: 59
50 -1 14 -1 8 -1 #SUP: 30
50 -1 14 -1 18 -1 #SUP: 32
50 -1 17 -1 #SUP: 38
50 -1 18 -1 #SUP: 72
50 -1 18 -1 8 -1 #SUP: 46
50 -1 18 -1 14 -1 #SUP: 33
50 -1 18 -1 18 -1 #SUP: 33
50 -1 20 -1 #SUP: 38
50 -1 21 -1 #SUP: 41
50 -1 29 -1 #SUP: 42
50 -1 290 -1 #SUP: 73
50 -1 290 -1 8 -1 #SUP: 43
50 -1 290 -1 14 -1 #SUP: 34
50 -1 290 -1 18 -1 #SUP: 39
50 -1 290 -1 71 -1 #SUP: 30
50 -1 40 -1 #SUP: 34
50 -1 52 -1 #SUP: 31
50 -1 71 -1 #SUP: 59
50 -1 71 -1 8 -1 #SUP: 30
50 -1 92 -1 #SUP: 44
51 -1 #SUP: 124
51 -1 8 -1 #SUP: 74
51 -1 8 -1 8 -1 #SUP: 41
51 -1 8 -1 18 -1 #SUP: 45
51 -1 14 -1 #SUP: 52
51 -1 14 -1 8 -1 #SUP: 30
51 -1 17 -1 #SUP: 44
51 -1 18 -1 #SUP: 60
51 -1 18 -1 8 -1 #SUP: 31
51 -1 21 -1 #SUP: 35
51 -1 29 -1 #SUP: 39
51 -1 40 -1 #SUP: 32
51 -1 51 -1 #SUP: 35
51 -1 52 -1 #SUP: 30
51 -1 71 -1 #SUP: 52
51 -1 92 -1 #SUP: 39
52 -1 #SUP: 347
52 -1 3 -1 #SUP: 72
52 -1 3 -1 8 -1 #SUP: 36
52 -1 3 -1 18 -1 #SUP: 34
52 -1 8 -1 #SUP: 177
52 -1 8 -1 8 -1 #SUP: 98
52 -1 8 -1 8 -1 8 -1 #SUP: 56
52 -1 8 -1 8 -1 8 -1 18 -1 #SUP: 38
52 -1 8 -1 8 -1 14 -1 #SUP: 33
52 -1 8 -1 8 -1 18 -1 #SUP: 62
52 -1 8 -1 8 -1 18 -1 8 -1 #SUP: 37
52 -1 8 -1 8 -1 18 -1 18 -1 #SUP: 32
52 -1 8 -1 8 -1 71 -1 #SUP: 34
52 -1 8 -1 14 -1 #SUP: 65
52 -1 8 -1 14 -1 8 -1 #SUP: 43
52 -1 8 -1 14 -1 18 -1 #SUP: 45
52 -1 8 -1 17 -1 #SUP: 48
52 -1 8 -1 18 -1 #SUP: 130
52 -1 8 -1 18 -1 8 -1 #SUP: 69
52 -1 8 -1 18 -1 8 -1 8 -1 #SUP: 39
52 -1 8 -1 18 -1 8 -1 18 -1 #SUP: 45
52 -1 8 -1 18 -1 8 -1 18 -1 8 -1 #SUP: 30
52 -1 8 -1 18 -1 14 -1 #SUP: 41
52 -1 8 -1 18 -1 18 -1 #SUP: 58
52 -1 8 -1 18 -1 18 -1 8 -1 #SUP: 35
52 -1 8 -1 18 -1 18 -1 18 -1 #SUP: 33
52 -1 8 -1 18 -1 21 -1 #SUP: 31
52 -1 8 -1 18 -1 29 -1 #SUP: 30
52 -1 8 -1 18 -1 39 -1 #SUP: 32
52 -1 8 -1 18 -1 71 -1 #SUP: 41
52 -1 8 -1 21 -1 #SUP: 47
52 -1 8 -1 29 -1 #SUP: 42
52 -1 8 -1 39 -1 #SUP: 49
52 -1 8 -1 39 -1 8 -1 #SUP: 36
52 -1 8 -1 39 -1 18 -1 #SUP: 34
52 -1 8 -1 40 -1 #SUP: 31
52 -1 8 -1 52 -1 #SUP: 31
52 -1 8 -1 71 -1 #SUP: 59
52 -1 8 -1 71 -1 8 -1 #SUP: 35
52 -1 8 -1 92 -1 #SUP: 33
52 -1 265 -1 #SUP: 37
52 -1 14 -1 #SUP: 109
52 -1 14 -1 8 -1 #SUP: 65
52 -1 14 -1 8 -1 8 -1 #SUP: 30
52 -1 14 -1 8 -1 18 -1 #SUP: 43
52 -1 14 -1 14 -1 #SUP: 39
52 -1 14 -1 18 -1 #SUP: 63
52 -1 14 -1 18 -1 8 -1 #SUP: 36
52 -1 14 -1 71 -1 #SUP: 39
52 -1 17 -1 #SUP: 98
52 -1 17 -1 8 -1 #SUP: 49
52 -1 17 -1 8 -1 18 -1 #SUP: 32
52 -1 17 -1 14 -1 #SUP: 34
52 -1 17 -1 18 -1 #SUP: 44
52 -1 17 -1 71 -1 #SUP: 35
52 -1 18 -1 #SUP: 179
52 -1 18 -1 8 -1 #SUP: 95
52 -1 18 -1 8 -1 8 -1 #SUP: 51
52 -1 18 -1 8 -1 8 -1 18 -1 #SUP: 37
52 -1 18 -1 8 -1 14 -1 #SUP: 33
52 -1 18 -1 8 -1 18 -1 #SUP: 65
52 -1 18 -1 8 -1 18 -1 8 -1 #SUP: 39
52 -1 18 -1 8 -1 18 -1 18 -1 #SUP: 30
52 -1 18 -1 8 -1 71 -1 #SUP: 36
52 -1 18 -1 14 -1 #SUP: 59
52 -1 18 -1 14 -1 8 -1 #SUP: 38
52 -1 18 -1 14 -1 18 -1 #SUP: 40
52 -1 18 -1 17 -1 #SUP: 36
52 -1 18 -1 18 -1 #SUP: 90
52 -1 18 -1 18 -1 8 -1 #SUP: 51
52 -1 18 -1 18 -1 8 -1 18 -1 #SUP: 32
52 -1 18 -1 18 -1 14 -1 #SUP: 30
52 -1 18 -1 18 -1 18 -1 #SUP: 42
52 -1 18 -1 18 -1 71 -1 #SUP: 36
52 -1 18 -1 21 -1 #SUP: 42
52 -1 18 -1 29 -1 #SUP: 37
52 -1 18 -1 39 -1 #SUP: 50
52 -1 18 -1 39 -1 8 -1 #SUP: 31
52 -1 18 -1 39 -1 18 -1 #SUP: 37
52 -1 18 -1 40 -1 #SUP: 30
52 -1 18 -1 71 -1 #SUP: 57
52 -1 18 -1 71 -1 8 -1 #SUP: 33
52 -1 18 -1 71 -1 18 -1 #SUP: 30
52 -1 18 -1 92 -1 #SUP: 30
52 -1 20 -1 #SUP: 63
52 -1 20 -1 8 -1 #SUP: 33
52 -1 20 -1 18 -1 #SUP: 33
52 -1 21 -1 #SUP: 92
52 -1 21 -1 8 -1 #SUP: 52
52 -1 21 -1 8 -1 8 -1 #SUP: 33
52 -1 21 -1 8 -1 18 -1 #SUP: 44
52 -1 21 -1 14 -1 #SUP: 31
52 -1 21 -1 18 -1 #SUP: 55
52 -1 21 -1 18 -1 8 -1 #SUP: 30
52 -1 21 -1 21 -1 #SUP: 32
52 -1 23 -1 #SUP: 31
52 -1 25 -1 #SUP: 32
52 -1 27 -1 #SUP: 34
52 -1 29 -1 #SUP: 94
52 -1 29 -1 8 -1 #SUP: 49
52 -1 29 -1 8 -1 18 -1 #SUP: 35
52 -1 29 -1 14 -1 #SUP: 31
52 -1 29 -1 17 -1 #SUP: 31
52 -1 29 -1 18 -1 #SUP: 51
52 -1 29 -1 71 -1 #SUP: 35
52 -1 30 -1 #SUP: 65
52 -1 30 -1 8 -1 #SUP: 31
52 -1 290 -1 #SUP: 69
52 -1 290 -1 8 -1 #SUP: 30
52 -1 290 -1 18 -1 #SUP: 31
52 -1 292 -1 #SUP: 43
52 -1 39 -1 #SUP: 134
52 -1 39 -1 8 -1 #SUP: 74
52 -1 39 -1 8 -1 8 -1 #SUP: 36
52 -1 39 -1 8 -1 18 -1 #SUP: 54
52 -1 39 -1 14 -1 #SUP: 41
52 -1 39 -1 17 -1 #SUP: 34
52 -1 39 -1 18 -1 #SUP: 80
52 -1 39 -1 18 -1 8 -1 #SUP: 42
52 -1 39 -1 18 -1 18 -1 #SUP: 33
52 -1 39 -1 21 -1 #SUP: 35
52 -1 39 -1 29 -1 #SUP: 34
52 -1 39 -1 71 -1 #SUP: 50
52 -1 40 -1 #SUP: 70
52 -1 40 -1 8 -1 #SUP: 34
52 -1 40 -1 18 -1 #SUP: 42
52 -1 306 -1 #SUP: 49
52 -1 306 -1 18 -1 #SUP: 31
52 -1 306 -1 39 -1 #SUP: 36
52 -1 52 -1 #SUP: 69
52 -1 54 -1 #SUP: 32
52 -1 63 -1 #SUP: 34
52 -1 71 -1 #SUP: 160
52 -1 71 -1 8 -1 #SUP: 85
52 -1 71 -1 8 -1 8 -1 #SUP: 40
52 -1 71 -1 8 -1 14 -1 #SUP: 32
52 -1 71 -1 8 -1 18 -1 #SUP: 54
52 -1 71 -1 8 -1 71 -1 #SUP: 32
52 -1 71 -1 14 -1 #SUP: 50
52 -1 71 -1 14 -1 8 -1 #SUP: 30
52 -1 71 -1 17 -1 #SUP: 37
52 -1 71 -1 18 -1 #SUP: 75
52 -1 71 -1 18 -1 8 -1 #SUP: 41
52 -1 71 -1 18 -1 18 -1 #SUP: 32
52 -1 71 -1 21 -1 #SUP: 32
52 -1 71 -1 29 -1 #SUP: 37
52 -1 71 -1 290 -1 #SUP: 37
52 -1 71 -1 39 -1 #SUP: 38
52 -1 71 -1 71 -1 #SUP: 68
52 -1 71 -1 71 -1 8 -1 #SUP: 38
52 -1 71 -1 71 -1 18 -1 #SUP: 33
52 -1 71 -1 92 -1 #SUP: 30
52 -1 92 -1 #SUP: 82
52 -1 92 -1 8 -1 #SUP: 44
52 -1 92 -1 8 -1 18 -1 #SUP: 30
52 -1 92 -1 18 -1 #SUP: 43
52 -1 92 -1 71 -1 #SUP: 35
52 -1 96 -1 #SUP: 42
52 -1 103 -1 #SUP: 43
52 -1 122 -1 #SUP: 47
52 -1 124 -1 #SUP: 40
52 -1 206 -1 #SUP: 40
52 -1 219 -1 #SUP: 54
52 -1 219 -1 8 -1 #SUP: 30
52 -1 224 -1 #SUP: 34
52 -1 227 -1 #SUP: 49
53 -1 #SUP: 68
53 -1 8 -1 #SUP: 43
53 -1 17 -1 #SUP: 30
53 -1 18 -1 #SUP: 37
53 -1 71 -1 #SUP: 30
54 -1 #SUP: 211
54 -1 3 -1 #SUP: 55
54 -1 3 -1 8 -1 #SUP: 33
54 -1 3 -1 18 -1 #SUP: 33
54 -1 8 -1 #SUP: 128
54 -1 8 -1 3 -1 #SUP: 30
54 -1 8 -1 8 -1 #SUP: 76
54 -1 8 -1 8 -1 8 -1 #SUP: 36
54 -1 8 -1 8 -1 14 -1 #SUP: 39
54 -1 8 -1 8 -1 18 -1 #SUP: 47
54 -1 8 -1 14 -1 #SUP: 70
54 -1 8 -1 14 -1 8 -1 #SUP: 39
54 -1 8 -1 14 -1 18 -1 #SUP: 35
54 -1 8 -1 17 -1 #SUP: 43
54 -1 8 -1 18 -1 #SUP: 89
54 -1 8 -1 18 -1 8 -1 #SUP: 48
54 -1 8 -1 18 -1 8 -1 18 -1 #SUP: 34
54 -1 8 -1 18 -1 14 -1 #SUP: 46
54 -1 8 -1 18 -1 18 -1 #SUP: 41
54 -1 8 -1 21 -1 #SUP: 35
54 -1 8 -1 29 -1 #SUP: 40
54 -1 8 -1 71 -1 #SUP: 46
54 -1 14 -1 #SUP: 119
54 -1 14 -1 8 -1 #SUP: 59
54 -1 14 -1 8 -1 8 -1 #SUP: 32
54 -1 14 -1 8 -1 18 -1 #SUP: 38
54 -1 14 -1 14 -1 #SUP: 42
54 -1 14 -1 17 -1 #SUP: 31
54 -1 14 -1 18 -1 #SUP: 57
54 -1 14 -1 18 -1 8 -1 #SUP: 30
54 -1 14 -1 21 -1 #SUP: 31
54 -1 14 -1 29 -1 #SUP: 37
54 -1 14 -1 71 -1 #SUP: 38
54 -1 17 -1 #SUP: 70
54 -1 17 -1 8 -1 #SUP: 39
54 -1 17 -1 14 -1 #SUP: 31
54 -1 17 -1 18 -1 #SUP: 36
54 -1 18 -1 #SUP: 116
54 -1 18 -1 8 -1 #SUP: 61
54 -1 18 -1 8 -1 8 -1 #SUP: 33
54 -1 18 -1 8 -1 14 -1 #SUP: 36
54 -1 18 -1 8 -1 18 -1 #SUP: 44
54 -1 18 -1 14 -1 #SUP: 63
54 -1 18 -1 14 -1 8 -1 #SUP: 33
54 -1 18 -1 14 -1 18 -1 #SUP: 35
54 -1 18 -1 17 -1 #SUP: 35
54 -1 18 -1 18 -1 #SUP: 59
54 -1 18 -1 21 -1 #SUP: 31
54 -1 18 -1 29 -1 #SUP: 38
54 -1 18 -1 71 -1 #SUP: 44
54 -1 20 -1 #SUP: 45
54 -1 21 -1 #SUP: 75
54 -1 21 -1 8 -1 #SUP: 50
54 -1 21 -1 8 -1 18 -1 #SUP: 36
54 -1 21 -1 14 -1 #SUP: 37
54 -1 21 -1 18 -1 #SUP: 41
54 -1 23 -1 #SUP: 34
54 -1 24 -1 #SUP: 34
54 -1 29 -1 #SUP: 76
54 -1 29 -1 8 -1 #SUP: 37
54 -1 29 -1 14 -1 #SUP: 38
54 -1 29 -1 17 -1 #SUP: 36
54 -1 29 -1 18 -1 #SUP: 41
54 -1 29 -1 71 -1 #SUP: 36
54 -1 30 -1 #SUP: 32
54 -1 290 -1 #SUP: 49
54 -1 39 -1 #SUP: 33
54 -1 40 -1 #SUP: 40
54 -1 54 -1 #SUP: 32
54 -1 71 -1 #SUP: 84
54 -1 71 -1 8 -1 #SUP: 50
54 -1 71 -1 8 -1 18 -1 #SUP: 30
54 -1 71 -1 14 -1 #SUP: 43
54 -1 71 -1 18 -1 #SUP: 38
54 -1 71 -1 71 -1 #SUP: 32
54 -1 92 -1 #SUP: 50
54 -1 96 -1 #SUP: 49
54 -1 103 -1 #SUP: 36
54 -1 124 -1 #SUP: 42
54 -1 206 -1 #SUP: 49
54 -1 219 -1 #SUP: 34
54 -1 224 -1 #SUP: 33
54 -1 227 -1 #SUP: 31
58 -1 #SUP: 66
58 -1 8 -1 #SUP: 32
58 -1 14 -1 #SUP: 33
58 -1 18 -1 #SUP: 33
58 -1 71 -1 #SUP: 30
63 -1 #SUP: 207
63 -1 3 -1 #SUP: 44
63 -1 8 -1 #SUP: 112
63 -1 8 -1 8 -1 #SUP: 61
63 -1 8 -1 8 -1 8 -1 #SUP: 32
63 -1 8 -1 8 -1 18 -1 #SUP: 39
63 -1 8 -1 14 -1 #SUP: 50
63 -1 8 -1 14 -1 8 -1 #SUP: 32
63 -1 8 -1 18 -1 #SUP: 70
63 -1 8 -1 18 -1 8 -1 #SUP: 43
63 -1 8 -1 18 -1 8 -1 18 -1 #SUP: 32
63 -1 8 -1 18 -1 14 -1 #SUP: 33
63 -1 8 -1 18 -1 18 -1 #SUP: 35
63 -1 8 -1 29 -1 #SUP: 35
63 -1 8 -1 71 -1 #SUP: 42
63 -1 14 -1 #SUP: 82
63 -1 14 -1 8 -1 #SUP: 45
63 -1 14 -1 14 -1 #SUP: 30
63 -1 14 -1 18 -1 #SUP: 42
63 -1 14 -1 29 -1 #SUP: 33
63 -1 14 -1 71 -1 #SUP: 32
63 -1 17 -1 #SUP: 51
63 -1 18 -1 #SUP: 101
63 -1 18 -1 8 -1 #SUP: 57
63 -1 18 -1 8 -1 18 -1 #SUP: 40
63 -1 18 -1 14 -1 #SUP: 40
63 -1 18 -1 18 -1 #SUP: 44
63 -1 18 -1 71 -1 #SUP: 34
63 -1 21 -1 #SUP: 70
63 -1 21 -1 8 -1 #SUP: 38
63 -1 29 -1 #SUP: 69
63 -1 29 -1 8 -1 #SUP: 36
63 -1 29 -1 18 -1 #SUP: 36
63 -1 30 -1 #SUP: 44
63 -1 290 -1 #SUP: 30
63 -1 39 -1 #SUP: 35
63 -1 40 -1 #SUP: 51
63 -1 52 -1 #SUP: 32
63 -1 318 -1 #SUP: 36
63 -1 71 -1 #SUP: 95
63 -1 71 -1 8 -1 #SUP: 52
63 -1 71 -1 8 -1 18 -1 #SUP: 34
63 -1 71 -1 14 -1 #SUP: 43
63 -1 71 -1 18 -1 #SUP: 41
63 -1 71 -1 29 -1 #SUP: 33
63 -1 71 -1 71 -1 #SUP: 34
63 -1 92 -1 #SUP: 47
63 -1 103 -1 #SUP: 33
63 -1 212 -1 #SUP: 36
63 -1 219 -1 #SUP: 36
63 -1 227 -1 #SUP: 47
64 -1 #SUP: 95
64 -1 8 -1 #SUP: 51
64 -1 8 -1 18 -1 #SUP: 35
64 -1 14 -1 #SUP: 46
64 -1 17 -1 #SUP: 45
64 -1 18 -1 #SUP: 49
64 -1 21 -1 #SUP: 31
64 -1 71 -1 #SUP: 38
71 -1 #SUP: 794
71 -1 3 -1 #SUP: 162
71 -1 3 -1 3 -1 #SUP: 30
71 -1 3 -1 8 -1 #SUP: 85
71 -1 3 -1 8 -1 8 -1 #SUP: 37
71 -1 3 -1 8 -1 14 -1 #SUP: 31
71 -1 3 -1 8 -1 18 -1 #SUP: 58
71 -1 3 -1 14 -1 #SUP: 55
71 -1 3 -1 14 -1 8 -1 #SUP: 33
71 -1 3 -1 18 -1 #SUP: 77
71 -1 3 -1 18 -1 8 -1 #SUP: 35
71 -1 3 -1 18 -1 18 -1 #SUP: 32
71 -1 3 -1 21 -1 #SUP: 31
71 -1 3 -1 29 -1 #SUP: 30
71 -1 3 -1 71 -1 #SUP: 55
71 -1 3 -1 92 -1 #SUP: 36
71 -1 262 -1 #SUP: 31
71 -1 263 -1 #SUP: 39
71 -1 8 -1 #SUP: 460
71 -1 8 -1 3 -1 #SUP: 70
71 -1 8 -1 3 -1 8 -1 #SUP: 37
71 -1 8 -1 3 -1 18 -1 #SUP: 30
71 -1 8 -1 8 -1 #SUP: 249
71 -1 8 -1 8 -1 3 -1 #SUP: 41
71 -1 8 -1 8 -1 8 -1 #SUP: 132
71 -1 8 -1 8 -1 8 -1 8 -1 #SUP: 71
71 -1 8 -1 8 -1 8 -1 8 -1 8 -1 #SUP: 38
71 -1 8 -1 8 -1 8 -1 8 -1 18 -1 #SUP: 45
71 -1 8 -1 8 -1 8 -1 14 -1 #SUP: 56
71 -1 8 -1 8 -1 8 -1 14 -1 8 -1 #SUP: 38
71 -1 8 -1 8 -1 8 -1 14 -1 18 -1 #SUP: 35
71 -1 8 -1 8 -1 8 -1 18 -1 #SUP: 85
71 -1 8 -1 8 -1 8 -1 18 -1 8 -1 #SUP: 47
71 -1 8 -1 8 -1 8 -1 18 -1 8 -1 18 -1 #SUP: 31
71 -1 8 -1 8 -1 8 -1 18 -1 14 -1 #SUP: 41
71 -1 8 -1 8 -1 8 -1 18 -1 18 -1 #SUP: 42
71 -1 8 -1 8 -1 8 -1 21 -1 #SUP: 32
71 -1 8 -1 8 -1 8 -1 29 -1 #SUP: 35
71 -1 8 -1 8 -1 8 -1 71 -1 #SUP: 48
71 -1 8 -1 8 -1 8 -1 71 -1 8 -1 #SUP: 32
71 -1 8 -1 8 -1 14 -1 #SUP: 101
71 -1 8 -1 8 -1 14 -1 8 -1 #SUP: 60
71 -1 8 -1 8 -1 14 -1 8 -1 18 -1 #SUP: 43
71 -1 8 -1 8 -1 14 -1 14 -1 #SUP: 39
71 -1 8 -1 8 -1 14 -1 18 -1 #SUP: 62
71 -1 8 -1 8 -1 14 -1 18 -1 8 -1 #SUP: 36
71 -1 8 -1 8 -1 14 -1 18 -1 18 -1 #SUP: 31
71 -1 8 -1 8 -1 14 -1 29 -1 #SUP: 31
71 -1 8 -1 8 -1 14 -1 71 -1 #SUP: 41
71 -1 8 -1 8 -1 17 -1 #SUP: 61
71 -1 8 -1 8 -1 17 -1 8 -1 #SUP: 34
71 -1 8 -1 8 -1 17 -1 18 -1 #SUP: 30
71 -1 8 -1 8 -1 18 -1 #SUP: 159
71 -1 8 -1 8 -1 18 -1 8 -1 #SUP: 93
71 -1 8 -1 8 -1 18 -1 8 -1 8 -1 #SUP: 49
71 -1 8 -1 8 -1 18 -1 8 -1 8 -1 18 -1 #SUP: 32
71 -1 8 -1 8 -1 18 -1 8 -1 14 -1 #SUP: 47
71 -1 8 -1 8 -1 18 -1 8 -1 14 -1 8 -1 #SUP: 32
71 -1 8 -1 8 -1 18 -1 8 -1 18 -1 #SUP: 64
71 -1 8 -1 8 -1 18 -1 8 -1 18 -1 8 -1 #SUP: 35
71 -1 8 -1 8 -1 18 -1 8 -1 18 -1 14 -1 #SUP: 31
71 -1 8 -1 8 -1 18 -1 8 -1 18 -1 18 -1 #SUP: 30
71 -1 8 -1 8 -1 18 -1 8 -1 71 -1 #SUP: 34
71 -1 8 -1 8 -1 18 -1 14 -1 #SUP: 67
71 -1 8 -1 8 -1 18 -1 14 -1 8 -1 #SUP: 43
71 -1 8 -1 8 -1 18 -1 14 -1 8 -1 18 -1 #SUP: 32
71 -1 8 -1 8 -1 18 -1 14 -1 18 -1 #SUP: 44
71 -1 8 -1 8 -1 18 -1 17 -1 #SUP: 37
71 -1 8 -1 8 -1 18 -1 18 -1 #SUP: 82
71 -1 8 -1 8 -1 18 -1 18 -1 8 -1 #SUP: 44
71 -1 8 -1 8 -1 18 -1 18 -1 8 -1 18 -1 #SUP: 30
71 -1 8 -1 8 -1 18 -1 18 -1 14 -1 #SUP: 35
71 -1 8 -1 8 -1 18 -1 18 -1 18 -1 #SUP: 37
71 -1 8 -1 8 -1 18 -1 20 -1 #SUP: 32
71 -1 8 -1 8 -1 18 -1 21 -1 #SUP: 38
71 -1 8 -1 8 -1 18 -1 29 -1 #SUP: 45
71 -1 8 -1 8 -1 18 -1 71 -1 #SUP: 60
71 -1 8 -1 8 -1 18 -1 71 -1 8 -1 #SUP: 38
71 -1 8 -1 8 -1 18 -1 71 -1 18 -1 #SUP: 33
71 -1 8 -1 8 -1 20 -1 #SUP: 48
71 -1 8 -1 8 -1 21 -1 #SUP: 56
71 -1 8 -1 8 -1 21 -1 8 -1 #SUP: 36
71 -1 8 -1 8 -1 23 -1 #SUP: 30
71 -1 8 -1 8 -1 29 -1 #SUP: 69
71 -1 8 -1 8 -1 29 -1 8 -1 #SUP: 39
71 -1 8 -1 8 -1 29 -1 18 -1 #SUP: 36
71 -1 8 -1 8 -1 290 -1 #SUP: 37
71 -1 8 -1 8 -1 40 -1 #SUP: 34
71 -1 8 -1 8 -1 52 -1 #SUP: 30
71 -1 8 -1 8 -1 71 -1 #SUP: 91
71 -1 8 -1 8 -1 71 -1 8 -1 #SUP: 61
71 -1 8 -1 8 -1 71 -1 8 -1 8 -1 #SUP: 31
71 -1 8 -1 8 -1 71 -1 8 -1 18 -1 #SUP: 35
71 -1 8 -1 8 -1 71 -1 14 -1 #SUP: 37
71 -1 8 -1 8 -1 71 -1 18 -1 #SUP: 44
71 -1 8 -1 8 -1 71 -1 71 -1 #SUP: 36
71 -1 8 -1 8 -1 92 -1 #SUP: 49
71 -1 8 -1 8 -1 96 -1 #SUP: 37
71 -1 8 -1 8 -1 219 -1 #SUP: 35
71 -1 8 -1 265 -1 #SUP: 50
71 -1 8 -1 14 -1 #SUP: 198
71 -1 8 -1 14 -1 8 -1 #SUP: 116
71 -1 8 -1 14 -1 8 -1 8 -1 #SUP: 55
71 -1 8 -1 14 -1 8 -1 8 -1 8 -1 #SUP: 31
71 -1 8 -1 14 -1 8 -1 8 -1 18 -1 #SUP: 38
71 -1 8 -1 14 -1 8 -1 14 -1 #SUP: 43
71 -1 8 -1 14 -1 8 -1 14 -1 18 -1 #SUP: 30
71 -1 8 -1 14 -1 8 -1 18 -1 #SUP: 82
71 -1 8 -1 14 -1 8 -1 18 -1 8 -1 #SUP: 44
71 -1 8 -1 14 -1 8 -1 18 -1 8 -1 18 -1 #SUP: 30
71 -1 8 -1 14 -1 8 -1 18 -1 18 -1 #SUP: 38
71 -1 8 -1 14 -1 8 -1 71 -1 #SUP: 39
71 -1 8 -1 14 -1 14 -1 #SUP: 70
71 -1 8 -1 14 -1 14 -1 8 -1 #SUP: 42
71 -1 8 -1 14 -1 14 -1 8 -1 18 -1 #SUP: 33
71 -1 8 -1 14 -1 14 -1 14 -1 #SUP: 33
71 -1 8 -1 14 -1 14 -1 18 -1 #SUP: 43
71 -1 8 -1 14 -1 14 -1 71 -1 #SUP: 33
71 -1 8 -1 14 -1 17 -1 #SUP: 46
71 -1 8 -1 14 -1 18 -1 #SUP: 120
71 -1 8 -1 14 -1 18 -1 8 -1 #SUP: 71
71 -1 8 -1 14 -1 18 -1 8 -1 18 -1 #SUP: 43
71 -1 8 -1 14 -1 18 -1 14 -1 #SUP: 43
71 -1 8 -1 14 -1 18 -1 18 -1 #SUP: 53
71 -1 8 -1 14 -1 18 -1 21 -1 #SUP: 34
71 -1 8 -1 14 -1 18 -1 71 -1 #SUP: 40
71 -1 8 -1 14 -1 20 -1 #SUP: 38
71 -1 8 -1 14 -1 21 -1 #SUP: 57
71 -1 8 -1 14 -1 21 -1 8 -1 #SUP: 36
71 -1 8 -1 14 -1 21 -1 18 -1 #SUP: 31
71 -1 8 -1 14 -1 29 -1 #SUP: 53
71 -1 8 -1 14 -1 290 -1 #SUP: 33
71 -1 8 -1 14 -1 40 -1 #SUP: 30
71 -1 8 -1 14 -1 71 -1 #SUP: 76
71 -1 8 -1 14 -1 71 -1 8 -1 #SUP: 44
71 -1 8 -1 14 -1 71 -1 8 -1 18 -1 #SUP: 31
71 -1 8 -1 14 -1 71 -1 14 -1 #SUP: 35
71 -1 8 -1 14 -1 71 -1 18 -1 #SUP: 36
71 -1 8 -1 14 -1 71 -1 71 -1 #SUP: 37
71 -1 8 -1 14 -1 92 -1 #SUP: 36
71 -1 8 -1 17 -1 #SUP: 121
71 -1 8 -1 17 -1 8 -1 #SUP: 70
71 -1 8 -1 17 -1 8 -1 8 -1 #SUP: 34
71 -1 8 -1 17 -1 8 -1 18 -1 #SUP: 45
71 -1 8 -1 17 -1 14 -1 #SUP: 48
71 -1 8 -1 17 -1 18 -1 #SUP: 61
71 -1 8 -1 17 -1 18 -1 8 -1 #SUP: 31
71 -1 8 -1 17 -1 71 -1 #SUP: 44
71 -1 8 -1 18 -1 #SUP: 314
71 -1 8 -1 18 -1 3 -1 #SUP: 47
71 -1 8 -1 18 -1 8 -1 #SUP: 180
71 -1 8 -1 18 -1 8 -1 3 -1 #SUP: 30
71 -1 8 -1 18 -1 8 -1 8 -1 #SUP: 92
71 -1 8 -1 18 -1 8 -1 8 -1 8 -1 #SUP: 50
71 -1 8 -1 18 -1 8 -1 8 -1 8 -1 8 -1 #SUP: 30
71 -1 8 -1 18 -1 8 -1 8 -1 8 -1 18 -1 #SUP: 34
71 -1 8 -1 18 -1 8 -1 8 -1 14 -1 #SUP: 42
71 -1 8 -1 18 -1 8 -1 8 -1 14 -1 8 -1 #SUP: 31
71 -1 8 -1 18 -1 8 -1 8 -1 18 -1 #SUP: 62
71 -1 8 -1 18 -1 8 -1 8 -1 18 -1 8 -1 #SUP: 39
71 -1 8 -1 18 -1 8 -1 8 -1 18 -1 14 -1 #SUP: 33
71 -1 8 -1 18 -1 8 -1 8 -1 18 -1 18 -1 #SUP: 33
71 -1 8 -1 18 -1 8 -1 8 -1 71 -1 #SUP: 32
71 -1 8 -1 18 -1 8 -1 14 -1 #SUP: 74
71 -1 8 -1 18 -1 8 -1 14 -1 8 -1 #SUP: 46
71 -1 8 -1 18 -1 8 -1 14 -1 8 -1 18 -1 #SUP: 32
71 -1 8 -1 18 -1 8 -1 14 -1 18 -1 #SUP: 47
71 -1 8 -1 18 -1 8 -1 17 -1 #SUP: 37
71 -1 8 -1 18 -1 8 -1 18 -1 #SUP: 116
71 -1 8 -1 18 -1 8 -1 18 -1 8 -1 #SUP: 66
71 -1 8 -1 18 -1 8 -1 18 -1 8 -1 8 -1 #SUP: 37
71 -1 8 -1 18 -1 8 -1 18 -1 8 -1 14 -1 #SUP: 33
71 -1 8 -1 18 -1 8 -1 18 -1 8 -1 18 -1 #SUP: 49
71 -1 8 -1 18 -1 8 -1 18 -1 14 -1 #SUP: 49
71 -1 8 -1 18 -1 8 -1 18 -1 14 -1 8 -1 #SUP: 33
71 -1 8 -1 18 -1 8 -1 18 -1 14 -1 18 -1 #SUP: 34
71 -1 8 -1 18 -1 8 -1 18 -1 18 -1 #SUP: 62
71 -1 8 -1 18 -1 8 -1 18 -1 18 -1 8 -1 #SUP: 33
71 -1 8 -1 18 -1 8 -1 18 -1 71 -1 #SUP: 40
71 -1 8 -1 18 -1 8 -1 18 -1 71 -1 8 -1 #SUP: 30
71 -1 8 -1 18 -1 8 -1 20 -1 #SUP: 35
71 -1 8 -1 18 -1 8 -1 21 -1 #SUP: 42
71 -1 8 -1 18 -1 8 -1 29 -1 #SUP: 46
71 -1 8 -1 18 -1 8 -1 71 -1 #SUP: 67
71 -1 8 -1 18 -1 8 -1 71 -1 8 -1 #SUP: 44
71 -1 8 -1 18 -1 8 -1 71 -1 18 -1 #SUP: 35
71 -1 8 -1 18 -1 8 -1 92 -1 #SUP: 34
71 -1 8 -1 18 -1 14 -1 #SUP: 121
71 -1 8 -1 18 -1 14 -1 8 -1 #SUP: 69
71 -1 8 -1 18 -1 14 -1 8 -1 8 -1 #SUP: 31
71 -1 8 -1 18 -1 14 -1 8 -1 18 -1 #SUP: 51
71 -1 8 -1 18 -1 14 -1 14 -1 #SUP: 49
71 -1 8 -1 18 -1 14 -1 14 -1 8 -1 #SUP: 31
71 -1 8 -1 18 -1 14 -1 14 -1 18 -1 #SUP: 32
71 -1 8 -1 18 -1 14 -1 18 -1 #SUP: 72
71 -1 8 -1 18 -1 14 -1 18 -1 8 -1 #SUP: 41
71 -1 8 -1 18 -1 14 -1 18 -1 18 -1 #SUP: 35
71 -1 8 -1 18 -1 14 -1 21 -1 #SUP: 33
71 -1 8 -1 18 -1 14 -1 29 -1 #SUP: 30
71 -1 8 -1 18 -1 14 -1 71 -1 #SUP: 47
71 -1 8 -1 18 -1 17 -1 #SUP: 69
71 -1 8 -1 18 -1 17 -1 8 -1 #SUP: 36
71 -1 8 -1 18 -1 17 -1 18 -1 #SUP: 38
71 -1 8 -1 18 -1 18 -1 #SUP: 147
71 -1 8 -1 18 -1 18 -1 8 -1 #SUP: 82
71 -1 8 -1 18 -1 18 -1 8 -1 8 -1 #SUP: 46
71 -1 8 -1 18 -1 18 -1 8 -1 8 -1 18 -1 #SUP: 34
71 -1 8 -1 18 -1 18 -1 8 -1 14 -1 #SUP: 41
71 -1 8 -1 18 -1 18 -1 8 -1 18 -1 #SUP: 58
71 -1 8 -1 18 -1 18 -1 8 -1 18 -1 8 -1 #SUP: 33
71 -1 8 -1 18 -1 18 -1 8 -1 71 -1 #SUP: 31
71 -1 8 -1 18 -1 18 -1 14 -1 #SUP: 62
71 -1 8 -1 18 -1 18 -1 14 -1 8 -1 #SUP: 41
71 -1 8 -1 18 -1 18 -1 14 -1 8 -1 18 -1 #SUP: 31
71 -1 8 -1 18 -1 18 -1 14 -1 18 -1 #SUP: 40
71 -1 8 -1 18 -1 18 -1 18 -1 #SUP: 74
71 -1 8 -1 18 -1 18 -1 18 -1 8 -1 #SUP: 38
71 -1 8 -1 18 -1 18 -1 18 -1 14 -1 #SUP: 30
71 -1 8 -1 18 -1 18 -1 18 -1 18 -1 #SUP: 33
71 -1 8 -1 18 -1 18 -1 21 -1 #SUP: 33
71 -1 8 -1 18 -1 18 -1 29 -1 #SUP: 38
71 -1 8 -1 18 -1 18 -1 71 -1 #SUP: 49
71 -1 8 -1 18 -1 18 -1 71 -1 8 -1 #SUP: 35
71 -1 8 -1 18 -1 20 -1 #SUP: 55
71 -1 8 -1 18 -1 21 -1 #SUP: 85
71 -1 8 -1 18 -1 21 -1 8 -1 #SUP: 56
71 -1 8 -1 18 -1 21 -1 8 -1 8 -1 #SUP: 34
71 -1 8 -1 18 -1 21 -1 8 -1 18 -1 #SUP: 37
71 -1 8 -1 18 -1 21 -1 14 -1 #SUP: 35
71 -1 8 -1 18 -1 21 -1 18 -1 #SUP: 47
71 -1 8 -1 18 -1 23 -1 #SUP: 39
71 -1 8 -1 18 -1 29 -1 #SUP: 83
71 -1 8 -1 18 -1 29 -1 8 -1 #SUP: 45
71 -1 8 -1 18 -1 29 -1 14 -1 #SUP: 30
71 -1 8 -1 18 -1 29 -1 18 -1 #SUP: 41
71 -1 8 -1 18 -1 29 -1 71 -1 #SUP: 30
71 -1 8 -1 18 -1 30 -1 #SUP: 36
71 -1 8 -1 18 -1 290 -1 #SUP: 51
71 -1 8 -1 18 -1 39 -1 #SUP: 39
71 -1 8 -1 18 -1 40 -1 #SUP: 55
71 -1 8 -1 18 -1 40 -1 18 -1 #SUP: 31
71 -1 8 -1 18 -1 52 -1 #SUP: 30
71 -1 8 -1 18 -1 318 -1 #SUP: 41
71 -1 8 -1 18 -1 71 -1 #SUP: 114
71 -1 8 -1 18 -1 71 -1 8 -1 #SUP: 63
71 -1 8 -1 18 -1 71 -1 8 -1 8 -1 #SUP: 35
71 -1 8 -1 18 -1 71 -1 8 -1 18 -1 #SUP: 43
71 -1 8 -1 18 -1 71 -1 14 -1 #SUP: 45
71 -1 8 -1 18 -1 71 -1 18 -1 #SUP: 54
71 -1 8 -1 18 -1 71 -1 18 -1 8 -1 #SUP: 33
71 -1 8 -1 18 -1 71 -1 29 -1 #SUP: 31
71 -1 8 -1 18 -1 71 -1 71 -1 #SUP: 48
71 -1 8 -1 18 -1 71 -1 92 -1 #SUP: 30
71 -1 8 -1 18 -1 92 -1 #SUP: 62
71 -1 8 -1 18 -1 96 -1 #SUP: 49
71 -1 8 -1 18 -1 103 -1 #SUP: 30
71 -1 8 -1 18 -1 122 -1 #SUP: 37
71 -1 8 -1 18 -1 124 -1 #SUP: 37
71 -1 8 -1 18 -1 206 -1 #SUP: 40
71 -1 8 -1 18 -1 219 -1 #SUP: 46
71 -1 8 -1 18 -1 224 -1 #SUP: 30
71 -1 8 -1 18 -1 227 -1 #SUP: 38
71 -1 8 -1 19 -1 #SUP: 32
71 -1 8 -1 20 -1 #SUP: 82
71 -1 8 -1 20 -1 8 -1 #SUP: 39
71 -1 8 -1 20 -1 14 -1 #SUP: 35
71 -1 8 -1 20 -1 18 -1 #SUP: 33
71 -1 8 -1 21 -1 #SUP: 124
71 -1 8 -1 21 -1 8 -1 #SUP: 83
71 -1 8 -1 21 -1 8 -1 8 -1 #SUP: 51
71 -1 8 -1 21 -1 8 -1 8 -1 18 -1 #SUP: 34
71 -1 8 -1 21 -1 8 -1 14 -1 #SUP: 35
71 -1 8 -1 21 -1 8 -1 18 -1 #SUP: 54
71 -1 8 -1 21 -1 8 -1 18 -1 8 -1 #SUP: 34
71 -1 8 -1 21 -1 8 -1 18 -1 18 -1 #SUP: 30
71 -1 8 -1 21 -1 14 -1 #SUP: 48
71 -1 8 -1 21 -1 14 -1 8 -1 #SUP: 33
71 -1 8 -1 21 -1 14 -1 18 -1 #SUP: 30
71 -1 8 -1 21 -1 17 -1 #SUP: 30
71 -1 8 -1 21 -1 18 -1 #SUP: 67
71 -1 8 -1 21 -1 18 -1 8 -1 #SUP: 41
71 -1 8 -1 21 -1 18 -1 8 -1 18 -1 #SUP: 30
71 -1 8 -1 21 -1 18 -1 18 -1 #SUP: 34
71 -1 8 -1 21 -1 21 -1 #SUP: 32
71 -1 8 -1 21 -1 29 -1 #SUP: 32
71 -1 8 -1 21 -1 71 -1 #SUP: 41
71 -1 8 -1 23 -1 #SUP: 52
71 -1 8 -1 29 -1 #SUP: 122
71 -1 8 -1 29 -1 8 -1 #SUP: 66
71 -1 8 -1 29 -1 8 -1 8 -1 #SUP: 32
71 -1 8 -1 29 -1 8 -1 18 -1 #SUP: 41
71 -1 8 -1 29 -1 14 -1 #SUP: 45
71 -1 8 -1 29 -1 17 -1 #SUP: 44
71 -1 8 -1 29 -1 18 -1 #SUP: 63
71 -1 8 -1 29 -1 18 -1 8 -1 #SUP: 34
71 -1 8 -1 29 -1 21 -1 #SUP: 36
71 -1 8 -1 29 -1 29 -1 #SUP: 34
71 -1 8 -1 29 -1 71 -1 #SUP: 44
71 -1 8 -1 30 -1 #SUP: 54
71 -1 8 -1 290 -1 #SUP: 76
71 -1 8 -1 290 -1 8 -1 #SUP: 42
71 -1 8 -1 290 -1 14 -1 #SUP: 32
71 -1 8 -1 290 -1 18 -1 #SUP: 39
71 -1 8 -1 290 -1 71 -1 #SUP: 41
71 -1 8 -1 292 -1 #SUP: 35
71 -1 8 -1 39 -1 #SUP: 62
71 -1 8 -1 39 -1 8 -1 #SUP: 36
71 -1 8 -1 39 -1 18 -1 #SUP: 37
71 -1 8 -1 40 -1 #SUP: 79
71 -1 8 -1 40 -1 8 -1 #SUP: 44
71 -1 8 -1 40 -1 8 -1 18 -1 #SUP: 30
71 -1 8 -1 40 -1 14 -1 #SUP: 30
71 -1 8 -1 40 -1 18 -1 #SUP: 43
71 -1 8 -1 40 -1 71 -1 #SUP: 33
71 -1 8 -1 307 -1 #SUP: 31
71 -1 8 -1 52 -1 #SUP: 54
71 -1 8 -1 54 -1 #SUP: 39
71 -1 8 -1 318 -1 #SUP: 48
71 -1 8 -1 63 -1 #SUP: 30
71 -1 8 -1 71 -1 #SUP: 178
71 -1 8 -1 71 -1 3 -1 #SUP: 34
71 -1 8 -1 71 -1 8 -1 #SUP: 106
71 -1 8 -1 71 -1 8 -1 8 -1 #SUP: 55
71 -1 8 -1 71 -1 8 -1 8 -1 8 -1 #SUP: 32
71 -1 8 -1 71 -1 8 -1 8 -1 18 -1 #SUP: 33
71 -1 8 -1 71 -1 8 -1 14 -1 #SUP: 41
71 -1 8 -1 71 -1 8 -1 18 -1 #SUP: 68
71 -1 8 -1 71 -1 8 -1 18 -1 8 -1 #SUP: 38
71 -1 8 -1 71 -1 8 -1 18 -1 18 -1 #SUP: 31
71 -1 8 -1 71 -1 8 -1 71 -1 #SUP: 46
71 -1 8 -1 71 -1 14 -1 #SUP: 74
71 -1 8 -1 71 -1 14 -1 8 -1 #SUP: 41
71 -1 8 -1 71 -1 14 -1 8 -1 18 -1 #SUP: 33
71 -1 8 -1 71 -1 14 -1 18 -1 #SUP: 38
71 -1 8 -1 71 -1 14 -1 71 -1 #SUP: 36
71 -1 8 -1 71 -1 17 -1 #SUP: 38
71 -1 8 -1 71 -1 18 -1 #SUP: 85
71 -1 8 -1 71 -1 18 -1 8 -1 #SUP: 48
71 -1 8 -1 71 -1 18 -1 8 -1 18 -1 #SUP: 31
71 -1 8 -1 71 -1 18 -1 14 -1 #SUP: 36
71 -1 8 -1 71 -1 18 -1 18 -1 #SUP: 39
71 -1 8 -1 71 -1 18 -1 71 -1 #SUP: 38
71 -1 8 -1 71 -1 20 -1 #SUP: 43
71 -1 8 -1 71 -1 21 -1 #SUP: 45
71 -1 8 -1 71 -1 21 -1 8 -1 #SUP: 31
71 -1 8 -1 71 -1 29 -1 #SUP: 56
71 -1 8 -1 71 -1 290 -1 #SUP: 44
71 -1 8 -1 71 -1 40 -1 #SUP: 36
71 -1 8 -1 71 -1 71 -1 #SUP: 74
71 -1 8 -1 71 -1 71 -1 8 -1 #SUP: 39
71 -1 8 -1 71 -1 71 -1 14 -1 #SUP: 39
71 -1 8 -1 71 -1 71 -1 18 -1 #SUP: 35
71 -1 8 -1 71 -1 71 -1 71 -1 #SUP: 32
71 -1 8 -1 71 -1 92 -1 #SUP: 45
71 -1 8 -1 71 -1 219 -1 #SUP: 32
71 -1 8 -1 92 -1 #SUP: 100
71 -1 8 -1 92 -1 8 -1 #SUP: 48
71 -1 8 -1 92 -1 18 -1 #SUP: 50
71 -1 8 -1 92 -1 71 -1 #SUP: 41
71 -1 8 -1 92 -1 92 -1 #SUP: 32
71 -1 8 -1 96 -1 #SUP: 73
71 -1 8 -1 96 -1 8 -1 #SUP: 42
71 -1 8 -1 96 -1 18 -1 #SUP: 39
71 -1 8 -1 103 -1 #SUP: 47
71 -1 8 -1 122 -1 #SUP: 48
71 -1 8 -1 124 -1 #SUP: 49
71 -1 8 -1 126 -1 #SUP: 45
71 -1 8 -1 174 -1 #SUP: 34
71 -1 8 -1 206 -1 #SUP: 48
71 -1 8 -1 219 -1 #SUP: 56
71 -1 8 -1 224 -1 #SUP: 40
71 -1 8 -1 227 -1 #SUP: 53
71 -1 265 -1 #SUP: 94
71 -1 265 -1 8 -1 #SUP: 38
71 -1 265 -1 14 -1 #SUP: 33
71 -1 265 -1 18 -1 #SUP: 33
71 -1 265 -1 71 -1 #SUP: 41
71 -1 266 -1 #SUP: 38
71 -1 14 -1 #SUP: 356
71 -1 14 -1 3 -1 #SUP: 49
71 -1 14 -1 8 -1 #SUP: 194
71 -1 14 -1 8 -1 8 -1 #SUP: 98
71 -1 14 -1 8 -1 8 -1 8 -1 #SUP: 49
71 -1 14 -1 8 -1 8 -1 8 -1 18 -1 #SUP: 31
71 -1 14 -1 8 -1 8 -1 14 -1 #SUP: 40
71 -1 14 -1 8 -1 8 -1 18 -1 #SUP: 64
71 -1 14 -1 8 -1 8 -1 18 -1 8 -1 #SUP: 34
71 -1 14 -1 8 -1 8 -1 18 -1 18 -1 #SUP: 32
71 -1 14 -1 8 -1 14 -1 #SUP: 70
71 -1 14 -1 8 -1 14 -1 8 -1 #SUP: 43
71 -1 14 -1 8 -1 14 -1 8 -1 18 -1 #SUP: 31
71 -1 14 -1 8 -1 14 -1 14 -1 #SUP: 31
71 -1 14 -1 8 -1 14 -1 18 -1 #SUP: 44
71 -1 14 -1 8 -1 17 -1 #SUP: 41
71 -1 14 -1 8 -1 18 -1 #SUP: 137
71 -1 14 -1 8 -1 18 -1 8 -1 #SUP: 72
71 -1 14 -1 8 -1 18 -1 8 -1 8 -1 #SUP: 33
71 -1 14 -1 8 -1 18 -1 8 -1 18 -1 #SUP: 50
71 -1 14 -1 8 -1 18 -1 14 -1 #SUP: 40
71 -1 14 -1 8 -1 18 -1 18 -1 #SUP: 62
71 -1 14 -1 8 -1 18 -1 21 -1 #SUP: 37
71 -1 14 -1 8 -1 18 -1 29 -1 #SUP: 30
71 -1 14 -1 8 -1 18 -1 71 -1 #SUP: 39
71 -1 14 -1 8 -1 20 -1 #SUP: 36
71 -1 14 -1 8 -1 21 -1 #SUP: 45
71 -1 14 -1 8 -1 29 -1 #SUP: 42
71 -1 14 -1 8 -1 290 -1 #SUP: 34
71 -1 14 -1 8 -1 71 -1 #SUP: 62
71 -1 14 -1 8 -1 71 -1 8 -1 #SUP: 37
71 -1 14 -1 8 -1 71 -1 18 -1 #SUP: 31
71 -1 14 -1 8 -1 92 -1 #SUP: 34
71 -1 14 -1 265 -1 #SUP: 40
71 -1 14 -1 14 -1 #SUP: 135
71 -1 14 -1 14 -1 8 -1 #SUP: 74
71 -1 14 -1 14 -1 8 -1 8 -1 #SUP: 35
71 -1 14 -1 14 -1 8 -1 14 -1 #SUP: 33
71 -1 14 -1 14 -1 8 -1 18 -1 #SUP: 53
71 -1 14 -1 14 -1 14 -1 #SUP: 56
71 -1 14 -1 14 -1 14 -1 8 -1 #SUP: 30
71 -1 14 -1 14 -1 14 -1 18 -1 #SUP: 36
71 -1 14 -1 14 -1 17 -1 #SUP: 32
71 -1 14 -1 14 -1 18 -1 #SUP: 81
71 -1 14 -1 14 -1 18 -1 8 -1 #SUP: 41
71 -1 14 -1 14 -1 18 -1 14 -1 #SUP: 33
71 -1 14 -1 14 -1 18 -1 18 -1 #SUP: 39
71 -1 14 -1 14 -1 21 -1 #SUP: 44
71 -1 14 -1 14 -1 29 -1 #SUP: 40
71 -1 14 -1 14 -1 71 -1 #SUP: 53
71 -1 14 -1 14 -1 71 -1 14 -1 #SUP: 31
71 -1 14 -1 14 -1 71 -1 18 -1 #SUP: 31
71 -1 14 -1 17 -1 #SUP: 84
71 -1 14 -1 17 -1 8 -1 #SUP: 44
71 -1 14 -1 17 -1 14 -1 #SUP: 34
71 -1 14 -1 17 -1 18 -1 #SUP: 44
71 -1 14 -1 17 -1 71 -1 #SUP: 31
71 -1 14 -1 18 -1 #SUP: 199
71 -1 14 -1 18 -1 8 -1 #SUP: 111
71 -1 14 -1 18 -1 8 -1 8 -1 #SUP: 47
71 -1 14 -1 18 -1 8 -1 8 -1 18 -1 #SUP: 31
71 -1 14 -1 18 -1 8 -1 14 -1 #SUP: 43
71 -1 14 -1 18 -1 8 -1 18 -1 #SUP: 70
71 -1 14 -1 18 -1 8 -1 18 -1 8 -1 #SUP: 32
71 -1 14 -1 18 -1 8 -1 18 -1 18 -1 #SUP: 32
71 -1 14 -1 18 -1 8 -1 71 -1 #SUP: 35
71 -1 14 -1 18 -1 14 -1 #SUP: 69
71 -1 14 -1 18 -1 14 -1 8 -1 #SUP: 41
71 -1 14 -1 18 -1 14 -1 14 -1 #SUP: 30
71 -1 14 -1 18 -1 14 -1 18 -1 #SUP: 40
71 -1 14 -1 18 -1 17 -1 #SUP: 37
71 -1 14 -1 18 -1 18 -1 #SUP: 87
71 -1 14 -1 18 -1 18 -1 8 -1 #SUP: 37
71 -1 14 -1 18 -1 18 -1 14 -1 #SUP: 33
71 -1 14 -1 18 -1 18 -1 18 -1 #SUP: 37
71 -1 14 -1 18 -1 20 -1 #SUP: 31
71 -1 14 -1 18 -1 21 -1 #SUP: 57
71 -1 14 -1 18 -1 21 -1 8 -1 #SUP: 33
71 -1 14 -1 18 -1 29 -1 #SUP: 44
71 -1 14 -1 18 -1 290 -1 #SUP: 33
71 -1 14 -1 18 -1 71 -1 #SUP: 63
71 -1 14 -1 18 -1 71 -1 8 -1 #SUP: 36
71 -1 14 -1 18 -1 92 -1 #SUP: 34
71 -1 14 -1 20 -1 #SUP: 64
71 -1 14 -1 20 -1 8 -1 #SUP: 30
71 -1 14 -1 21 -1 #SUP: 103
71 -1 14 -1 21 -1 8 -1 #SUP: 62
71 -1 14 -1 21 -1 8 -1 8 -1 #SUP: 34
71 -1 14 -1 21 -1 8 -1 18 -1 #SUP: 43
71 -1 14 -1 21 -1 14 -1 #SUP: 43
71 -1 14 -1 21 -1 18 -1 #SUP: 55
71 -1 14 -1 21 -1 18 -1 8 -1 #SUP: 32
71 -1 14 -1 21 -1 71 -1 #SUP: 34
71 -1 14 -1 23 -1 #SUP: 42
71 -1 14 -1 29 -1 #SUP: 92
71 -1 14 -1 29 -1 8 -1 #SUP: 46
71 -1 14 -1 29 -1 17 -1 #SUP: 33
71 -1 14 -1 29 -1 18 -1 #SUP: 46
71 -1 14 -1 29 -1 21 -1 #SUP: 31
71 -1 14 -1 29 -1 71 -1 #SUP: 32
71 -1 14 -1 30 -1 #SUP: 47
71 -1 14 -1 290 -1 #SUP: 59
71 -1 14 -1 292 -1 #SUP: 34
71 -1 14 -1 39 -1 #SUP: 36
71 -1 14 -1 40 -1 #SUP: 63
71 -1 14 -1 40 -1 8 -1 #SUP: 36
71 -1 14 -1 40 -1 18 -1 #SUP: 37
71 -1 14 -1 52 -1 #SUP: 44
71 -1 14 -1 54 -1 #SUP: 36
71 -1 14 -1 318 -1 #SUP: 43
71 -1 14 -1 63 -1 #SUP: 30
71 -1 14 -1 71 -1 #SUP: 147
71 -1 14 -1 71 -1 8 -1 #SUP: 79
71 -1 14 -1 71 -1 8 -1 8 -1 #SUP: 41
71 -1 14 -1 71 -1 8 -1 14 -1 #SUP: 32
71 -1 14 -1 71 -1 8 -1 18 -1 #SUP: 54
71 -1 14 -1 71 -1 8 -1 18 -1 8 -1 #SUP: 30
71 -1 14 -1 71 -1 8 -1 71 -1 #SUP: 32
71 -1 14 -1 71 -1 14 -1 #SUP: 66
71 -1 14 -1 71 -1 14 -1 8 -1 #SUP: 32
71 -1 14 -1 71 -1 14 -1 18 -1 #SUP: 39
71 -1 14 -1 71 -1 18 -1 #SUP: 69
71 -1 14 -1 71 -1 18 -1 8 -1 #SUP: 37
71 -1 14 -1 71 -1 18 -1 18 -1 #SUP: 31
71 -1 14 -1 71 -1 20 -1 #SUP: 31
71 -1 14 -1 71 -1 21 -1 #SUP: 45
71 -1 14 -1 71 -1 29 -1 #SUP: 37
71 -1 14 -1 71 -1 290 -1 #SUP: 36
71 -1 14 -1 71 -1 71 -1 #SUP: 66
71 -1 14 -1 71 -1 71 -1 14 -1 #SUP: 30
71 -1 14 -1 71 -1 92 -1 #SUP: 38
71 -1 14 -1 92 -1 #SUP: 65
71 -1 14 -1 96 -1 #SUP: 56
71 -1 14 -1 103 -1 #SUP: 43
71 -1 14 -1 122 -1 #SUP: 36
71 -1 14 -1 124 -1 #SUP: 38
71 -1 14 -1 206 -1 #SUP: 36
71 -1 14 -1 219 -1 #SUP: 52
71 -1 14 -1 224 -1 #SUP: 41
71 -1 14 -1 225 -1 #SUP: 31
71 -1 14 -1 227 -1 #SUP: 45
71 -1 17 -1 #SUP: 264
71 -1 17 -1 3 -1 #SUP: 54
71 -1 17 -1 3 -1 8 -1 #SUP: 31
71 -1 17 -1 8 -1 #SUP: 131
71 -1 17 -1 8 -1 8 -1 #SUP: 59
71 -1 17 -1 8 -1 8 -1 18 -1 #SUP: 31
71 -1 17 -1 8 -1 14 -1 #SUP: 43
71 -1 17 -1 8 -1 18 -1 #SUP: 86
71 -1 17 -1 8 -1 18 -1 8 -1 #SUP: 42
71 -1 17 -1 8 -1 18 -1 18 -1 #SUP: 34
71 -1 17 -1 8 -1 29 -1 #SUP: 31
71 -1 17 -1 8 -1 71 -1 #SUP: 39
71 -1 17 -1 14 -1 #SUP: 98
71 -1 17 -1 14 -1 8 -1 #SUP: 50
71 -1 17 -1 14 -1 8 -1 18 -1 #SUP: 31
71 -1 17 -1 14 -1 18 -1 #SUP: 44
71 -1 17 -1 14 -1 71 -1 #SUP: 35
71 -1 17 -1 17 -1 #SUP: 59
71 -1 17 -1 18 -1 #SUP: 131
71 -1 17 -1 18 -1 8 -1 #SUP: 64
71 -1 17 -1 18 -1 8 -1 18 -1 #SUP: 39
71 -1 17 -1 18 -1 14 -1 #SUP: 45
71 -1 17 -1 18 -1 18 -1 #SUP: 53
71 -1 17 -1 18 -1 29 -1 #SUP: 32
71 -1 17 -1 18 -1 71 -1 #SUP: 39
71 -1 17 -1 20 -1 #SUP: 37
71 -1 17 -1 21 -1 #SUP: 55
71 -1 17 -1 21 -1 8 -1 #SUP: 30
71 -1 17 -1 29 -1 #SUP: 60
71 -1 17 -1 30 -1 #SUP: 39
71 -1 17 -1 290 -1 #SUP: 38
71 -1 17 -1 39 -1 #SUP: 39
71 -1 17 -1 40 -1 #SUP: 54
71 -1 17 -1 52 -1 #SUP: 44
71 -1 17 -1 71 -1 #SUP: 114
71 -1 17 -1 71 -1 8 -1 #SUP: 54
71 -1 17 -1 71 -1 14 -1 #SUP: 42
71 -1 17 -1 71 -1 18 -1 #SUP: 47
71 -1 17 -1 71 -1 71 -1 #SUP: 50
71 -1 17 -1 92 -1 #SUP: 52
71 -1 17 -1 96 -1 #SUP: 40
71 -1 18 -1 #SUP: 437
71 -1 18 -1 3 -1 #SUP: 65
71 -1 18 -1 3 -1 8 -1 #SUP: 36
71 -1 18 -1 3 -1 18 -1 #SUP: 33
71 -1 18 -1 8 -1 #SUP: 236
71 -1 18 -1 8 -1 3 -1 #SUP: 40
71 -1 18 -1 8 -1 8 -1 #SUP: 120
71 -1 18 -1 8 -1 8 -1 8 -1 #SUP: 66
71 -1 18 -1 8 -1 8 -1 8 -1 8 -1 #SUP: 33
71 -1 18 -1 8 -1 8 -1 8 -1 14 -1 #SUP: 30
71 -1 18 -1 8 -1 8 -1 8 -1 18 -1 #SUP: 42
71 -1 18 -1 8 -1 8 -1 14 -1 #SUP: 55
71 -1 18 -1 8 -1 8 -1 14 -1 8 -1 #SUP: 36
71 -1 18 -1 8 -1 8 -1 14 -1 18 -1 #SUP: 33
71 -1 18 -1 8 -1 8 -1 18 -1 #SUP: 77
71 -1 18 -1 8 -1 8 -1 18 -1 8 -1 #SUP: 48
71 -1 18 -1 8 -1 8 -1 18 -1 8 -1 18 -1 #SUP: 30
71 -1 18 -1 8 -1 8 -1 18 -1 14 -1 #SUP: 39
71 -1 18 -1 8 -1 8 -1 18 -1 18 -1 #SUP: 38
71 -1 18 -1 8 -1 8 -1 29 -1 #SUP: 32
71 -1 18 -1 8 -1 8 -1 71 -1 #SUP: 41
71 -1 18 -1 8 -1 14 -1 #SUP: 99
71 -1 18 -1 8 -1 14 -1 8 -1 #SUP: 57
71 -1 18 -1 8 -1 14 -1 8 -1 18 -1 #SUP: 38
71 -1 18 -1 8 -1 14 -1 14 -1 #SUP: 35
71 -1 18 -1 8 -1 14 -1 18 -1 #SUP: 56
71 -1 18 -1 8 -1 14 -1 18 -1 8 -1 #SUP: 33
71 -1 18 -1 8 -1 14 -1 71 -1 #SUP: 38
71 -1 18 -1 8 -1 17 -1 #SUP: 52
71 -1 18 -1 8 -1 18 -1 #SUP: 151
71 -1 18 -1 8 -1 18 -1 8 -1 #SUP: 86
71 -1 18 -1 8 -1 18 -1 8 -1 8 -1 #SUP: 48
71 -1 18 -1 8 -1 18 -1 8 -1 8 -1 18 -1 #SUP: 32
71 -1 18 -1 8 -1 18 -1 8 -1 14 -1 #SUP: 40
71 -1 18 -1 8 -1 18 -1 8 -1 18 -1 #SUP: 59
71 -1 18 -1 8 -1 18 -1 8 -1 18 -1 8 -1 #SUP: 34
71 -1 18 -1 8 -1 18 -1 8 -1 71 -1 #SUP: 30
71 -1 18 -1 8 -1 18 -1 14 -1 #SUP: 62
71 -1 18 -1 8 -1 18 -1 14 -1 8 -1 #SUP: 40
71 -1 18 -1 8 -1 18 -1 14 -1 18 -1 #SUP: 37
71 -1 18 -1 8 -1 18 -1 17 -1 #SUP: 31
71 -1 18 -1 8 -1 18 -1 18 -1 #SUP: 73
71 -1 18 -1 8 -1 18 -1 18 -1 8 -1 #SUP: 40
71 -1 18 -1 8 -1 18 -1 18 -1 18 -1 #SUP: 33
71 -1 18 -1 8 -1 18 -1 21 -1 #SUP: 36
71 -1 18 -1 8 -1 18 -1 29 -1 #SUP: 39
71 -1 18 -1 8 -1 18 -1 71 -1 #SUP: 52
71 -1 18 -1 8 -1 18 -1 71 -1 8 -1 #SUP: 35
71 -1 18 -1 8 -1 18 -1 71 -1 18 -1 #SUP: 31
71 -1 18 -1 8 -1 20 -1 #SUP: 42
71 -1 18 -1 8 -1 21 -1 #SUP: 58
71 -1 18 -1 8 -1 21 -1 8 -1 #SUP: 37
71 -1 18 -1 8 -1 29 -1 #SUP: 59
71 -1 18 -1 8 -1 29 -1 8 -1 #SUP: 33
71 -1 18 -1 8 -1 290 -1 #SUP: 40
71 -1 18 -1 8 -1 40 -1 #SUP: 33
71 -1 18 -1 8 -1 71 -1 #SUP: 89
71 -1 18 -1 8 -1 71 -1 8 -1 #SUP: 59
71 -1 18 -1 8 -1 71 -1 8 -1 18 -1 #SUP: 38
71 -1 18 -1 8 -1 71 -1 14 -1 #SUP: 41
71 -1 18 -1 8 -1 71 -1 18 -1 #SUP: 46
71 -1 18 -1 8 -1 71 -1 29 -1 #SUP: 30
71 -1 18 -1 8 -1 71 -1 71 -1 #SUP: 36
71 -1 18 -1 8 -1 92 -1 #SUP: 44
71 -1 18 -1 8 -1 96 -1 #SUP: 36
71 -1 18 -1 8 -1 219 -1 #SUP: 34
71 -1 18 -1 8 -1 227 -1 #SUP: 30
71 -1 18 -1 265 -1 #SUP: 41
71 -1 18 -1 14 -1 #SUP: 173
71 -1 18 -1 14 -1 8 -1 #SUP: 97
71 -1 18 -1 14 -1 8 -1 8 -1 #SUP: 43
71 -1 18 -1 14 -1 8 -1 8 -1 18 -1 #SUP: 30
71 -1 18 -1 14 -1 8 -1 14 -1 #SUP: 42
71 -1 18 -1 14 -1 8 -1 18 -1 #SUP: 68
71 -1 18 -1 14 -1 8 -1 18 -1 8 -1 #SUP: 32
71 -1 18 -1 14 -1 14 -1 #SUP: 69
71 -1 18 -1 14 -1 14 -1 8 -1 #SUP: 40
71 -1 18 -1 14 -1 14 -1 18 -1 #SUP: 45
71 -1 18 -1 14 -1 17 -1 #SUP: 34
71 -1 18 -1 14 -1 18 -1 #SUP: 101
71 -1 18 -1 14 -1 18 -1 8 -1 #SUP: 54
71 -1 18 -1 14 -1 18 -1 8 -1 18 -1 #SUP: 34
71 -1 18 -1 14 -1 18 -1 14 -1 #SUP: 40
71 -1 18 -1 14 -1 18 -1 18 -1 #SUP: 42
71 -1 18 -1 14 -1 20 -1 #SUP: 32
71 -1 18 -1 14 -1 21 -1 #SUP: 52
71 -1 18 -1 14 -1 29 -1 #SUP: 42
71 -1 18 -1 14 -1 290 -1 #SUP: 30
71 -1 18 -1 14 -1 71 -1 #SUP: 62
71 -1 18 -1 14 -1 71 -1 8 -1 #SUP: 36
71 -1 18 -1 14 -1 71 -1 14 -1 #SUP: 33
71 -1 18 -1 14 -1 71 -1 18 -1 #SUP: 34
71 -1 18 -1 14 -1 71 -1 71 -1 #SUP: 33
71 -1 18 -1 17 -1 #SUP: 104
71 -1 18 -1 17 -1 8 -1 #SUP: 51
71 -1 18 -1 17 -1 8 -1 18 -1 #SUP: 34
71 -1 18 -1 17 -1 14 -1 #SUP: 43
71 -1 18 -1 17 -1 18 -1 #SUP: 55
71 -1 18 -1 17 -1 71 -1 #SUP: 42
71 -1 18 -1 18 -1 #SUP: 207
71 -1 18 -1 18 -1 3 -1 #SUP: 33
71 -1 18 -1 18 -1 8 -1 #SUP: 109
71 -1 18 -1 18 -1 8 -1 8 -1 #SUP: 57
71 -1 18 -1 18 -1 8 -1 8 -1 18 -1 #SUP: 42
71 -1 18 -1 18 -1 8 -1 14 -1 #SUP: 51
71 -1 18 -1 18 -1 8 -1 14 -1 8 -1 #SUP: 32
71 -1 18 -1 18 -1 8 -1 18 -1 #SUP: 69
71 -1 18 -1 18 -1 8 -1 18 -1 8 -1 #SUP: 39
71 -1 18 -1 18 -1 8 -1 18 -1 18 -1 #SUP: 34
71 -1 18 -1 18 -1 8 -1 71 -1 #SUP: 40
71 -1 18 -1 18 -1 14 -1 #SUP: 86
71 -1 18 -1 18 -1 14 -1 8 -1 #SUP: 51
71 -1 18 -1 18 -1 14 -1 8 -1 18 -1 #SUP: 37
71 -1 18 -1 18 -1 14 -1 18 -1 #SUP: 50
71 -1 18 -1 18 -1 14 -1 71 -1 #SUP: 31
71 -1 18 -1 18 -1 17 -1 #SUP: 38
71 -1 18 -1 18 -1 18 -1 #SUP: 96
71 -1 18 -1 18 -1 18 -1 8 -1 #SUP: 46
71 -1 18 -1 18 -1 18 -1 8 -1 18 -1 #SUP: 34
71 -1 18 -1 18 -1 18 -1 14 -1 #SUP: 34
71 -1 18 -1 18 -1 18 -1 18 -1 #SUP: 42
71 -1 18 -1 18 -1 18 -1 71 -1 #SUP: 31
71 -1 18 -1 18 -1 20 -1 #SUP: 33
71 -1 18 -1 18 -1 21 -1 #SUP: 51
71 -1 18 -1 18 -1 29 -1 #SUP: 55
71 -1 18 -1 18 -1 290 -1 #SUP: 39
71 -1 18 -1 18 -1 40 -1 #SUP: 34
71 -1 18 -1 18 -1 71 -1 #SUP: 71
71 -1 18 -1 18 -1 71 -1 8 -1 #SUP: 45
71 -1 18 -1 18 -1 71 -1 8 -1 18 -1 #SUP: 31
71 -1 18 -1 18 -1 71 -1 14 -1 #SUP: 33
71 -1 18 -1 18 -1 71 -1 18 -1 #SUP: 39
71 -1 18 -1 18 -1 71 -1 71 -1 #SUP: 31
71 -1 18 -1 18 -1 92 -1 #SUP: 36
71 -1 18 -1 18 -1 96 -1 #SUP: 35
71 -1 18 -1 18 -1 122 -1 #SUP: 30
71 -1 18 -1 18 -1 219 -1 #SUP: 35
71 -1 18 -1 20 -1 #SUP: 77
71 -1 18 -1 20 -1 8 -1 #SUP: 35
71 -1 18 -1 20 -1 14 -1 #SUP: 30
71 -1 18 -1 20 -1 18 -1 #SUP: 31
71 -1 18 -1 21 -1 #SUP: 116
71 -1 18 -1 21 -1 8 -1 #SUP: 69
71 -1 18 -1 21 -1 8 -1 8 -1 #SUP: 42
71 -1 18 -1 21 -1 8 -1 8 -1 18 -1 #SUP: 30
71 -1 18 -1 21 -1 8 -1 14 -1 #SUP: 32
71 -1 18 -1 21 -1 8 -1 18 -1 #SUP: 46
71 -1 18 -1 21 -1 14 -1 #SUP: 44
71 -1 18 -1 21 -1 18 -1 #SUP: 60
71 -1 18 -1 21 -1 18 -1 8 -1 #SUP: 33
71 -1 18 -1 21 -1 71 -1 #SUP: 36
71 -1 18 -1 23 -1 #SUP: 48
71 -1 18 -1 29 -1 #SUP: 115
71 -1 18 -1 29 -1 8 -1 #SUP: 56
71 -1 18 -1 29 -1 8 -1 18 -1 #SUP: 33
71 -1 18 -1 29 -1 14 -1 #SUP: 47
71 -1 18 -1 29 -1 17 -1 #SUP: 37
71 -1 18 -1 29 -1 18 -1 #SUP: 57
71 -1 18 -1 29 -1 21 -1 #SUP: 37
71 -1 18 -1 29 -1 29 -1 #SUP: 36
71 -1 18 -1 29 -1 71 -1 #SUP: 44
71 -1 18 -1 30 -1 #SUP: 57
71 -1 18 -1 290 -1 #SUP: 69
71 -1 18 -1 290 -1 8 -1 #SUP: 30
71 -1 18 -1 290 -1 18 -1 #SUP: 34
71 -1 18 -1 292 -1 #SUP: 38
71 -1 18 -1 39 -1 #SUP: 58
71 -1 18 -1 39 -1 8 -1 #SUP: 31
71 -1 18 -1 39 -1 18 -1 #SUP: 35
71 -1 18 -1 40 -1 #SUP: 74
71 -1 18 -1 40 -1 8 -1 #SUP: 40
71 -1 18 -1 40 -1 18 -1 #SUP: 45
71 -1 18 -1 307 -1 #SUP: 38
71 -1 18 -1 52 -1 #SUP: 47
71 -1 18 -1 54 -1 #SUP: 42
71 -1 18 -1 318 -1 #SUP: 55
71 -1 18 -1 319 -1 #SUP: 30
71 -1 18 -1 71 -1 #SUP: 166
71 -1 18 -1 71 -1 8 -1 #SUP: 87
71 -1 18 -1 71 -1 8 -1 8 -1 #SUP: 46
71 -1 18 -1 71 -1 8 -1 14 -1 #SUP: 37
71 -1 18 -1 71 -1 8 -1 18 -1 #SUP: 56
71 -1 18 -1 71 -1 8 -1 18 -1 8 -1 #SUP: 35
71 -1 18 -1 71 -1 8 -1 71 -1 #SUP: 37
71 -1 18 -1 71 -1 14 -1 #SUP: 68
71 -1 18 -1 71 -1 14 -1 8 -1 #SUP: 38
71 -1 18 -1 71 -1 14 -1 8 -1 18 -1 #SUP: 30
71 -1 18 -1 71 -1 14 -1 18 -1 #SUP: 37
71 -1 18 -1 71 -1 14 -1 71 -1 #SUP: 31
71 -1 18 -1 71 -1 17 -1 #SUP: 33
71 -1 18 -1 71 -1 18 -1 #SUP: 77
71 -1 18 -1 71 -1 18 -1 8 -1 #SUP: 42
71 -1 18 -1 71 -1 18 -1 14 -1 #SUP: 32
71 -1 18 -1 71 -1 18 -1 18 -1 #SUP: 33
71 -1 18 -1 71 -1 18 -1 71 -1 #SUP: 31
71 -1 18 -1 71 -1 20 -1 #SUP: 31
71 -1 18 -1 71 -1 21 -1 #SUP: 42
71 -1 18 -1 71 -1 29 -1 #SUP: 44
71 -1 18 -1 71 -1 290 -1 #SUP: 42
71 -1 18 -1 71 -1 71 -1 #SUP: 72
71 -1 18 -1 71 -1 71 -1 8 -1 #SUP: 35
71 -1 18 -1 71 -1 71 -1 14 -1 #SUP: 34
71 -1 18 -1 71 -1 71 -1 18 -1 #SUP: 36
71 -1 18 -1 71 -1 92 -1 #SUP: 42
71 -1 18 -1 71 -1 219 -1 #SUP: 34
71 -1 18 -1 92 -1 #SUP: 89
71 -1 18 -1 92 -1 8 -1 #SUP: 37
71 -1 18 -1 92 -1 18 -1 #SUP: 41
71 -1 18 -1 92 -1 71 -1 #SUP: 35
71 -1 18 -1 96 -1 #SUP: 66
71 -1 18 -1 96 -1 8 -1 #SUP: 35
71 -1 18 -1 96 -1 18 -1 #SUP: 34
71 -1 18 -1 103 -1 #SUP: 43
71 -1 18 -1 122 -1 #SUP: 62
71 -1 18 -1 124 -1 #SUP: 51
71 -1 18 -1 174 -1 #SUP: 36
71 -1 18 -1 186 -1 #SUP: 30
71 -1 18 -1 206 -1 #SUP: 53
71 -1 18 -1 219 -1 #SUP: 63
71 -1 18 -1 224 -1 #SUP: 44
71 -1 18 -1 227 -1 #SUP: 57
71 -1 19 -1 #SUP: 86
71 -1 19 -1 8 -1 #SUP: 36
71 -1 19 -1 14 -1 #SUP: 35
71 -1 19 -1 18 -1 #SUP: 41
71 -1 19 -1 71 -1 #SUP: 44
71 -1 20 -1 #SUP: 166
71 -1 20 -1 8 -1 #SUP: 84
71 -1 20 -1 8 -1 8 -1 #SUP: 33
71 -1 20 -1 8 -1 14 -1 #SUP: 34
71 -1 20 -1 8 -1 18 -1 #SUP: 53
71 -1 20 -1 14 -1 #SUP: 64
71 -1 20 -1 14 -1 8 -1 #SUP: 30
71 -1 20 -1 14 -1 18 -1 #SUP: 32
71 -1 20 -1 17 -1 #SUP: 36
71 -1 20 -1 18 -1 #SUP: 80
71 -1 20 -1 18 -1 8 -1 #SUP: 33
71 -1 20 -1 20 -1 #SUP: 31
71 -1 20 -1 21 -1 #SUP: 45
71 -1 20 -1 29 -1 #SUP: 33
71 -1 20 -1 40 -1 #SUP: 47
71 -1 20 -1 71 -1 #SUP: 55
71 -1 20 -1 92 -1 #SUP: 35
71 -1 20 -1 219 -1 #SUP: 32
71 -1 21 -1 #SUP: 215
71 -1 21 -1 3 -1 #SUP: 35
71 -1 21 -1 8 -1 #SUP: 135
71 -1 21 -1 8 -1 8 -1 #SUP: 79
71 -1 21 -1 8 -1 8 -1 8 -1 #SUP: 36
71 -1 21 -1 8 -1 8 -1 14 -1 #SUP: 33
71 -1 21 -1 8 -1 8 -1 18 -1 #SUP: 51
71 -1 21 -1 8 -1 14 -1 #SUP: 52
71 -1 21 -1 8 -1 14 -1 8 -1 #SUP: 36
71 -1 21 -1 8 -1 14 -1 18 -1 #SUP: 34
71 -1 21 -1 8 -1 17 -1 #SUP: 31
71 -1 21 -1 8 -1 18 -1 #SUP: 94
71 -1 21 -1 8 -1 18 -1 8 -1 #SUP: 53
71 -1 21 -1 8 -1 18 -1 8 -1 18 -1 #SUP: 39
71 -1 21 -1 8 -1 18 -1 14 -1 #SUP: 35
71 -1 21 -1 8 -1 18 -1 18 -1 #SUP: 47
71 -1 21 -1 8 -1 21 -1 #SUP: 35
71 -1 21 -1 8 -1 71 -1 #SUP: 41
71 -1 21 -1 14 -1 #SUP: 87
71 -1 21 -1 14 -1 8 -1 #SUP: 57
71 -1 21 -1 14 -1 8 -1 18 -1 #SUP: 41
71 -1 21 -1 14 -1 14 -1 #SUP: 32
71 -1 21 -1 14 -1 18 -1 #SUP: 55
71 -1 21 -1 14 -1 18 -1 8 -1 #SUP: 30
71 -1 21 -1 14 -1 71 -1 #SUP: 38
71 -1 21 -1 17 -1 #SUP: 56
71 -1 21 -1 18 -1 #SUP: 117
71 -1 21 -1 18 -1 8 -1 #SUP: 65
71 -1 21 -1 18 -1 8 -1 8 -1 #SUP: 30
71 -1 21 -1 18 -1 8 -1 18 -1 #SUP: 49
71 -1 21 -1 18 -1 14 -1 #SUP: 44
71 -1 21 -1 18 -1 14 -1 8 -1 #SUP: 32
71 -1 21 -1 18 -1 14 -1 18 -1 #SUP: 34
71 -1 21 -1 18 -1 18 -1 #SUP: 57
71 -1 21 -1 18 -1 18 -1 8 -1 #SUP: 32
71 -1 21 -1 18 -1 18 -1 18 -1 #SUP: 31
71 -1 21 -1 18 -1 71 -1 #SUP: 34
71 -1 21 -1 20 -1 #SUP: 42
71 -1 21 -1 21 -1 #SUP: 61
71 -1 21 -1 21 -1 8 -1 #SUP: 34
71 -1 21 -1 21 -1 18 -1 #SUP: 31
71 -1 21 -1 29 -1 #SUP: 54
71 -1 21 -1 40 -1 #SUP: 45
71 -1 21 -1 71 -1 #SUP: 81
71 -1 21 -1 71 -1 8 -1 #SUP: 47
71 -1 21 -1 71 -1 8 -1 18 -1 #SUP: 30
71 -1 21 -1 71 -1 14 -1 #SUP: 35
71 -1 21 -1 71 -1 18 -1 #SUP: 39
71 -1 21 -1 71 -1 71 -1 #SUP: 39
71 -1 21 -1 92 -1 #SUP: 47
71 -1 21 -1 96 -1 #SUP: 30
71 -1 21 -1 219 -1 #SUP: 32
71 -1 21 -1 227 -1 #SUP: 35
71 -1 23 -1 #SUP: 91
71 -1 23 -1 8 -1 #SUP: 36
71 -1 23 -1 14 -1 #SUP: 31
71 -1 23 -1 18 -1 #SUP: 43
71 -1 24 -1 #SUP: 44
71 -1 25 -1 #SUP: 55
71 -1 26 -1 #SUP: 41
71 -1 27 -1 #SUP: 36
71 -1 29 -1 #SUP: 240
71 -1 29 -1 3 -1 #SUP: 47
71 -1 29 -1 8 -1 #SUP: 131
71 -1 29 -1 8 -1 8 -1 #SUP: 60
71 -1 29 -1 8 -1 8 -1 18 -1 #SUP: 41
71 -1 29 -1 8 -1 14 -1 #SUP: 51
71 -1 29 -1 8 -1 18 -1 #SUP: 83
71 -1 29 -1 8 -1 18 -1 8 -1 #SUP: 43
71 -1 29 -1 8 -1 18 -1 14 -1 #SUP: 33
71 -1 29 -1 8 -1 18 -1 18 -1 #SUP: 37
71 -1 29 -1 8 -1 29 -1 #SUP: 31
71 -1 29 -1 8 -1 71 -1 #SUP: 45
71 -1 29 -1 265 -1 #SUP: 30
71 -1 29 -1 14 -1 #SUP: 98
71 -1 29 -1 14 -1 8 -1 #SUP: 46
71 -1 29 -1 14 -1 8 -1 18 -1 #SUP: 30
71 -1 29 -1 14 -1 14 -1 #SUP: 37
71 -1 29 -1 14 -1 18 -1 #SUP: 45
71 -1 29 -1 14 -1 71 -1 #SUP: 40
71 -1 29 -1 17 -1 #SUP: 88
71 -1 29 -1 17 -1 8 -1 #SUP: 46
71 -1 29 -1 17 -1 8 -1 18 -1 #SUP: 32
71 -1 29 -1 17 -1 14 -1 #SUP: 42
71 -1 29 -1 17 -1 18 -1 #SUP: 49
71 -1 29 -1 17 -1 71 -1 #SUP: 39
71 -1 29 -1 18 -1 #SUP: 129
71 -1 29 -1 18 -1 8 -1 #SUP: 65
71 -1 29 -1 18 -1 8 -1 18 -1 #SUP: 37
71 -1 29 -1 18 -1 14 -1 #SUP: 46
71 -1 29 -1 18 -1 18 -1 #SUP: 49
71 -1 29 -1 18 -1 71 -1 #SUP: 41
71 -1 29 -1 20 -1 #SUP: 39
71 -1 29 -1 21 -1 #SUP: 73
71 -1 29 -1 21 -1 8 -1 #SUP: 40
71 -1 29 -1 21 -1 18 -1 #SUP: 39
71 -1 29 -1 29 -1 #SUP: 66
71 -1 29 -1 29 -1 8 -1 #SUP: 33
71 -1 29 -1 29 -1 18 -1 #SUP: 32
71 -1 29 -1 30 -1 #SUP: 49
71 -1 29 -1 290 -1 #SUP: 43
71 -1 29 -1 39 -1 #SUP: 33
71 -1 29 -1 40 -1 #SUP: 40
71 -1 29 -1 52 -1 #SUP: 39
71 -1 29 -1 71 -1 #SUP: 99
71 -1 29 -1 71 -1 8 -1 #SUP: 51
71 -1 29 -1 71 -1 8 -1 18 -1 #SUP: 33
71 -1 29 -1 71 -1 14 -1 #SUP: 45
71 -1 29 -1 71 -1 18 -1 #SUP: 45
71 -1 29 -1 71 -1 29 -1 #SUP: 31
71 -1 29 -1 71 -1 71 -1 #SUP: 37
71 -1 29 -1 92 -1 #SUP: 52
71 -1 29 -1 96 -1 #SUP: 50
71 -1 29 -1 124 -1 #SUP: 38
71 -1 29 -1 219 -1 #SUP: 37
71 -1 29 -1 227 -1 #SUP: 32
71 -1 30 -1 #SUP: 153
71 -1 30 -1 8 -1 #SUP: 68
71 -1 30 -1 8 -1 8 -1 #SUP: 31
71 -1 30 -1 8 -1 18 -1 #SUP: 41
71 -1 30 -1 14 -1 #SUP: 49
71 -1 30 -1 17 -1 #SUP: 56
71 -1 30 -1 17 -1 8 -1 #SUP: 31
71 -1 30 -1 18 -1 #SUP: 60
71 -1 30 -1 18 -1 8 -1 #SUP: 32
71 -1 30 -1 21 -1 #SUP: 30
71 -1 30 -1 29 -1 #SUP: 38
71 -1 30 -1 30 -1 #SUP: 31
71 -1 30 -1 71 -1 #SUP: 54
71 -1 30 -1 92 -1 #SUP: 37
71 -1 31 -1 #SUP: 43
71 -1 32 -1 #SUP: 40
71 -1 33 -1 #SUP: 49
71 -1 33 -1 18 -1 #SUP: 31
71 -1 290 -1 #SUP: 208
71 -1 290 -1 3 -1 #SUP: 52
71 -1 290 -1 8 -1 #SUP: 107
71 -1 290 -1 8 -1 8 -1 #SUP: 58
71 -1 290 -1 8 -1 8 -1 18 -1 #SUP: 36
71 -1 290 -1 8 -1 14 -1 #SUP: 42
71 -1 290 -1 8 -1 17 -1 #SUP: 30
71 -1 290 -1 8 -1 18 -1 #SUP: 77
71 -1 290 -1 8 -1 18 -1 8 -1 #SUP: 45
71 -1 290 -1 8 -1 18 -1 18 -1 #SUP: 37
71 -1 290 -1 8 -1 29 -1 #SUP: 31
71 -1 290 -1 8 -1 71 -1 #SUP: 40
71 -1 290 -1 14 -1 #SUP: 86
71 -1 290 -1 14 -1 8 -1 #SUP: 50
71 -1 290 -1 14 -1 18 -1 #SUP: 42
71 -1 290 -1 14 -1 71 -1 #SUP: 38
71 -1 290 -1 17 -1 #SUP: 59
71 -1 290 -1 17 -1 8 -1 #SUP: 30
71 -1 290 -1 17 -1 18 -1 #SUP: 33
71 -1 290 -1 18 -1 #SUP: 115
71 -1 290 -1 18 -1 8 -1 #SUP: 64
71 -1 290 -1 18 -1 8 -1 18 -1 #SUP: 40
71 -1 290 -1 18 -1 14 -1 #SUP: 41
71 -1 290 -1 18 -1 18 -1 #SUP: 56
71 -1 290 -1 18 -1 29 -1 #SUP: 32
71 -1 290 -1 18 -1 71 -1 #SUP: 38
71 -1 290 -1 20 -1 #SUP: 54
71 -1 290 -1 21 -1 #SUP: 58
71 -1 290 -1 21 -1 8 -1 #SUP: 38
71 -1 290 -1 21 -1 8 -1 18 -1 #SUP: 30
71 -1 290 -1 21 -1 18 -1 #SUP: 35
71 -1 290 -1 29 -1 #SUP: 59
71 -1 290 -1 29 -1 8 -1 #SUP: 35
71 -1 290 -1 29 -1 18 -1 #SUP: 31
71 -1 290 -1 290 -1 #SUP: 41
71 -1 290 -1 40 -1 #SUP: 44
71 -1 290 -1 52 -1 #SUP: 36
71 -1 290 -1 71 -1 #SUP: 94
71 -1 290 -1 71 -1 8 -1 #SUP: 48
71 -1 290 -1 71 -1 8 -1 18 -1 #SUP: 30
71 -1 290 -1 71 -1 14 -1 #SUP: 41
71 -1 290 -1 71 -1 18 -1 #SUP: 44
71 -1 290 -1 71 -1 29 -1 #SUP: 30
71 -1 290 -1 71 -1 71 -1 #SUP: 45
71 -1 290 -1 92 -1 #SUP: 67
71 -1 290 -1 92 -1 18 -1 #SUP: 30
71 -1 290 -1 96 -1 #SUP: 31
71 -1 290 -1 103 -1 #SUP: 31
71 -1 290 -1 219 -1 #SUP: 30
71 -1 292 -1 #SUP: 89
71 -1 292 -1 8 -1 #SUP: 54
71 -1 292 -1 8 -1 8 -1 #SUP: 31
71 -1 292 -1 8 -1 18 -1 #SUP: 38
71 -1 292 -1 14 -1 #SUP: 37
71 -1 292 -1 18 -1 #SUP: 49
71 -1 292 -1 71 -1 #SUP: 31
71 -1 293 -1 #SUP: 30
71 -1 39 -1 #SUP: 120
71 -1 39 -1 8 -1 #SUP: 70
71 -1 39 -1 8 -1 8 -1 #SUP: 31
71 -1 39 -1 8 -1 18 -1 #SUP: 52
71 -1 39 -1 14 -1 #SUP: 43
71 -1 39 -1 18 -1 #SUP: 73
71 -1 39 -1 18 -1 8 -1 #SUP: 36
71 -1 39 -1 18 -1 18 -1 #SUP: 33
71 -1 39 -1 29 -1 #SUP: 34
71 -1 39 -1 71 -1 #SUP: 43
71 -1 40 -1 #SUP: 193
71 -1 40 -1 3 -1 #SUP: 45
71 -1 40 -1 8 -1 #SUP: 96
71 -1 40 -1 8 -1 8 -1 #SUP: 50
71 -1 40 -1 8 -1 14 -1 #SUP: 32
71 -1 40 -1 8 -1 18 -1 #SUP: 64
71 -1 40 -1 8 -1 18 -1 8 -1 #SUP: 31
71 -1 40 -1 8 -1 71 -1 #SUP: 40
71 -1 40 -1 14 -1 #SUP: 71
71 -1 40 -1 14 -1 8 -1 #SUP: 41
71 -1 40 -1 14 -1 18 -1 #SUP: 36
71 -1 40 -1 17 -1 #SUP: 51
71 -1 40 -1 18 -1 #SUP: 107
71 -1 40 -1 18 -1 8 -1 #SUP: 55
71 -1 40 -1 18 -1 8 -1 18 -1 #SUP: 32
71 -1 40 -1 18 -1 14 -1 #SUP: 32
71 -1 40 -1 18 -1 18 -1 #SUP: 46
71 -1 40 -1 18 -1 71 -1 #SUP: 34
71 -1 40 -1 19 -1 #SUP: 39
71 -1 40 -1 20 -1 #SUP: 35
71 -1 40 -1 21 -1 #SUP: 45
71 -1 40 -1 29 -1 #SUP: 49
71 -1 40 -1 40 -1 #SUP: 50
71 -1 40 -1 52 -1 #SUP: 30
71 -1 40 -1 71 -1 #SUP: 81
71 -1 40 -1 71 -1 8 -1 #SUP: 41
71 -1 40 -1 71 -1 14 -1 #SUP: 32
71 -1 40 -1 71 -1 18 -1 #SUP: 34
71 -1 40 -1 71 -1 71 -1 #SUP: 37
71 -1 40 -1 92 -1 #SUP: 56
71 -1 40 -1 96 -1 #SUP: 30
71 -1 40 -1 122 -1 #SUP: 33
71 -1 299 -1 #SUP: 44
71 -1 45 -1 #SUP: 45
71 -1 306 -1 #SUP: 43
71 -1 50 -1 #SUP: 40
71 -1 307 -1 #SUP: 80
71 -1 51 -1 #SUP: 40
71 -1 52 -1 #SUP: 113
71 -1 52 -1 8 -1 #SUP: 50
71 -1 52 -1 8 -1 18 -1 #SUP: 36
71 -1 52 -1 14 -1 #SUP: 30
71 -1 52 -1 18 -1 #SUP: 55
71 -1 52 -1 39 -1 #SUP: 39
71 -1 52 -1 71 -1 #SUP: 44
71 -1 53 -1 #SUP: 47
71 -1 54 -1 #SUP: 85
71 -1 54 -1 8 -1 #SUP: 42
71 -1 54 -1 14 -1 #SUP: 41
71 -1 54 -1 18 -1 #SUP: 40
71 -1 54 -1 71 -1 #SUP: 31
71 -1 58 -1 #SUP: 35
71 -1 318 -1 #SUP: 97
71 -1 318 -1 8 -1 #SUP: 42
71 -1 318 -1 14 -1 #SUP: 41
71 -1 318 -1 18 -1 #SUP: 40
71 -1 318 -1 71 -1 #SUP: 32
71 -1 63 -1 #SUP: 85
71 -1 63 -1 8 -1 #SUP: 39
71 -1 63 -1 18 -1 #SUP: 30
71 -1 63 -1 71 -1 #SUP: 32
71 -1 319 -1 #SUP: 53
71 -1 64 -1 #SUP: 46
71 -1 71 -1 #SUP: 368
71 -1 71 -1 3 -1 #SUP: 63
71 -1 71 -1 8 -1 #SUP: 188
71 -1 71 -1 8 -1 8 -1 #SUP: 92
71 -1 71 -1 8 -1 8 -1 8 -1 #SUP: 46
71 -1 71 -1 8 -1 8 -1 8 -1 8 -1 #SUP: 30
71 -1 71 -1 8 -1 8 -1 8 -1 18 -1 #SUP: 32
71 -1 71 -1 8 -1 8 -1 14 -1 #SUP: 38
71 -1 71 -1 8 -1 8 -1 18 -1 #SUP: 55
71 -1 71 -1 8 -1 8 -1 18 -1 8 -1 #SUP: 34
71 -1 71 -1 8 -1 8 -1 18 -1 18 -1 #SUP: 30
71 -1 71 -1 8 -1 8 -1 71 -1 #SUP: 34
71 -1 71 -1 8 -1 14 -1 #SUP: 74
71 -1 71 -1 8 -1 14 -1 8 -1 #SUP: 45
71 -1 71 -1 8 -1 14 -1 8 -1 18 -1 #SUP: 32
71 -1 71 -1 8 -1 14 -1 18 -1 #SUP: 43
71 -1 71 -1 8 -1 14 -1 71 -1 #SUP: 33
71 -1 71 -1 8 -1 17 -1 #SUP: 42
71 -1 71 -1 8 -1 18 -1 #SUP: 119
71 -1 71 -1 8 -1 18 -1 8 -1 #SUP: 64
71 -1 71 -1 8 -1 18 -1 8 -1 8 -1 #SUP: 32
71 -1 71 -1 8 -1 18 -1 8 -1 18 -1 #SUP: 43
71 -1 71 -1 8 -1 18 -1 14 -1 #SUP: 47
71 -1 71 -1 8 -1 18 -1 14 -1 8 -1 #SUP: 30
71 -1 71 -1 8 -1 18 -1 18 -1 #SUP: 57
71 -1 71 -1 8 -1 18 -1 71 -1 #SUP: 52
71 -1 71 -1 8 -1 20 -1 #SUP: 32
71 -1 71 -1 8 -1 21 -1 #SUP: 35
71 -1 71 -1 8 -1 29 -1 #SUP: 47
71 -1 71 -1 8 -1 290 -1 #SUP: 32
71 -1 71 -1 8 -1 40 -1 #SUP: 31
71 -1 71 -1 8 -1 71 -1 #SUP: 82
71 -1 71 -1 8 -1 71 -1 8 -1 #SUP: 46
71 -1 71 -1 8 -1 71 -1 8 -1 18 -1 #SUP: 31
71 -1 71 -1 8 -1 71 -1 14 -1 #SUP: 36
71 -1 71 -1 8 -1 71 -1 18 -1 #SUP: 38
71 -1 71 -1 8 -1 71 -1 71 -1 #SUP: 34
71 -1 71 -1 8 -1 92 -1 #SUP: 41
71 -1 71 -1 8 -1 96 -1 #SUP: 30
71 -1 71 -1 265 -1 #SUP: 46
71 -1 71 -1 14 -1 #SUP: 148
71 -1 71 -1 14 -1 8 -1 #SUP: 75
71 -1 71 -1 14 -1 8 -1 8 -1 #SUP: 35
71 -1 71 -1 14 -1 8 -1 18 -1 #SUP: 55
71 -1 71 -1 14 -1 14 -1 #SUP: 49
71 -1 71 -1 14 -1 14 -1 18 -1 #SUP: 31
71 -1 71 -1 14 -1 14 -1 71 -1 #SUP: 30
71 -1 71 -1 14 -1 18 -1 #SUP: 79
71 -1 71 -1 14 -1 18 -1 8 -1 #SUP: 41
71 -1 71 -1 14 -1 18 -1 14 -1 #SUP: 31
71 -1 71 -1 14 -1 18 -1 18 -1 #SUP: 32
71 -1 71 -1 14 -1 21 -1 #SUP: 38
71 -1 71 -1 14 -1 29 -1 #SUP: 39
71 -1 71 -1 14 -1 71 -1 #SUP: 67
71 -1 71 -1 14 -1 71 -1 8 -1 #SUP: 37
71 -1 71 -1 14 -1 71 -1 14 -1 #SUP: 33
71 -1 71 -1 14 -1 71 -1 18 -1 #SUP: 33
71 -1 71 -1 14 -1 71 -1 71 -1 #SUP: 31
71 -1 71 -1 14 -1 92 -1 #SUP: 31
71 -1 71 -1 17 -1 #SUP: 95
71 -1 71 -1 17 -1 8 -1 #SUP: 41
71 -1 71 -1 17 -1 14 -1 #SUP: 38
71 -1 71 -1 17 -1 18 -1 #SUP: 39
71 -1 71 -1 17 -1 71 -1 #SUP: 44
71 -1 71 -1 18 -1 #SUP: 169
71 -1 71 -1 18 -1 8 -1 #SUP: 85
71 -1 71 -1 18 -1 8 -1 8 -1 #SUP: 43
71 -1 71 -1 18 -1 8 -1 14 -1 #SUP: 37
71 -1 71 -1 18 -1 8 -1 18 -1 #SUP: 57
71 -1 71 -1 18 -1 8 -1 18 -1 8 -1 #SUP: 34
71 -1 71 -1 18 -1 8 -1 18 -1 18 -1 #SUP: 30
71 -1 71 -1 18 -1 8 -1 71 -1 #SUP: 37
71 -1 71 -1 18 -1 14 -1 #SUP: 76
71 -1 71 -1 18 -1 14 -1 8 -1 #SUP: 42
71 -1 71 -1 18 -1 14 -1 18 -1 #SUP: 42
71 -1 71 -1 18 -1 14 -1 71 -1 #SUP: 34
71 -1 71 -1 18 -1 17 -1 #SUP: 34
71 -1 71 -1 18 -1 18 -1 #SUP: 79
71 -1 71 -1 18 -1 18 -1 8 -1 #SUP: 40
71 -1 71 -1 18 -1 18 -1 8 -1 18 -1 #SUP: 30
71 -1 71 -1 18 -1 18 -1 18 -1 #SUP: 38
71 -1 71 -1 18 -1 21 -1 #SUP: 43
71 -1 71 -1 18 -1 29 -1 #SUP: 42
71 -1 71 -1 18 -1 290 -1 #SUP: 35
71 -1 71 -1 18 -1 71 -1 #SUP: 73
71 -1 71 -1 18 -1 71 -1 8 -1 #SUP: 38
71 -1 71 -1 18 -1 71 -1 14 -1 #SUP: 34
71 -1 71 -1 18 -1 71 -1 18 -1 #SUP: 34
71 -1 71 -1 18 -1 71 -1 71 -1 #SUP: 30
71 -1 71 -1 18 -1 92 -1 #SUP: 43
71 -1 71 -1 19 -1 #SUP: 32
71 -1 71 -1 20 -1 #SUP: 62
71 -1 71 -1 21 -1 #SUP: 87
71 -1 71 -1 21 -1 8 -1 #SUP: 52
71 -1 71 -1 21 -1 8 -1 18 -1 #SUP: 36
71 -1 71 -1 21 -1 14 -1 #SUP: 37
71 -1 71 -1 21 -1 18 -1 #SUP: 46
71 -1 71 -1 21 -1 71 -1 #SUP: 39
71 -1 71 -1 23 -1 #SUP: 32
71 -1 71 -1 29 -1 #SUP: 96
71 -1 71 -1 29 -1 8 -1 #SUP: 45
71 -1 71 -1 29 -1 14 -1 #SUP: 37
71 -1 71 -1 29 -1 17 -1 #SUP: 35
71 -1 71 -1 29 -1 18 -1 #SUP: 43
71 -1 71 -1 29 -1 71 -1 #SUP: 39
71 -1 71 -1 30 -1 #SUP: 61
71 -1 71 -1 290 -1 #SUP: 86
71 -1 71 -1 290 -1 8 -1 #SUP: 40
71 -1 71 -1 290 -1 14 -1 #SUP: 42
71 -1 71 -1 290 -1 18 -1 #SUP: 45
71 -1 71 -1 290 -1 71 -1 #SUP: 48
71 -1 71 -1 290 -1 92 -1 #SUP: 30
71 -1 71 -1 292 -1 #SUP: 31
71 -1 71 -1 39 -1 #SUP: 37
71 -1 71 -1 40 -1 #SUP: 67
71 -1 71 -1 40 -1 8 -1 #SUP: 34
71 -1 71 -1 40 -1 18 -1 #SUP: 38
71 -1 71 -1 307 -1 #SUP: 46
71 -1 71 -1 52 -1 #SUP: 42
71 -1 71 -1 54 -1 #SUP: 32
71 -1 71 -1 318 -1 #SUP: 48
71 -1 71 -1 63 -1 #SUP: 35
71 -1 71 -1 71 -1 #SUP: 165
71 -1 71 -1 71 -1 8 -1 #SUP: 84
71 -1 71 -1 71 -1 8 -1 8 -1 #SUP: 39
71 -1 71 -1 71 -1 8 -1 14 -1 #SUP: 33
71 -1 71 -1 71 -1 8 -1 18 -1 #SUP: 53
71 -1 71 -1 71 -1 8 -1 18 -1 8 -1 #SUP: 31
71 -1 71 -1 71 -1 8 -1 71 -1 #SUP: 33
71 -1 71 -1 71 -1 14 -1 #SUP: 76
71 -1 71 -1 71 -1 14 -1 8 -1 #SUP: 45
71 -1 71 -1 71 -1 14 -1 8 -1 18 -1 #SUP: 32
71 -1 71 -1 71 -1 14 -1 18 -1 #SUP: 43
71 -1 71 -1 71 -1 14 -1 71 -1 #SUP: 34
71 -1 71 -1 71 -1 17 -1 #SUP: 34
71 -1 71 -1 71 -1 18 -1 #SUP: 73
71 -1 71 -1 71 -1 18 -1 8 -1 #SUP: 41
71 -1 71 -1 71 -1 18 -1 8 -1 18 -1 #SUP: 30
71 -1 71 -1 71 -1 18 -1 14 -1 #SUP: 30
71 -1 71 -1 71 -1 18 -1 18 -1 #SUP: 36
71 -1 71 -1 71 -1 21 -1 #SUP: 34
71 -1 71 -1 71 -1 29 -1 #SUP: 40
71 -1 71 -1 71 -1 290 -1 #SUP: 38
71 -1 71 -1 71 -1 40 -1 #SUP: 33
71 -1 71 -1 71 -1 71 -1 #SUP: 67
71 -1 71 -1 71 -1 71 -1 8 -1 #SUP: 34
71 -1 71 -1 71 -1 71 -1 14 -1 #SUP: 32
71 -1 71 -1 71 -1 71 -1 18 -1 #SUP: 33
71 -1 71 -1 71 -1 71 -1 71 -1 #SUP: 31
71 -1 71 -1 71 -1 92 -1 #SUP: 40
71 -1 71 -1 92 -1 #SUP: 95
71 -1 71 -1 92 -1 8 -1 #SUP: 36
71 -1 71 -1 92 -1 18 -1 #SUP: 42
71 -1 71 -1 92 -1 71 -1 #SUP: 35
71 -1 71 -1 92 -1 92 -1 #SUP: 31
71 -1 71 -1 96 -1 #SUP: 60
71 -1 71 -1 103 -1 #SUP: 46
71 -1 71 -1 122 -1 #SUP: 52
71 -1 71 -1 124 -1 #SUP: 33
71 -1 71 -1 206 -1 #SUP: 43
71 -1 71 -1 219 -1 #SUP: 54
71 -1 71 -1 224 -1 #SUP: 37
71 -1 71 -1 225 -1 #SUP: 38
71 -1 71 -1 227 -1 #SUP: 49
71 -1 74 -1 #SUP: 58
71 -1 74 -1 20 -1 #SUP: 42
71 -1 75 -1 #SUP: 30
71 -1 332 -1 #SUP: 31
71 -1 591 -1 #SUP: 34
71 -1 80 -1 #SUP: 30
71 -1 347 -1 #SUP: 59
71 -1 347 -1 18 -1 #SUP: 34
71 -1 92 -1 #SUP: 217
71 -1 92 -1 3 -1 #SUP: 48
71 -1 92 -1 8 -1 #SUP: 95
71 -1 92 -1 8 -1 8 -1 #SUP: 49
71 -1 92 -1 8 -1 14 -1 #SUP: 33
71 -1 92 -1 8 -1 18 -1 #SUP: 59
71 -1 92 -1 8 -1 18 -1 8 -1 #SUP: 32
71 -1 92 -1 8 -1 71 -1 #SUP: 39
71 -1 92 -1 14 -1 #SUP: 66
71 -1 92 -1 14 -1 8 -1 #SUP: 35
71 -1 92 -1 14 -1 18 -1 #SUP: 34
71 -1 92 -1 17 -1 #SUP: 46
71 -1 92 -1 18 -1 #SUP: 104
71 -1 92 -1 18 -1 8 -1 #SUP: 49
71 -1 92 -1 18 -1 14 -1 #SUP: 37
71 -1 92 -1 18 -1 18 -1 #SUP: 39
71 -1 92 -1 18 -1 71 -1 #SUP: 41
71 -1 92 -1 20 -1 #SUP: 42
71 -1 92 -1 21 -1 #SUP: 52
71 -1 92 -1 29 -1 #SUP: 52
71 -1 92 -1 30 -1 #SUP: 33
71 -1 92 -1 290 -1 #SUP: 42
71 -1 92 -1 39 -1 #SUP: 30
71 -1 92 -1 40 -1 #SUP: 46
71 -1 92 -1 52 -1 #SUP: 32
71 -1 92 -1 71 -1 #SUP: 91
71 -1 92 -1 71 -1 8 -1 #SUP: 41
71 -1 92 -1 71 -1 18 -1 #SUP: 38
71 -1 92 -1 71 -1 71 -1 #SUP: 40
71 -1 92 -1 92 -1 #SUP: 62
71 -1 92 -1 96 -1 #SUP: 32
71 -1 92 -1 103 -1 #SUP: 31
71 -1 92 -1 219 -1 #SUP: 34
71 -1 604 -1 #SUP: 32
71 -1 96 -1 #SUP: 137
71 -1 96 -1 8 -1 #SUP: 73
71 -1 96 -1 8 -1 8 -1 #SUP: 34
71 -1 96 -1 8 -1 18 -1 #SUP: 48
71 -1 96 -1 14 -1 #SUP: 57
71 -1 96 -1 17 -1 #SUP: 67
71 -1 96 -1 18 -1 #SUP: 68
71 -1 96 -1 18 -1 8 -1 #SUP: 37
71 -1 96 -1 21 -1 #SUP: 41
71 -1 96 -1 29 -1 #SUP: 39
71 -1 96 -1 40 -1 #SUP: 30
71 -1 96 -1 71 -1 #SUP: 64
71 -1 96 -1 71 -1 71 -1 #SUP: 30
71 -1 96 -1 92 -1 #SUP: 34
71 -1 101 -1 #SUP: 48
71 -1 103 -1 #SUP: 110
71 -1 103 -1 8 -1 #SUP: 54
71 -1 103 -1 8 -1 18 -1 #SUP: 38
71 -1 103 -1 14 -1 #SUP: 36
71 -1 103 -1 17 -1 #SUP: 32
71 -1 103 -1 18 -1 #SUP: 60
71 -1 103 -1 71 -1 #SUP: 40
71 -1 2672 -1 #SUP: 33
71 -1 117 -1 #SUP: 32
71 -1 122 -1 #SUP: 104
71 -1 122 -1 8 -1 #SUP: 41
71 -1 122 -1 14 -1 #SUP: 38
71 -1 122 -1 18 -1 #SUP: 40
71 -1 122 -1 71 -1 #SUP: 37
71 -1 124 -1 #SUP: 91
71 -1 124 -1 8 -1 #SUP: 44
71 -1 124 -1 8 -1 18 -1 #SUP: 31
71 -1 124 -1 14 -1 #SUP: 44
71 -1 124 -1 18 -1 #SUP: 46
71 -1 124 -1 71 -1 #SUP: 39
71 -1 125 -1 #SUP: 52
71 -1 381 -1 #SUP: 35
71 -1 126 -1 #SUP: 45
71 -1 905 -1 #SUP: 33
71 -1 147 -1 #SUP: 34
71 -1 3734 -1 #SUP: 31
71 -1 153 -1 #SUP: 31
71 -1 922 -1 #SUP: 30
71 -1 161 -1 #SUP: 31
71 -1 174 -1 #SUP: 44
71 -1 2227 -1 #SUP: 31
71 -1 436 -1 #SUP: 32
71 -1 186 -1 #SUP: 54
71 -1 1214 -1 #SUP: 30
71 -1 197 -1 #SUP: 56
71 -1 197 -1 18 -1 #SUP: 31
71 -1 206 -1 #SUP: 92
71 -1 206 -1 8 -1 #SUP: 45
71 -1 206 -1 8 -1 18 -1 #SUP: 36
71 -1 206 -1 14 -1 #SUP: 38
71 -1 206 -1 18 -1 #SUP: 46
71 -1 206 -1 71 -1 #SUP: 40
71 -1 209 -1 #SUP: 40
71 -1 212 -1 #SUP: 66
71 -1 212 -1 18 -1 #SUP: 30
71 -1 219 -1 #SUP: 118
71 -1 219 -1 8 -1 #SUP: 54
71 -1 219 -1 8 -1 18 -1 #SUP: 40
71 -1 219 -1 14 -1 #SUP: 46
71 -1 219 -1 17 -1 #SUP: 32
71 -1 219 -1 18 -1 #SUP: 61
71 -1 219 -1 21 -1 #SUP: 30
71 -1 219 -1 29 -1 #SUP: 37
71 -1 219 -1 71 -1 #SUP: 59
71 -1 219 -1 92 -1 #SUP: 40
71 -1 219 -1 219 -1 #SUP: 33
71 -1 219 -1 227 -1 #SUP: 35
71 -1 224 -1 #SUP: 92
71 -1 224 -1 8 -1 #SUP: 45
71 -1 224 -1 14 -1 #SUP: 34
71 -1 224 -1 18 -1 #SUP: 44
71 -1 224 -1 71 -1 #SUP: 45
71 -1 224 -1 225 -1 #SUP: 40
71 -1 225 -1 #SUP: 83
71 -1 225 -1 8 -1 #SUP: 30
71 -1 225 -1 18 -1 #SUP: 32
71 -1 225 -1 71 -1 #SUP: 36
71 -1 227 -1 #SUP: 112
71 -1 227 -1 8 -1 #SUP: 48
71 -1 227 -1 8 -1 18 -1 #SUP: 41
71 -1 227 -1 14 -1 #SUP: 56
71 -1 227 -1 14 -1 8 -1 #SUP: 34
71 -1 227 -1 14 -1 18 -1 #SUP: 35
71 -1 227 -1 18 -1 #SUP: 60
71 -1 227 -1 18 -1 8 -1 #SUP: 32
71 -1 227 -1 18 -1 18 -1 #SUP: 32
71 -1 227 -1 21 -1 #SUP: 37
71 -1 227 -1 29 -1 #SUP: 38
71 -1 227 -1 71 -1 #SUP: 51
71 -1 227 -1 219 -1 #SUP: 31
71 -1 234 -1 #SUP: 30
71 -1 493 -1 #SUP: 30
73 -1 #SUP: 34
74 -1 #SUP: 153
74 -1 3 -1 #SUP: 30
74 -1 8 -1 #SUP: 80
74 -1 8 -1 8 -1 #SUP: 33
74 -1 8 -1 14 -1 #SUP: 33
74 -1 8 -1 18 -1 #SUP: 50
74 -1 14 -1 #SUP: 61
74 -1 14 -1 18 -1 #SUP: 31
74 -1 17 -1 #SUP: 46
74 -1 18 -1 #SUP: 81
74 -1 18 -1 8 -1 #SUP: 43
74 -1 18 -1 14 -1 #SUP: 32
74 -1 18 -1 18 -1 #SUP: 31
74 -1 20 -1 #SUP: 90
74 -1 20 -1 8 -1 #SUP: 50
74 -1 20 -1 8 -1 18 -1 #SUP: 32
74 -1 20 -1 14 -1 #SUP: 43
74 -1 20 -1 18 -1 #SUP: 51
74 -1 20 -1 71 -1 #SUP: 35
74 -1 21 -1 #SUP: 38
74 -1 29 -1 #SUP: 30
74 -1 290 -1 #SUP: 38
74 -1 40 -1 #SUP: 40
74 -1 71 -1 #SUP: 60
74 -1 92 -1 #SUP: 39
74 -1 124 -1 #SUP: 36
74 -1 206 -1 #SUP: 30
74 -1 219 -1 #SUP: 31
75 -1 #SUP: 74
75 -1 8 -1 #SUP: 47
75 -1 18 -1 #SUP: 39
75 -1 71 -1 #SUP: 35
80 -1 #SUP: 77
80 -1 8 -1 #SUP: 54
80 -1 8 -1 8 -1 #SUP: 32
80 -1 8 -1 18 -1 #SUP: 36
80 -1 14 -1 #SUP: 37
80 -1 17 -1 #SUP: 32
80 -1 18 -1 #SUP: 47
80 -1 29 -1 #SUP: 34
80 -1 71 -1 #SUP: 34
84 -1 #SUP: 50
89 -1 #SUP: 52
89 -1 8 -1 #SUP: 31
89 -1 14 -1 #SUP: 30
89 -1 18 -1 #SUP: 37
90 -1 #SUP: 114
90 -1 8 -1 #SUP: 48
90 -1 8 -1 18 -1 #SUP: 37
90 -1 14 -1 #SUP: 50
90 -1 18 -1 #SUP: 52
90 -1 21 -1 #SUP: 34
92 -1 #SUP: 467
92 -1 3 -1 #SUP: 106
92 -1 3 -1 8 -1 #SUP: 57
92 -1 3 -1 8 -1 18 -1 #SUP: 39
92 -1 3 -1 14 -1 #SUP: 31
92 -1 3 -1 18 -1 #SUP: 49
92 -1 3 -1 71 -1 #SUP: 32
92 -1 8 -1 #SUP: 229
92 -1 8 -1 3 -1 #SUP: 42
92 -1 8 -1 8 -1 #SUP: 123
92 -1 8 -1 8 -1 8 -1 #SUP: 64
92 -1 8 -1 8 -1 8 -1 18 -1 #SUP: 36
92 -1 8 -1 8 -1 14 -1 #SUP: 47
92 -1 8 -1 8 -1 14 -1 18 -1 #SUP: 30
92 -1 8 -1 8 -1 17 -1 #SUP: 37
92 -1 8 -1 8 -1 18 -1 #SUP: 73
92 -1 8 -1 8 -1 18 -1 8 -1 #SUP: 45
92 -1 8 -1 8 -1 18 -1 18 -1 #SUP: 33
92 -1 8 -1 8 -1 18 -1 71 -1 #SUP: 31
92 -1 8 -1 8 -1 71 -1 #SUP: 47
92 -1 8 -1 8 -1 92 -1 #SUP: 33
92 -1 8 -1 14 -1 #SUP: 91
92 -1 8 -1 14 -1 8 -1 #SUP: 53
92 -1 8 -1 14 -1 8 -1 18 -1 #SUP: 38
92 -1 8 -1 14 -1 14 -1 #SUP: 31
92 -1 8 -1 14 -1 18 -1 #SUP: 56
92 -1 8 -1 14 -1 71 -1 #SUP: 40
92 -1 8 -1 17 -1 #SUP: 74
92 -1 8 -1 17 -1 8 -1 #SUP: 45
92 -1 8 -1 17 -1 8 -1 18 -1 #SUP: 30
92 -1 8 -1 17 -1 18 -1 #SUP: 38
92 -1 8 -1 17 -1 71 -1 #SUP: 32
92 -1 8 -1 18 -1 #SUP: 156
92 -1 8 -1 18 -1 8 -1 #SUP: 90
92 -1 8 -1 18 -1 8 -1 8 -1 #SUP: 37
92 -1 8 -1 18 -1 8 -1 14 -1 #SUP: 33
92 -1 8 -1 18 -1 8 -1 18 -1 #SUP: 51
92 -1 8 -1 18 -1 8 -1 71 -1 #SUP: 36
92 -1 8 -1 18 -1 14 -1 #SUP: 63
92 -1 8 -1 18 -1 14 -1 8 -1 #SUP: 34
92 -1 8 -1 18 -1 14 -1 18 -1 #SUP: 34
92 -1 8 -1 18 -1 17 -1 #SUP: 49
92 -1 8 -1 18 -1 18 -1 #SUP: 69
92 -1 8 -1 18 -1 18 -1 8 -1 #SUP: 34
92 -1 8 -1 18 -1 20 -1 #SUP: 30
92 -1 8 -1 18 -1 21 -1 #SUP: 30
92 -1 8 -1 18 -1 29 -1 #SUP: 33
92 -1 8 -1 18 -1 71 -1 #SUP: 63
92 -1 8 -1 18 -1 71 -1 8 -1 #SUP: 30
92 -1 8 -1 18 -1 92 -1 #SUP: 35
92 -1 8 -1 20 -1 #SUP: 42
92 -1 8 -1 21 -1 #SUP: 48
92 -1 8 -1 29 -1 #SUP: 49
92 -1 8 -1 29 -1 18 -1 #SUP: 32
92 -1 8 -1 30 -1 #SUP: 32
92 -1 8 -1 290 -1 #SUP: 35
92 -1 8 -1 40 -1 #SUP: 38
92 -1 8 -1 71 -1 #SUP: 89
92 -1 8 -1 71 -1 8 -1 #SUP: 47
92 -1 8 -1 71 -1 14 -1 #SUP: 30
92 -1 8 -1 71 -1 18 -1 #SUP: 37
92 -1 8 -1 71 -1 71 -1 #SUP: 32
92 -1 8 -1 92 -1 #SUP: 60
92 -1 8 -1 92 -1 8 -1 #SUP: 34
92 -1 8 -1 92 -1 18 -1 #SUP: 34
92 -1 8 -1 96 -1 #SUP: 40
92 -1 265 -1 #SUP: 54
92 -1 14 -1 #SUP: 171
92 -1 14 -1 8 -1 #SUP: 92
92 -1 14 -1 8 -1 8 -1 #SUP: 41
92 -1 14 -1 8 -1 14 -1 #SUP: 33
92 -1 14 -1 8 -1 18 -1 #SUP: 61
92 -1 14 -1 8 -1 71 -1 #SUP: 30
92 -1 14 -1 14 -1 #SUP: 62
92 -1 14 -1 14 -1 8 -1 #SUP: 31
92 -1 14 -1 17 -1 #SUP: 42
92 -1 14 -1 18 -1 #SUP: 93
92 -1 14 -1 18 -1 8 -1 #SUP: 47
92 -1 14 -1 18 -1 14 -1 #SUP: 34
92 -1 14 -1 18 -1 18 -1 #SUP: 36
92 -1 14 -1 18 -1 71 -1 #SUP: 31
92 -1 14 -1 20 -1 #SUP: 30
92 -1 14 -1 21 -1 #SUP: 45
92 -1 14 -1 29 -1 #SUP: 38
92 -1 14 -1 290 -1 #SUP: 31
92 -1 14 -1 40 -1 #SUP: 32
92 -1 14 -1 71 -1 #SUP: 65
92 -1 14 -1 92 -1 #SUP: 40
92 -1 17 -1 #SUP: 158
92 -1 17 -1 3 -1 #SUP: 31
92 -1 17 -1 8 -1 #SUP: 81
92 -1 17 -1 8 -1 8 -1 #SUP: 39
92 -1 17 -1 8 -1 14 -1 #SUP: 31
92 -1 17 -1 8 -1 18 -1 #SUP: 53
92 -1 17 -1 14 -1 #SUP: 60
92 -1 17 -1 14 -1 8 -1 #SUP: 31
92 -1 17 -1 14 -1 18 -1 #SUP: 32
92 -1 17 -1 17 -1 #SUP: 40
92 -1 17 -1 18 -1 #SUP: 81
92 -1 17 -1 18 -1 8 -1 #SUP: 42
92 -1 17 -1 18 -1 18 -1 #SUP: 33
92 -1 17 -1 21 -1 #SUP: 32
92 -1 17 -1 29 -1 #SUP: 41
92 -1 17 -1 40 -1 #SUP: 40
92 -1 17 -1 71 -1 #SUP: 70
92 -1 17 -1 71 -1 8 -1 #SUP: 38
92 -1 17 -1 92 -1 #SUP: 47
92 -1 17 -1 96 -1 #SUP: 30
92 -1 18 -1 #SUP: 255
92 -1 18 -1 3 -1 #SUP: 42
92 -1 18 -1 8 -1 #SUP: 132
92 -1 18 -1 8 -1 8 -1 #SUP: 59
92 -1 18 -1 8 -1 8 -1 18 -1 #SUP: 36
92 -1 18 -1 8 -1 14 -1 #SUP: 52
92 -1 18 -1 8 -1 17 -1 #SUP: 42
92 -1 18 -1 8 -1 18 -1 #SUP: 83
92 -1 18 -1 8 -1 18 -1 8 -1 #SUP: 43
92 -1 18 -1 8 -1 18 -1 14 -1 #SUP: 32
92 -1 18 -1 8 -1 18 -1 18 -1 #SUP: 35
92 -1 18 -1 8 -1 18 -1 71 -1 #SUP: 34
92 -1 18 -1 8 -1 29 -1 #SUP: 31
92 -1 18 -1 8 -1 71 -1 #SUP: 52
92 -1 18 -1 8 -1 92 -1 #SUP: 33
92 -1 18 -1 14 -1 #SUP: 97
92 -1 18 -1 14 -1 8 -1 #SUP: 52
92 -1 18 -1 14 -1 8 -1 18 -1 #SUP: 37
92 -1 18 -1 14 -1 14 -1 #SUP: 31
92 -1 18 -1 14 -1 18 -1 #SUP: 54
92 -1 18 -1 14 -1 71 -1 #SUP: 41
92 -1 18 -1 17 -1 #SUP: 78
92 -1 18 -1 17 -1 8 -1 #SUP: 38
92 -1 18 -1 17 -1 18 -1 #SUP: 37
92 -1 18 -1 17 -1 71 -1 #SUP: 39
92 -1 18 -1 18 -1 #SUP: 111
92 -1 18 -1 18 -1 8 -1 #SUP: 60
92 -1 18 -1 18 -1 8 -1 18 -1 #SUP: 35
92 -1 18 -1 18 -1 14 -1 #SUP: 43
92 -1 18 -1 18 -1 17 -1 #SUP: 36
92 -1 18 -1 18 -1 18 -1 #SUP: 52
92 -1 18 -1 18 -1 71 -1 #SUP: 48
92 -1 18 -1 20 -1 #SUP: 49
92 -1 18 -1 21 -1 #SUP: 55
92 -1 18 -1 23 -1 #SUP: 32
92 -1 18 -1 29 -1 #SUP: 63
92 -1 18 -1 29 -1 18 -1 #SUP: 31
92 -1 18 -1 29 -1 71 -1 #SUP: 31
92 -1 18 -1 30 -1 #SUP: 41
92 -1 18 -1 290 -1 #SUP: 43
92 -1 18 -1 39 -1 #SUP: 30
92 -1 18 -1 40 -1 #SUP: 48
92 -1 18 -1 40 -1 18 -1 #SUP: 31
92 -1 18 -1 71 -1 #SUP: 98
92 -1 18 -1 71 -1 8 -1 #SUP: 46
92 -1 18 -1 71 -1 8 -1 18 -1 #SUP: 30
92 -1 18 -1 71 -1 14 -1 #SUP: 33
92 -1 18 -1 71 -1 18 -1 #SUP: 39
92 -1 18 -1 71 -1 71 -1 #SUP: 36
92 -1 18 -1 92 -1 #SUP: 63
92 -1 18 -1 92 -1 18 -1 #SUP: 31
92 -1 18 -1 96 -1 #SUP: 44
92 -1 18 -1 103 -1 #SUP: 30
92 -1 18 -1 122 -1 #SUP: 34
92 -1 18 -1 124 -1 #SUP: 31
92 -1 18 -1 206 -1 #SUP: 31
92 -1 18 -1 219 -1 #SUP: 32
92 -1 19 -1 #SUP: 49
92 -1 20 -1 #SUP: 96
92 -1 20 -1 8 -1 #SUP: 53
92 -1 20 -1 8 -1 18 -1 #SUP: 33
92 -1 20 -1 14 -1 #SUP: 37
92 -1 20 -1 17 -1 #SUP: 33
92 -1 20 -1 18 -1 #SUP: 48
92 -1 20 -1 40 -1 #SUP: 32
92 -1 20 -1 71 -1 #SUP: 37
92 -1 20 -1 92 -1 #SUP: 30
92 -1 21 -1 #SUP: 124
92 -1 21 -1 8 -1 #SUP: 71
92 -1 21 -1 8 -1 8 -1 #SUP: 32
92 -1 21 -1 8 -1 18 -1 #SUP: 42
92 -1 21 -1 14 -1 #SUP: 39
92 -1 21 -1 17 -1 #SUP: 33
92 -1 21 -1 18 -1 #SUP: 59
92 -1 21 -1 21 -1 #SUP: 32
92 -1 21 -1 71 -1 #SUP: 43
92 -1 21 -1 92 -1 #SUP: 33
92 -1 23 -1 #SUP: 64
92 -1 23 -1 18 -1 #SUP: 31
92 -1 25 -1 #SUP: 39
92 -1 29 -1 #SUP: 126
92 -1 29 -1 8 -1 #SUP: 65
92 -1 29 -1 8 -1 8 -1 #SUP: 33
92 -1 29 -1 8 -1 18 -1 #SUP: 43
92 -1 29 -1 14 -1 #SUP: 51
92 -1 29 -1 17 -1 #SUP: 51
92 -1 29 -1 18 -1 #SUP: 67
92 -1 29 -1 18 -1 8 -1 #SUP: 35
92 -1 29 -1 18 -1 18 -1 #SUP: 30
92 -1 29 -1 21 -1 #SUP: 37
92 -1 29 -1 29 -1 #SUP: 31
92 -1 29 -1 290 -1 #SUP: 36
92 -1 29 -1 71 -1 #SUP: 56
92 -1 29 -1 92 -1 #SUP: 39
92 -1 30 -1 #SUP: 86
92 -1 30 -1 8 -1 #SUP: 36
92 -1 30 -1 14 -1 #SUP: 30
92 -1 30 -1 17 -1 #SUP: 36
92 -1 30 -1 18 -1 #SUP: 31
92 -1 30 -1 71 -1 #SUP: 30
92 -1 290 -1 #SUP: 94
92 -1 290 -1 8 -1 #SUP: 45
92 -1 290 -1 8 -1 18 -1 #SUP: 34
92 -1 290 -1 18 -1 #SUP: 47
92 -1 290 -1 71 -1 #SUP: 39
92 -1 290 -1 92 -1 #SUP: 37
92 -1 292 -1 #SUP: 56
92 -1 292 -1 8 -1 #SUP: 31
92 -1 39 -1 #SUP: 61
92 -1 40 -1 #SUP: 115
92 -1 40 -1 8 -1 #SUP: 56
92 -1 40 -1 8 -1 8 -1 #SUP: 31
92 -1 40 -1 8 -1 18 -1 #SUP: 39
92 -1 40 -1 14 -1 #SUP: 42
92 -1 40 -1 18 -1 #SUP: 58
92 -1 40 -1 18 -1 8 -1 #SUP: 33
92 -1 40 -1 19 -1 #SUP: 33
92 -1 40 -1 29 -1 #SUP: 30
92 -1 40 -1 71 -1 #SUP: 47
92 -1 40 -1 92 -1 #SUP: 39
92 -1 307 -1 #SUP: 30
92 -1 52 -1 #SUP: 79
92 -1 52 -1 8 -1 #SUP: 35
92 -1 52 -1 18 -1 #SUP: 31
92 -1 52 -1 71 -1 #SUP: 33
92 -1 54 -1 #SUP: 41
92 -1 318 -1 #SUP: 39
92 -1 63 -1 #SUP: 34
92 -1 71 -1 #SUP: 196
92 -1 71 -1 3 -1 #SUP: 36
92 -1 71 -1 8 -1 #SUP: 98
92 -1 71 -1 8 -1 8 -1 #SUP: 44
92 -1 71 -1 8 -1 14 -1 #SUP: 33
92 -1 71 -1 8 -1 18 -1 #SUP: 68
92 -1 71 -1 8 -1 18 -1 8 -1 #SUP: 33
92 -1 71 -1 8 -1 71 -1 #SUP: 41
92 -1 71 -1 14 -1 #SUP: 70
92 -1 71 -1 14 -1 8 -1 #SUP: 33
92 -1 71 -1 14 -1 18 -1 #SUP: 34
92 -1 71 -1 17 -1 #SUP: 54
92 -1 71 -1 18 -1 #SUP: 91
92 -1 71 -1 18 -1 8 -1 #SUP: 43
92 -1 71 -1 18 -1 14 -1 #SUP: 33
92 -1 71 -1 18 -1 18 -1 #SUP: 38
92 -1 71 -1 18 -1 71 -1 #SUP: 36
92 -1 71 -1 20 -1 #SUP: 34
92 -1 71 -1 21 -1 #SUP: 39
92 -1 71 -1 29 -1 #SUP: 44
92 -1 71 -1 30 -1 #SUP: 31
92 -1 71 -1 290 -1 #SUP: 48
92 -1 71 -1 40 -1 #SUP: 36
92 -1 71 -1 71 -1 #SUP: 82
92 -1 71 -1 71 -1 8 -1 #SUP: 36
92 -1 71 -1 71 -1 18 -1 #SUP: 37
92 -1 71 -1 71 -1 71 -1 #SUP: 30
92 -1 71 -1 92 -1 #SUP: 60
92 -1 71 -1 96 -1 #SUP: 34
92 -1 71 -1 103 -1 #SUP: 31
92 -1 74 -1 #SUP: 34
92 -1 90 -1 #SUP: 30
92 -1 347 -1 #SUP: 32
92 -1 92 -1 #SUP: 157
92 -1 92 -1 8 -1 #SUP: 63
92 -1 92 -1 8 -1 18 -1 #SUP: 33
92 -1 92 -1 14 -1 #SUP: 40
92 -1 92 -1 17 -1 #SUP: 40
92 -1 92 -1 18 -1 #SUP: 66
92 -1 92 -1 18 -1 8 -1 #SUP: 34
92 -1 92 -1 71 -1 #SUP: 62
92 -1 92 -1 92 -1 #SUP: 38
92 -1 96 -1 #SUP: 90
92 -1 96 -1 8 -1 #SUP: 51
92 -1 96 -1 14 -1 #SUP: 38
92 -1 96 -1 17 -1 #SUP: 42
92 -1 96 -1 18 -1 #SUP: 40
92 -1 96 -1 71 -1 #SUP: 41
92 -1 103 -1 #SUP: 62
92 -1 103 -1 18 -1 #SUP: 32
92 -1 122 -1 #SUP: 53
92 -1 124 -1 #SUP: 56
92 -1 147 -1 #SUP: 30
92 -1 186 -1 #SUP: 33
92 -1 206 -1 #SUP: 53
92 -1 212 -1 #SUP: 30
92 -1 219 -1 #SUP: 66
92 -1 224 -1 #SUP: 45
92 -1 225 -1 #SUP: 39
92 -1 227 -1 #SUP: 46
96 -1 #SUP: 397
96 -1 3 -1 #SUP: 92
96 -1 3 -1 8 -1 #SUP: 60
96 -1 3 -1 8 -1 18 -1 #SUP: 35
96 -1 3 -1 14 -1 #SUP: 34
96 -1 3 -1 18 -1 #SUP: 47
96 -1 3 -1 71 -1 #SUP: 35
96 -1 8 -1 #SUP: 234
96 -1 8 -1 3 -1 #SUP: 40
96 -1 8 -1 8 -1 #SUP: 124
96 -1 8 -1 8 -1 8 -1 #SUP: 58
96 -1 8 -1 8 -1 8 -1 18 -1 #SUP: 36
96 -1 8 -1 8 -1 14 -1 #SUP: 49
96 -1 8 -1 8 -1 18 -1 #SUP: 75
96 -1 8 -1 8 -1 18 -1 8 -1 #SUP: 41
96 -1 8 -1 8 -1 18 -1 14 -1 #SUP: 32
96 -1 8 -1 8 -1 18 -1 18 -1 #SUP: 33
96 -1 8 -1 8 -1 71 -1 #SUP: 30
96 -1 8 -1 14 -1 #SUP: 106
96 -1 8 -1 14 -1 8 -1 #SUP: 54
96 -1 8 -1 14 -1 8 -1 18 -1 #SUP: 34
96 -1 8 -1 14 -1 18 -1 #SUP: 54
96 -1 8 -1 14 -1 71 -1 #SUP: 35
96 -1 8 -1 17 -1 #SUP: 64
96 -1 8 -1 17 -1 8 -1 #SUP: 34
96 -1 8 -1 18 -1 #SUP: 156
96 -1 8 -1 18 -1 8 -1 #SUP: 92
96 -1 8 -1 18 -1 8 -1 8 -1 #SUP: 43
96 -1 8 -1 18 -1 8 -1 14 -1 #SUP: 40
96 -1 8 -1 18 -1 8 -1 18 -1 #SUP: 59
96 -1 8 -1 18 -1 8 -1 18 -1 8 -1 #SUP: 30
96 -1 8 -1 18 -1 14 -1 #SUP: 67
96 -1 8 -1 18 -1 14 -1 8 -1 #SUP: 37
96 -1 8 -1 18 -1 14 -1 18 -1 #SUP: 36
96 -1 8 -1 18 -1 17 -1 #SUP: 39
96 -1 8 -1 18 -1 18 -1 #SUP: 72
96 -1 8 -1 18 -1 18 -1 8 -1 #SUP: 40
96 -1 8 -1 18 -1 18 -1 14 -1 #SUP: 30
96 -1 8 -1 18 -1 18 -1 18 -1 #SUP: 33
96 -1 8 -1 18 -1 21 -1 #SUP: 50
96 -1 8 -1 18 -1 21 -1 8 -1 #SUP: 34
96 -1 8 -1 18 -1 29 -1 #SUP: 35
96 -1 8 -1 18 -1 71 -1 #SUP: 47
96 -1 8 -1 18 -1 92 -1 #SUP: 34
96 -1 8 -1 20 -1 #SUP: 40
96 -1 8 -1 21 -1 #SUP: 70
96 -1 8 -1 21 -1 8 -1 #SUP: 48
96 -1 8 -1 21 -1 8 -1 18 -1 #SUP: 31
96 -1 8 -1 21 -1 18 -1 #SUP: 32
96 -1 8 -1 29 -1 #SUP: 56
96 -1 8 -1 29 -1 8 -1 #SUP: 33
96 -1 8 -1 290 -1 #SUP: 31
96 -1 8 -1 40 -1 #SUP: 37
96 -1 8 -1 71 -1 #SUP: 75
96 -1 8 -1 71 -1 8 -1 #SUP: 45
96 -1 8 -1 71 -1 14 -1 #SUP: 31
96 -1 8 -1 71 -1 18 -1 #SUP: 34
96 -1 8 -1 92 -1 #SUP: 55
96 -1 8 -1 92 -1 8 -1 #SUP: 33
96 -1 8 -1 96 -1 #SUP: 39
96 -1 8 -1 206 -1 #SUP: 35
96 -1 265 -1 #SUP: 43
96 -1 14 -1 #SUP: 188
96 -1 14 -1 8 -1 #SUP: 97
96 -1 14 -1 8 -1 8 -1 #SUP: 47
96 -1 14 -1 8 -1 14 -1 #SUP: 39
96 -1 14 -1 8 -1 18 -1 #SUP: 63
96 -1 14 -1 14 -1 #SUP: 63
96 -1 14 -1 14 -1 8 -1 #SUP: 32
96 -1 14 -1 14 -1 18 -1 #SUP: 34
96 -1 14 -1 17 -1 #SUP: 48
96 -1 14 -1 18 -1 #SUP: 100
96 -1 14 -1 18 -1 8 -1 #SUP: 50
96 -1 14 -1 18 -1 8 -1 18 -1 #SUP: 30
96 -1 14 -1 18 -1 14 -1 #SUP: 32
96 -1 14 -1 18 -1 18 -1 #SUP: 42
96 -1 14 -1 18 -1 71 -1 #SUP: 32
96 -1 14 -1 20 -1 #SUP: 41
96 -1 14 -1 21 -1 #SUP: 55
96 -1 14 -1 29 -1 #SUP: 41
96 -1 14 -1 71 -1 #SUP: 67
96 -1 14 -1 71 -1 8 -1 #SUP: 34
96 -1 14 -1 92 -1 #SUP: 43
96 -1 14 -1 96 -1 #SUP: 31
96 -1 17 -1 #SUP: 197
96 -1 17 -1 3 -1 #SUP: 44
96 -1 17 -1 3 -1 8 -1 #SUP: 31
96 -1 17 -1 8 -1 #SUP: 102
96 -1 17 -1 8 -1 8 -1 #SUP: 53
96 -1 17 -1 8 -1 8 -1 18 -1 #SUP: 30
96 -1 17 -1 8 -1 14 -1 #SUP: 44
96 -1 17 -1 8 -1 18 -1 #SUP: 69
96 -1 17 -1 8 -1 18 -1 8 -1 #SUP: 39
96 -1 17 -1 8 -1 18 -1 14 -1 #SUP: 31
96 -1 17 -1 8 -1 71 -1 #SUP: 30
96 -1 17 -1 14 -1 #SUP: 80
96 -1 17 -1 14 -1 8 -1 #SUP: 43
96 -1 17 -1 14 -1 18 -1 #SUP: 38
96 -1 17 -1 17 -1 #SUP: 62
96 -1 17 -1 18 -1 #SUP: 95
96 -1 17 -1 18 -1 8 -1 #SUP: 58
96 -1 17 -1 18 -1 8 -1 18 -1 #SUP: 39
96 -1 17 -1 18 -1 14 -1 #SUP: 41
96 -1 17 -1 18 -1 18 -1 #SUP: 46
96 -1 17 -1 20 -1 #SUP: 36
96 -1 17 -1 21 -1 #SUP: 49
96 -1 17 -1 21 -1 8 -1 #SUP: 32
96 -1 17 -1 29 -1 #SUP: 45
96 -1 17 -1 30 -1 #SUP: 32
96 -1 17 -1 40 -1 #SUP: 50
96 -1 17 -1 71 -1 #SUP: 79
96 -1 17 -1 71 -1 8 -1 #SUP: 50
96 -1 17 -1 71 -1 14 -1 #SUP: 31
96 -1 17 -1 71 -1 18 -1 #SUP: 38
96 -1 17 -1 71 -1 71 -1 #SUP: 31
96 -1 17 -1 90 -1 #SUP: 34
96 -1 17 -1 92 -1 #SUP: 46
96 -1 18 -1 #SUP: 218
96 -1 18 -1 3 -1 #SUP: 39
96 -1 18 -1 8 -1 #SUP: 124
96 -1 18 -1 8 -1 8 -1 #SUP: 54
96 -1 18 -1 8 -1 8 -1 18 -1 #SUP: 30
96 -1 18 -1 8 -1 14 -1 #SUP: 54
96 -1 18 -1 8 -1 18 -1 #SUP: 76
96 -1 18 -1 8 -1 18 -1 8 -1 #SUP: 38
96 -1 18 -1 8 -1 18 -1 14 -1 #SUP: 32
96 -1 18 -1 8 -1 18 -1 18 -1 #SUP: 30
96 -1 18 -1 8 -1 21 -1 #SUP: 34
96 -1 18 -1 8 -1 71 -1 #SUP: 34
96 -1 18 -1 14 -1 #SUP: 91
96 -1 18 -1 14 -1 8 -1 #SUP: 51
96 -1 18 -1 14 -1 8 -1 18 -1 #SUP: 33
96 -1 18 -1 14 -1 14 -1 #SUP: 31
96 -1 18 -1 14 -1 18 -1 #SUP: 52
96 -1 18 -1 14 -1 71 -1 #SUP: 33
96 -1 18 -1 17 -1 #SUP: 58
96 -1 18 -1 17 -1 8 -1 #SUP: 32
96 -1 18 -1 18 -1 #SUP: 98
96 -1 18 -1 18 -1 8 -1 #SUP: 55
96 -1 18 -1 18 -1 8 -1 18 -1 #SUP: 37
96 -1 18 -1 18 -1 14 -1 #SUP: 42
96 -1 18 -1 18 -1 18 -1 #SUP: 47
96 -1 18 -1 18 -1 71 -1 #SUP: 33
96 -1 18 -1 20 -1 #SUP: 33
96 -1 18 -1 21 -1 #SUP: 66
96 -1 18 -1 21 -1 8 -1 #SUP: 41
96 -1 18 -1 29 -1 #SUP: 54
96 -1 18 -1 29 -1 8 -1 #SUP: 32
96 -1 18 -1 290 -1 #SUP: 33
96 -1 18 -1 40 -1 #SUP: 36
96 -1 18 -1 71 -1 #SUP: 65
96 -1 18 -1 71 -1 8 -1 #SUP: 40
96 -1 18 -1 71 -1 18 -1 #SUP: 36
96 -1 18 -1 92 -1 #SUP: 50
96 -1 18 -1 92 -1 8 -1 #SUP: 32
96 -1 18 -1 96 -1 #SUP: 37
96 -1 18 -1 206 -1 #SUP: 34
96 -1 18 -1 227 -1 #SUP: 37
96 -1 19 -1 #SUP: 54
96 -1 20 -1 #SUP: 76
96 -1 20 -1 8 -1 #SUP: 38
96 -1 20 -1 18 -1 #SUP: 38
96 -1 21 -1 #SUP: 133
96 -1 21 -1 8 -1 #SUP: 83
96 -1 21 -1 8 -1 8 -1 #SUP: 49
96 -1 21 -1 8 -1 8 -1 18 -1 #SUP: 30
96 -1 21 -1 8 -1 14 -1 #SUP: 38
96 -1 21 -1 8 -1 18 -1 #SUP: 54
96 -1 21 -1 8 -1 18 -1 8 -1 #SUP: 33
96 -1 21 -1 14 -1 #SUP: 60
96 -1 21 -1 14 -1 8 -1 #SUP: 33
96 -1 21 -1 14 -1 18 -1 #SUP: 30
96 -1 21 -1 17 -1 #SUP: 32
96 -1 21 -1 18 -1 #SUP: 66
96 -1 21 -1 18 -1 8 -1 #SUP: 40
96 -1 21 -1 18 -1 18 -1 #SUP: 33
96 -1 21 -1 21 -1 #SUP: 34
96 -1 21 -1 29 -1 #SUP: 32
96 -1 21 -1 71 -1 #SUP: 38
96 -1 21 -1 92 -1 #SUP: 34
96 -1 23 -1 #SUP: 37
96 -1 29 -1 #SUP: 112
96 -1 29 -1 8 -1 #SUP: 63
96 -1 29 -1 8 -1 8 -1 #SUP: 34
96 -1 29 -1 8 -1 18 -1 #SUP: 41
96 -1 29 -1 14 -1 #SUP: 40
96 -1 29 -1 17 -1 #SUP: 39
96 -1 29 -1 18 -1 #SUP: 59
96 -1 29 -1 18 -1 8 -1 #SUP: 35
96 -1 29 -1 21 -1 #SUP: 40
96 -1 29 -1 29 -1 #SUP: 30
96 -1 29 -1 71 -1 #SUP: 48
96 -1 29 -1 92 -1 #SUP: 35
96 -1 30 -1 #SUP: 68
96 -1 30 -1 8 -1 #SUP: 31
96 -1 290 -1 #SUP: 84
96 -1 290 -1 8 -1 #SUP: 39
96 -1 290 -1 14 -1 #SUP: 33
96 -1 290 -1 18 -1 #SUP: 39
96 -1 290 -1 71 -1 #SUP: 36
96 -1 290 -1 92 -1 #SUP: 30
96 -1 292 -1 #SUP: 40
96 -1 39 -1 #SUP: 57
96 -1 39 -1 8 -1 #SUP: 32
96 -1 39 -1 18 -1 #SUP: 35
96 -1 40 -1 #SUP: 98
96 -1 40 -1 8 -1 #SUP: 51
96 -1 40 -1 8 -1 18 -1 #SUP: 34
96 -1 40 -1 14 -1 #SUP: 38
96 -1 40 -1 18 -1 #SUP: 58
96 -1 40 -1 18 -1 8 -1 #SUP: 32
96 -1 40 -1 21 -1 #SUP: 30
96 -1 40 -1 71 -1 #SUP: 36
96 -1 40 -1 92 -1 #SUP: 31
96 -1 50 -1 #SUP: 35
96 -1 52 -1 #SUP: 73
96 -1 52 -1 8 -1 #SUP: 36
96 -1 52 -1 18 -1 #SUP: 38
96 -1 52 -1 71 -1 #SUP: 32
96 -1 54 -1 #SUP: 35
96 -1 63 -1 #SUP: 42
96 -1 71 -1 #SUP: 169
96 -1 71 -1 3 -1 #SUP: 33
96 -1 71 -1 8 -1 #SUP: 90
96 -1 71 -1 8 -1 8 -1 #SUP: 41
96 -1 71 -1 8 -1 14 -1 #SUP: 35
96 -1 71 -1 8 -1 18 -1 #SUP: 59
96 -1 71 -1 8 -1 18 -1 8 -1 #SUP: 31
96 -1 71 -1 14 -1 #SUP: 69
96 -1 71 -1 14 -1 8 -1 #SUP: 41
96 -1 71 -1 14 -1 18 -1 #SUP: 36
96 -1 71 -1 14 -1 71 -1 #SUP: 33
96 -1 71 -1 17 -1 #SUP: 48
96 -1 71 -1 18 -1 #SUP: 80
96 -1 71 -1 18 -1 8 -1 #SUP: 43
96 -1 71 -1 18 -1 8 -1 18 -1 #SUP: 30
96 -1 71 -1 18 -1 14 -1 #SUP: 34
96 -1 71 -1 18 -1 18 -1 #SUP: 40
96 -1 71 -1 20 -1 #SUP: 37
96 -1 71 -1 21 -1 #SUP: 48
96 -1 71 -1 21 -1 8 -1 #SUP: 33
96 -1 71 -1 29 -1 #SUP: 47
96 -1 71 -1 29 -1 8 -1 #SUP: 31
96 -1 71 -1 29 -1 18 -1 #SUP: 32
96 -1 71 -1 30 -1 #SUP: 31
96 -1 71 -1 290 -1 #SUP: 42
96 -1 71 -1 40 -1 #SUP: 35
96 -1 71 -1 71 -1 #SUP: 67
96 -1 71 -1 71 -1 8 -1 #SUP: 38
96 -1 71 -1 71 -1 18 -1 #SUP: 33
96 -1 71 -1 71 -1 71 -1 #SUP: 30
96 -1 71 -1 92 -1 #SUP: 48
96 -1 74 -1 #SUP: 31
96 -1 90 -1 #SUP: 44
96 -1 92 -1 #SUP: 102
96 -1 92 -1 8 -1 #SUP: 51
96 -1 92 -1 8 -1 18 -1 #SUP: 31
96 -1 92 -1 14 -1 #SUP: 35
96 -1 92 -1 18 -1 #SUP: 49
96 -1 92 -1 71 -1 #SUP: 40
96 -1 96 -1 #SUP: 68
96 -1 96 -1 8 -1 #SUP: 41
96 -1 96 -1 18 -1 #SUP: 33
96 -1 103 -1 #SUP: 52
96 -1 122 -1 #SUP: 49
96 -1 124 -1 #SUP: 74
96 -1 124 -1 8 -1 #SUP: 42
96 -1 124 -1 8 -1 18 -1 #SUP: 31
96 -1 124 -1 14 -1 #SUP: 37
96 -1 124 -1 18 -1 #SUP: 42
96 -1 124 -1 71 -1 #SUP: 32
96 -1 206 -1 #SUP: 71
96 -1 206 -1 8 -1 #SUP: 34
96 -1 206 -1 18 -1 #SUP: 35
96 -1 212 -1 #SUP: 33
96 -1 219 -1 #SUP: 59
96 -1 224 -1 #SUP: 52
96 -1 227 -1 #SUP: 56
97 -1 #SUP: 85
97 -1 8 -1 #SUP: 63
97 -1 8 -1 8 -1 #SUP: 43
97 -1 8 -1 18 -1 #SUP: 41
97 -1 14 -1 #SUP: 32
97 -1 17 -1 #SUP: 31
97 -1 18 -1 #SUP: 53
97 -1 18 -1 8 -1 #SUP: 32
97 -1 21 -1 #SUP: 39
97 -1 290 -1 #SUP: 45
97 -1 290 -1 8 -1 #SUP: 32
97 -1 71 -1 #SUP: 46
97 -1 80 -1 #SUP: 43
97 -1 80 -1 8 -1 #SUP: 34
101 -1 #SUP: 102
101 -1 8 -1 #SUP: 50
101 -1 8 -1 18 -1 #SUP: 31
101 -1 14 -1 #SUP: 40
101 -1 18 -1 #SUP: 43
101 -1 71 -1 #SUP: 33
102 -1 #SUP: 42
103 -1 #SUP: 303
103 -1 3 -1 #SUP: 53
103 -1 8 -1 #SUP: 180
103 -1 8 -1 3 -1 #SUP: 32
103 -1 8 -1 8 -1 #SUP: 94
103 -1 8 -1 8 -1 8 -1 #SUP: 46
103 -1 8 -1 8 -1 14 -1 #SUP: 41
103 -1 8 -1 8 -1 18 -1 #SUP: 52
103 -1 8 -1 8 -1 71 -1 #SUP: 30
103 -1 8 -1 14 -1 #SUP: 73
103 -1 8 -1 14 -1 8 -1 #SUP: 45
103 -1 8 -1 14 -1 14 -1 #SUP: 32
103 -1 8 -1 14 -1 18 -1 #SUP: 41
103 -1 8 -1 14 -1 71 -1 #SUP: 32
103 -1 8 -1 17 -1 #SUP: 63
103 -1 8 -1 17 -1 8 -1 #SUP: 31
103 -1 8 -1 18 -1 #SUP: 122
103 -1 8 -1 18 -1 8 -1 #SUP: 60
103 -1 8 -1 18 -1 8 -1 8 -1 #SUP: 30
103 -1 8 -1 18 -1 8 -1 18 -1 #SUP: 34
103 -1 8 -1 18 -1 14 -1 #SUP: 44
103 -1 8 -1 18 -1 17 -1 #SUP: 34
103 -1 8 -1 18 -1 18 -1 #SUP: 50
103 -1 8 -1 18 -1 21 -1 #SUP: 32
103 -1 8 -1 18 -1 29 -1 #SUP: 34
103 -1 8 -1 18 -1 71 -1 #SUP: 41
103 -1 8 -1 20 -1 #SUP: 30
103 -1 8 -1 21 -1 #SUP: 47
103 -1 8 -1 21 -1 8 -1 #SUP: 31
103 -1 8 -1 29 -1 #SUP: 49
103 -1 8 -1 30 -1 #SUP: 31
103 -1 8 -1 290 -1 #SUP: 36
103 -1 8 -1 40 -1 #SUP: 33
103 -1 8 -1 52 -1 #SUP: 30
103 -1 8 -1 71 -1 #SUP: 71
103 -1 8 -1 71 -1 8 -1 #SUP: 36
103 -1 8 -1 71 -1 18 -1 #SUP: 36
103 -1 8 -1 92 -1 #SUP: 33
103 -1 8 -1 96 -1 #SUP: 31
103 -1 265 -1 #SUP: 38
103 -1 14 -1 #SUP: 129
103 -1 14 -1 8 -1 #SUP: 71
103 -1 14 -1 8 -1 8 -1 #SUP: 41
103 -1 14 -1 8 -1 14 -1 #SUP: 34
103 -1 14 -1 8 -1 18 -1 #SUP: 41
103 -1 14 -1 14 -1 #SUP: 55
103 -1 14 -1 17 -1 #SUP: 37
103 -1 14 -1 18 -1 #SUP: 65
103 -1 14 -1 18 -1 8 -1 #SUP: 32
103 -1 14 -1 21 -1 #SUP: 38
103 -1 14 -1 71 -1 #SUP: 52
103 -1 17 -1 #SUP: 112
103 -1 17 -1 8 -1 #SUP: 58
103 -1 17 -1 8 -1 18 -1 #SUP: 35
103 -1 17 -1 14 -1 #SUP: 44
103 -1 17 -1 17 -1 #SUP: 32
103 -1 17 -1 18 -1 #SUP: 53
103 -1 17 -1 29 -1 #SUP: 30
103 -1 17 -1 40 -1 #SUP: 32
103 -1 17 -1 71 -1 #SUP: 46
103 -1 18 -1 #SUP: 173
103 -1 18 -1 8 -1 #SUP: 85
103 -1 18 -1 8 -1 8 -1 #SUP: 45
103 -1 18 -1 8 -1 14 -1 #SUP: 34
103 -1 18 -1 8 -1 18 -1 #SUP: 48
103 -1 18 -1 8 -1 71 -1 #SUP: 31
103 -1 18 -1 14 -1 #SUP: 67
103 -1 18 -1 14 -1 8 -1 #SUP: 35
103 -1 18 -1 14 -1 18 -1 #SUP: 32
103 -1 18 -1 17 -1 #SUP: 50
103 -1 18 -1 18 -1 #SUP: 67
103 -1 18 -1 18 -1 18 -1 #SUP: 30
103 -1 18 -1 21 -1 #SUP: 41
103 -1 18 -1 29 -1 #SUP: 45
103 -1 18 -1 30 -1 #SUP: 31
103 -1 18 -1 290 -1 #SUP: 30
103 -1 18 -1 40 -1 #SUP: 33
103 -1 18 -1 71 -1 #SUP: 64
103 -1 19 -1 #SUP: 32
103 -1 20 -1 #SUP: 59
103 -1 21 -1 #SUP: 80
103 -1 21 -1 8 -1 #SUP: 49
103 -1 21 -1 8 -1 18 -1 #SUP: 32
103 -1 21 -1 18 -1 #SUP: 43
103 -1 23 -1 #SUP: 37
103 -1 25 -1 #SUP: 36
103 -1 29 -1 #SUP: 86
103 -1 29 -1 8 -1 #SUP: 45
103 -1 29 -1 14 -1 #SUP: 37
103 -1 29 -1 17 -1 #SUP: 34
103 -1 29 -1 18 -1 #SUP: 38
103 -1 29 -1 71 -1 #SUP: 36
103 -1 30 -1 #SUP: 58
103 -1 290 -1 #SUP: 63
103 -1 39 -1 #SUP: 54
103 -1 39 -1 8 -1 #SUP: 32
103 -1 39 -1 18 -1 #SUP: 30
103 -1 40 -1 #SUP: 68
103 -1 40 -1 8 -1 #SUP: 35
103 -1 40 -1 18 -1 #SUP: 40
103 -1 52 -1 #SUP: 49
103 -1 71 -1 #SUP: 127
103 -1 71 -1 8 -1 #SUP: 59
103 -1 71 -1 8 -1 8 -1 #SUP: 30
103 -1 71 -1 8 -1 18 -1 #SUP: 33
103 -1 71 -1 14 -1 #SUP: 44
103 -1 71 -1 17 -1 #SUP: 33
103 -1 71 -1 18 -1 #SUP: 61
103 -1 71 -1 29 -1 #SUP: 33
103 -1 71 -1 290 -1 #SUP: 36
103 -1 71 -1 71 -1 #SUP: 46
103 -1 92 -1 #SUP: 73
103 -1 92 -1 18 -1 #SUP: 32
103 -1 96 -1 #SUP: 65
103 -1 96 -1 8 -1 #SUP: 32
103 -1 103 -1 #SUP: 37
103 -1 122 -1 #SUP: 39
103 -1 124 -1 #SUP: 38
103 -1 206 -1 #SUP: 31
103 -1 212 -1 #SUP: 32
103 -1 219 -1 #SUP: 52
103 -1 227 -1 #SUP: 48
117 -1 #SUP: 69
117 -1 8 -1 #SUP: 36
117 -1 14 -1 #SUP: 33
117 -1 18 -1 #SUP: 39
117 -1 19 -1 #SUP: 40
117 -1 71 -1 #SUP: 33
117 -1 122 -1 #SUP: 30
122 -1 #SUP: 193
122 -1 3 -1 #SUP: 41
122 -1 8 -1 #SUP: 84
122 -1 8 -1 8 -1 #SUP: 43
122 -1 8 -1 14 -1 #SUP: 32
122 -1 8 -1 18 -1 #SUP: 55
122 -1 8 -1 71 -1 #SUP: 30
122 -1 265 -1 #SUP: 46
122 -1 14 -1 #SUP: 79
122 -1 14 -1 8 -1 #SUP: 42
122 -1 14 -1 18 -1 #SUP: 40
122 -1 14 -1 71 -1 #SUP: 36
122 -1 17 -1 #SUP: 62
122 -1 17 -1 8 -1 #SUP: 31
122 -1 17 -1 18 -1 #SUP: 31
122 -1 17 -1 71 -1 #SUP: 31
122 -1 18 -1 #SUP: 83
122 -1 18 -1 8 -1 #SUP: 36
122 -1 18 -1 14 -1 #SUP: 35
122 -1 18 -1 18 -1 #SUP: 39
122 -1 20 -1 #SUP: 36
122 -1 21 -1 #SUP: 46
122 -1 29 -1 #SUP: 47
122 -1 30 -1 #SUP: 38
122 -1 290 -1 #SUP: 37
122 -1 40 -1 #SUP: 37
122 -1 52 -1 #SUP: 38
122 -1 319 -1 #SUP: 40
122 -1 71 -1 #SUP: 84
122 -1 71 -1 8 -1 #SUP: 38
122 -1 71 -1 18 -1 #SUP: 38
122 -1 71 -1 71 -1 #SUP: 31
122 -1 92 -1 #SUP: 44
122 -1 122 -1 #SUP: 45
124 -1 #SUP: 311
124 -1 3 -1 #SUP: 63
124 -1 3 -1 8 -1 #SUP: 36
124 -1 3 -1 18 -1 #SUP: 31
124 -1 8 -1 #SUP: 167
124 -1 8 -1 8 -1 #SUP: 88
124 -1 8 -1 8 -1 8 -1 #SUP: 42
124 -1 8 -1 8 -1 18 -1 #SUP: 57
124 -1 8 -1 8 -1 18 -1 8 -1 #SUP: 32
124 -1 8 -1 14 -1 #SUP: 67
124 -1 8 -1 14 -1 8 -1 #SUP: 37
124 -1 8 -1 14 -1 18 -1 #SUP: 35
124 -1 8 -1 17 -1 #SUP: 34
124 -1 8 -1 18 -1 #SUP: 122
124 -1 8 -1 18 -1 8 -1 #SUP: 68
124 -1 8 -1 18 -1 8 -1 8 -1 #SUP: 36
124 -1 8 -1 18 -1 8 -1 18 -1 #SUP: 45
124 -1 8 -1 18 -1 14 -1 #SUP: 43
124 -1 8 -1 18 -1 18 -1 #SUP: 59
124 -1 8 -1 18 -1 18 -1 8 -1 #SUP: 33
124 -1 8 -1 18 -1 71 -1 #SUP: 35
124 -1 8 -1 21 -1 #SUP: 42
124 -1 8 -1 21 -1 8 -1 #SUP: 31
124 -1 8 -1 29 -1 #SUP: 39
124 -1 8 -1 71 -1 #SUP: 47
124 -1 8 -1 92 -1 #SUP: 34
124 -1 8 -1 96 -1 #SUP: 31
124 -1 8 -1 124 -1 #SUP: 30
124 -1 14 -1 #SUP: 146
124 -1 14 -1 8 -1 #SUP: 75
124 -1 14 -1 8 -1 8 -1 #SUP: 39
124 -1 14 -1 8 -1 18 -1 #SUP: 51
124 -1 14 -1 14 -1 #SUP: 66
124 -1 14 -1 14 -1 8 -1 #SUP: 32
124 -1 14 -1 14 -1 18 -1 #SUP: 30
124 -1 14 -1 18 -1 #SUP: 79
124 -1 14 -1 18 -1 8 -1 #SUP: 44
124 -1 14 -1 18 -1 14 -1 #SUP: 32
124 -1 14 -1 18 -1 18 -1 #SUP: 35
124 -1 14 -1 21 -1 #SUP: 35
124 -1 14 -1 29 -1 #SUP: 30
124 -1 14 -1 71 -1 #SUP: 47
124 -1 17 -1 #SUP: 62
124 -1 18 -1 #SUP: 173
124 -1 18 -1 8 -1 #SUP: 99
124 -1 18 -1 8 -1 8 -1 #SUP: 48
124 -1 18 -1 8 -1 8 -1 18 -1 #SUP: 32
124 -1 18 -1 8 -1 14 -1 #SUP: 37
124 -1 18 -1 8 -1 18 -1 #SUP: 67
124 -1 18 -1 8 -1 18 -1 8 -1 #SUP: 38
124 -1 18 -1 14 -1 #SUP: 69
124 -1 18 -1 14 -1 8 -1 #SUP: 39
124 -1 18 -1 14 -1 18 -1 #SUP: 36
124 -1 18 -1 17 -1 #SUP: 33
124 -1 18 -1 18 -1 #SUP: 89
124 -1 18 -1 18 -1 8 -1 #SUP: 49
124 -1 18 -1 18 -1 8 -1 18 -1 #SUP: 31
124 -1 18 -1 18 -1 14 -1 #SUP: 31
124 -1 18 -1 18 -1 18 -1 #SUP: 39
124 -1 18 -1 21 -1 #SUP: 42
124 -1 18 -1 29 -1 #SUP: 33
124 -1 18 -1 40 -1 #SUP: 32
124 -1 18 -1 71 -1 #SUP: 50
124 -1 18 -1 92 -1 #SUP: 32
124 -1 18 -1 96 -1 #SUP: 30
124 -1 18 -1 124 -1 #SUP: 30
124 -1 20 -1 #SUP: 53
124 -1 20 -1 18 -1 #SUP: 30
124 -1 21 -1 #SUP: 87
124 -1 21 -1 8 -1 #SUP: 52
124 -1 21 -1 8 -1 8 -1 #SUP: 32
124 -1 21 -1 8 -1 18 -1 #SUP: 38
124 -1 21 -1 14 -1 #SUP: 40
124 -1 21 -1 18 -1 #SUP: 45
124 -1 29 -1 #SUP: 82
124 -1 29 -1 8 -1 #SUP: 39
124 -1 29 -1 18 -1 #SUP: 34
124 -1 30 -1 #SUP: 34
124 -1 290 -1 #SUP: 49
124 -1 292 -1 #SUP: 30
124 -1 39 -1 #SUP: 48
124 -1 40 -1 #SUP: 58
124 -1 52 -1 #SUP: 57
124 -1 54 -1 #SUP: 32
124 -1 318 -1 #SUP: 36
124 -1 71 -1 #SUP: 127
124 -1 71 -1 8 -1 #SUP: 64
124 -1 71 -1 8 -1 18 -1 #SUP: 47
124 -1 71 -1 14 -1 #SUP: 53
124 -1 71 -1 14 -1 18 -1 #SUP: 31
124 -1 71 -1 18 -1 #SUP: 60
124 -1 71 -1 18 -1 18 -1 #SUP: 30
124 -1 71 -1 21 -1 #SUP: 30
124 -1 71 -1 29 -1 #SUP: 36
124 -1 71 -1 71 -1 #SUP: 53
124 -1 92 -1 #SUP: 64
124 -1 92 -1 18 -1 #SUP: 33
124 -1 96 -1 #SUP: 50
124 -1 103 -1 #SUP: 43
124 -1 124 -1 #SUP: 56
124 -1 124 -1 8 -1 #SUP: 30
124 -1 124 -1 18 -1 #SUP: 31
124 -1 206 -1 #SUP: 41
124 -1 219 -1 #SUP: 51
124 -1 224 -1 #SUP: 41
124 -1 227 -1 #SUP: 43
125 -1 #SUP: 92
125 -1 8 -1 #SUP: 48
125 -1 14 -1 #SUP: 38
125 -1 17 -1 #SUP: 30
125 -1 18 -1 #SUP: 37
125 -1 71 -1 #SUP: 41
125 -1 92 -1 #SUP: 32
126 -1 #SUP: 121
126 -1 8 -1 #SUP: 60
126 -1 8 -1 8 -1 #SUP: 30
126 -1 8 -1 18 -1 #SUP: 34
126 -1 14 -1 #SUP: 49
126 -1 17 -1 #SUP: 31
126 -1 18 -1 #SUP: 44
126 -1 21 -1 #SUP: 36
126 -1 29 -1 #SUP: 39
126 -1 71 -1 #SUP: 46
129 -1 #SUP: 31
140 -1 #SUP: 41
145 -1 #SUP: 36
146 -1 #SUP: 72
146 -1 8 -1 #SUP: 34
146 -1 8 -1 18 -1 #SUP: 30
146 -1 14 -1 #SUP: 31
146 -1 18 -1 #SUP: 39
146 -1 71 -1 #SUP: 35
147 -1 #SUP: 86
147 -1 8 -1 #SUP: 41
147 -1 14 -1 #SUP: 37
147 -1 18 -1 #SUP: 38
147 -1 71 -1 #SUP: 33
153 -1 #SUP: 65
153 -1 8 -1 #SUP: 31
160 -1 #SUP: 67
160 -1 8 -1 #SUP: 38
160 -1 14 -1 #SUP: 35
160 -1 18 -1 #SUP: 31
161 -1 #SUP: 90
161 -1 8 -1 #SUP: 51
161 -1 8 -1 8 -1 #SUP: 30
161 -1 8 -1 18 -1 #SUP: 31
161 -1 14 -1 #SUP: 37
161 -1 18 -1 #SUP: 38
161 -1 71 -1 #SUP: 31
162 -1 #SUP: 59
162 -1 8 -1 #SUP: 37
162 -1 8 -1 18 -1 #SUP: 30
162 -1 14 -1 #SUP: 30
162 -1 18 -1 #SUP: 42
162 -1 71 -1 #SUP: 30
172 -1 #SUP: 43
172 -1 17 -1 #SUP: 36
172 -1 17 -1 71 -1 #SUP: 30
172 -1 18 -1 #SUP: 31
172 -1 71 -1 #SUP: 36
174 -1 #SUP: 105
174 -1 8 -1 #SUP: 50
174 -1 8 -1 18 -1 #SUP: 32
174 -1 14 -1 #SUP: 38
174 -1 17 -1 #SUP: 42
174 -1 18 -1 #SUP: 54
174 -1 18 -1 8 -1 #SUP: 31
174 -1 18 -1 18 -1 #SUP: 30
174 -1 29 -1 #SUP: 30
174 -1 71 -1 #SUP: 46
175 -1 #SUP: 92
175 -1 8 -1 #SUP: 57
175 -1 8 -1 8 -1 #SUP: 34
175 -1 8 -1 18 -1 #SUP: 40
175 -1 14 -1 #SUP: 36
175 -1 18 -1 #SUP: 52
175 -1 18 -1 8 -1 #SUP: 31
175 -1 21 -1 #SUP: 39
175 -1 29 -1 #SUP: 38
175 -1 71 -1 #SUP: 39
181 -1 #SUP: 37
186 -1 #SUP: 129
186 -1 8 -1 #SUP: 56
186 -1 8 -1 18 -1 #SUP: 38
186 -1 14 -1 #SUP: 44
186 -1 17 -1 #SUP: 47
186 -1 18 -1 #SUP: 58
186 -1 18 -1 8 -1 #SUP: 31
186 -1 71 -1 #SUP: 53
186 -1 71 -1 8 -1 #SUP: 33
186 -1 92 -1 #SUP: 32
187 -1 #SUP: 33
188 -1 #SUP: 38
193 -1 #SUP: 31
197 -1 #SUP: 166
197 -1 3 -1 #SUP: 33
197 -1 8 -1 #SUP: 82
197 -1 8 -1 8 -1 #SUP: 43
197 -1 8 -1 8 -1 18 -1 #SUP: 32
197 -1 8 -1 18 -1 #SUP: 56
197 -1 8 -1 18 -1 8 -1 #SUP: 32
197 -1 8 -1 71 -1 #SUP: 32
197 -1 14 -1 #SUP: 62
197 -1 14 -1 8 -1 #SUP: 31
197 -1 14 -1 18 -1 #SUP: 30
197 -1 17 -1 #SUP: 94
197 -1 17 -1 8 -1 #SUP: 51
197 -1 17 -1 8 -1 18 -1 #SUP: 34
197 -1 17 -1 14 -1 #SUP: 30
197 -1 17 -1 17 -1 #SUP: 32
197 -1 17 -1 18 -1 #SUP: 58
197 -1 17 -1 29 -1 #SUP: 37
197 -1 17 -1 40 -1 #SUP: 32
197 -1 17 -1 71 -1 #SUP: 44
197 -1 17 -1 212 -1 #SUP: 41
197 -1 18 -1 #SUP: 93
197 -1 18 -1 8 -1 #SUP: 49
197 -1 18 -1 8 -1 18 -1 #SUP: 32
197 -1 18 -1 14 -1 #SUP: 30
197 -1 18 -1 18 -1 #SUP: 42
197 -1 18 -1 29 -1 #SUP: 31
197 -1 18 -1 71 -1 #SUP: 35
197 -1 20 -1 #SUP: 30
197 -1 21 -1 #SUP: 48
197 -1 21 -1 8 -1 #SUP: 33
197 -1 29 -1 #SUP: 60
197 -1 290 -1 #SUP: 67
197 -1 290 -1 18 -1 #SUP: 31
197 -1 39 -1 #SUP: 36
197 -1 40 -1 #SUP: 52
197 -1 40 -1 18 -1 #SUP: 30
197 -1 52 -1 #SUP: 38
197 -1 71 -1 #SUP: 75
197 -1 71 -1 8 -1 #SUP: 37
197 -1 71 -1 18 -1 #SUP: 35
197 -1 71 -1 71 -1 #SUP: 34
197 -1 92 -1 #SUP: 47
197 -1 96 -1 #SUP: 40
197 -1 212 -1 #SUP: 66
197 -1 212 -1 8 -1 #SUP: 32
197 -1 212 -1 18 -1 #SUP: 34
199 -1 #SUP: 52
199 -1 8 -1 #SUP: 32
199 -1 18 -1 #SUP: 37
206 -1 #SUP: 263
206 -1 3 -1 #SUP: 53
206 -1 3 -1 8 -1 #SUP: 31
206 -1 3 -1 18 -1 #SUP: 32
206 -1 8 -1 #SUP: 145
206 -1 8 -1 8 -1 #SUP: 78
206 -1 8 -1 8 -1 8 -1 #SUP: 48
206 -1 8 -1 8 -1 8 -1 18 -1 #SUP: 34
206 -1 8 -1 8 -1 14 -1 #SUP: 39
206 -1 8 -1 8 -1 18 -1 #SUP: 60
206 -1 8 -1 8 -1 18 -1 8 -1 #SUP: 35
206 -1 8 -1 8 -1 71 -1 #SUP: 31
206 -1 8 -1 14 -1 #SUP: 75
206 -1 8 -1 14 -1 8 -1 #SUP: 45
206 -1 8 -1 14 -1 8 -1 18 -1 #SUP: 30
206 -1 8 -1 14 -1 14 -1 #SUP: 34
206 -1 8 -1 14 -1 18 -1 #SUP: 42
206 -1 8 -1 14 -1 71 -1 #SUP: 35
206 -1 8 -1 17 -1 #SUP: 48
206 -1 8 -1 18 -1 #SUP: 110
206 -1 8 -1 18 -1 8 -1 #SUP: 59
206 -1 8 -1 18 -1 8 -1 8 -1 #SUP: 31
206 -1 8 -1 18 -1 8 -1 18 -1 #SUP: 45
206 -1 8 -1 18 -1 14 -1 #SUP: 52
206 -1 8 -1 18 -1 14 -1 8 -1 #SUP: 33
206 -1 8 -1 18 -1 14 -1 18 -1 #SUP: 33
206 -1 8 -1 18 -1 17 -1 #SUP: 31
206 -1 8 -1 18 -1 18 -1 #SUP: 53
206 -1 8 -1 18 -1 18 -1 8 -1 #SUP: 31
206 -1 8 -1 18 -1 18 -1 18 -1 #SUP: 32
206 -1 8 -1 18 -1 21 -1 #SUP: 31
206 -1 8 -1 18 -1 71 -1 #SUP: 47
206 -1 8 -1 18 -1 227 -1 #SUP: 31
206 -1 8 -1 21 -1 #SUP: 41
206 -1 8 -1 21 -1 8 -1 #SUP: 30
206 -1 8 -1 29 -1 #SUP: 40
206 -1 8 -1 71 -1 #SUP: 63
206 -1 8 -1 71 -1 8 -1 #SUP: 35
206 -1 8 -1 71 -1 14 -1 #SUP: 33
206 -1 8 -1 71 -1 18 -1 #SUP: 30
206 -1 8 -1 219 -1 #SUP: 31
206 -1 8 -1 227 -1 #SUP: 38
206 -1 14 -1 #SUP: 122
206 -1 14 -1 8 -1 #SUP: 74
206 -1 14 -1 8 -1 8 -1 #SUP: 35
206 -1 14 -1 8 -1 14 -1 #SUP: 34
206 -1 14 -1 8 -1 18 -1 #SUP: 52
206 -1 14 -1 8 -1 71 -1 #SUP: 31
206 -1 14 -1 14 -1 #SUP: 56
206 -1 14 -1 14 -1 8 -1 #SUP: 33
206 -1 14 -1 14 -1 18 -1 #SUP: 33
206 -1 14 -1 17 -1 #SUP: 30
206 -1 14 -1 18 -1 #SUP: 69
206 -1 14 -1 18 -1 8 -1 #SUP: 41
206 -1 14 -1 18 -1 14 -1 #SUP: 31
206 -1 14 -1 18 -1 18 -1 #SUP: 32
206 -1 14 -1 21 -1 #SUP: 40
206 -1 14 -1 29 -1 #SUP: 33
206 -1 14 -1 71 -1 #SUP: 55
206 -1 14 -1 71 -1 8 -1 #SUP: 31
206 -1 14 -1 219 -1 #SUP: 32
206 -1 14 -1 227 -1 #SUP: 31
206 -1 17 -1 #SUP: 75
206 -1 17 -1 8 -1 #SUP: 40
206 -1 17 -1 8 -1 18 -1 #SUP: 30
206 -1 17 -1 18 -1 #SUP: 41
206 -1 18 -1 #SUP: 145
206 -1 18 -1 8 -1 #SUP: 79
206 -1 18 -1 8 -1 8 -1 #SUP: 36
206 -1 18 -1 8 -1 8 -1 18 -1 #SUP: 31
206 -1 18 -1 8 -1 14 -1 #SUP: 38
206 -1 18 -1 8 -1 18 -1 #SUP: 60
206 -1 18 -1 8 -1 18 -1 8 -1 #SUP: 30
206 -1 18 -1 8 -1 71 -1 #SUP: 33
206 -1 18 -1 14 -1 #SUP: 70
206 -1 18 -1 14 -1 8 -1 #SUP: 42
206 -1 18 -1 14 -1 8 -1 18 -1 #SUP: 30
206 -1 18 -1 14 -1 14 -1 #SUP: 34
206 -1 18 -1 14 -1 18 -1 #SUP: 40
206 -1 18 -1 14 -1 71 -1 #SUP: 33
206 -1 18 -1 17 -1 #SUP: 36
206 -1 18 -1 18 -1 #SUP: 72
206 -1 18 -1 18 -1 8 -1 #SUP: 38
206 -1 18 -1 18 -1 14 -1 #SUP: 31
206 -1 18 -1 18 -1 18 -1 #SUP: 37
206 -1 18 -1 21 -1 #SUP: 41
206 -1 18 -1 29 -1 #SUP: 37
206 -1 18 -1 71 -1 #SUP: 61
206 -1 18 -1 71 -1 8 -1 #SUP: 31
206 -1 18 -1 219 -1 #SUP: 37
206 -1 18 -1 227 -1 #SUP: 42
206 -1 20 -1 #SUP: 57
206 -1 20 -1 8 -1 #SUP: 31
206 -1 20 -1 18 -1 #SUP: 35
206 -1 21 -1 #SUP: 91
206 -1 21 -1 8 -1 #SUP: 60
206 -1 21 -1 8 -1 8 -1 #SUP: 34
206 -1 21 -1 8 -1 14 -1 #SUP: 30
206 -1 21 -1 8 -1 18 -1 #SUP: 48
206 -1 21 -1 14 -1 #SUP: 46
206 -1 21 -1 18 -1 #SUP: 56
206 -1 21 -1 18 -1 8 -1 #SUP: 36
206 -1 21 -1 71 -1 #SUP: 36
206 -1 23 -1 #SUP: 32
206 -1 29 -1 #SUP: 79
206 -1 29 -1 8 -1 #SUP: 45
206 -1 29 -1 8 -1 18 -1 #SUP: 32
206 -1 29 -1 14 -1 #SUP: 37
206 -1 29 -1 18 -1 #SUP: 45
206 -1 29 -1 71 -1 #SUP: 38
206 -1 30 -1 #SUP: 38
206 -1 290 -1 #SUP: 55
206 -1 290 -1 8 -1 #SUP: 31
206 -1 290 -1 18 -1 #SUP: 33
206 -1 292 -1 #SUP: 30
206 -1 39 -1 #SUP: 46
206 -1 40 -1 #SUP: 49
206 -1 52 -1 #SUP: 56
206 -1 52 -1 8 -1 #SUP: 33
206 -1 52 -1 18 -1 #SUP: 34
206 -1 54 -1 #SUP: 41
206 -1 318 -1 #SUP: 35
206 -1 63 -1 #SUP: 43
206 -1 71 -1 #SUP: 135
206 -1 71 -1 8 -1 #SUP: 77
206 -1 71 -1 8 -1 8 -1 #SUP: 41
206 -1 71 -1 8 -1 8 -1 18 -1 #SUP: 33
206 -1 71 -1 8 -1 14 -1 #SUP: 39
206 -1 71 -1 8 -1 18 -1 #SUP: 57
206 -1 71 -1 8 -1 18 -1 8 -1 #SUP: 33
206 -1 71 -1 8 -1 71 -1 #SUP: 30
206 -1 71 -1 14 -1 #SUP: 66
206 -1 71 -1 14 -1 8 -1 #SUP: 36
206 -1 71 -1 14 -1 18 -1 #SUP: 38
206 -1 71 -1 14 -1 71 -1 #SUP: 32
206 -1 71 -1 17 -1 #SUP: 38
206 -1 71 -1 18 -1 #SUP: 72
206 -1 71 -1 18 -1 8 -1 #SUP: 39
206 -1 71 -1 18 -1 8 -1 18 -1 #SUP: 30
206 -1 71 -1 18 -1 14 -1 #SUP: 33
206 -1 71 -1 18 -1 18 -1 #SUP: 36
206 -1 71 -1 18 -1 71 -1 #SUP: 30
206 -1 71 -1 21 -1 #SUP: 40
206 -1 71 -1 29 -1 #SUP: 39
206 -1 71 -1 71 -1 #SUP: 60
206 -1 71 -1 71 -1 8 -1 #SUP: 31
206 -1 71 -1 92 -1 #SUP: 31
206 -1 71 -1 219 -1 #SUP: 37
206 -1 71 -1 227 -1 #SUP: 40
206 -1 92 -1 #SUP: 56
206 -1 92 -1 18 -1 #SUP: 31
206 -1 96 -1 #SUP: 50
206 -1 103 -1 #SUP: 43
206 -1 124 -1 #SUP: 65
206 -1 124 -1 8 -1 #SUP: 33
206 -1 124 -1 18 -1 #SUP: 30
206 -1 124 -1 71 -1 #SUP: 32
206 -1 206 -1 #SUP: 42
206 -1 219 -1 #SUP: 71
206 -1 219 -1 8 -1 #SUP: 34
206 -1 219 -1 14 -1 #SUP: 34
206 -1 219 -1 18 -1 #SUP: 33
206 -1 219 -1 71 -1 #SUP: 34
206 -1 224 -1 #SUP: 41
206 -1 227 -1 #SUP: 73
206 -1 227 -1 8 -1 #SUP: 41
206 -1 227 -1 8 -1 18 -1 #SUP: 35
206 -1 227 -1 14 -1 #SUP: 41
206 -1 227 -1 18 -1 #SUP: 43
206 -1 227 -1 71 -1 #SUP: 34
209 -1 #SUP: 86
209 -1 8 -1 #SUP: 47
209 -1 14 -1 #SUP: 35
209 -1 18 -1 #SUP: 45
209 -1 29 -1 #SUP: 45
209 -1 71 -1 #SUP: 40
211 -1 #SUP: 33
212 -1 #SUP: 186
212 -1 3 -1 #SUP: 42
212 -1 8 -1 #SUP: 97
212 -1 8 -1 8 -1 #SUP: 51
212 -1 8 -1 14 -1 #SUP: 33
212 -1 8 -1 18 -1 #SUP: 67
212 -1 8 -1 18 -1 8 -1 #SUP: 40
212 -1 8 -1 18 -1 18 -1 #SUP: 31
212 -1 8 -1 71 -1 #SUP: 36
212 -1 14 -1 #SUP: 67
212 -1 14 -1 8 -1 #SUP: 37
212 -1 17 -1 #SUP: 61
212 -1 17 -1 8 -1 #SUP: 30
212 -1 18 -1 #SUP: 99
212 -1 18 -1 8 -1 #SUP: 53
212 -1 18 -1 8 -1 18 -1 #SUP: 32
212 -1 18 -1 14 -1 #SUP: 31
212 -1 18 -1 18 -1 #SUP: 40
212 -1 18 -1 71 -1 #SUP: 36
212 -1 19 -1 #SUP: 39
212 -1 20 -1 #SUP: 35
212 -1 21 -1 #SUP: 56
212 -1 21 -1 8 -1 #SUP: 37
212 -1 23 -1 #SUP: 39
212 -1 29 -1 #SUP: 47
212 -1 29 -1 8 -1 #SUP: 30
212 -1 290 -1 #SUP: 40
212 -1 39 -1 #SUP: 46
212 -1 40 -1 #SUP: 41
212 -1 71 -1 #SUP: 82
212 -1 71 -1 8 -1 #SUP: 45
212 -1 71 -1 18 -1 #SUP: 42
212 -1 71 -1 71 -1 #SUP: 35
212 -1 92 -1 #SUP: 52
212 -1 96 -1 #SUP: 33
212 -1 101 -1 #SUP: 32
212 -1 122 -1 #SUP: 30
212 -1 206 -1 #SUP: 32
214 -1 #SUP: 85
214 -1 8 -1 #SUP: 52
214 -1 8 -1 18 -1 #SUP: 40
214 -1 14 -1 #SUP: 36
214 -1 18 -1 #SUP: 56
214 -1 21 -1 #SUP: 33
214 -1 71 -1 #SUP: 41
219 -1 #SUP: 270
219 -1 3 -1 #SUP: 50
219 -1 8 -1 #SUP: 138
219 -1 8 -1 8 -1 #SUP: 72
219 -1 8 -1 8 -1 8 -1 #SUP: 31
219 -1 8 -1 8 -1 18 -1 #SUP: 46
219 -1 8 -1 14 -1 #SUP: 58
219 -1 8 -1 14 -1 8 -1 #SUP: 34
219 -1 8 -1 14 -1 18 -1 #SUP: 37
219 -1 8 -1 17 -1 #SUP: 33
219 -1 8 -1 18 -1 #SUP: 91
219 -1 8 -1 18 -1 8 -1 #SUP: 52
219 -1 8 -1 18 -1 8 -1 18 -1 #SUP: 30
219 -1 8 -1 18 -1 14 -1 #SUP: 34
219 -1 8 -1 18 -1 18 -1 #SUP: 40
219 -1 8 -1 18 -1 71 -1 #SUP: 31
219 -1 8 -1 21 -1 #SUP: 38
219 -1 8 -1 29 -1 #SUP: 36
219 -1 8 -1 71 -1 #SUP: 47
219 -1 8 -1 92 -1 #SUP: 31
219 -1 8 -1 219 -1 #SUP: 31
219 -1 8 -1 227 -1 #SUP: 35
219 -1 14 -1 #SUP: 117
219 -1 14 -1 8 -1 #SUP: 58
219 -1 14 -1 8 -1 18 -1 #SUP: 38
219 -1 14 -1 14 -1 #SUP: 47
219 -1 14 -1 17 -1 #SUP: 31
219 -1 14 -1 18 -1 #SUP: 59
219 -1 14 -1 21 -1 #SUP: 36
219 -1 14 -1 29 -1 #SUP: 38
219 -1 14 -1 71 -1 #SUP: 43
219 -1 14 -1 219 -1 #SUP: 36
219 -1 17 -1 #SUP: 71
219 -1 18 -1 #SUP: 126
219 -1 18 -1 8 -1 #SUP: 68
219 -1 18 -1 8 -1 18 -1 #SUP: 43
219 -1 18 -1 14 -1 #SUP: 51
219 -1 18 -1 14 -1 8 -1 #SUP: 33
219 -1 18 -1 14 -1 18 -1 #SUP: 32
219 -1 18 -1 18 -1 #SUP: 63
219 -1 18 -1 21 -1 #SUP: 36
219 -1 18 -1 29 -1 #SUP: 30
219 -1 18 -1 71 -1 #SUP: 47
219 -1 18 -1 219 -1 #SUP: 34
219 -1 18 -1 227 -1 #SUP: 36
219 -1 20 -1 #SUP: 43
219 -1 21 -1 #SUP: 80
219 -1 21 -1 8 -1 #SUP: 43
219 -1 21 -1 14 -1 #SUP: 35
219 -1 21 -1 18 -1 #SUP: 36
219 -1 23 -1 #SUP: 31
219 -1 29 -1 #SUP: 98
219 -1 29 -1 8 -1 #SUP: 52
219 -1 29 -1 14 -1 #SUP: 42
219 -1 29 -1 17 -1 #SUP: 37
219 -1 29 -1 18 -1 #SUP: 44
219 -1 29 -1 21 -1 #SUP: 36
219 -1 29 -1 71 -1 #SUP: 36
219 -1 29 -1 219 -1 #SUP: 33
219 -1 29 -1 227 -1 #SUP: 30
219 -1 30 -1 #SUP: 43
219 -1 290 -1 #SUP: 67
219 -1 290 -1 8 -1 #SUP: 33
219 -1 290 -1 14 -1 #SUP: 30
219 -1 290 -1 18 -1 #SUP: 34
219 -1 292 -1 #SUP: 32
219 -1 39 -1 #SUP: 46
219 -1 40 -1 #SUP: 55
219 -1 52 -1 #SUP: 62
219 -1 318 -1 #SUP: 52
219 -1 63 -1 #SUP: 52
219 -1 71 -1 #SUP: 124
219 -1 71 -1 8 -1 #SUP: 54
219 -1 71 -1 8 -1 18 -1 #SUP: 37
219 -1 71 -1 14 -1 #SUP: 54
219 -1 71 -1 14 -1 18 -1 #SUP: 34
219 -1 71 -1 18 -1 #SUP: 60
219 -1 71 -1 18 -1 8 -1 #SUP: 30
219 -1 71 -1 21 -1 #SUP: 31
219 -1 71 -1 29 -1 #SUP: 37
219 -1 71 -1 290 -1 #SUP: 32
219 -1 71 -1 71 -1 #SUP: 47
219 -1 71 -1 92 -1 #SUP: 34
219 -1 71 -1 219 -1 #SUP: 40
219 -1 71 -1 227 -1 #SUP: 32
219 -1 92 -1 #SUP: 82
219 -1 92 -1 8 -1 #SUP: 34
219 -1 92 -1 18 -1 #SUP: 37
219 -1 96 -1 #SUP: 45
219 -1 103 -1 #SUP: 42
219 -1 124 -1 #SUP: 82
219 -1 124 -1 8 -1 #SUP: 38
219 -1 124 -1 14 -1 #SUP: 32
219 -1 124 -1 18 -1 #SUP: 37
219 -1 124 -1 71 -1 #SUP: 35
219 -1 219 -1 #SUP: 90
219 -1 219 -1 8 -1 #SUP: 37
219 -1 219 -1 14 -1 #SUP: 35
219 -1 219 -1 18 -1 #SUP: 36
219 -1 219 -1 71 -1 #SUP: 31
219 -1 224 -1 #SUP: 40
219 -1 227 -1 #SUP: 82
219 -1 227 -1 8 -1 #SUP: 31
219 -1 227 -1 14 -1 #SUP: 38
219 -1 227 -1 18 -1 #SUP: 30
220 -1 #SUP: 42
224 -1 #SUP: 206
224 -1 3 -1 #SUP: 39
224 -1 8 -1 #SUP: 124
224 -1 8 -1 8 -1 #SUP: 67
224 -1 8 -1 8 -1 8 -1 #SUP: 33
224 -1 8 -1 8 -1 14 -1 #SUP: 32
224 -1 8 -1 8 -1 18 -1 #SUP: 42
224 -1 8 -1 14 -1 #SUP: 50
224 -1 8 -1 17 -1 #SUP: 41
224 -1 8 -1 18 -1 #SUP: 70
224 -1 8 -1 18 -1 8 -1 #SUP: 46
224 -1 8 -1 18 -1 8 -1 18 -1 #SUP: 31
224 -1 8 -1 18 -1 14 -1 #SUP: 30
224 -1 8 -1 18 -1 18 -1 #SUP: 35
224 -1 8 -1 71 -1 #SUP: 50
224 -1 14 -1 #SUP: 98
224 -1 14 -1 8 -1 #SUP: 57
224 -1 14 -1 8 -1 8 -1 #SUP: 31
224 -1 14 -1 8 -1 18 -1 #SUP: 30
224 -1 14 -1 14 -1 #SUP: 42
224 -1 14 -1 17 -1 #SUP: 32
224 -1 14 -1 18 -1 #SUP: 44
224 -1 14 -1 18 -1 8 -1 #SUP: 30
224 -1 14 -1 21 -1 #SUP: 30
224 -1 14 -1 71 -1 #SUP: 43
224 -1 17 -1 #SUP: 72
224 -1 17 -1 8 -1 #SUP: 36
224 -1 17 -1 14 -1 #SUP: 30
224 -1 17 -1 18 -1 #SUP: 30
224 -1 18 -1 #SUP: 108
224 -1 18 -1 8 -1 #SUP: 74
224 -1 18 -1 8 -1 8 -1 #SUP: 38
224 -1 18 -1 8 -1 14 -1 #SUP: 35
224 -1 18 -1 8 -1 18 -1 #SUP: 44
224 -1 18 -1 8 -1 71 -1 #SUP: 31
224 -1 18 -1 14 -1 #SUP: 47
224 -1 18 -1 17 -1 #SUP: 38
224 -1 18 -1 18 -1 #SUP: 53
224 -1 18 -1 18 -1 8 -1 #SUP: 30
224 -1 18 -1 71 -1 #SUP: 48
224 -1 18 -1 71 -1 8 -1 #SUP: 30
224 -1 19 -1 #SUP: 32
224 -1 20 -1 #SUP: 32
224 -1 21 -1 #SUP: 52
224 -1 23 -1 #SUP: 31
224 -1 29 -1 #SUP: 54
224 -1 30 -1 #SUP: 33
224 -1 290 -1 #SUP: 36
224 -1 40 -1 #SUP: 49
224 -1 71 -1 #SUP: 100
224 -1 71 -1 8 -1 #SUP: 59
224 -1 71 -1 8 -1 18 -1 #SUP: 31
224 -1 71 -1 14 -1 #SUP: 41
224 -1 71 -1 17 -1 #SUP: 30
224 -1 71 -1 18 -1 #SUP: 42
224 -1 71 -1 71 -1 #SUP: 46
224 -1 71 -1 225 -1 #SUP: 31
224 -1 92 -1 #SUP: 48
224 -1 96 -1 #SUP: 39
224 -1 103 -1 #SUP: 32
224 -1 124 -1 #SUP: 31
224 -1 224 -1 #SUP: 31
224 -1 225 -1 #SUP: 84
224 -1 225 -1 8 -1 #SUP: 32
224 -1 225 -1 14 -1 #SUP: 31
224 -1 225 -1 18 -1 #SUP: 30
224 -1 225 -1 71 -1 #SUP: 31
225 -1 #SUP: 139
225 -1 8 -1 #SUP: 56
225 -1 8 -1 8 -1 #SUP: 30
225 -1 8 -1 18 -1 #SUP: 37
225 -1 14 -1 #SUP: 51
225 -1 17 -1 #SUP: 39
225 -1 18 -1 #SUP: 57
225 -1 18 -1 8 -1 #SUP: 34
225 -1 18 -1 71 -1 #SUP: 30
225 -1 21 -1 #SUP: 30
225 -1 71 -1 #SUP: 60
225 -1 71 -1 8 -1 #SUP: 34
225 -1 71 -1 18 -1 #SUP: 30
227 -1 #SUP: 222
227 -1 3 -1 #SUP: 48
227 -1 8 -1 #SUP: 104
227 -1 8 -1 8 -1 #SUP: 51
227 -1 8 -1 8 -1 18 -1 #SUP: 39
227 -1 8 -1 14 -1 #SUP: 42
227 -1 8 -1 18 -1 #SUP: 76
227 -1 8 -1 18 -1 8 -1 #SUP: 41
227 -1 8 -1 18 -1 8 -1 18 -1 #SUP: 31
227 -1 8 -1 18 -1 18 -1 #SUP: 37
227 -1 8 -1 18 -1 71 -1 #SUP: 34
227 -1 8 -1 71 -1 #SUP: 44
227 -1 8 -1 227 -1 #SUP: 32
227 -1 14 -1 #SUP: 104
227 -1 14 -1 8 -1 #SUP: 54
227 -1 14 -1 8 -1 18 -1 #SUP: 38
227 -1 14 -1 14 -1 #SUP: 36
227 -1 14 -1 18 -1 #SUP: 53
227 -1 14 -1 18 -1 8 -1 #SUP: 30
227 -1 14 -1 21 -1 #SUP: 36
227 -1 14 -1 29 -1 #SUP: 30
227 -1 14 -1 71 -1 #SUP: 46
227 -1 17 -1 #SUP: 57
227 -1 18 -1 #SUP: 104
227 -1 18 -1 8 -1 #SUP: 57
227 -1 18 -1 8 -1 18 -1 #SUP: 40
227 -1 18 -1 14 -1 #SUP: 42
227 -1 18 -1 18 -1 #SUP: 53
227 -1 18 -1 21 -1 #SUP: 35
227 -1 18 -1 29 -1 #SUP: 30
227 -1 18 -1 71 -1 #SUP: 47
227 -1 18 -1 219 -1 #SUP: 30
227 -1 18 -1 227 -1 #SUP: 33
227 -1 20 -1 #SUP: 36
227 -1 21 -1 #SUP: 69
227 -1 21 -1 8 -1 #SUP: 38
227 -1 21 -1 18 -1 #SUP: 35
227 -1 29 -1 #SUP: 70
227 -1 29 -1 8 -1 #SUP: 33
227 -1 29 -1 18 -1 #SUP: 35
227 -1 30 -1 #SUP: 30
227 -1 290 -1 #SUP: 37
227 -1 39 -1 #SUP: 34
227 -1 40 -1 #SUP: 39
227 -1 52 -1 #SUP: 38
227 -1 318 -1 #SUP: 38
227 -1 319 -1 #SUP: 42
227 -1 71 -1 #SUP: 93
227 -1 71 -1 8 -1 #SUP: 45
227 -1 71 -1 8 -1 18 -1 #SUP: 31
227 -1 71 -1 14 -1 #SUP: 44
227 -1 71 -1 18 -1 #SUP: 47
227 -1 71 -1 21 -1 #SUP: 30
227 -1 71 -1 71 -1 #SUP: 43
227 -1 92 -1 #SUP: 60
227 -1 96 -1 #SUP: 39
227 -1 103 -1 #SUP: 39
227 -1 124 -1 #SUP: 33
227 -1 219 -1 #SUP: 60
227 -1 227 -1 #SUP: 58
229 -1 #SUP: 94
229 -1 8 -1 #SUP: 72
229 -1 8 -1 8 -1 #SUP: 44
229 -1 8 -1 8 -1 18 -1 #SUP: 34
229 -1 8 -1 14 -1 #SUP: 31
229 -1 8 -1 17 -1 #SUP: 35
229 -1 8 -1 18 -1 #SUP: 53
229 -1 8 -1 18 -1 8 -1 #SUP: 33
229 -1 8 -1 29 -1 #SUP: 30
229 -1 8 -1 71 -1 #SUP: 30
229 -1 14 -1 #SUP: 47
229 -1 14 -1 8 -1 #SUP: 30
229 -1 17 -1 #SUP: 52
229 -1 17 -1 8 -1 #SUP: 30
229 -1 18 -1 #SUP: 66
229 -1 18 -1 8 -1 #SUP: 42
229 -1 18 -1 18 -1 #SUP: 34
229 -1 21 -1 #SUP: 53
229 -1 21 -1 8 -1 #SUP: 30
229 -1 29 -1 #SUP: 49
229 -1 29 -1 8 -1 #SUP: 30
229 -1 40 -1 #SUP: 31
229 -1 71 -1 #SUP: 51
229 -1 71 -1 8 -1 #SUP: 35
234 -1 #SUP: 125
234 -1 3 -1 #SUP: 32
234 -1 8 -1 #SUP: 87
234 -1 8 -1 8 -1 #SUP: 60
234 -1 8 -1 8 -1 8 -1 #SUP: 37
234 -1 8 -1 8 -1 18 -1 #SUP: 39
234 -1 8 -1 14 -1 #SUP: 41
234 -1 8 -1 17 -1 #SUP: 36
234 -1 8 -1 18 -1 #SUP: 60
234 -1 8 -1 18 -1 8 -1 #SUP: 44
234 -1 8 -1 18 -1 18 -1 #SUP: 30
234 -1 8 -1 290 -1 #SUP: 31
234 -1 8 -1 71 -1 #SUP: 35
234 -1 265 -1 #SUP: 34
234 -1 14 -1 #SUP: 62
234 -1 14 -1 8 -1 #SUP: 39
234 -1 17 -1 #SUP: 60
234 -1 17 -1 8 -1 #SUP: 33
234 -1 18 -1 #SUP: 74
234 -1 18 -1 8 -1 #SUP: 55
234 -1 18 -1 8 -1 8 -1 #SUP: 30
234 -1 18 -1 8 -1 18 -1 #SUP: 36
234 -1 18 -1 14 -1 #SUP: 32
234 -1 18 -1 18 -1 #SUP: 40
234 -1 18 -1 71 -1 #SUP: 30
234 -1 20 -1 #SUP: 33
234 -1 21 -1 #SUP: 30
234 -1 29 -1 #SUP: 40
234 -1 30 -1 #SUP: 48
234 -1 290 -1 #SUP: 68
234 -1 290 -1 8 -1 #SUP: 44
234 -1 290 -1 8 -1 18 -1 #SUP: 30
234 -1 290 -1 14 -1 #SUP: 33
234 -1 290 -1 17 -1 #SUP: 30
234 -1 290 -1 18 -1 #SUP: 38
234 -1 290 -1 71 -1 #SUP: 40
234 -1 40 -1 #SUP: 47
234 -1 52 -1 #SUP: 41
234 -1 71 -1 #SUP: 70
234 -1 71 -1 8 -1 #SUP: 41
234 -1 71 -1 14 -1 #SUP: 30
234 -1 71 -1 18 -1 #SUP: 36
234 -1 71 -1 71 -1 #SUP: 37
234 -1 92 -1 #SUP: 44
235 -1 #SUP: 30
245 -1 #SUP: 52
245 -1 92 -1 #SUP: 50
258 -1 #SUP: 38
259 -1 #SUP: 42
262 -1 #SUP: 79
262 -1 8 -1 #SUP: 56
262 -1 8 -1 8 -1 #SUP: 34
262 -1 8 -1 18 -1 #SUP: 42
262 -1 14 -1 #SUP: 41
262 -1 18 -1 #SUP: 49
262 -1 71 -1 #SUP: 30
263 -1 #SUP: 66
263 -1 8 -1 #SUP: 37
263 -1 14 -1 #SUP: 35
263 -1 18 -1 #SUP: 34
263 -1 71 -1 #SUP: 32
265 -1 #SUP: 196
265 -1 3 -1 #SUP: 41
265 -1 8 -1 #SUP: 113
265 -1 8 -1 8 -1 #SUP: 60
265 -1 8 -1 8 -1 18 -1 #SUP: 30
265 -1 8 -1 265 -1 #SUP: 34
265 -1 8 -1 14 -1 #SUP: 43
265 -1 8 -1 18 -1 #SUP: 60
265 -1 8 -1 18 -1 8 -1 #SUP: 35
265 -1 8 -1 71 -1 #SUP: 47
265 -1 8 -1 71 -1 8 -1 #SUP: 30
265 -1 265 -1 #SUP: 83
265 -1 265 -1 8 -1 #SUP: 44
265 -1 265 -1 14 -1 #SUP: 33
265 -1 265 -1 18 -1 #SUP: 39
265 -1 265 -1 71 -1 #SUP: 42
265 -1 14 -1 #SUP: 88
265 -1 14 -1 8 -1 #SUP: 53
265 -1 14 -1 8 -1 18 -1 #SUP: 31
265 -1 14 -1 265 -1 #SUP: 31
265 -1 14 -1 18 -1 #SUP: 45
265 -1 14 -1 71 -1 #SUP: 34
265 -1 17 -1 #SUP: 78
265 -1 17 -1 8 -1 #SUP: 45
265 -1 17 -1 18 -1 #SUP: 33
265 -1 17 -1 71 -1 #SUP: 45
265 -1 18 -1 #SUP: 98
265 -1 18 -1 8 -1 #SUP: 53
265 -1 18 -1 14 -1 #SUP: 42
265 -1 18 -1 18 -1 #SUP: 42
265 -1 18 -1 71 -1 #SUP: 39
265 -1 18 -1 122 -1 #SUP: 35
265 -1 20 -1 #SUP: 39
265 -1 21 -1 #SUP: 43
265 -1 21 -1 8 -1 #SUP: 31
265 -1 29 -1 #SUP: 85
265 -1 29 -1 8 -1 #SUP: 58
265 -1 29 -1 8 -1 18 -1 #SUP: 31
265 -1 29 -1 265 -1 #SUP: 38
265 -1 29 -1 14 -1 #SUP: 43
265 -1 29 -1 17 -1 #SUP: 42
265 -1 29 -1 18 -1 #SUP: 49
265 -1 29 -1 71 -1 #SUP: 47
265 -1 29 -1 71 -1 8 -1 #SUP: 30
265 -1 29 -1 122 -1 #SUP: 34
265 -1 30 -1 #SUP: 56
265 -1 290 -1 #SUP: 53
265 -1 40 -1 #SUP: 48
265 -1 307 -1 #SUP: 32
265 -1 52 -1 #SUP: 45
265 -1 71 -1 #SUP: 116
265 -1 71 -1 8 -1 #SUP: 61
265 -1 71 -1 265 -1 #SUP: 36
265 -1 71 -1 14 -1 #SUP: 43
265 -1 71 -1 18 -1 #SUP: 51
265 -1 71 -1 71 -1 #SUP: 42
265 -1 92 -1 #SUP: 51
265 -1 96 -1 #SUP: 33
265 -1 103 -1 #SUP: 35
265 -1 122 -1 #SUP: 65
265 -1 122 -1 14 -1 #SUP: 30
265 -1 122 -1 71 -1 #SUP: 31
266 -1 #SUP: 151
266 -1 3 -1 #SUP: 31
266 -1 8 -1 #SUP: 103
266 -1 8 -1 8 -1 #SUP: 53
266 -1 8 -1 8 -1 18 -1 #SUP: 33
266 -1 8 -1 14 -1 #SUP: 41
266 -1 8 -1 17 -1 #SUP: 40
266 -1 8 -1 18 -1 #SUP: 62
266 -1 8 -1 18 -1 8 -1 #SUP: 35
266 -1 8 -1 71 -1 #SUP: 38
266 -1 265 -1 #SUP: 36
266 -1 14 -1 #SUP: 72
266 -1 14 -1 8 -1 #SUP: 37
266 -1 14 -1 18 -1 #SUP: 37
266 -1 14 -1 71 -1 #SUP: 30
266 -1 17 -1 #SUP: 70
266 -1 17 -1 8 -1 #SUP: 41
266 -1 17 -1 14 -1 #SUP: 31
266 -1 17 -1 18 -1 #SUP: 30
266 -1 18 -1 #SUP: 83
266 -1 18 -1 8 -1 #SUP: 47
266 -1 18 -1 14 -1 #SUP: 39
266 -1 18 -1 18 -1 #SUP: 37
266 -1 21 -1 #SUP: 40
266 -1 29 -1 #SUP: 46
266 -1 30 -1 #SUP: 55
266 -1 30 -1 8 -1 #SUP: 31
266 -1 30 -1 17 -1 #SUP: 33
266 -1 290 -1 #SUP: 33
266 -1 40 -1 #SUP: 45
266 -1 40 -1 18 -1 #SUP: 30
266 -1 52 -1 #SUP: 32
266 -1 71 -1 #SUP: 73
266 -1 71 -1 8 -1 #SUP: 35
266 -1 71 -1 14 -1 #SUP: 30
266 -1 71 -1 18 -1 #SUP: 30
266 -1 92 -1 #SUP: 50
266 -1 219 -1 #SUP: 46
270 -1 #SUP: 61
270 -1 8 -1 #SUP: 32
270 -1 18 -1 #SUP: 40
272 -1 #SUP: 57
272 -1 8 -1 #SUP: 32
272 -1 18 -1 #SUP: 31
274 -1 #SUP: 56
274 -1 8 -1 #SUP: 32
276 -1 #SUP: 49
278 -1 #SUP: 47
284 -1 #SUP: 46
290 -1 #SUP: 392
290 -1 3 -1 #SUP: 95
290 -1 3 -1 8 -1 #SUP: 53
290 -1 3 -1 8 -1 18 -1 #SUP: 34
290 -1 3 -1 14 -1 #SUP: 31
290 -1 3 -1 18 -1 #SUP: 44
290 -1 3 -1 71 -1 #SUP: 31
290 -1 8 -1 #SUP: 213
290 -1 8 -1 3 -1 #SUP: 38
290 -1 8 -1 8 -1 #SUP: 125
290 -1 8 -1 8 -1 8 -1 #SUP: 64
290 -1 8 -1 8 -1 8 -1 8 -1 #SUP: 30
290 -1 8 -1 8 -1 8 -1 18 -1 #SUP: 40
290 -1 8 -1 8 -1 14 -1 #SUP: 43
290 -1 8 -1 8 -1 18 -1 #SUP: 75
290 -1 8 -1 8 -1 18 -1 8 -1 #SUP: 45
290 -1 8 -1 8 -1 18 -1 8 -1 18 -1 #SUP: 30
290 -1 8 -1 8 -1 18 -1 18 -1 #SUP: 40
290 -1 8 -1 8 -1 21 -1 #SUP: 34
290 -1 8 -1 8 -1 29 -1 #SUP: 34
290 -1 8 -1 8 -1 71 -1 #SUP: 41
290 -1 8 -1 14 -1 #SUP: 79
290 -1 8 -1 14 -1 8 -1 #SUP: 47
290 -1 8 -1 14 -1 18 -1 #SUP: 43
290 -1 8 -1 14 -1 71 -1 #SUP: 31
290 -1 8 -1 17 -1 #SUP: 65
290 -1 8 -1 17 -1 8 -1 #SUP: 36
290 -1 8 -1 17 -1 18 -1 #SUP: 30
290 -1 8 -1 18 -1 #SUP: 146
290 -1 8 -1 18 -1 8 -1 #SUP: 90
290 -1 8 -1 18 -1 8 -1 8 -1 #SUP: 43
290 -1 8 -1 18 -1 8 -1 14 -1 #SUP: 30
290 -1 8 -1 18 -1 8 -1 18 -1 #SUP: 53
290 -1 8 -1 18 -1 8 -1 71 -1 #SUP: 32
290 -1 8 -1 18 -1 14 -1 #SUP: 47
290 -1 8 -1 18 -1 17 -1 #SUP: 36
290 -1 8 -1 18 -1 18 -1 #SUP: 69
290 -1 8 -1 18 -1 18 -1 8 -1 #SUP: 35
290 -1 8 -1 18 -1 18 -1 18 -1 #SUP: 31
290 -1 8 -1 18 -1 21 -1 #SUP: 41
290 -1 8 -1 18 -1 29 -1 #SUP: 44
290 -1 8 -1 18 -1 30 -1 #SUP: 30
290 -1 8 -1 18 -1 71 -1 #SUP: 48
290 -1 8 -1 20 -1 #SUP: 43
290 -1 8 -1 21 -1 #SUP: 64
290 -1 8 -1 21 -1 8 -1 #SUP: 40
290 -1 8 -1 21 -1 8 -1 18 -1 #SUP: 30
290 -1 8 -1 21 -1 18 -1 #SUP: 38
290 -1 8 -1 29 -1 #SUP: 64
290 -1 8 -1 29 -1 8 -1 #SUP: 32
290 -1 8 -1 30 -1 #SUP: 40
290 -1 8 -1 290 -1 #SUP: 42
290 -1 8 -1 40 -1 #SUP: 39
290 -1 8 -1 52 -1 #SUP: 30
290 -1 8 -1 71 -1 #SUP: 74
290 -1 8 -1 71 -1 8 -1 #SUP: 43
290 -1 8 -1 71 -1 18 -1 #SUP: 31
290 -1 8 -1 92 -1 #SUP: 43
290 -1 8 -1 96 -1 #SUP: 40
290 -1 8 -1 124 -1 #SUP: 37
290 -1 265 -1 #SUP: 43
290 -1 14 -1 #SUP: 160
290 -1 14 -1 8 -1 #SUP: 89
290 -1 14 -1 8 -1 8 -1 #SUP: 42
290 -1 14 -1 8 -1 18 -1 #SUP: 53
290 -1 14 -1 14 -1 #SUP: 56
290 -1 14 -1 17 -1 #SUP: 36
290 -1 14 -1 18 -1 #SUP: 81
290 -1 14 -1 18 -1 8 -1 #SUP: 43
290 -1 14 -1 18 -1 18 -1 #SUP: 35
290 -1 14 -1 21 -1 #SUP: 42
290 -1 14 -1 29 -1 #SUP: 48
290 -1 14 -1 290 -1 #SUP: 35
290 -1 14 -1 40 -1 #SUP: 31
290 -1 14 -1 71 -1 #SUP: 63
290 -1 14 -1 71 -1 8 -1 #SUP: 30
290 -1 17 -1 #SUP: 120
290 -1 17 -1 8 -1 #SUP: 60
290 -1 17 -1 8 -1 18 -1 #SUP: 38
290 -1 17 -1 14 -1 #SUP: 37
290 -1 17 -1 18 -1 #SUP: 54
290 -1 17 -1 29 -1 #SUP: 32
290 -1 17 -1 71 -1 #SUP: 46
290 -1 18 -1 #SUP: 206
290 -1 18 -1 3 -1 #SUP: 39
290 -1 18 -1 8 -1 #SUP: 127
290 -1 18 -1 8 -1 8 -1 #SUP: 63
290 -1 18 -1 8 -1 8 -1 18 -1 #SUP: 35
290 -1 18 -1 8 -1 14 -1 #SUP: 48
290 -1 18 -1 8 -1 18 -1 #SUP: 76
290 -1 18 -1 8 -1 18 -1 8 -1 #SUP: 40
290 -1 18 -1 8 -1 18 -1 18 -1 #SUP: 36
290 -1 18 -1 8 -1 21 -1 #SUP: 32
290 -1 18 -1 8 -1 29 -1 #SUP: 37
290 -1 18 -1 8 -1 71 -1 #SUP: 47
290 -1 18 -1 14 -1 #SUP: 80
290 -1 18 -1 14 -1 8 -1 #SUP: 49
290 -1 18 -1 14 -1 8 -1 18 -1 #SUP: 30
290 -1 18 -1 14 -1 14 -1 #SUP: 33
290 -1 18 -1 14 -1 18 -1 #SUP: 43
290 -1 18 -1 14 -1 71 -1 #SUP: 31
290 -1 18 -1 17 -1 #SUP: 50
290 -1 18 -1 17 -1 8 -1 #SUP: 30
290 -1 18 -1 18 -1 #SUP: 99
290 -1 18 -1 18 -1 8 -1 #SUP: 52
290 -1 18 -1 18 -1 8 -1 18 -1 #SUP: 33
290 -1 18 -1 18 -1 14 -1 #SUP: 35
290 -1 18 -1 18 -1 18 -1 #SUP: 48
290 -1 18 -1 20 -1 #SUP: 44
290 -1 18 -1 21 -1 #SUP: 57
290 -1 18 -1 21 -1 8 -1 #SUP: 37
290 -1 18 -1 21 -1 18 -1 #SUP: 35
290 -1 18 -1 29 -1 #SUP: 59
290 -1 18 -1 29 -1 8 -1 #SUP: 34
290 -1 18 -1 30 -1 #SUP: 44
290 -1 18 -1 290 -1 #SUP: 47
290 -1 18 -1 40 -1 #SUP: 35
290 -1 18 -1 54 -1 #SUP: 31
290 -1 18 -1 318 -1 #SUP: 30
290 -1 18 -1 71 -1 #SUP: 69
290 -1 18 -1 71 -1 8 -1 #SUP: 37
290 -1 18 -1 71 -1 18 -1 #SUP: 30
290 -1 18 -1 71 -1 71 -1 #SUP: 32
290 -1 18 -1 92 -1 #SUP: 42
290 -1 18 -1 96 -1 #SUP: 34
290 -1 18 -1 124 -1 #SUP: 31
290 -1 18 -1 219 -1 #SUP: 30
290 -1 18 -1 227 -1 #SUP: 32
290 -1 19 -1 #SUP: 39
290 -1 20 -1 #SUP: 95
290 -1 20 -1 8 -1 #SUP: 43
290 -1 20 -1 14 -1 #SUP: 38
290 -1 20 -1 18 -1 #SUP: 48
290 -1 20 -1 71 -1 #SUP: 32
290 -1 21 -1 #SUP: 122
290 -1 21 -1 8 -1 #SUP: 75
290 -1 21 -1 8 -1 8 -1 #SUP: 45
290 -1 21 -1 8 -1 18 -1 #SUP: 55
290 -1 21 -1 8 -1 18 -1 8 -1 #SUP: 30
290 -1 21 -1 14 -1 #SUP: 49
290 -1 21 -1 14 -1 8 -1 #SUP: 30
290 -1 21 -1 18 -1 #SUP: 68
290 -1 21 -1 18 -1 8 -1 #SUP: 39
290 -1 21 -1 18 -1 18 -1 #SUP: 30
290 -1 21 -1 21 -1 #SUP: 32
290 -1 21 -1 29 -1 #SUP: 32
290 -1 21 -1 71 -1 #SUP: 42
290 -1 23 -1 #SUP: 45
290 -1 25 -1 #SUP: 33
290 -1 29 -1 #SUP: 118
290 -1 29 -1 8 -1 #SUP: 65
290 -1 29 -1 8 -1 18 -1 #SUP: 36
290 -1 29 -1 14 -1 #SUP: 44
290 -1 29 -1 17 -1 #SUP: 40
290 -1 29 -1 18 -1 #SUP: 53
290 -1 29 -1 18 -1 8 -1 #SUP: 34
290 -1 29 -1 21 -1 #SUP: 35
290 -1 29 -1 29 -1 #SUP: 32
290 -1 29 -1 290 -1 #SUP: 31
290 -1 29 -1 71 -1 #SUP: 40
290 -1 29 -1 92 -1 #SUP: 33
290 -1 30 -1 #SUP: 75
290 -1 30 -1 8 -1 #SUP: 33
290 -1 30 -1 17 -1 #SUP: 30
290 -1 290 -1 #SUP: 97
290 -1 290 -1 8 -1 #SUP: 53
290 -1 290 -1 8 -1 18 -1 #SUP: 30
290 -1 290 -1 14 -1 #SUP: 34
290 -1 290 -1 18 -1 #SUP: 40
290 -1 290 -1 29 -1 #SUP: 30
290 -1 290 -1 71 -1 #SUP: 39
290 -1 290 -1 92 -1 #SUP: 30
290 -1 292 -1 #SUP: 43
290 -1 39 -1 #SUP: 58
290 -1 39 -1 8 -1 #SUP: 34
290 -1 39 -1 18 -1 #SUP: 31
290 -1 40 -1 #SUP: 96
290 -1 40 -1 8 -1 #SUP: 48
290 -1 40 -1 14 -1 #SUP: 39
290 -1 40 -1 18 -1 #SUP: 47
290 -1 40 -1 71 -1 #SUP: 33
290 -1 307 -1 #SUP: 31
290 -1 52 -1 #SUP: 76
290 -1 52 -1 8 -1 #SUP: 38
290 -1 52 -1 18 -1 #SUP: 32
290 -1 52 -1 71 -1 #SUP: 33
290 -1 54 -1 #SUP: 49
290 -1 318 -1 #SUP: 48
290 -1 63 -1 #SUP: 35
290 -1 71 -1 #SUP: 171
290 -1 71 -1 3 -1 #SUP: 37
290 -1 71 -1 8 -1 #SUP: 94
290 -1 71 -1 8 -1 8 -1 #SUP: 48
290 -1 71 -1 8 -1 8 -1 18 -1 #SUP: 32
290 -1 71 -1 8 -1 14 -1 #SUP: 34
290 -1 71 -1 8 -1 18 -1 #SUP: 60
290 -1 71 -1 8 -1 18 -1 8 -1 #SUP: 37
290 -1 71 -1 8 -1 18 -1 18 -1 #SUP: 32
290 -1 71 -1 8 -1 71 -1 #SUP: 38
290 -1 71 -1 14 -1 #SUP: 70
290 -1 71 -1 14 -1 8 -1 #SUP: 37
290 -1 71 -1 14 -1 18 -1 #SUP: 34
290 -1 71 -1 17 -1 #SUP: 46
290 -1 71 -1 18 -1 #SUP: 81
290 -1 71 -1 18 -1 8 -1 #SUP: 48
290 -1 71 -1 18 -1 8 -1 18 -1 #SUP: 31
290 -1 71 -1 18 -1 18 -1 #SUP: 41
290 -1 71 -1 20 -1 #SUP: 33
290 -1 71 -1 21 -1 #SUP: 39
290 -1 71 -1 29 -1 #SUP: 48
290 -1 71 -1 30 -1 #SUP: 33
290 -1 71 -1 290 -1 #SUP: 52
290 -1 71 -1 40 -1 #SUP: 38
290 -1 71 -1 71 -1 #SUP: 79
290 -1 71 -1 71 -1 8 -1 #SUP: 41
290 -1 71 -1 71 -1 14 -1 #SUP: 32
290 -1 71 -1 71 -1 71 -1 #SUP: 33
290 -1 71 -1 92 -1 #SUP: 50
290 -1 74 -1 #SUP: 37
290 -1 347 -1 #SUP: 30
290 -1 92 -1 #SUP: 117
290 -1 92 -1 8 -1 #SUP: 50
290 -1 92 -1 14 -1 #SUP: 42
290 -1 92 -1 18 -1 #SUP: 46
290 -1 92 -1 21 -1 #SUP: 30
290 -1 92 -1 71 -1 #SUP: 36
290 -1 92 -1 92 -1 #SUP: 32
290 -1 96 -1 #SUP: 62
290 -1 103 -1 #SUP: 56
290 -1 122 -1 #SUP: 44
290 -1 124 -1 #SUP: 57
290 -1 206 -1 #SUP: 43
290 -1 212 -1 #SUP: 40
290 -1 219 -1 #SUP: 53
290 -1 224 -1 #SUP: 40
290 -1 227 -1 #SUP: 50
292 -1 #SUP: 224
292 -1 3 -1 #SUP: 39
292 -1 8 -1 #SUP: 141
292 -1 8 -1 8 -1 #SUP: 89
292 -1 8 -1 8 -1 8 -1 #SUP: 46
292 -1 8 -1 8 -1 8 -1 18 -1 #SUP: 32
292 -1 8 -1 8 -1 14 -1 #SUP: 44
292 -1 8 -1 8 -1 18 -1 #SUP: 56
292 -1 8 -1 8 -1 18 -1 8 -1 #SUP: 33
292 -1 8 -1 8 -1 18 -1 18 -1 #SUP: 32
292 -1 8 -1 8 -1 29 -1 #SUP: 30
292 -1 8 -1 8 -1 71 -1 #SUP: 31
292 -1 8 -1 14 -1 #SUP: 76
292 -1 8 -1 14 -1 8 -1 #SUP: 48
292 -1 8 -1 14 -1 8 -1 18 -1 #SUP: 33
292 -1 8 -1 14 -1 18 -1 #SUP: 44
292 -1 8 -1 14 -1 71 -1 #SUP: 32
292 -1 8 -1 17 -1 #SUP: 38
292 -1 8 -1 18 -1 #SUP: 99
292 -1 8 -1 18 -1 8 -1 #SUP: 65
292 -1 8 -1 18 -1 8 -1 8 -1 #SUP: 32
292 -1 8 -1 18 -1 8 -1 18 -1 #SUP: 45
292 -1 8 -1 18 -1 14 -1 #SUP: 48
292 -1 8 -1 18 -1 14 -1 8 -1 #SUP: 31
292 -1 8 -1 18 -1 14 -1 18 -1 #SUP: 32
292 -1 8 -1 18 -1 18 -1 #SUP: 55
292 -1 8 -1 18 -1 21 -1 #SUP: 34
292 -1 8 -1 18 -1 29 -1 #SUP: 30
292 -1 8 -1 18 -1 71 -1 #SUP: 33
292 -1 8 -1 21 -1 #SUP: 48
292 -1 8 -1 29 -1 #SUP: 41
292 -1 8 -1 71 -1 #SUP: 48
292 -1 8 -1 92 -1 #SUP: 30
292 -1 14 -1 #SUP: 107
292 -1 14 -1 8 -1 #SUP: 65
292 -1 14 -1 8 -1 8 -1 #SUP: 38
292 -1 14 -1 8 -1 18 -1 #SUP: 40
292 -1 14 -1 14 -1 #SUP: 39
292 -1 14 -1 17 -1 #SUP: 31
292 -1 14 -1 18 -1 #SUP: 57
292 -1 14 -1 18 -1 8 -1 #SUP: 35
292 -1 14 -1 18 -1 18 -1 #SUP: 31
292 -1 14 -1 21 -1 #SUP: 37
292 -1 14 -1 29 -1 #SUP: 30
292 -1 14 -1 71 -1 #SUP: 37
292 -1 17 -1 #SUP: 69
292 -1 17 -1 8 -1 #SUP: 30
292 -1 17 -1 18 -1 #SUP: 32
292 -1 18 -1 #SUP: 131
292 -1 18 -1 8 -1 #SUP: 74
292 -1 18 -1 8 -1 8 -1 #SUP: 41
292 -1 18 -1 8 -1 14 -1 #SUP: 32
292 -1 18 -1 8 -1 18 -1 #SUP: 52
292 -1 18 -1 14 -1 #SUP: 58
292 -1 18 -1 14 -1 8 -1 #SUP: 37
292 -1 18 -1 14 -1 18 -1 #SUP: 37
292 -1 18 -1 17 -1 #SUP: 35
292 -1 18 -1 18 -1 #SUP: 67
292 -1 18 -1 18 -1 8 -1 #SUP: 35
292 -1 18 -1 18 -1 18 -1 #SUP: 30
292 -1 18 -1 21 -1 #SUP: 40
292 -1 18 -1 29 -1 #SUP: 36
292 -1 18 -1 71 -1 #SUP: 42
292 -1 20 -1 #SUP: 34
292 -1 21 -1 #SUP: 61
292 -1 21 -1 8 -1 #SUP: 35
292 -1 21 -1 18 -1 #SUP: 30
292 -1 29 -1 #SUP: 64
292 -1 29 -1 8 -1 #SUP: 38
292 -1 29 -1 18 -1 #SUP: 39
292 -1 30 -1 #SUP: 36
292 -1 292 -1 #SUP: 39
292 -1 40 -1 #SUP: 39
292 -1 71 -1 #SUP: 79
292 -1 71 -1 8 -1 #SUP: 42
292 -1 71 -1 18 -1 #SUP: 37
292 -1 92 -1 #SUP: 47
292 -1 96 -1 #SUP: 36
292 -1 122 -1 #SUP: 30
292 -1 227 -1 #SUP: 38
293 -1 #SUP: 67
293 -1 8 -1 #SUP: 32
293 -1 14 -1 #SUP: 36
296 -1 #SUP: 42
299 -1 #SUP: 143
299 -1 8 -1 #SUP: 90
299 -1 8 -1 8 -1 #SUP: 50
299 -1 8 -1 14 -1 #SUP: 37
299 -1 8 -1 18 -1 #SUP: 54
299 -1 8 -1 71 -1 #SUP: 34
299 -1 14 -1 #SUP: 66
299 -1 14 -1 8 -1 #SUP: 35
299 -1 14 -1 18 -1 #SUP: 37
299 -1 17 -1 #SUP: 49
299 -1 18 -1 #SUP: 81
299 -1 18 -1 8 -1 #SUP: 45
299 -1 18 -1 14 -1 #SUP: 31
299 -1 18 -1 18 -1 #SUP: 35
299 -1 20 -1 #SUP: 36
299 -1 21 -1 #SUP: 33
299 -1 29 -1 #SUP: 51
299 -1 29 -1 8 -1 #SUP: 31
299 -1 30 -1 #SUP: 36
299 -1 39 -1 #SUP: 30
299 -1 52 -1 #SUP: 31
299 -1 71 -1 #SUP: 64
299 -1 71 -1 8 -1 #SUP: 41
299 -1 71 -1 18 -1 #SUP: 31
299 -1 92 -1 #SUP: 40
306 -1 #SUP: 103
306 -1 8 -1 #SUP: 55
306 -1 8 -1 18 -1 #SUP: 43
306 -1 14 -1 #SUP: 38
306 -1 18 -1 #SUP: 54
306 -1 18 -1 8 -1 #SUP: 35
306 -1 18 -1 18 -1 #SUP: 33
306 -1 21 -1 #SUP: 31
306 -1 39 -1 #SUP: 41
306 -1 71 -1 #SUP: 41
307 -1 #SUP: 120
307 -1 8 -1 #SUP: 52
307 -1 8 -1 18 -1 #SUP: 38
307 -1 14 -1 #SUP: 39
307 -1 17 -1 #SUP: 37
307 -1 18 -1 #SUP: 51
307 -1 29 -1 #SUP: 40
307 -1 71 -1 #SUP: 47
310 -1 #SUP: 218
310 -1 3 -1 #SUP: 62
310 -1 3 -1 8 -1 #SUP: 42
310 -1 3 -1 14 -1 #SUP: 30
310 -1 3 -1 18 -1 #SUP: 36
310 -1 3 -1 71 -1 #SUP: 34
310 -1 8 -1 #SUP: 172
310 -1 8 -1 3 -1 #SUP: 41
310 -1 8 -1 8 -1 #SUP: 122
310 -1 8 -1 8 -1 8 -1 #SUP: 73
310 -1 8 -1 8 -1 8 -1 8 -1 #SUP: 37
310 -1 8 -1 8 -1 8 -1 14 -1 #SUP: 32
310 -1 8 -1 8 -1 8 -1 18 -1 #SUP: 44
310 -1 8 -1 8 -1 14 -1 #SUP: 60
310 -1 8 -1 8 -1 14 -1 8 -1 #SUP: 35
310 -1 8 -1 8 -1 14 -1 18 -1 #SUP: 34
310 -1 8 -1 8 -1 17 -1 #SUP: 38
310 -1 8 -1 8 -1 18 -1 #SUP: 75
310 -1 8 -1 8 -1 18 -1 8 -1 #SUP: 46
310 -1 8 -1 8 -1 18 -1 8 -1 18 -1 #SUP: 32
310 -1 8 -1 8 -1 18 -1 14 -1 #SUP: 35
310 -1 8 -1 8 -1 18 -1 18 -1 #SUP: 40
310 -1 8 -1 8 -1 21 -1 #SUP: 48
310 -1 8 -1 8 -1 21 -1 8 -1 #SUP: 32
310 -1 8 -1 8 -1 29 -1 #SUP: 32
310 -1 8 -1 8 -1 71 -1 #SUP: 45
310 -1 8 -1 8 -1 71 -1 8 -1 #SUP: 31
310 -1 8 -1 14 -1 #SUP: 103
310 -1 8 -1 14 -1 8 -1 #SUP: 61
310 -1 8 -1 14 -1 8 -1 8 -1 #SUP: 32
310 -1 8 -1 14 -1 8 -1 18 -1 #SUP: 36
310 -1 8 -1 14 -1 14 -1 #SUP: 37
310 -1 8 -1 14 -1 18 -1 #SUP: 58
310 -1 8 -1 14 -1 18 -1 8 -1 #SUP: 30
310 -1 8 -1 14 -1 21 -1 #SUP: 37
310 -1 8 -1 14 -1 71 -1 #SUP: 38
310 -1 8 -1 17 -1 #SUP: 79
310 -1 8 -1 17 -1 8 -1 #SUP: 50
310 -1 8 -1 17 -1 8 -1 18 -1 #SUP: 30
310 -1 8 -1 17 -1 14 -1 #SUP: 34
310 -1 8 -1 17 -1 18 -1 #SUP: 42
310 -1 8 -1 17 -1 21 -1 #SUP: 30
310 -1 8 -1 18 -1 #SUP: 133
310 -1 8 -1 18 -1 8 -1 #SUP: 93
310 -1 8 -1 18 -1 8 -1 8 -1 #SUP: 53
310 -1 8 -1 18 -1 8 -1 8 -1 18 -1 #SUP: 31
310 -1 8 -1 18 -1 8 -1 14 -1 #SUP: 46
310 -1 8 -1 18 -1 8 -1 18 -1 #SUP: 55
310 -1 8 -1 18 -1 8 -1 18 -1 8 -1 #SUP: 30
310 -1 8 -1 18 -1 8 -1 18 -1 18 -1 #SUP: 30
310 -1 8 -1 18 -1 8 -1 21 -1 #SUP: 35
310 -1 8 -1 18 -1 8 -1 71 -1 #SUP: 37
310 -1 8 -1 18 -1 14 -1 #SUP: 69
310 -1 8 -1 18 -1 14 -1 8 -1 #SUP: 40
310 -1 8 -1 18 -1 14 -1 18 -1 #SUP: 39
310 -1 8 -1 18 -1 17 -1 #SUP: 47
310 -1 8 -1 18 -1 17 -1 8 -1 #SUP: 32
310 -1 8 -1 18 -1 18 -1 #SUP: 69
310 -1 8 -1 18 -1 18 -1 8 -1 #SUP: 39
310 -1 8 -1 18 -1 18 -1 14 -1 #SUP: 33
310 -1 8 -1 18 -1 18 -1 18 -1 #SUP: 38
310 -1 8 -1 18 -1 21 -1 #SUP: 53
310 -1 8 -1 18 -1 21 -1 8 -1 #SUP: 36
310 -1 8 -1 18 -1 29 -1 #SUP: 48
310 -1 8 -1 18 -1 29 -1 8 -1 #SUP: 31
310 -1 8 -1 18 -1 40 -1 #SUP: 31
310 -1 8 -1 18 -1 71 -1 #SUP: 59
310 -1 8 -1 18 -1 71 -1 8 -1 #SUP: 37
310 -1 8 -1 18 -1 71 -1 18 -1 #SUP: 31
310 -1 8 -1 18 -1 92 -1 #SUP: 32
310 -1 8 -1 20 -1 #SUP: 31
310 -1 8 -1 21 -1 #SUP: 77
310 -1 8 -1 21 -1 8 -1 #SUP: 55
310 -1 8 -1 21 -1 8 -1 8 -1 #SUP: 32
310 -1 8 -1 21 -1 8 -1 18 -1 #SUP: 38
310 -1 8 -1 21 -1 14 -1 #SUP: 37
310 -1 8 -1 21 -1 18 -1 #SUP: 48
310 -1 8 -1 21 -1 18 -1 8 -1 #SUP: 30
310 -1 8 -1 29 -1 #SUP: 65
310 -1 8 -1 29 -1 8 -1 #SUP: 42
310 -1 8 -1 29 -1 14 -1 #SUP: 30
310 -1 8 -1 29 -1 18 -1 #SUP: 33
310 -1 8 -1 30 -1 #SUP: 41
310 -1 8 -1 290 -1 #SUP: 40
310 -1 8 -1 39 -1 #SUP: 40
310 -1 8 -1 40 -1 #SUP: 46
310 -1 8 -1 40 -1 18 -1 #SUP: 30
310 -1 8 -1 52 -1 #SUP: 32
310 -1 8 -1 71 -1 #SUP: 82
310 -1 8 -1 71 -1 8 -1 #SUP: 53
310 -1 8 -1 71 -1 8 -1 18 -1 #SUP: 32
310 -1 8 -1 71 -1 14 -1 #SUP: 36
310 -1 8 -1 71 -1 18 -1 #SUP: 47
310 -1 8 -1 71 -1 21 -1 #SUP: 31
310 -1 8 -1 71 -1 71 -1 #SUP: 36
310 -1 8 -1 92 -1 #SUP: 52
310 -1 8 -1 96 -1 #SUP: 39
310 -1 8 -1 124 -1 #SUP: 32
310 -1 8 -1 227 -1 #SUP: 33
310 -1 14 -1 #SUP: 127
310 -1 14 -1 8 -1 #SUP: 75
310 -1 14 -1 8 -1 8 -1 #SUP: 42
310 -1 14 -1 8 -1 14 -1 #SUP: 35
310 -1 14 -1 8 -1 18 -1 #SUP: 48
310 -1 14 -1 14 -1 #SUP: 57
310 -1 14 -1 14 -1 8 -1 #SUP: 33
310 -1 14 -1 14 -1 18 -1 #SUP: 33
310 -1 14 -1 17 -1 #SUP: 37
310 -1 14 -1 18 -1 #SUP: 73
310 -1 14 -1 18 -1 8 -1 #SUP: 39
310 -1 14 -1 18 -1 14 -1 #SUP: 36
310 -1 14 -1 18 -1 18 -1 #SUP: 33
310 -1 14 -1 18 -1 71 -1 #SUP: 30
310 -1 14 -1 21 -1 #SUP: 46
310 -1 14 -1 21 -1 8 -1 #SUP: 32
310 -1 14 -1 29 -1 #SUP: 39
310 -1 14 -1 71 -1 #SUP: 52
310 -1 14 -1 71 -1 8 -1 #SUP: 33
310 -1 14 -1 92 -1 #SUP: 32
310 -1 17 -1 #SUP: 125
310 -1 17 -1 8 -1 #SUP: 79
310 -1 17 -1 8 -1 8 -1 #SUP: 43
310 -1 17 -1 8 -1 14 -1 #SUP: 33
310 -1 17 -1 8 -1 18 -1 #SUP: 52
310 -1 17 -1 8 -1 21 -1 #SUP: 34
310 -1 17 -1 14 -1 #SUP: 53
310 -1 17 -1 17 -1 #SUP: 48
310 -1 17 -1 18 -1 #SUP: 69
310 -1 17 -1 18 -1 8 -1 #SUP: 37
310 -1 17 -1 18 -1 18 -1 #SUP: 31
310 -1 17 -1 21 -1 #SUP: 48
310 -1 17 -1 21 -1 8 -1 #SUP: 35
310 -1 17 -1 21 -1 18 -1 #SUP: 30
310 -1 17 -1 29 -1 #SUP: 46
310 -1 17 -1 40 -1 #SUP: 30
310 -1 17 -1 71 -1 #SUP: 58
310 -1 17 -1 71 -1 8 -1 #SUP: 37
310 -1 17 -1 71 -1 18 -1 #SUP: 34
310 -1 17 -1 92 -1 #SUP: 39
310 -1 18 -1 #SUP: 170
310 -1 18 -1 3 -1 #SUP: 34
310 -1 18 -1 8 -1 #SUP: 122
310 -1 18 -1 8 -1 8 -1 #SUP: 72
310 -1 18 -1 8 -1 8 -1 8 -1 #SUP: 33
310 -1 18 -1 8 -1 8 -1 14 -1 #SUP: 32
310 -1 18 -1 8 -1 8 -1 18 -1 #SUP: 45
310 -1 18 -1 8 -1 14 -1 #SUP: 72
310 -1 18 -1 8 -1 14 -1 8 -1 #SUP: 38
310 -1 18 -1 8 -1 14 -1 18 -1 #SUP: 39
310 -1 18 -1 8 -1 17 -1 #SUP: 37
310 -1 18 -1 8 -1 18 -1 #SUP: 82
310 -1 18 -1 8 -1 18 -1 8 -1 #SUP: 46
310 -1 18 -1 8 -1 18 -1 8 -1 18 -1 #SUP: 30
310 -1 18 -1 8 -1 18 -1 14 -1 #SUP: 39
310 -1 18 -1 8 -1 18 -1 18 -1 #SUP: 42
310 -1 18 -1 8 -1 18 -1 21 -1 #SUP: 30
310 -1 18 -1 8 -1 18 -1 71 -1 #SUP: 30
310 -1 18 -1 8 -1 21 -1 #SUP: 50
310 -1 18 -1 8 -1 21 -1 8 -1 #SUP: 30
310 -1 18 -1 8 -1 29 -1 #SUP: 40
310 -1 18 -1 8 -1 71 -1 #SUP: 54
310 -1 18 -1 8 -1 71 -1 8 -1 #SUP: 36
310 -1 18 -1 8 -1 92 -1 #SUP: 33
310 -1 18 -1 14 -1 #SUP: 92
310 -1 18 -1 14 -1 8 -1 #SUP: 50
310 -1 18 -1 14 -1 8 -1 18 -1 #SUP: 34
310 -1 18 -1 14 -1 14 -1 #SUP: 37
310 -1 18 -1 14 -1 18 -1 #SUP: 51
310 -1 18 -1 14 -1 21 -1 #SUP: 32
310 -1 18 -1 14 -1 71 -1 #SUP: 33
310 -1 18 -1 17 -1 #SUP: 67
310 -1 18 -1 17 -1 8 -1 #SUP: 41
310 -1 18 -1 17 -1 14 -1 #SUP: 30
310 -1 18 -1 17 -1 18 -1 #SUP: 37
310 -1 18 -1 18 -1 #SUP: 99
310 -1 18 -1 18 -1 8 -1 #SUP: 56
310 -1 18 -1 18 -1 8 -1 8 -1 #SUP: 32
310 -1 18 -1 18 -1 8 -1 18 -1 #SUP: 36
310 -1 18 -1 18 -1 14 -1 #SUP: 49
310 -1 18 -1 18 -1 18 -1 #SUP: 53
310 -1 18 -1 18 -1 21 -1 #SUP: 37
310 -1 18 -1 18 -1 29 -1 #SUP: 34
310 -1 18 -1 18 -1 71 -1 #SUP: 40
310 -1 18 -1 20 -1 #SUP: 35
310 -1 18 -1 21 -1 #SUP: 67
310 -1 18 -1 21 -1 8 -1 #SUP: 45
310 -1 18 -1 21 -1 8 -1 18 -1 #SUP: 32
310 -1 18 -1 21 -1 14 -1 #SUP: 32
310 -1 18 -1 21 -1 18 -1 #SUP: 40
310 -1 18 -1 21 -1 21 -1 #SUP: 30
310 -1 18 -1 29 -1 #SUP: 68
310 -1 18 -1 29 -1 8 -1 #SUP: 41
310 -1 18 -1 29 -1 18 -1 #SUP: 32
310 -1 18 -1 29 -1 71 -1 #SUP: 31
310 -1 18 -1 30 -1 #SUP: 39
310 -1 18 -1 290 -1 #SUP: 43
310 -1 18 -1 39 -1 #SUP: 38
310 -1 18 -1 40 -1 #SUP: 44
310 -1 18 -1 71 -1 #SUP: 82
310 -1 18 -1 71 -1 8 -1 #SUP: 48
310 -1 18 -1 71 -1 8 -1 18 -1 #SUP: 33
310 -1 18 -1 71 -1 14 -1 #SUP: 36
310 -1 18 -1 71 -1 18 -1 #SUP: 46
310 -1 18 -1 71 -1 21 -1 #SUP: 30
310 -1 18 -1 71 -1 71 -1 #SUP: 40
310 -1 18 -1 92 -1 #SUP: 50
310 -1 18 -1 96 -1 #SUP: 33
310 -1 18 -1 124 -1 #SUP: 30
310 -1 18 -1 227 -1 #SUP: 34
310 -1 19 -1 #SUP: 35
310 -1 20 -1 #SUP: 57
310 -1 20 -1 8 -1 #SUP: 40
310 -1 20 -1 18 -1 #SUP: 37
310 -1 20 -1 21 -1 #SUP: 30
310 -1 21 -1 #SUP: 120
310 -1 21 -1 8 -1 #SUP: 94
310 -1 21 -1 8 -1 8 -1 #SUP: 58
310 -1 21 -1 8 -1 8 -1 18 -1 #SUP: 33
310 -1 21 -1 8 -1 14 -1 #SUP: 49
310 -1 21 -1 8 -1 17 -1 #SUP: 32
310 -1 21 -1 8 -1 18 -1 #SUP: 64
310 -1 21 -1 8 -1 18 -1 8 -1 #SUP: 42
310 -1 21 -1 8 -1 18 -1 14 -1 #SUP: 34
310 -1 21 -1 8 -1 18 -1 18 -1 #SUP: 35
310 -1 21 -1 8 -1 21 -1 #SUP: 33
310 -1 21 -1 8 -1 71 -1 #SUP: 38
310 -1 21 -1 14 -1 #SUP: 65
310 -1 21 -1 14 -1 8 -1 #SUP: 42
310 -1 21 -1 14 -1 18 -1 #SUP: 38
310 -1 21 -1 17 -1 #SUP: 44
310 -1 21 -1 18 -1 #SUP: 82
310 -1 21 -1 18 -1 8 -1 #SUP: 56
310 -1 21 -1 18 -1 8 -1 8 -1 #SUP: 32
310 -1 21 -1 18 -1 8 -1 14 -1 #SUP: 31
310 -1 21 -1 18 -1 8 -1 18 -1 #SUP: 33
310 -1 21 -1 18 -1 14 -1 #SUP: 50
310 -1 21 -1 18 -1 14 -1 8 -1 #SUP: 32
310 -1 21 -1 18 -1 18 -1 #SUP: 43
310 -1 21 -1 18 -1 71 -1 #SUP: 36
310 -1 21 -1 21 -1 #SUP: 48
310 -1 21 -1 21 -1 8 -1 #SUP: 30
310 -1 21 -1 29 -1 #SUP: 38
310 -1 21 -1 290 -1 #SUP: 31
310 -1 21 -1 40 -1 #SUP: 33
310 -1 21 -1 71 -1 #SUP: 57
310 -1 21 -1 71 -1 8 -1 #SUP: 36
310 -1 21 -1 71 -1 71 -1 #SUP: 30
310 -1 21 -1 92 -1 #SUP: 34
310 -1 23 -1 #SUP: 30
310 -1 25 -1 #SUP: 32
310 -1 26 -1 #SUP: 39
310 -1 26 -1 8 -1 #SUP: 31
310 -1 29 -1 #SUP: 111
310 -1 29 -1 8 -1 #SUP: 72
310 -1 29 -1 8 -1 8 -1 #SUP: 42
310 -1 29 -1 8 -1 14 -1 #SUP: 37
310 -1 29 -1 8 -1 18 -1 #SUP: 48
310 -1 29 -1 8 -1 21 -1 #SUP: 32
310 -1 29 -1 14 -1 #SUP: 61
310 -1 29 -1 14 -1 8 -1 #SUP: 30
310 -1 29 -1 17 -1 #SUP: 49
310 -1 29 -1 18 -1 #SUP: 68
310 -1 29 -1 18 -1 8 -1 #SUP: 41
310 -1 29 -1 18 -1 14 -1 #SUP: 36
310 -1 29 -1 18 -1 18 -1 #SUP: 32
310 -1 29 -1 21 -1 #SUP: 46
310 -1 29 -1 29 -1 #SUP: 41
310 -1 29 -1 71 -1 #SUP: 55
310 -1 29 -1 71 -1 8 -1 #SUP: 33
310 -1 29 -1 71 -1 18 -1 #SUP: 30
310 -1 30 -1 #SUP: 75
310 -1 30 -1 8 -1 #SUP: 44
310 -1 30 -1 17 -1 #SUP: 42
310 -1 30 -1 18 -1 #SUP: 36
310 -1 30 -1 29 -1 #SUP: 31
310 -1 30 -1 71 -1 #SUP: 35
310 -1 290 -1 #SUP: 74
310 -1 290 -1 8 -1 #SUP: 44
310 -1 290 -1 18 -1 #SUP: 40
310 -1 290 -1 71 -1 #SUP: 40
310 -1 292 -1 #SUP: 31
310 -1 39 -1 #SUP: 56
310 -1 40 -1 #SUP: 79
310 -1 40 -1 8 -1 #SUP: 50
310 -1 40 -1 8 -1 18 -1 #SUP: 36
310 -1 40 -1 14 -1 #SUP: 41
310 -1 40 -1 17 -1 #SUP: 32
310 -1 40 -1 18 -1 #SUP: 57
310 -1 40 -1 18 -1 18 -1 #SUP: 31
310 -1 40 -1 71 -1 #SUP: 43
310 -1 52 -1 #SUP: 48
310 -1 54 -1 #SUP: 41
310 -1 63 -1 #SUP: 30
310 -1 71 -1 #SUP: 126
310 -1 71 -1 8 -1 #SUP: 82
310 -1 71 -1 8 -1 8 -1 #SUP: 41
310 -1 71 -1 8 -1 14 -1 #SUP: 38
310 -1 71 -1 8 -1 18 -1 #SUP: 56
310 -1 71 -1 8 -1 18 -1 8 -1 #SUP: 31
310 -1 71 -1 8 -1 21 -1 #SUP: 31
310 -1 71 -1 8 -1 71 -1 #SUP: 37
310 -1 71 -1 14 -1 #SUP: 59
310 -1 71 -1 14 -1 8 -1 #SUP: 31
310 -1 71 -1 14 -1 18 -1 #SUP: 31
310 -1 71 -1 17 -1 #SUP: 45
310 -1 71 -1 18 -1 #SUP: 78
310 -1 71 -1 18 -1 8 -1 #SUP: 45
310 -1 71 -1 18 -1 14 -1 #SUP: 36
310 -1 71 -1 18 -1 18 -1 #SUP: 39
310 -1 71 -1 18 -1 21 -1 #SUP: 31
310 -1 71 -1 18 -1 71 -1 #SUP: 33
310 -1 71 -1 21 -1 #SUP: 51
310 -1 71 -1 21 -1 8 -1 #SUP: 35
310 -1 71 -1 21 -1 18 -1 #SUP: 31
310 -1 71 -1 29 -1 #SUP: 48
310 -1 71 -1 30 -1 #SUP: 31
310 -1 71 -1 290 -1 #SUP: 42
310 -1 71 -1 40 -1 #SUP: 37
310 -1 71 -1 71 -1 #SUP: 69
310 -1 71 -1 71 -1 8 -1 #SUP: 39
310 -1 71 -1 71 -1 14 -1 #SUP: 32
310 -1 71 -1 71 -1 18 -1 #SUP: 35
310 -1 71 -1 71 -1 71 -1 #SUP: 34
310 -1 71 -1 92 -1 #SUP: 43
310 -1 92 -1 #SUP: 73
310 -1 92 -1 8 -1 #SUP: 34
310 -1 92 -1 18 -1 #SUP: 39
310 -1 92 -1 71 -1 #SUP: 30
310 -1 96 -1 #SUP: 56
310 -1 96 -1 8 -1 #SUP: 36
310 -1 96 -1 14 -1 #SUP: 35
310 -1 96 -1 18 -1 #SUP: 35
310 -1 103 -1 #SUP: 46
310 -1 103 -1 18 -1 #SUP: 33
310 -1 632 -1 #SUP: 44
310 -1 632 -1 18 -1 #SUP: 33
310 -1 124 -1 #SUP: 56
310 -1 124 -1 8 -1 #SUP: 34
310 -1 124 -1 14 -1 #SUP: 32
310 -1 124 -1 18 -1 #SUP: 32
310 -1 206 -1 #SUP: 44
310 -1 206 -1 71 -1 #SUP: 32
310 -1 219 -1 #SUP: 44
310 -1 219 -1 8 -1 #SUP: 31
310 -1 224 -1 #SUP: 34
310 -1 227 -1 #SUP: 45
312 -1 #SUP: 62
312 -1 8 -1 #SUP: 33
312 -1 18 -1 #SUP: 32
315 -1 #SUP: 36
316 -1 #SUP: 73
316 -1 8 -1 #SUP: 40
316 -1 8 -1 18 -1 #SUP: 34
316 -1 14 -1 #SUP: 30
316 -1 18 -1 #SUP: 46
316 -1 71 -1 #SUP: 32
318 -1 #SUP: 182
318 -1 3 -1 #SUP: 41
318 -1 8 -1 #SUP: 91
318 -1 8 -1 8 -1 #SUP: 42
318 -1 8 -1 14 -1 #SUP: 34
318 -1 8 -1 18 -1 #SUP: 55
318 -1 14 -1 #SUP: 76
318 -1 14 -1 8 -1 #SUP: 37
318 -1 14 -1 18 -1 #SUP: 34
318 -1 14 -1 71 -1 #SUP: 31
318 -1 17 -1 #SUP: 38
318 -1 18 -1 #SUP: 79
318 -1 18 -1 8 -1 #SUP: 42
318 -1 20 -1 #SUP: 31
318 -1 21 -1 #SUP: 54
318 -1 21 -1 8 -1 #SUP: 31
318 -1 29 -1 #SUP: 50
318 -1 318 -1 #SUP: 32
318 -1 71 -1 #SUP: 65
318 -1 71 -1 8 -1 #SUP: 32
318 -1 92 -1 #SUP: 40
318 -1 219 -1 #SUP: 33
318 -1 227 -1 #SUP: 34
319 -1 #SUP: 98
319 -1 8 -1 #SUP: 48
319 -1 8 -1 18 -1 #SUP: 31
319 -1 14 -1 #SUP: 42
319 -1 18 -1 #SUP: 45
319 -1 71 -1 #SUP: 40
323 -1 #SUP: 32
332 -1 #SUP: 71
332 -1 8 -1 #SUP: 38
332 -1 14 -1 #SUP: 35
332 -1 71 -1 #SUP: 30
333 -1 #SUP: 39
343 -1 #SUP: 32
347 -1 #SUP: 131
347 -1 3 -1 #SUP: 33
347 -1 8 -1 #SUP: 78
347 -1 8 -1 8 -1 #SUP: 39
347 -1 8 -1 18 -1 #SUP: 46
347 -1 14 -1 #SUP: 53
347 -1 14 -1 8 -1 #SUP: 34
347 -1 17 -1 #SUP: 55
347 -1 18 -1 #SUP: 80
347 -1 18 -1 8 -1 #SUP: 42
347 -1 18 -1 14 -1 #SUP: 33
347 -1 18 -1 18 -1 #SUP: 30
347 -1 21 -1 #SUP: 42
347 -1 29 -1 #SUP: 36
347 -1 30 -1 #SUP: 30
347 -1 40 -1 #SUP: 31
347 -1 71 -1 #SUP: 57
347 -1 92 -1 #SUP: 40
349 -1 #SUP: 30
381 -1 #SUP: 81
381 -1 8 -1 #SUP: 56
381 -1 8 -1 8 -1 #SUP: 36
381 -1 8 -1 14 -1 #SUP: 30
381 -1 8 -1 18 -1 #SUP: 40
381 -1 14 -1 #SUP: 44
381 -1 17 -1 #SUP: 31
381 -1 18 -1 #SUP: 47
381 -1 18 -1 8 -1 #SUP: 30
388 -1 #SUP: 114
388 -1 3 -1 #SUP: 35
388 -1 8 -1 #SUP: 80
388 -1 8 -1 8 -1 #SUP: 50
388 -1 8 -1 8 -1 18 -1 #SUP: 36
388 -1 8 -1 14 -1 #SUP: 38
388 -1 8 -1 17 -1 #SUP: 31
388 -1 8 -1 18 -1 #SUP: 58
388 -1 8 -1 18 -1 8 -1 #SUP: 34
388 -1 8 -1 18 -1 18 -1 #SUP: 34
388 -1 8 -1 71 -1 #SUP: 34
388 -1 14 -1 #SUP: 64
388 -1 14 -1 8 -1 #SUP: 38
388 -1 14 -1 14 -1 #SUP: 30
388 -1 14 -1 18 -1 #SUP: 35
388 -1 17 -1 #SUP: 64
388 -1 17 -1 8 -1 #SUP: 35
388 -1 17 -1 18 -1 #SUP: 32
388 -1 18 -1 #SUP: 94
388 -1 18 -1 8 -1 #SUP: 63
388 -1 18 -1 8 -1 8 -1 #SUP: 38
388 -1 18 -1 8 -1 14 -1 #SUP: 30
388 -1 18 -1 8 -1 18 -1 #SUP: 49
388 -1 18 -1 14 -1 #SUP: 49
388 -1 18 -1 14 -1 8 -1 #SUP: 30
388 -1 18 -1 17 -1 #SUP: 43
388 -1 18 -1 18 -1 #SUP: 57
388 -1 18 -1 18 -1 8 -1 #SUP: 31
388 -1 18 -1 29 -1 #SUP: 31
388 -1 18 -1 71 -1 #SUP: 38
388 -1 20 -1 #SUP: 31
388 -1 21 -1 #SUP: 38
388 -1 29 -1 #SUP: 47
388 -1 40 -1 #SUP: 33
388 -1 71 -1 #SUP: 54
388 -1 71 -1 8 -1 #SUP: 32
388 -1 71 -1 18 -1 #SUP: 30
388 -1 92 -1 #SUP: 30
388 -1 96 -1 #SUP: 33
390 -1 #SUP: 42
391 -1 #SUP: 51
391 -1 8 -1 #SUP: 31
391 -1 14 -1 #SUP: 30
393 -1 #SUP: 47
395 -1 #SUP: 50
400 -1 #SUP: 46
400 -1 8 -1 #SUP: 31
400 -1 18 -1 #SUP: 30
414 -1 #SUP: 44
436 -1 #SUP: 112
436 -1 8 -1 #SUP: 73
436 -1 8 -1 8 -1 #SUP: 46
436 -1 8 -1 17 -1 #SUP: 31
436 -1 8 -1 18 -1 #SUP: 55
436 -1 8 -1 18 -1 8 -1 #SUP: 31
436 -1 8 -1 71 -1 #SUP: 36
436 -1 14 -1 #SUP: 45
436 -1 17 -1 #SUP: 51
436 -1 18 -1 #SUP: 68
436 -1 18 -1 8 -1 #SUP: 39
436 -1 18 -1 18 -1 #SUP: 34
436 -1 18 -1 71 -1 #SUP: 30
436 -1 21 -1 #SUP: 32
436 -1 30 -1 #SUP: 36
436 -1 290 -1 #SUP: 41
436 -1 40 -1 #SUP: 30
436 -1 52 -1 #SUP: 38
436 -1 71 -1 #SUP: 64
436 -1 71 -1 8 -1 #SUP: 32
436 -1 92 -1 #SUP: 30
436 -1 219 -1 #SUP: 30
467 -1 #SUP: 46
468 -1 #SUP: 38
470 -1 #SUP: 59
470 -1 8 -1 #SUP: 30
470 -1 39 -1 #SUP: 39
479 -1 #SUP: 32
484 -1 #SUP: 35
492 -1 #SUP: 47
493 -1 #SUP: 70
493 -1 8 -1 #SUP: 42
493 -1 18 -1 #SUP: 31
502 -1 #SUP: 34
505 -1 #SUP: 46
537 -1 #SUP: 60
537 -1 18 -1 #SUP: 48
543 -1 #SUP: 33
548 -1 #SUP: 38
568 -1 #SUP: 31
591 -1 #SUP: 85
591 -1 8 -1 #SUP: 52
591 -1 8 -1 18 -1 #SUP: 34
591 -1 14 -1 #SUP: 41
591 -1 18 -1 #SUP: 45
591 -1 71 -1 #SUP: 32
591 -1 101 -1 #SUP: 43
592 -1 #SUP: 56
592 -1 8 -1 #SUP: 32
592 -1 18 -1 #SUP: 30
602 -1 #SUP: 44
604 -1 #SUP: 89
604 -1 8 -1 #SUP: 51
604 -1 8 -1 18 -1 #SUP: 32
604 -1 14 -1 #SUP: 44
604 -1 18 -1 #SUP: 53
604 -1 71 -1 #SUP: 34
617 -1 #SUP: 58
617 -1 8 -1 #SUP: 37
617 -1 18 -1 #SUP: 30
632 -1 #SUP: 124
632 -1 8 -1 #SUP: 80
632 -1 8 -1 8 -1 #SUP: 45
632 -1 8 -1 14 -1 #SUP: 34
632 -1 8 -1 17 -1 #SUP: 30
632 -1 8 -1 18 -1 #SUP: 54
632 -1 8 -1 71 -1 #SUP: 34
632 -1 14 -1 #SUP: 54
632 -1 17 -1 #SUP: 58
632 -1 17 -1 8 -1 #SUP: 31
632 -1 17 -1 71 -1 #SUP: 30
632 -1 18 -1 #SUP: 77
632 -1 18 -1 8 -1 #SUP: 37
632 -1 18 -1 18 -1 #SUP: 36
632 -1 18 -1 71 -1 #SUP: 32
632 -1 21 -1 #SUP: 40
632 -1 29 -1 #SUP: 44
632 -1 290 -1 #SUP: 38
632 -1 52 -1 #SUP: 32
632 -1 71 -1 #SUP: 76
632 -1 71 -1 8 -1 #SUP: 40
632 -1 71 -1 18 -1 #SUP: 42
632 -1 71 -1 71 -1 #SUP: 37
632 -1 96 -1 #SUP: 32
685 -1 #SUP: 55
690 -1 #SUP: 61
690 -1 14 -1 #SUP: 39
690 -1 18 -1 #SUP: 42
697 -1 #SUP: 31
707 -1 #SUP: 38
731 -1 #SUP: 49
731 -1 18 -1 #SUP: 32
754 -1 #SUP: 38
759 -1 #SUP: 53
759 -1 18 -1 #SUP: 30
787 -1 #SUP: 39
810 -1 #SUP: 35
846 -1 #SUP: 30
868 -1 #SUP: 47
868 -1 18 -1 #SUP: 42
905 -1 #SUP: 85
905 -1 8 -1 #SUP: 46
905 -1 8 -1 18 -1 #SUP: 31
905 -1 14 -1 #SUP: 35
905 -1 17 -1 #SUP: 33
905 -1 18 -1 #SUP: 54
905 -1 18 -1 8 -1 #SUP: 31
905 -1 71 -1 #SUP: 49
922 -1 #SUP: 59
930 -1 #SUP: 40
934 -1 #SUP: 90
934 -1 8 -1 #SUP: 47
934 -1 8 -1 18 -1 #SUP: 31
934 -1 14 -1 #SUP: 52
934 -1 18 -1 #SUP: 50
934 -1 18 -1 8 -1 #SUP: 33
934 -1 71 -1 #SUP: 36
988 -1 #SUP: 39
1062 -1 #SUP: 31
1067 -1 #SUP: 34
1103 -1 #SUP: 33
1135 -1 #SUP: 43
1165 -1 #SUP: 36
1214 -1 #SUP: 56
1263 -1 #SUP: 51
1421 -1 #SUP: 35
1508 -1 #SUP: 32
2227 -1 #SUP: 48
2672 -1 #SUP: 63
2672 -1 8 -1 #SUP: 30
2672 -1 18 -1 #SUP: 46
2672 -1 18 -1 174 -1 #SUP: 36
2672 -1 174 -1 #SUP: 36
3734 -1 #SUP: 66
3734 -1 8 -1 #SUP: 33
3734 -1 17 -1 #SUP: 31
3734 -1 18 -1 #SUP: 30
3734 -1 71 -1 #SUP: 34
