10307 -1 10311 -1 12487 -1 -2
12559 -1 -2
12695 -1 12703 -1 18715 -1 -2
10311 -1 12387 -1 12515 -1 12691 -1 12695 -1 12699 -1 12703 -1 12823 -1 12831 -1 12847 -1 18595 -1 18679 -1 18751 -1 -2
10291 -1 12523 -1 12531 -1 12535 -1 12883 -1 -2
12523 -1 12539 -1 12803 -1 12819 -1 -2
12819 -1 -2
12471 -1 12491 -1 12531 -1 12535 -1 12567 -1 12663 -1 12667 -1 12823 -1 18447 -1 18507 -1 18691 -1 -2
12487 -1 -2
12547 -1 12815 -1 12895 -1 -2
12527 -1 12799 -1 12807 -1 12819 -1 12879 -1 -2
12807 -1 -2
12875 -1 -2
12407 -1 12507 -1 12519 -1 12547 -1 -2
12479 -1 12483 -1 12487 -1 12527 -1 12535 -1 12539 -1 12555 -1 12715 -1 12723 -1 18447 -1 18619 -1 18691 -1 18815 -1 18819 -1 18831 -1 -2
12403 -1 -2
12875 -1 -2
12371 -1 12419 -1 -2
12823 -1 -2
18547 -1 18587 -1 18735 -1 -2
12523 -1 -2
12459 -1 12523 -1 12531 -1 12559 -1 12663 -1 12667 -1 12687 -1 12847 -1 12851 -1 -2
12621 -1 12647 -1 12667 -1 12807 -1 18707 -1 18715 -1 18747 -1 18755 -1 18763 -1 18767 -1 -2
12647 -1 -2
12395 -1 12403 -1 12431 -1 12447 -1 12451 -1 12515 -1 12679 -1 12715 -1 12727 -1 18431 -1 -2
12511 -1 12627 -1 18507 -1 18755 -1 -2
12559 -1 -2
12663 -1 -2
12647 -1 -2
12299 -1 12355 -1 12367 -1 12395 -1 12419 -1 12431 -1 12435 -1 12443 -1 -2
12403 -1 12411 -1 18547 -1 18619 -1 -2
10877 -1 12399 -1 -2
18547 -1 -2
10849 -1 12431 -1 12663 -1 12743 -1 12747 -1 12751 -1 -2
12895 -1 -2
12463 -1 -2
12299 -1 12395 -1 12399 -1 12403 -1 12443 -1 -2
12327 -1 12351 -1 12355 -1 12655 -1 12723 -1 12727 -1 12803 -1 12895 -1 -2
12663 -1 -2
12403 -1 -2
12567 -1 -2
12621 -1 -2
12503 -1 -2
12895 -1 -2
10849 -1 18471 -1 -2
12403 -1 12895 -1 18691 -1 -2
10307 -1 -2
12621 -1 12775 -1 -2
12875 -1 -2
12403 -1 -2
12895 -1 -2
10315 -1 10829 -1 10837 -1 12819 -1 12823 -1 18507 -1 18627 -1 18675 -1 18735 -1 -2
12495 -1 12895 -1 -2
12823 -1 -2
18423 -1 -2
12695 -1 -2
12555 -1 -2
12627 -1 -2
12555 -1 -2
18615 -1 18619 -1 18743 -1 18747 -1 18751 -1 18755 -1 18759 -1 18763 -1 18767 -1 -2
10315 -1 10837 -1 10853 -1 12411 -1 12555 -1 18723 -1 18727 -1 18731 -1 -2
18439 -1 18443 -1 18447 -1 18451 -1 18455 -1 18459 -1 18855 -1 -2
12591 -1 -2
12695 -1 12703 -1 -2
12447 -1 12555 -1 12727 -1 18527 -1 18559 -1 18691 -1 18723 -1 18735 -1 18871 -1 27385 -1 -2
12591 -1 -2
12439 -1 -2
12547 -1 -2
12591 -1 -2
12663 -1 18787 -1 -2
12547 -1 -2
12431 -1 -2
12547 -1 -2
12547 -1 -2
10311 -1 18651 -1 18871 -1 18879 -1 -2
18723 -1 18787 -1 18871 -1 -2
12419 -1 12503 -1 12567 -1 12831 -1 18635 -1 18723 -1 18787 -1 -2
10303 -1 10311 -1 10319 -1 10323 -1 10339 -1 10343 -1 10829 -1 10833 -1 10837 -1 10849 -1 10853 -1 10857 -1 10861 -1 10865 -1 10869 -1 12323 -1 12471 -1 12475 -1 12487 -1 12571 -1 12575 -1 12647 -1 12651 -1 12655 -1 12659 -1 12667 -1 12671 -1 12679 -1 12699 -1 12703 -1 12711 -1 12715 -1 12719 -1 12735 -1 12739 -1 12743 -1 12759 -1 12763 -1 12779 -1 12799 -1 12827 -1 12835 -1 12839 -1 12847 -1 12851 -1 12859 -1 12863 -1 12867 -1 12875 -1 12883 -1 12887 -1 18415 -1 18707 -1 -2
10881 -1 12663 -1 18431 -1 18647 -1 18831 -1 -2
12675 -1 -2
18707 -1 18863 -1 -2
10291 -1 10295 -1 10299 -1 10307 -1 10327 -1 10331 -1 12663 -1 12679 -1 12683 -1 12695 -1 12699 -1 12703 -1 12799 -1 12819 -1 12823 -1 12827 -1 12831 -1 12879 -1 12895 -1 -2
12875 -1 -2
18547 -1 18863 -1 -2
18707 -1 -2
12627 -1 12631 -1 -2
10829 -1 10833 -1 -2
12547 -1 -2
12411 -1 12503 -1 -2
12431 -1 -2
12431 -1 18523 -1 -2
12507 -1 12567 -1 18507 -1 18523 -1 18567 -1 18595 -1 18635 -1 18799 -1 18811 -1 -2
12547 -1 -2
12551 -1 -2
12515 -1 -2
18675 -1 18683 -1 -2
12355 -1 12607 -1 -2
10291 -1 10295 -1 10299 -1 10307 -1 10315 -1 10327 -1 10331 -1 10335 -1 12523 -1 12527 -1 12531 -1 12631 -1 12695 -1 -2
10311 -1 10315 -1 12487 -1 12523 -1 -2
12559 -1 12567 -1 -2
18787 -1 18871 -1 18879 -1 -2
12487 -1 -2
12547 -1 -2
10295 -1 12691 -1 -2
12559 -1 -2
12627 -1 18459 -1 -2
20807 -1 -2
12559 -1 -2
12659 -1 -2
12655 -1 12695 -1 -2
12559 -1 12567 -1 -2
10327 -1 10331 -1 10335 -1 12531 -1 12687 -1 12691 -1 12795 -1 12803 -1 12815 -1 12819 -1 12831 -1 -2
12491 -1 -2
12559 -1 -2
12559 -1 -2
12551 -1 -2
12559 -1 -2
12403 -1 -2
12479 -1 12627 -1 12683 -1 12687 -1 12795 -1 12803 -1 12815 -1 12831 -1 -2
12343 -1 12347 -1 12351 -1 12355 -1 12559 -1 12711 -1 12723 -1 12727 -1 12883 -1 18563 -1 -2
12851 -1 -2
12567 -1 -2
10295 -1 10307 -1 10311 -1 12663 -1 12667 -1 12683 -1 -2
12579 -1 -2
10307 -1 12663 -1 -2
18707 -1 -2
10311 -1 10861 -1 12479 -1 12483 -1 12487 -1 12491 -1 12663 -1 12759 -1 18619 -1 18847 -1 18863 -1 18871 -1 -2
12621 -1 -2
10303 -1 10311 -1 10319 -1 10323 -1 10339 -1 10343 -1 10829 -1 10833 -1 10837 -1 10841 -1 10845 -1 10849 -1 10853 -1 10857 -1 10861 -1 10865 -1 10869 -1 10877 -1 10881 -1 12323 -1 12327 -1 12331 -1 12335 -1 12343 -1 12347 -1 12351 -1 12355 -1 12431 -1 12471 -1 12475 -1 12487 -1 12547 -1 12551 -1 12555 -1 12559 -1 12563 -1 12567 -1 12571 -1 12575 -1 12579 -1 12583 -1 12587 -1 12591 -1 12595 -1 12621 -1 12647 -1 12651 -1 12655 -1 12659 -1 12667 -1 12671 -1 12679 -1 12699 -1 12703 -1 12711 -1 12715 -1 12719 -1 12735 -1 12739 -1 12743 -1 12759 -1 12763 -1 12779 -1 12799 -1 12823 -1 12827 -1 12835 -1 12839 -1 12847 -1 12851 -1 12859 -1 12863 -1 12867 -1 12875 -1 12883 -1 12887 -1 12891 -1 12895 -1 -2
12551 -1 12559 -1 -2
18575 -1 18787 -1 18863 -1 -2
18871 -1 -2
18827 -1 18831 -1 -2
12775 -1 -2
10295 -1 10307 -1 10315 -1 12399 -1 12559 -1 12811 -1 12847 -1 18779 -1 -2
12403 -1 12495 -1 12503 -1 12663 -1 -2
10295 -1 10307 -1 10311 -1 10315 -1 10849 -1 10877 -1 12347 -1 12463 -1 12487 -1 12495 -1 12515 -1 12523 -1 12531 -1 12551 -1 12567 -1 12627 -1 12655 -1 12691 -1 12695 -1 12823 -1 12831 -1 12895 -1 12907 -1 18511 -1 -2
10295 -1 10307 -1 10311 -1 10315 -1 10857 -1 10861 -1 12531 -1 12647 -1 12651 -1 12655 -1 12667 -1 12671 -1 12723 -1 12739 -1 12747 -1 12807 -1 12819 -1 12823 -1 12847 -1 12867 -1 18479 -1 18487 -1 18499 -1 18611 -1 18643 -1 18671 -1 18675 -1 18727 -1 18751 -1 18831 -1 18863 -1 -2
12715 -1 -2
12351 -1 12847 -1 -2
12487 -1 12675 -1 -2
12567 -1 -2
10303 -1 10857 -1 10861 -1 10865 -1 12607 -1 12611 -1 12615 -1 12715 -1 12719 -1 12723 -1 12727 -1 12731 -1 12735 -1 12739 -1 12743 -1 12747 -1 12751 -1 12755 -1 12759 -1 12763 -1 12767 -1 12771 -1 12775 -1 12779 -1 12783 -1 12787 -1 -2
10857 -1 10865 -1 12479 -1 12483 -1 12487 -1 12491 -1 12603 -1 12607 -1 12621 -1 12683 -1 12695 -1 12699 -1 12703 -1 12823 -1 12867 -1 18787 -1 -2
18683 -1 18695 -1 -2
18619 -1 18787 -1 -2
12591 -1 -2
12463 -1 12479 -1 12483 -1 12487 -1 18863 -1 -2
12483 -1 12491 -1 12663 -1 12667 -1 12671 -1 -2
12727 -1 -2
10311 -1 10323 -1 12479 -1 12483 -1 12487 -1 -2
12483 -1 12487 -1 18627 -1 18651 -1 18787 -1 -2
18423 -1 18427 -1 18431 -1 18443 -1 18447 -1 18451 -1 18455 -1 18459 -1 18511 -1 18515 -1 18519 -1 18527 -1 18535 -1 18539 -1 18543 -1 18551 -1 18555 -1 18559 -1 18563 -1 18567 -1 18571 -1 18575 -1 18579 -1 18595 -1 18603 -1 18615 -1 18619 -1 18627 -1 18631 -1 18635 -1 18639 -1 18643 -1 18647 -1 18651 -1 18655 -1 18659 -1 18663 -1 18675 -1 18683 -1 18691 -1 18695 -1 18699 -1 18703 -1 18707 -1 18711 -1 18715 -1 18719 -1 18723 -1 18727 -1 18731 -1 18735 -1 18743 -1 18747 -1 18751 -1 18755 -1 18759 -1 18763 -1 18767 -1 18795 -1 18799 -1 18807 -1 18847 -1 18855 -1 20807 -1 27385 -1 27389 -1 -2
10315 -1 -2
12399 -1 12503 -1 18787 -1 18831 -1 -2
18831 -1 -2
12459 -1 12523 -1 12531 -1 -2
12451 -1 12621 -1 12663 -1 12847 -1 18419 -1 18447 -1 18455 -1 18547 -1 18611 -1 18619 -1 18675 -1 18707 -1 18795 -1 18855 -1 18863 -1 -2
12739 -1 12835 -1 12847 -1 18419 -1 18535 -1 18611 -1 18651 -1 18855 -1 20803 -1 -2
12451 -1 12783 -1 18831 -1 -2
18619 -1 -2
18863 -1 -2
18639 -1 -2
12431 -1 -2
12403 -1 12411 -1 12487 -1 -2
10311 -1 12607 -1 -2
12451 -1 12751 -1 -2
12879 -1 -2
12411 -1 12515 -1 -2
10311 -1 12355 -1 12699 -1 12895 -1 -2
10311 -1 12479 -1 12483 -1 12487 -1 12507 -1 12643 -1 12659 -1 -2
10295 -1 10307 -1 12447 -1 12495 -1 18691 -1 18879 -1 -2
12483 -1 12555 -1 18871 -1 -2
12567 -1 -2
12411 -1 -2
10307 -1 12411 -1 12663 -1 12679 -1 12895 -1 -2
12431 -1 -2
12847 -1 -2
12621 -1 18855 -1 -2
12355 -1 -2
12579 -1 -2
12511 -1 -2
12559 -1 12683 -1 12719 -1 12731 -1 12759 -1 12819 -1 -2
18691 -1 -2
12371 -1 12691 -1 -2
12299 -1 12371 -1 12395 -1 12419 -1 12439 -1 -2
10291 -1 10295 -1 10299 -1 10303 -1 10307 -1 10311 -1 10319 -1 10829 -1 10833 -1 10837 -1 10841 -1 10845 -1 10853 -1 10857 -1 10861 -1 10865 -1 10869 -1 10877 -1 10881 -1 12299 -1 12323 -1 12327 -1 12331 -1 12335 -1 12339 -1 12343 -1 12347 -1 12351 -1 12355 -1 12367 -1 12371 -1 12375 -1 12395 -1 12399 -1 12403 -1 12407 -1 12411 -1 12415 -1 12419 -1 12423 -1 12427 -1 12431 -1 12435 -1 12439 -1 12443 -1 12447 -1 12451 -1 12459 -1 12463 -1 12467 -1 12483 -1 12487 -1 12491 -1 12495 -1 12607 -1 12611 -1 12615 -1 12621 -1 12627 -1 12631 -1 12643 -1 12647 -1 12651 -1 12659 -1 12663 -1 12667 -1 12671 -1 12683 -1 12711 -1 12715 -1 12719 -1 12723 -1 12731 -1 12735 -1 12739 -1 12743 -1 12747 -1 12751 -1 12755 -1 12759 -1 12763 -1 12767 -1 12771 -1 12775 -1 12779 -1 12783 -1 12787 -1 -2
10295 -1 10307 -1 10311 -1 10315 -1 12559 -1 12567 -1 12627 -1 12663 -1 12679 -1 12683 -1 18619 -1 18671 -1 18723 -1 -2
10295 -1 10307 -1 10311 -1 12487 -1 12571 -1 12683 -1 12687 -1 12703 -1 12795 -1 12819 -1 12823 -1 12875 -1 -2
10311 -1 12567 -1 12875 -1 -2
12447 -1 12751 -1 -2
12331 -1 -2
12483 -1 12487 -1 12547 -1 12567 -1 18619 -1 18723 -1 18735 -1 18787 -1 -2
10295 -1 10307 -1 10311 -1 10315 -1 12463 -1 12479 -1 12491 -1 12495 -1 12519 -1 12667 -1 12671 -1 12779 -1 12783 -1 12879 -1 18423 -1 -2
10295 -1 10299 -1 10303 -1 10311 -1 10315 -1 10319 -1 10829 -1 10837 -1 10841 -1 10869 -1 12451 -1 12487 -1 12523 -1 12563 -1 12571 -1 12583 -1 12587 -1 12591 -1 12621 -1 12687 -1 12699 -1 12703 -1 12715 -1 12727 -1 12731 -1 12771 -1 12831 -1 12859 -1 12875 -1 18419 -1 18423 -1 18427 -1 18431 -1 18499 -1 18507 -1 18519 -1 18523 -1 18535 -1 18579 -1 18619 -1 18635 -1 18643 -1 18655 -1 18663 -1 18683 -1 18723 -1 18735 -1 18787 -1 18807 -1 18847 -1 -2
10307 -1 10311 -1 10315 -1 10319 -1 12487 -1 12679 -1 12703 -1 -2
18691 -1 -2
12451 -1 12555 -1 -2
10307 -1 12431 -1 -2
12467 -1 12487 -1 -2
10311 -1 10829 -1 12463 -1 12591 -1 12899 -1 18507 -1 18651 -1 18707 -1 -2
10311 -1 10315 -1 12347 -1 12351 -1 12355 -1 12491 -1 12739 -1 12759 -1 -2
12679 -1 -2
10295 -1 12695 -1 12703 -1 12835 -1 12847 -1 -2
10307 -1 -2
12727 -1 18671 -1 -2
12367 -1 12403 -1 12447 -1 12451 -1 12503 -1 12515 -1 12547 -1 12551 -1 12555 -1 12591 -1 12611 -1 12621 -1 12631 -1 12663 -1 12667 -1 12687 -1 12723 -1 12731 -1 12747 -1 12755 -1 12771 -1 12787 -1 12827 -1 18427 -1 18547 -1 18659 -1 18707 -1 18723 -1 18775 -1 18827 -1 18831 -1 18863 -1 -2
12751 -1 -2
12559 -1 12763 -1 -2
12327 -1 12659 -1 -2
10833 -1 12339 -1 12431 -1 12515 -1 12519 -1 12683 -1 12687 -1 12691 -1 12695 -1 12723 -1 12771 -1 12795 -1 18691 -1 -2
10861 -1 -2
12427 -1 12431 -1 -2
18459 -1 -2
18847 -1 -2
10841 -1 10877 -1 12659 -1 18423 -1 -2
10845 -1 12427 -1 12559 -1 12667 -1 12799 -1 -2
12427 -1 12667 -1 12803 -1 12819 -1 -2
18635 -1 -2
10295 -1 10307 -1 10311 -1 10315 -1 10861 -1 10877 -1 12299 -1 12403 -1 12683 -1 12687 -1 12691 -1 12695 -1 18831 -1 -2
12355 -1 12411 -1 12559 -1 12667 -1 18467 -1 18483 -1 18527 -1 18611 -1 18619 -1 18787 -1 -2
10311 -1 12559 -1 12567 -1 18427 -1 18459 -1 18467 -1 18471 -1 18475 -1 18479 -1 18483 -1 18487 -1 18491 -1 18495 -1 18499 -1 18507 -1 18511 -1 18519 -1 18523 -1 18527 -1 18543 -1 18547 -1 18567 -1 18587 -1 18611 -1 18615 -1 18619 -1 18651 -1 18655 -1 18695 -1 -2
18423 -1 -2
10295 -1 10311 -1 10315 -1 12611 -1 12621 -1 12715 -1 12723 -1 12727 -1 18467 -1 18471 -1 18475 -1 18479 -1 18483 -1 18487 -1 18491 -1 18495 -1 18499 -1 18651 -1 18743 -1 18879 -1 -2
10311 -1 -2
12591 -1 -2
10307 -1 12621 -1 12783 -1 12895 -1 18691 -1 -2
18659 -1 18787 -1 -2
10319 -1 12551 -1 12567 -1 12755 -1 -2
10307 -1 -2
12411 -1 -2
10877 -1 12371 -1 12495 -1 12731 -1 18423 -1 18559 -1 18831 -1 -2
10307 -1 -2
12879 -1 -2
12879 -1 -2
18651 -1 -2
18523 -1 18587 -1 18619 -1 -2
12491 -1 12531 -1 12679 -1 12683 -1 12823 -1 18547 -1 -2
12783 -1 -2
12621 -1 -2
12439 -1 12723 -1 12731 -1 12747 -1 12751 -1 -2
12531 -1 12679 -1 12783 -1 12823 -1 12883 -1 -2
10303 -1 10307 -1 12299 -1 12395 -1 12591 -1 12621 -1 18827 -1 18871 -1 -2
12483 -1 12487 -1 12667 -1 -2
12775 -1 12783 -1 -2
18787 -1 -2
12663 -1 12723 -1 -2
12403 -1 12439 -1 12483 -1 12487 -1 12611 -1 12679 -1 12703 -1 12763 -1 12895 -1 18831 -1 -2
12399 -1 -2
12695 -1 12703 -1 -2
10311 -1 -2
12515 -1 -2
12323 -1 12547 -1 12551 -1 12559 -1 18595 -1 -2
18879 -1 -2
12411 -1 12439 -1 12515 -1 -2
12559 -1 12579 -1 12695 -1 -2
18547 -1 18551 -1 18651 -1 18707 -1 18863 -1 -2
12559 -1 12655 -1 12803 -1 -2
18599 -1 -2
12339 -1 -2
12403 -1 12411 -1 -2
18827 -1 -2
12463 -1 -2
12403 -1 12411 -1 -2
10849 -1 12355 -1 -2
18459 -1 -2
12415 -1 12463 -1 12475 -1 12563 -1 12867 -1 12895 -1 18675 -1 -2
12403 -1 12411 -1 12439 -1 12451 -1 -2
12515 -1 12747 -1 12755 -1 12771 -1 12895 -1 18635 -1 -2
12399 -1 12415 -1 12487 -1 12567 -1 12615 -1 12663 -1 12679 -1 12703 -1 12835 -1 12875 -1 12895 -1 18523 -1 -2
10299 -1 10307 -1 -2
12571 -1 -2
12751 -1 -2
12479 -1 12783 -1 -2
12607 -1 -2
12879 -1 -2
18727 -1 27385 -1 -2
10311 -1 12483 -1 12787 -1 -2
12411 -1 -2
12679 -1 -2
12763 -1 -2
12371 -1 -2
18523 -1 18587 -1 18671 -1 18831 -1 -2
12399 -1 12559 -1 18691 -1 -2
12395 -1 -2
12621 -1 -2
12299 -1 12323 -1 12367 -1 12415 -1 20807 -1 -2
12559 -1 12823 -1 -2
10311 -1 12551 -1 12555 -1 12559 -1 12563 -1 18423 -1 18547 -1 18551 -1 18787 -1 -2
12819 -1 12823 -1 -2
12519 -1 -2
12621 -1 -2
12621 -1 -2
10295 -1 10311 -1 10315 -1 12479 -1 12483 -1 12487 -1 -2
18547 -1 -2
18663 -1 -2
10295 -1 -2
12663 -1 12895 -1 -2
12411 -1 -2
12515 -1 -2
10307 -1 10311 -1 12471 -1 12491 -1 -2
10849 -1 12891 -1 -2
10295 -1 10299 -1 10307 -1 -2
12675 -1 12679 -1 12723 -1 -2
12867 -1 -2
10315 -1 12567 -1 12875 -1 18743 -1 18787 -1 -2
12411 -1 -2
12627 -1 -2
12419 -1 -2
12867 -1 -2
12411 -1 18831 -1 -2
18603 -1 -2
12559 -1 -2
10291 -1 10295 -1 10299 -1 10307 -1 10315 -1 10857 -1 10861 -1 10865 -1 12479 -1 12523 -1 12527 -1 12531 -1 12627 -1 12631 -1 12655 -1 12683 -1 12687 -1 12691 -1 12695 -1 12723 -1 12795 -1 12803 -1 12815 -1 12819 -1 12831 -1 12895 -1 -2
12431 -1 -2
12463 -1 -2
12567 -1 -2
12679 -1 -2
10877 -1 -2
10861 -1 -2
10833 -1 10849 -1 -2
18599 -1 -2
12447 -1 -2
18831 -1 -2
12751 -1 -2
10307 -1 12323 -1 12611 -1 12615 -1 12679 -1 12755 -1 12767 -1 12771 -1 18423 -1 18451 -1 18543 -1 -2
12367 -1 12679 -1 -2
12343 -1 12351 -1 12621 -1 12627 -1 -2
12419 -1 -2
12431 -1 12695 -1 -2
12695 -1 -2
10303 -1 12559 -1 12759 -1 12807 -1 12895 -1 -2
10295 -1 12447 -1 12451 -1 12621 -1 12695 -1 12727 -1 12819 -1 12823 -1 12867 -1 18431 -1 18723 -1 18871 -1 -2
18547 -1 -2
12367 -1 12395 -1 12403 -1 -2
18619 -1 -2
12779 -1 12783 -1 18635 -1 18723 -1 -2
10311 -1 -2
12759 -1 -2
12511 -1 12627 -1 12683 -1 12695 -1 12699 -1 18547 -1 18707 -1 -2
12399 -1 -2
10295 -1 10307 -1 12815 -1 12895 -1 -2
12411 -1 -2
12407 -1 12575 -1 -2
18579 -1 18723 -1 18787 -1 18831 -1 -2
18419 -1 18423 -1 18427 -1 18431 -1 -2
18511 -1 -2
10311 -1 -2
18787 -1 -2
10311 -1 12711 -1 -2
12371 -1 12395 -1 -2
12355 -1 -2
18499 -1 18787 -1 -2
12863 -1 -2
10311 -1 18787 -1 -2
12663 -1 -2
12547 -1 12611 -1 12621 -1 18563 -1 -2
10315 -1 -2
12495 -1 12807 -1 18603 -1 18787 -1 -2
12621 -1 12731 -1 18723 -1 -2
10857 -1 12743 -1 12763 -1 -2
12427 -1 12515 -1 18603 -1 18787 -1 -2
12567 -1 -2
10291 -1 10299 -1 10303 -1 10307 -1 10311 -1 10319 -1 12479 -1 12483 -1 12607 -1 12611 -1 12615 -1 12621 -1 12683 -1 12695 -1 12703 -1 12711 -1 12715 -1 12719 -1 12723 -1 12727 -1 12731 -1 12747 -1 12751 -1 12759 -1 12767 -1 12771 -1 12775 -1 12779 -1 12783 -1 12787 -1 -2
12447 -1 -2
12715 -1 -2
10307 -1 12351 -1 -2
10311 -1 12515 -1 -2
10829 -1 -2
18855 -1 -2
12471 -1 12663 -1 12895 -1 18443 -1 18563 -1 -2
12621 -1 -2
12299 -1 12411 -1 12419 -1 12679 -1 12895 -1 -2
12507 -1 18831 -1 -2
12483 -1 -2
12347 -1 12355 -1 12759 -1 -2
12403 -1 -2
10307 -1 12715 -1 -2
12407 -1 -2
10841 -1 12723 -1 -2
12559 -1 -2
12559 -1 -2
12695 -1 -2
12771 -1 -2
12883 -1 18831 -1 -2
12679 -1 -2
18787 -1 -2
12567 -1 -2
12807 -1 12823 -1 -2
12371 -1 12395 -1 12555 -1 12559 -1 12631 -1 12859 -1 18459 -1 18731 -1 18775 -1 18779 -1 18795 -1 18799 -1 18807 -1 18811 -1 18815 -1 18827 -1 18831 -1 18839 -1 18847 -1 18855 -1 18863 -1 20803 -1 20807 -1 27389 -1 -2
12411 -1 12847 -1 -2
12775 -1 18523 -1 -2
12731 -1 -2
12575 -1 -2
12819 -1 -2
10881 -1 -2
10299 -1 10307 -1 10315 -1 10829 -1 12831 -1 18659 -1 18727 -1 -2
12547 -1 12555 -1 18787 -1 -2
18743 -1 -2
12847 -1 18847 -1 -2
10311 -1 12411 -1 12621 -1 12663 -1 12683 -1 12715 -1 12807 -1 12819 -1 12879 -1 12895 -1 18523 -1 18683 -1 18831 -1 -2
12683 -1 18831 -1 -2
12431 -1 -2
12807 -1 12879 -1 12895 -1 -2
12559 -1 12723 -1 12727 -1 -2
12523 -1 12663 -1 12679 -1 12683 -1 12851 -1 -2
12895 -1 -2
12559 -1 -2
12323 -1 12655 -1 -2
12751 -1 12755 -1 -2
12743 -1 12819 -1 18671 -1 -2
12795 -1 12839 -1 12867 -1 12891 -1 -2
12459 -1 12463 -1 12467 -1 12471 -1 12475 -1 12479 -1 12483 -1 12487 -1 12491 -1 12495 -1 12559 -1 12663 -1 18707 -1 -2
12627 -1 18723 -1 18871 -1 -2
12895 -1 -2
12683 -1 12695 -1 12827 -1 18751 -1 -2
12411 -1 12431 -1 12439 -1 12679 -1 -2
10307 -1 12403 -1 12411 -1 -2
12415 -1 -2
12899 -1 -2
12339 -1 -2
18847 -1 -2
18847 -1 -2
10315 -1 12667 -1 12895 -1 -2
10307 -1 -2
10833 -1 -2
12679 -1 12883 -1 -2
12487 -1 12495 -1 12567 -1 12795 -1 12819 -1 12823 -1 -2
12679 -1 12699 -1 12703 -1 12803 -1 12807 -1 12827 -1 12831 -1 -2
12371 -1 -2
12895 -1 -2
12595 -1 12731 -1 12903 -1 18487 -1 18523 -1 18587 -1 18671 -1 -2
12843 -1 12847 -1 -2
12867 -1 -2
12627 -1 -2
10307 -1 -2
12783 -1 -2
10307 -1 12559 -1 12895 -1 18559 -1 -2
10307 -1 -2
12559 -1 12695 -1 12703 -1 -2
12515 -1 12519 -1 18431 -1 18603 -1 18647 -1 18723 -1 18787 -1 -2
10311 -1 12547 -1 12555 -1 12679 -1 -2
10849 -1 -2
12555 -1 12563 -1 12715 -1 12723 -1 12727 -1 12735 -1 12739 -1 12743 -1 12747 -1 12751 -1 12759 -1 12763 -1 12767 -1 12771 -1 12775 -1 12779 -1 -2
12847 -1 -2
12723 -1 -2
12419 -1 12483 -1 12487 -1 -2
12395 -1 12399 -1 -2
10861 -1 -2
12415 -1 -2
12347 -1 12355 -1 -2
12715 -1 12719 -1 12723 -1 12727 -1 12731 -1 12739 -1 12747 -1 12751 -1 12755 -1 12767 -1 12771 -1 12775 -1 12779 -1 12787 -1 18847 -1 -2
12735 -1 -2
12611 -1 12621 -1 18683 -1 18831 -1 -2
18523 -1 -2
12431 -1 12663 -1 12667 -1 -2
18723 -1 -2
12479 -1 -2
18787 -1 -2
12875 -1 -2
12621 -1 -2
18775 -1 -2
12895 -1 -2
12403 -1 12663 -1 -2
10307 -1 12491 -1 12651 -1 20807 -1 -2
12483 -1 -2
12551 -1 12567 -1 12783 -1 -2
12723 -1 -2
12347 -1 12355 -1 -2
12679 -1 12815 -1 12895 -1 -2
12347 -1 12355 -1 12431 -1 12483 -1 12547 -1 12611 -1 12715 -1 12775 -1 12783 -1 -2
12715 -1 12847 -1 18707 -1 -2
12883 -1 -2
12691 -1 -2
12411 -1 12531 -1 12663 -1 12687 -1 18587 -1 -2
10295 -1 -2
12719 -1 12723 -1 12727 -1 -2
12327 -1 12355 -1 12775 -1 12895 -1 -2
12431 -1 18707 -1 18715 -1 18719 -1 18723 -1 18727 -1 18731 -1 18735 -1 27385 -1 -2
10295 -1 10307 -1 10311 -1 12563 -1 12579 -1 12907 -1 -2
10311 -1 12703 -1 -2
12815 -1 -2
18855 -1 -2
12571 -1 12679 -1 12695 -1 12699 -1 12703 -1 -2
10849 -1 -2
12367 -1 -2
10833 -1 10841 -1 12823 -1 -2
10307 -1 -2
10311 -1 -2
20807 -1 -2
12431 -1 18423 -1 18551 -1 -2
12415 -1 12679 -1 12783 -1 12895 -1 18831 -1 -2
12395 -1 12415 -1 -2
10307 -1 -2
10307 -1 -2
18547 -1 -2
12883 -1 -2
10311 -1 12475 -1 12483 -1 12487 -1 12555 -1 12621 -1 12627 -1 12631 -1 12691 -1 12695 -1 12703 -1 12787 -1 12903 -1 -2
12621 -1 12663 -1 -2
12723 -1 -2
12679 -1 -2
10295 -1 12679 -1 -2
12695 -1 -2
10295 -1 10307 -1 10311 -1 12515 -1 12819 -1 -2
12751 -1 -2
12431 -1 -2
12347 -1 12371 -1 12395 -1 12431 -1 12559 -1 -2
12355 -1 -2
10311 -1 12699 -1 12703 -1 -2
12823 -1 -2
12659 -1 12863 -1 12879 -1 -2
10307 -1 12351 -1 12895 -1 -2
10295 -1 -2
10291 -1 10307 -1 12487 -1 12651 -1 12679 -1 12683 -1 12691 -1 12695 -1 12703 -1 12795 -1 12891 -1 -2
12411 -1 -2
18799 -1 -2
12431 -1 12783 -1 -2
10311 -1 12559 -1 18723 -1 18787 -1 -2
12347 -1 12355 -1 12795 -1 18427 -1 18459 -1 18615 -1 18619 -1 18767 -1 18855 -1 18863 -1 -2
12367 -1 -2
18523 -1 -2
12679 -1 12895 -1 -2
12491 -1 12879 -1 -2
12491 -1 -2
10311 -1 12395 -1 12411 -1 12663 -1 12751 -1 12759 -1 -2
18675 -1 -2
12523 -1 12683 -1 12771 -1 18699 -1 -2
12751 -1 -2
12695 -1 -2
12403 -1 12621 -1 12771 -1 18483 -1 18831 -1 -2
12651 -1 12655 -1 -2
12527 -1 12683 -1 -2
12459 -1 12463 -1 12467 -1 12475 -1 12663 -1 12667 -1 12671 -1 18431 -1 18443 -1 18447 -1 18451 -1 18487 -1 18499 -1 18507 -1 18511 -1 18515 -1 18519 -1 18523 -1 18527 -1 18563 -1 18595 -1 18599 -1 18603 -1 18619 -1 18659 -1 18671 -1 18675 -1 18679 -1 18683 -1 18691 -1 18695 -1 18699 -1 18703 -1 18707 -1 18711 -1 18715 -1 18719 -1 18723 -1 18727 -1 18731 -1 18735 -1 18755 -1 18763 -1 27385 -1 27389 -1 -2
10315 -1 12343 -1 12487 -1 12631 -1 12675 -1 12875 -1 12895 -1 12899 -1 -2
12555 -1 -2
12571 -1 -2
12351 -1 12771 -1 -2
12559 -1 12563 -1 -2
12723 -1 12727 -1 18831 -1 -2
18427 -1 18727 -1 -2
10833 -1 10837 -1 12559 -1 -2
18427 -1 -2
12775 -1 -2
18871 -1 18875 -1 18879 -1 18883 -1 -2
12819 -1 -2
12747 -1 -2
10311 -1 -2
12355 -1 12583 -1 12659 -1 18467 -1 18475 -1 -2
12687 -1 12847 -1 -2
12823 -1 -2
12407 -1 18831 -1 -2
12403 -1 -2
12739 -1 -2
12891 -1 -2
18423 -1 -2
12621 -1 -2
12663 -1 -2
12443 -1 12451 -1 12691 -1 12723 -1 12751 -1 12775 -1 12795 -1 18491 -1 18547 -1 18619 -1 18707 -1 18775 -1 -2
10311 -1 10833 -1 12395 -1 12419 -1 12427 -1 12435 -1 12507 -1 12775 -1 12847 -1 18439 -1 18507 -1 18511 -1 18583 -1 18587 -1 18595 -1 18599 -1 18603 -1 18619 -1 18627 -1 18659 -1 18671 -1 18679 -1 18695 -1 18787 -1 18847 -1 20807 -1 -2
10877 -1 -2
12823 -1 -2
10299 -1 12751 -1 -2
18879 -1 -2
12579 -1 12583 -1 -2
18775 -1 18779 -1 18863 -1 20807 -1 -2
18831 -1 -2
12731 -1 12771 -1 -2
10307 -1 10311 -1 12487 -1 12519 -1 12621 -1 12643 -1 12895 -1 18671 -1 -2
10311 -1 -2
12663 -1 18855 -1 18863 -1 -2
10295 -1 12895 -1 -2
12483 -1 12567 -1 12903 -1 18467 -1 18487 -1 18499 -1 18507 -1 18523 -1 18535 -1 18563 -1 18595 -1 18599 -1 18659 -1 18663 -1 18675 -1 18679 -1 18683 -1 18691 -1 18787 -1 18847 -1 -2
12439 -1 -2
12483 -1 -2
12367 -1 12403 -1 12895 -1 -2
12395 -1 -2
12819 -1 12823 -1 18727 -1 -2
10307 -1 -2
12419 -1 12447 -1 12487 -1 12503 -1 12515 -1 18487 -1 18871 -1 -2
12559 -1 12723 -1 12727 -1 -2
10311 -1 12439 -1 12447 -1 12643 -1 12679 -1 12747 -1 18459 -1 18467 -1 18655 -1 18707 -1 -2
12559 -1 -2
12559 -1 -2
12675 -1 -2
12339 -1 12447 -1 -2
12567 -1 18787 -1 -2
18583 -1 -2
12431 -1 12847 -1 -2
12491 -1 12823 -1 -2
12355 -1 -2
18443 -1 -2
10853 -1 -2
10877 -1 12627 -1 12871 -1 12895 -1 -2
10829 -1 -2
12687 -1 -2
12351 -1 -2
10307 -1 12487 -1 12679 -1 12691 -1 12895 -1 -2
12327 -1 12515 -1 -2
12559 -1 -2
10311 -1 -2
10295 -1 -2
12451 -1 12511 -1 -2
12515 -1 12723 -1 12735 -1 12751 -1 12755 -1 -2
12631 -1 -2
12511 -1 -2
12403 -1 12411 -1 18651 -1 -2
12871 -1 12895 -1 18583 -1 -2
10295 -1 10311 -1 10315 -1 12355 -1 12411 -1 12463 -1 12483 -1 12507 -1 12555 -1 12563 -1 12587 -1 12621 -1 12695 -1 12795 -1 18475 -1 18651 -1 18683 -1 18879 -1 -2
18459 -1 -2
12343 -1 -2
12747 -1 -2
12663 -1 12667 -1 -2
12663 -1 -2
12803 -1 18847 -1 -2
12483 -1 12551 -1 12563 -1 12591 -1 12643 -1 12647 -1 12651 -1 12687 -1 12691 -1 12695 -1 12699 -1 12703 -1 12819 -1 18547 -1 18595 -1 18707 -1 18715 -1 18787 -1 18863 -1 -2
12479 -1 -2
18831 -1 -2
10311 -1 12451 -1 12483 -1 12487 -1 12555 -1 12615 -1 12621 -1 12731 -1 12895 -1 18459 -1 18723 -1 18787 -1 18871 -1 -2
12687 -1 18595 -1 -2
12547 -1 12695 -1 12703 -1 -2
12783 -1 -2
10295 -1 10307 -1 -2
12663 -1 -2
12559 -1 12687 -1 12691 -1 20807 -1 -2
12895 -1 -2
10829 -1 12621 -1 12711 -1 -2
12427 -1 -2
18727 -1 -2
12607 -1 12621 -1 -2
12895 -1 -2
12347 -1 -2
12347 -1 -2
12621 -1 -2
12559 -1 -2
12695 -1 -2
12403 -1 12523 -1 12711 -1 12795 -1 12823 -1 18707 -1 18743 -1 -2
12515 -1 12519 -1 12895 -1 -2
12679 -1 -2
12783 -1 -2
10295 -1 10311 -1 12683 -1 12695 -1 12703 -1 -2
12351 -1 -2
12891 -1 -2
12483 -1 12555 -1 12615 -1 12731 -1 12771 -1 -2
12411 -1 -2
12621 -1 -2
10833 -1 12559 -1 -2
12663 -1 12679 -1 12823 -1 -2
12447 -1 -2
12367 -1 -2
10295 -1 10307 -1 10841 -1 12471 -1 12495 -1 12523 -1 12527 -1 12559 -1 12607 -1 12627 -1 12655 -1 12663 -1 12723 -1 12783 -1 12819 -1 12823 -1 12879 -1 12887 -1 -2
12511 -1 12515 -1 12519 -1 -2
12407 -1 12507 -1 -2
12411 -1 -2
12663 -1 -2
10307 -1 -2
12751 -1 -2
10295 -1 10311 -1 -2
10303 -1 -2
12783 -1 -2
12567 -1 12583 -1 -2
10877 -1 12419 -1 -2
12783 -1 -2
10307 -1 12399 -1 -2
18727 -1 -2
12515 -1 12715 -1 18723 -1 -2
12463 -1 -2
10291 -1 12531 -1 12631 -1 -2
12567 -1 12679 -1 -2
12503 -1 12507 -1 12511 -1 12515 -1 12519 -1 -2
12747 -1 -2
18539 -1 18831 -1 -2
12459 -1 12463 -1 12467 -1 12491 -1 12495 -1 12523 -1 12567 -1 12663 -1 12679 -1 12807 -1 12851 -1 12879 -1 12895 -1 12899 -1 12903 -1 12907 -1 18559 -1 18707 -1 18719 -1 -2
18723 -1 -2
12691 -1 -2
12723 -1 -2
12621 -1 -2
18431 -1 -2
12559 -1 12563 -1 -2
18579 -1 18727 -1 20807 -1 -2
12679 -1 -2
10311 -1 -2
12559 -1 18707 -1 -2
18467 -1 18475 -1 18479 -1 18483 -1 18491 -1 18499 -1 18527 -1 18679 -1 -2
12515 -1 -2
10861 -1 -2
18431 -1 18475 -1 18499 -1 -2
12559 -1 -2
12875 -1 -2
18795 -1 18799 -1 -2
12519 -1 12687 -1 12895 -1 -2
12903 -1 -2
12643 -1 12651 -1 12667 -1 12671 -1 -2
12483 -1 12621 -1 12775 -1 -2
12527 -1 12695 -1 -2
10829 -1 -2
12419 -1 -2
12559 -1 -2
18523 -1 -2
18727 -1 -2
12447 -1 12451 -1 12775 -1 12875 -1 -2
12727 -1 -2
10315 -1 -2
12411 -1 12679 -1 12715 -1 -2
12403 -1 -2
12399 -1 12495 -1 12663 -1 12835 -1 -2
10307 -1 -2
18847 -1 -2
18847 -1 -2
10307 -1 12691 -1 12819 -1 -2
12507 -1 -2
10311 -1 10315 -1 12547 -1 12559 -1 -2
10311 -1 10315 -1 12547 -1 12559 -1 -2
12567 -1 -2
10311 -1 -2
12403 -1 -2
12323 -1 -2
12339 -1 -2
12323 -1 -2
12403 -1 -2
12323 -1 -2
12403 -1 -2
10319 -1 12475 -1 -2
12323 -1 -2
18507 -1 18679 -1 -2
12895 -1 18459 -1 -2
12695 -1 12819 -1 18459 -1 -2
12515 -1 18583 -1 -2
12515 -1 -2
12751 -1 -2
10849 -1 -2
12415 -1 12663 -1 12827 -1 18427 -1 18619 -1 18691 -1 -2
18651 -1 -2
12751 -1 -2
12403 -1 -2
10295 -1 10303 -1 10307 -1 10311 -1 10319 -1 10833 -1 10837 -1 10841 -1 10849 -1 10857 -1 10861 -1 10865 -1 12659 -1 12663 -1 12679 -1 12683 -1 12703 -1 12711 -1 12715 -1 12719 -1 12735 -1 12739 -1 12743 -1 12759 -1 12763 -1 12779 -1 12895 -1 -2
12771 -1 -2
10295 -1 10841 -1 12323 -1 12339 -1 12347 -1 12351 -1 12407 -1 12439 -1 12507 -1 12511 -1 12695 -1 12703 -1 -2
12503 -1 12515 -1 12519 -1 -2
10295 -1 -2
10829 -1 -2
12439 -1 -2
12727 -1 -2
12783 -1 -2
18787 -1 -2
12507 -1 -2
10295 -1 10307 -1 10311 -1 12895 -1 -2
12339 -1 -2
12687 -1 12715 -1 12807 -1 12891 -1 12895 -1 12903 -1 -2
12771 -1 12775 -1 -2
12895 -1 -2
10295 -1 10299 -1 10307 -1 12463 -1 12479 -1 12487 -1 12691 -1 12695 -1 -2
12551 -1 -2
12411 -1 -2
12611 -1 12723 -1 -2
12323 -1 -2
18855 -1 -2
12827 -1 -2
18855 -1 -2
12823 -1 12831 -1 -2
12787 -1 -2
10295 -1 10311 -1 12527 -1 12559 -1 12683 -1 12727 -1 12895 -1 -2
12847 -1 18847 -1 -2
12895 -1 -2
10295 -1 12823 -1 -2
12515 -1 -2
12783 -1 -2
10315 -1 -2
10315 -1 12895 -1 -2
12403 -1 12515 -1 -2
12675 -1 12883 -1 -2
12879 -1 -2
12419 -1 -2
12463 -1 12695 -1 12819 -1 -2
12399 -1 -2
10311 -1 10315 -1 -2
12715 -1 12747 -1 12751 -1 -2
12823 -1 -2
12895 -1 -2
18787 -1 -2
12299 -1 -2
12819 -1 -2
12715 -1 12775 -1 -2
12367 -1 12395 -1 -2
10307 -1 10311 -1 -2
12727 -1 -2
12711 -1 -2
18487 -1 -2
12355 -1 -2
18691 -1 -2
10315 -1 -2
12403 -1 -2
10311 -1 -2
12483 -1 12567 -1 12621 -1 12747 -1 12755 -1 -2
12515 -1 -2
12559 -1 18871 -1 -2
12783 -1 -2
12695 -1 12699 -1 -2
12771 -1 -2
12895 -1 -2
12895 -1 -2
10295 -1 10299 -1 10307 -1 10311 -1 12371 -1 12483 -1 12487 -1 12607 -1 12627 -1 12655 -1 12827 -1 12875 -1 12895 -1 -2
10849 -1 -2
12611 -1 12615 -1 12775 -1 12839 -1 12879 -1 18707 -1 -2
12779 -1 12783 -1 -2
12355 -1 -2
12479 -1 -2
12395 -1 -2
10303 -1 -2
12695 -1 -2
12447 -1 -2
10311 -1 10849 -1 12519 -1 12531 -1 12667 -1 12671 -1 12695 -1 12699 -1 12703 -1 12715 -1 12827 -1 12895 -1 12907 -1 18427 -1 -2
18579 -1 -2
18459 -1 18579 -1 18615 -1 18619 -1 18767 -1 20807 -1 -2
10307 -1 12895 -1 -2
12735 -1 18423 -1 18551 -1 18595 -1 -2
12355 -1 12891 -1 18423 -1 18547 -1 18551 -1 18671 -1 -2
12771 -1 -2
12563 -1 -2
12771 -1 -2
18551 -1 18567 -1 -2
18735 -1 -2
12371 -1 12395 -1 -2
18847 -1 -2
12559 -1 -2
10295 -1 10299 -1 10307 -1 12487 -1 -2
12559 -1 -2
12621 -1 18427 -1 18723 -1 18871 -1 -2
12815 -1 12895 -1 -2
12463 -1 -2
18427 -1 -2
12411 -1 12431 -1 12491 -1 12559 -1 12663 -1 12895 -1 18831 -1 -2
12731 -1 -2
12331 -1 -2
12559 -1 -2
12727 -1 -2
10315 -1 -2
12559 -1 -2
12559 -1 -2
12743 -1 -2
12715 -1 18831 -1 -2
12403 -1 12567 -1 18447 -1 18831 -1 -2
10295 -1 10307 -1 10311 -1 -2
10311 -1 -2
12711 -1 -2
12751 -1 -2
12895 -1 -2
12895 -1 -2
12739 -1 -2
12695 -1 -2
12347 -1 12679 -1 12895 -1 -2
10315 -1 -2
12431 -1 -2
12591 -1 -2
12451 -1 12731 -1 18635 -1 18871 -1 -2
12723 -1 -2
12347 -1 18831 -1 -2
12621 -1 -2
12875 -1 -2
12487 -1 -2
10307 -1 10833 -1 10849 -1 10877 -1 -2
12627 -1 -2
12695 -1 12703 -1 -2
12895 -1 -2
12895 -1 -2
12695 -1 -2
12551 -1 12555 -1 -2
10295 -1 12795 -1 -2
12411 -1 12895 -1 -2
10295 -1 12723 -1 12727 -1 12731 -1 12763 -1 -2
12795 -1 12819 -1 -2
12591 -1 -2
12815 -1 12895 -1 -2
12875 -1 -2
12679 -1 12683 -1 -2
12795 -1 12815 -1 12895 -1 -2
12479 -1 -2
18619 -1 -2
12763 -1 -2
12339 -1 -2
12607 -1 12775 -1 -2
18863 -1 -2
10307 -1 10311 -1 12447 -1 18619 -1 18787 -1 18879 -1 -2
10311 -1 -2
12355 -1 -2
10845 -1 10865 -1 -2
12867 -1 -2
12415 -1 -2
12551 -1 -2
12755 -1 -2
10833 -1 12559 -1 -2
10861 -1 -2
10291 -1 10295 -1 10299 -1 10303 -1 10307 -1 10311 -1 12463 -1 12663 -1 12679 -1 12683 -1 12691 -1 12695 -1 12819 -1 12895 -1 -2
10311 -1 10315 -1 -2
10295 -1 12895 -1 -2
10849 -1 10861 -1 12343 -1 -2
12431 -1 -2
12775 -1 12895 -1 18691 -1 -2
12747 -1 12751 -1 12907 -1 18563 -1 18735 -1 18751 -1 18787 -1 -2
12567 -1 12587 -1 12591 -1 -2
18419 -1 18423 -1 18427 -1 18431 -1 -2
12819 -1 -2
10307 -1 10311 -1 12559 -1 12563 -1 -2
12679 -1 -2
12875 -1 -2
12439 -1 12451 -1 12483 -1 18443 -1 18511 -1 18599 -1 18695 -1 18723 -1 18767 -1 18831 -1 -2
10877 -1 -2
18767 -1 -2
12567 -1 -2
12367 -1 -2
12443 -1 12451 -1 12715 -1 12783 -1 18547 -1 -2
12559 -1 18639 -1 18663 -1 18875 -1 -2
12411 -1 12751 -1 -2
18639 -1 18663 -1 -2
12895 -1 -2
12487 -1 12683 -1 -2
12663 -1 12679 -1 -2
10303 -1 10311 -1 10315 -1 12679 -1 -2
12783 -1 18491 -1 18495 -1 18563 -1 -2
12487 -1 12695 -1 -2
12895 -1 -2
10295 -1 10307 -1 12895 -1 -2
12403 -1 -2
12679 -1 -2
12515 -1 18723 -1 -2
12431 -1 -2
12823 -1 -2
10291 -1 10295 -1 10299 -1 10303 -1 10307 -1 10311 -1 10319 -1 10857 -1 10861 -1 10865 -1 12463 -1 12471 -1 12475 -1 12479 -1 12483 -1 12487 -1 12491 -1 12495 -1 12523 -1 12527 -1 12531 -1 12643 -1 12647 -1 12651 -1 12663 -1 12667 -1 12679 -1 12683 -1 12687 -1 12691 -1 12695 -1 12699 -1 12703 -1 12735 -1 12739 -1 12743 -1 12747 -1 12751 -1 12755 -1 12759 -1 12763 -1 12767 -1 12771 -1 12775 -1 12779 -1 12783 -1 12787 -1 12795 -1 12799 -1 12803 -1 12807 -1 12811 -1 12815 -1 12819 -1 12823 -1 12827 -1 12831 -1 12835 -1 12839 -1 12843 -1 12847 -1 12851 -1 12855 -1 12859 -1 12863 -1 12867 -1 12871 -1 12875 -1 12879 -1 12883 -1 12887 -1 12891 -1 12895 -1 12899 -1 12903 -1 12907 -1 -2
12567 -1 -2
12895 -1 -2
12807 -1 -2
12567 -1 18511 -1 18691 -1 18695 -1 18703 -1 -2
12351 -1 12355 -1 12447 -1 -2
12747 -1 12751 -1 -2
12547 -1 12643 -1 12667 -1 12679 -1 12687 -1 -2
10311 -1 10315 -1 12483 -1 12487 -1 12571 -1 12679 -1 12691 -1 12695 -1 12703 -1 12895 -1 -2
12559 -1 -2
12431 -1 12439 -1 12559 -1 -2
18787 -1 -2
12479 -1 -2
10311 -1 12483 -1 12487 -1 -2
10877 -1 -2
10311 -1 12663 -1 -2
12407 -1 12559 -1 -2
12399 -1 12439 -1 -2
12739 -1 12771 -1 -2
12515 -1 12519 -1 12567 -1 18691 -1 18727 -1 -2
12747 -1 12807 -1 12823 -1 -2
18639 -1 -2
12451 -1 12783 -1 18619 -1 18691 -1 -2
12679 -1 -2
18507 -1 -2
12771 -1 -2
12411 -1 12555 -1 12747 -1 12827 -1 18587 -1 -2
12783 -1 -2
10311 -1 12679 -1 12695 -1 12703 -1 12759 -1 18787 -1 -2
12447 -1 12479 -1 12483 -1 12487 -1 12743 -1 12759 -1 12763 -1 12779 -1 18691 -1 -2
12631 -1 12663 -1 12895 -1 -2
12679 -1 -2
10853 -1 12515 -1 12523 -1 12595 -1 12647 -1 12663 -1 12679 -1 12687 -1 12747 -1 12779 -1 12783 -1 12799 -1 12803 -1 12823 -1 12835 -1 12847 -1 12883 -1 18451 -1 -2
18507 -1 -2
10295 -1 10307 -1 10311 -1 12459 -1 12495 -1 -2
10311 -1 12703 -1 -2
12451 -1 12875 -1 -2
12563 -1 12567 -1 12663 -1 12895 -1 -2
12411 -1 -2
18787 -1 -2
12727 -1 -2
12511 -1 12515 -1 12621 -1 -2
12403 -1 12447 -1 -2
18459 -1 -2
12875 -1 18787 -1 -2
10857 -1 12463 -1 12615 -1 12621 -1 12663 -1 12779 -1 -2
12719 -1 12723 -1 12859 -1 -2
10829 -1 10833 -1 10853 -1 12899 -1 18831 -1 -2
12895 -1 -2
12339 -1 -2
10849 -1 12519 -1 12795 -1 12819 -1 12863 -1 12891 -1 12895 -1 -2
18651 -1 -2
10877 -1 12807 -1 12831 -1 12847 -1 12859 -1 12907 -1 -2
12763 -1 -2
12883 -1 -2
10877 -1 -2
10295 -1 -2
10295 -1 12411 -1 -2
10295 -1 12443 -1 -2
10311 -1 -2
12719 -1 -2
12771 -1 -2
12663 -1 12819 -1 -2
10849 -1 12823 -1 -2
12879 -1 -2
12783 -1 12815 -1 12895 -1 -2
10307 -1 10311 -1 12483 -1 -2
10315 -1 -2
12675 -1 -2
12727 -1 -2
10295 -1 10299 -1 10307 -1 10311 -1 -2
18787 -1 -2
12299 -1 12447 -1 12519 -1 -2
12507 -1 12511 -1 -2
10315 -1 -2
12895 -1 -2
12395 -1 -2
10833 -1 12675 -1 12883 -1 -2
12343 -1 12547 -1 12551 -1 -2
12511 -1 12515 -1 12519 -1 12751 -1 12775 -1 -2
10877 -1 10881 -1 -2
12507 -1 12511 -1 12515 -1 12519 -1 -2
12823 -1 -2
12463 -1 12479 -1 12487 -1 -2
12463 -1 12547 -1 12583 -1 -2
12479 -1 12483 -1 12487 -1 12711 -1 12719 -1 12727 -1 18627 -1 -2
10307 -1 12711 -1 12759 -1 -2
12895 -1 18627 -1 -2
18595 -1 -2
12367 -1 -2
12431 -1 -2
18871 -1 18879 -1 -2
12627 -1 -2
10849 -1 12823 -1 -2
10311 -1 12483 -1 12487 -1 12571 -1 12703 -1 -2
10295 -1 12495 -1 -2
18559 -1 18831 -1 -2
12527 -1 12611 -1 12667 -1 12695 -1 12723 -1 12727 -1 12731 -1 12755 -1 12767 -1 -2
12555 -1 -2
12895 -1 -2
10295 -1 10849 -1 12463 -1 12479 -1 12567 -1 12691 -1 12819 -1 12875 -1 12895 -1 -2
12371 -1 12547 -1 12551 -1 12555 -1 12567 -1 12895 -1 18611 -1 -2
12555 -1 12759 -1 -2
12463 -1 12487 -1 12795 -1 12819 -1 -2
12419 -1 12579 -1 12591 -1 12607 -1 12621 -1 12775 -1 18523 -1 18603 -1 18671 -1 18871 -1 -2
12515 -1 12627 -1 -2
12819 -1 12895 -1 -2
12399 -1 12443 -1 12559 -1 12563 -1 12627 -1 12751 -1 12847 -1 18423 -1 18855 -1 -2
12431 -1 12727 -1 18507 -1 -2
12835 -1 -2
12819 -1 12891 -1 -2
12395 -1 12563 -1 12611 -1 12621 -1 12727 -1 12815 -1 12847 -1 12895 -1 18419 -1 18871 -1 -2
12443 -1 -2
12495 -1 -2
10311 -1 10315 -1 12483 -1 12487 -1 12703 -1 12875 -1 -2
10295 -1 10299 -1 10307 -1 12523 -1 12527 -1 12679 -1 12695 -1 12703 -1 12819 -1 12875 -1 12895 -1 -2
12447 -1 12711 -1 12723 -1 18871 -1 -2
12571 -1 -2
12775 -1 12827 -1 12895 -1 -2
10307 -1 -2
12663 -1 -2
12699 -1 -2
10295 -1 10307 -1 10311 -1 -2
12567 -1 12621 -1 -2
12695 -1 -2
12747 -1 12875 -1 -2
18855 -1 -2
10877 -1 12727 -1 -2
12879 -1 -2
12895 -1 -2
12687 -1 12691 -1 -2
12795 -1 -2
12819 -1 -2
12875 -1 -2
12895 -1 -2
18727 -1 -2
18651 -1 -2
10295 -1 10311 -1 12483 -1 12487 -1 -2
20807 -1 -2
12787 -1 -2
10295 -1 10315 -1 -2
12563 -1 -2
10295 -1 10307 -1 10311 -1 -2
12411 -1 12463 -1 12487 -1 -2
12679 -1 -2
12895 -1 -2
12621 -1 18459 -1 18487 -1 18519 -1 18695 -1 18811 -1 -2
12895 -1 -2
12611 -1 12621 -1 18619 -1 -2
12751 -1 -2
10311 -1 -2
18787 -1 -2
12339 -1 12483 -1 12663 -1 12679 -1 12831 -1 12895 -1 18459 -1 18635 -1 -2
12895 -1 -2
18507 -1 -2
12663 -1 12727 -1 -2
10307 -1 -2
12895 -1 -2
10841 -1 10845 -1 10877 -1 10881 -1 12299 -1 12327 -1 12331 -1 12335 -1 12339 -1 12347 -1 12351 -1 12367 -1 12371 -1 12375 -1 12395 -1 12399 -1 12403 -1 12407 -1 12411 -1 12415 -1 12419 -1 12423 -1 12427 -1 12431 -1 12435 -1 12439 -1 12443 -1 12447 -1 12451 -1 12503 -1 12507 -1 12511 -1 12515 -1 12519 -1 12547 -1 12551 -1 12555 -1 12567 -1 12579 -1 12583 -1 12587 -1 12595 -1 -2
10829 -1 12591 -1 12679 -1 12755 -1 12771 -1 -2
18619 -1 18675 -1 18743 -1 -2
12621 -1 -2
18619 -1 -2
18711 -1 18719 -1 -2
10311 -1 -2
10295 -1 12691 -1 12819 -1 12895 -1 -2
10295 -1 10307 -1 -2
12731 -1 12747 -1 12751 -1 12755 -1 12759 -1 12775 -1 12783 -1 12787 -1 -2
18871 -1 18879 -1 -2
18599 -1 -2
12755 -1 12779 -1 12783 -1 12787 -1 -2
12463 -1 12835 -1 12847 -1 -2
12515 -1 12895 -1 -2
12503 -1 12507 -1 12511 -1 12515 -1 12519 -1 -2
12555 -1 -2
12487 -1 -2
12339 -1 12447 -1 12519 -1 18427 -1 18447 -1 18587 -1 18635 -1 18647 -1 18743 -1 18863 -1 -2
12483 -1 12695 -1 -2
12511 -1 -2
12747 -1 12751 -1 12755 -1 12771 -1 12775 -1 12783 -1 -2
10315 -1 -2
18439 -1 18443 -1 18447 -1 18451 -1 18459 -1 18855 -1 -2
12299 -1 12323 -1 12327 -1 12331 -1 12335 -1 12339 -1 12343 -1 12347 -1 12351 -1 12355 -1 12367 -1 12371 -1 12375 -1 12395 -1 12399 -1 12403 -1 12407 -1 12411 -1 12415 -1 12419 -1 12423 -1 12431 -1 12435 -1 12439 -1 12443 -1 12447 -1 12451 -1 12507 -1 -2
10315 -1 -2
12723 -1 12727 -1 12731 -1 12735 -1 12751 -1 12755 -1 12759 -1 12767 -1 12771 -1 12779 -1 12787 -1 -2
12739 -1 -2
12795 -1 -2
12723 -1 -2
12459 -1 12467 -1 12495 -1 12647 -1 12655 -1 12667 -1 12807 -1 12815 -1 12823 -1 12827 -1 12895 -1 -2
12563 -1 -2
12711 -1 12715 -1 12719 -1 12739 -1 12743 -1 12763 -1 -2
12575 -1 12627 -1 12723 -1 18779 -1 -2
12831 -1 -2
12695 -1 -2
12783 -1 -2
10307 -1 12607 -1 -2
12815 -1 12895 -1 -2
12527 -1 -2
12547 -1 12567 -1 12827 -1 12895 -1 18863 -1 18871 -1 -2
12723 -1 12819 -1 -2
12663 -1 -2
12835 -1 -2
10829 -1 18619 -1 18807 -1 -2
12443 -1 12451 -1 -2
12559 -1 -2
12559 -1 -2
12695 -1 -2
12419 -1 -2
12579 -1 12583 -1 -2
12895 -1 -2
12655 -1 12683 -1 12703 -1 12819 -1 12875 -1 -2
12895 -1 -2
10833 -1 10853 -1 10861 -1 10877 -1 10881 -1 18855 -1 -2
12447 -1 -2
10829 -1 10833 -1 10837 -1 10841 -1 10845 -1 10849 -1 10869 -1 10877 -1 10881 -1 12547 -1 12551 -1 12555 -1 12559 -1 12563 -1 12567 -1 12571 -1 12575 -1 12579 -1 12583 -1 12591 -1 12595 -1 -2
10877 -1 -2
12591 -1 -2
12663 -1 12691 -1 -2
10295 -1 10307 -1 10311 -1 -2
12559 -1 12563 -1 -2
12663 -1 -2
10295 -1 10299 -1 10307 -1 10311 -1 10315 -1 12495 -1 12715 -1 12723 -1 12759 -1 12771 -1 12815 -1 12895 -1 -2
12703 -1 -2
10311 -1 -2
12747 -1 -2
10307 -1 12827 -1 12875 -1 -2
12439 -1 -2
12787 -1 -2
12611 -1 -2
18551 -1 -2
18847 -1 -2
12687 -1 12695 -1 12699 -1 12703 -1 12723 -1 -2
12419 -1 12427 -1 12507 -1 12511 -1 12515 -1 12519 -1 12567 -1 -2
10295 -1 10311 -1 10315 -1 12695 -1 -2
12559 -1 -2
10849 -1 12631 -1 12687 -1 -2
10881 -1 12331 -1 12807 -1 -2
12463 -1 -2
18707 -1 -2
10303 -1 -2
12559 -1 12807 -1 -2
10307 -1 10833 -1 10861 -1 12487 -1 12895 -1 -2
12659 -1 -2
12659 -1 12667 -1 -2
10307 -1 12679 -1 12691 -1 12703 -1 -2
18595 -1 18707 -1 -2
12483 -1 -2
10881 -1 18543 -1 -2
18539 -1 18567 -1 -2
10829 -1 10833 -1 10841 -1 10849 -1 10853 -1 12659 -1 -2
10853 -1 -2
10295 -1 -2
12695 -1 -2
12487 -1 -2
10295 -1 10307 -1 10311 -1 10315 -1 12463 -1 12479 -1 12683 -1 12691 -1 12703 -1 12819 -1 12875 -1 12895 -1 -2
18427 -1 18547 -1 -2
12627 -1 -2
12527 -1 12895 -1 -2
12487 -1 -2
10833 -1 -2
12547 -1 12559 -1 12567 -1 12663 -1 12731 -1 18787 -1 -2
12483 -1 -2
18547 -1 -2
10833 -1 -2
10877 -1 -2
12531 -1 12567 -1 -2
10853 -1 10857 -1 10861 -1 10865 -1 -2
18547 -1 -2
18547 -1 -2
12523 -1 -2
10829 -1 10833 -1 12355 -1 12883 -1 -2
10837 -1 12471 -1 12491 -1 12859 -1 12883 -1 -2
12723 -1 12751 -1 -2
12621 -1 -2
12487 -1 -2
12691 -1 12703 -1 -2
12487 -1 18535 -1 18567 -1 -2
12483 -1 -2
12895 -1 -2
12399 -1 -2
18831 -1 -2
10307 -1 12355 -1 12621 -1 -2
18651 -1 18879 -1 -2
12711 -1 18787 -1 -2
18787 -1 -2
12627 -1 -2
10307 -1 18427 -1 18863 -1 -2
12731 -1 -2
12819 -1 -2
10311 -1 -2
10311 -1 -2
12843 -1 12895 -1 12903 -1 -2
18723 -1 -2
12459 -1 12463 -1 12467 -1 12471 -1 12475 -1 12479 -1 12483 -1 12487 -1 12491 -1 12495 -1 -2
12371 -1 18419 -1 -2
18427 -1 18507 -1 18547 -1 18707 -1 -2
12551 -1 18683 -1 -2
12759 -1 12895 -1 -2
12715 -1 -2
12403 -1 18551 -1 -2
12663 -1 12835 -1 12839 -1 12843 -1 18619 -1 -2
10315 -1 -2
10833 -1 12851 -1 18723 -1 -2
12515 -1 -2
10315 -1 -2
18863 -1 -2
12559 -1 12663 -1 -2
12679 -1 -2
12419 -1 -2
10295 -1 12895 -1 -2
10295 -1 12819 -1 18659 -1 -2
10307 -1 10311 -1 -2
12463 -1 12563 -1 12591 -1 12907 -1 -2
12431 -1 -2
12487 -1 12495 -1 12523 -1 12527 -1 12531 -1 -2
12731 -1 -2
18675 -1 -2
10311 -1 12571 -1 12575 -1 12703 -1 -2
12559 -1 -2
12775 -1 -2
12727 -1 12783 -1 18723 -1 -2
12347 -1 12355 -1 -2
18443 -1 18547 -1 18551 -1 18799 -1 -2
12459 -1 -2
18787 -1 -2
12815 -1 12819 -1 12895 -1 -2
12563 -1 12607 -1 18611 -1 18619 -1 18795 -1 -2
10311 -1 12703 -1 -2
12299 -1 12519 -1 12807 -1 18431 -1 18555 -1 18727 -1 -2
10295 -1 10307 -1 10311 -1 10315 -1 12463 -1 12795 -1 12819 -1 -2
10315 -1 -2
10295 -1 10307 -1 12463 -1 12695 -1 12819 -1 -2
12679 -1 -2
12715 -1 -2
12427 -1 -2
12487 -1 18847 -1 -2
12895 -1 -2
12875 -1 -2
12727 -1 -2
10307 -1 10311 -1 -2
12719 -1 -2
10315 -1 12895 -1 -2
12483 -1 12487 -1 12523 -1 12527 -1 12531 -1 12683 -1 12687 -1 12695 -1 12703 -1 12895 -1 -2
12663 -1 12667 -1 12679 -1 12895 -1 18547 -1 18551 -1 18671 -1 -2
10829 -1 12471 -1 20807 -1 -2
10311 -1 12875 -1 12895 -1 -2
12807 -1 -2
10295 -1 10299 -1 10307 -1 12483 -1 12747 -1 12755 -1 12759 -1 12771 -1 -2
12567 -1 -2
10311 -1 12483 -1 12487 -1 12875 -1 -2
10311 -1 12683 -1 12691 -1 12695 -1 12703 -1 12715 -1 12723 -1 12895 -1 -2
10315 -1 -2
12695 -1 12703 -1 -2
12567 -1 -2
12299 -1 12367 -1 12419 -1 12443 -1 -2
12683 -1 12695 -1 12895 -1 -2
12855 -1 12879 -1 18699 -1 -2
12895 -1 -2
18423 -1 18787 -1 -2
12895 -1 -2
12403 -1 12895 -1 18459 -1 -2
18651 -1 -2
10307 -1 12495 -1 12547 -1 12655 -1 12783 -1 18439 -1 18443 -1 18599 -1 18619 -1 18707 -1 18787 -1 -2
12463 -1 -2
18871 -1 -2
18831 -1 -2
12727 -1 -2
18691 -1 -2
12567 -1 -2
12547 -1 12879 -1 12895 -1 18743 -1 -2
12483 -1 12491 -1 12643 -1 12671 -1 12827 -1 12851 -1 12903 -1 -2
12611 -1 12779 -1 -2
12575 -1 -2
12851 -1 -2
12575 -1 -2
12663 -1 -2
10829 -1 -2
12679 -1 -2
10849 -1 -2
12727 -1 -2
18691 -1 -2
18863 -1 -2
10877 -1 12403 -1 -2
12679 -1 -2
12559 -1 -2
12615 -1 12743 -1 12747 -1 12759 -1 -2
10311 -1 18427 -1 18587 -1 18847 -1 -2
10849 -1 -2
12559 -1 -2
18559 -1 -2
12731 -1 12747 -1 -2
12711 -1 12715 -1 -2
18831 -1 -2
12621 -1 -2
10849 -1 12355 -1 -2
10295 -1 10311 -1 18635 -1 -2
18487 -1 -2
12631 -1 12903 -1 -2
12823 -1 -2
12611 -1 -2
10295 -1 12695 -1 -2
12795 -1 12819 -1 -2
18855 -1 -2
18663 -1 -2
18863 -1 -2
12355 -1 -2
12367 -1 12403 -1 12431 -1 12555 -1 12559 -1 -2
12723 -1 -2
12483 -1 -2
12559 -1 -2
12819 -1 12847 -1 -2
12655 -1 -2
12795 -1 -2
12875 -1 12895 -1 -2
10307 -1 12715 -1 -2
10295 -1 10311 -1 12527 -1 12695 -1 12699 -1 12703 -1 12819 -1 12855 -1 12895 -1 18431 -1 -2
12567 -1 12687 -1 12715 -1 12723 -1 12771 -1 18723 -1 -2
12627 -1 12719 -1 -2
12515 -1 -2
10319 -1 10881 -1 12475 -1 12571 -1 12735 -1 12835 -1 12899 -1 -2
10315 -1 -2
12795 -1 -2
12715 -1 -2
12687 -1 12835 -1 -2
10315 -1 -2
10307 -1 -2
10311 -1 10833 -1 12783 -1 -2
12495 -1 12615 -1 -2
12459 -1 12479 -1 -2
10291 -1 10295 -1 10307 -1 12523 -1 12671 -1 12779 -1 18831 -1 -2
18691 -1 -2
12567 -1 -2
12691 -1 12815 -1 12895 -1 -2
12731 -1 -2
12607 -1 12611 -1 12621 -1 -2
10295 -1 -2
12763 -1 -2
12695 -1 12703 -1 -2
18683 -1 -2
12671 -1 12835 -1 -2
10315 -1 12487 -1 12895 -1 -2
10311 -1 10315 -1 -2
10833 -1 12559 -1 -2
10833 -1 -2
12463 -1 -2
10311 -1 12487 -1 12571 -1 12703 -1 12875 -1 -2
12695 -1 -2
12787 -1 -2
12679 -1 -2
10295 -1 10307 -1 10311 -1 -2
12731 -1 -2
10303 -1 -2
12895 -1 -2
18831 -1 -2
12827 -1 12895 -1 -2
12479 -1 12575 -1 12611 -1 -2
12751 -1 -2
12591 -1 -2
12703 -1 18647 -1 -2
12819 -1 12823 -1 -2
12555 -1 12563 -1 -2
10307 -1 12407 -1 12431 -1 12507 -1 -2
12559 -1 -2
12715 -1 -2
12867 -1 -2
12815 -1 12819 -1 12895 -1 -2
18443 -1 -2
10311 -1 12875 -1 -2
10315 -1 10849 -1 -2
12763 -1 12771 -1 -2
12483 -1 12487 -1 -2
18447 -1 -2
12751 -1 12895 -1 -2
12355 -1 12567 -1 -2
12731 -1 12751 -1 18691 -1 -2
12487 -1 12739 -1 -2
12663 -1 -2
10315 -1 12807 -1 12819 -1 -2
18799 -1 -2
18615 -1 -2
12483 -1 -2
18523 -1 18587 -1 18671 -1 18707 -1 18775 -1 -2
18651 -1 -2
12683 -1 12807 -1 -2
12695 -1 -2
10315 -1 -2
12663 -1 12667 -1 12671 -1 12835 -1 12839 -1 12895 -1 -2
10291 -1 10295 -1 10311 -1 12695 -1 12795 -1 12895 -1 -2
12695 -1 12703 -1 -2
10295 -1 10311 -1 -2
12627 -1 12691 -1 12699 -1 12843 -1 12855 -1 12879 -1 12903 -1 -2
10311 -1 12487 -1 12663 -1 12875 -1 -2
10315 -1 12463 -1 12627 -1 12643 -1 12695 -1 12843 -1 12871 -1 -2
10311 -1 -2
12527 -1 -2
12763 -1 -2
12695 -1 12843 -1 -2
18547 -1 18579 -1 -2
10303 -1 12779 -1 -2
12819 -1 -2
12447 -1 12547 -1 12555 -1 -2
10307 -1 12663 -1 -2
12695 -1 -2
10307 -1 10311 -1 12495 -1 12679 -1 12691 -1 12703 -1 12875 -1 12903 -1 -2
10865 -1 12579 -1 -2
10295 -1 -2
12463 -1 12795 -1 12807 -1 -2
10315 -1 12895 -1 -2
12875 -1 -2
18423 -1 18691 -1 -2
10315 -1 -2
18459 -1 -2
10311 -1 10315 -1 -2
10295 -1 12795 -1 12815 -1 -2
10315 -1 -2
10311 -1 10315 -1 -2
10849 -1 -2
12715 -1 -2
12663 -1 -2
12463 -1 -2
10307 -1 12523 -1 12819 -1 -2
10311 -1 12403 -1 12411 -1 12439 -1 12447 -1 12451 -1 12503 -1 12515 -1 12519 -1 12571 -1 12715 -1 12723 -1 18527 -1 18707 -1 18727 -1 18831 -1 -2
18507 -1 -2
10311 -1 -2
18651 -1 -2
12299 -1 12367 -1 12371 -1 12375 -1 12395 -1 12399 -1 12403 -1 12407 -1 12411 -1 12415 -1 12419 -1 12431 -1 12435 -1 12439 -1 12443 -1 12447 -1 12451 -1 -2
12895 -1 -2
10295 -1 12895 -1 -2
10295 -1 10315 -1 12827 -1 12871 -1 12895 -1 -2
12747 -1 12751 -1 12775 -1 12783 -1 -2
12835 -1 -2
12883 -1 18507 -1 18511 -1 18695 -1 -2
12711 -1 12715 -1 12719 -1 12723 -1 12727 -1 12731 -1 12735 -1 12739 -1 12743 -1 12755 -1 12759 -1 12763 -1 12767 -1 12771 -1 12779 -1 12787 -1 -2
12815 -1 12827 -1 12875 -1 12895 -1 -2
12683 -1 18595 -1 18619 -1 18671 -1 18675 -1 18683 -1 18743 -1 18787 -1 -2
12875 -1 -2
10829 -1 10833 -1 10837 -1 10841 -1 10845 -1 10853 -1 10869 -1 10877 -1 10881 -1 12503 -1 12507 -1 12511 -1 12515 -1 12519 -1 12547 -1 12551 -1 12555 -1 12559 -1 12567 -1 12571 -1 12575 -1 12579 -1 12583 -1 12587 -1 12591 -1 12595 -1 -2
12611 -1 -2
10319 -1 12621 -1 12627 -1 12731 -1 12899 -1 -2
12583 -1 12683 -1 -2
12751 -1 -2
12795 -1 12819 -1 12867 -1 12875 -1 12895 -1 -2
10303 -1 10865 -1 12471 -1 -2
12715 -1 -2
12683 -1 12867 -1 12895 -1 -2
12895 -1 -2
12683 -1 -2
12895 -1 -2
10311 -1 12463 -1 12655 -1 12815 -1 12827 -1 12895 -1 -2
12683 -1 12703 -1 -2
12323 -1 12331 -1 12335 -1 12339 -1 12343 -1 12347 -1 12351 -1 12355 -1 -2
12611 -1 12621 -1 -2
12679 -1 12687 -1 -2
18575 -1 18863 -1 -2
18707 -1 18831 -1 -2
18507 -1 -2
18507 -1 -2
12683 -1 -2
10291 -1 10315 -1 10861 -1 12679 -1 12687 -1 12831 -1 -2
12683 -1 -2
10877 -1 12411 -1 12487 -1 12663 -1 12675 -1 12687 -1 12723 -1 12727 -1 12783 -1 -2
12621 -1 12627 -1 18459 -1 20807 -1 -2
12323 -1 12327 -1 12331 -1 12343 -1 12351 -1 12355 -1 12647 -1 12651 -1 12655 -1 12659 -1 12667 -1 -2
12367 -1 -2
12687 -1 12695 -1 12699 -1 12703 -1 -2
12727 -1 -2
18419 -1 18611 -1 18855 -1 -2
12747 -1 -2
10315 -1 12627 -1 12631 -1 12691 -1 12739 -1 12855 -1 12875 -1 12903 -1 -2
18547 -1 -2
12683 -1 12687 -1 -2
12431 -1 18707 -1 18735 -1 18787 -1 18863 -1 20807 -1 -2
12507 -1 12511 -1 12519 -1 -2
12675 -1 18507 -1 -2
18507 -1 -2
12299 -1 12367 -1 12371 -1 12375 -1 12395 -1 12399 -1 12403 -1 12407 -1 12411 -1 12415 -1 12419 -1 12423 -1 12427 -1 12431 -1 12435 -1 12439 -1 12443 -1 12447 -1 12451 -1 12507 -1 12511 -1 12547 -1 12567 -1 12571 -1 12575 -1 -2
12355 -1 12663 -1 -2
12559 -1 12679 -1 12695 -1 12699 -1 12703 -1 -2
12771 -1 -2
12775 -1 -2
12715 -1 -2
10307 -1 -2
12463 -1 12479 -1 -2
10295 -1 10299 -1 10307 -1 10311 -1 12615 -1 12621 -1 12663 -1 12679 -1 12687 -1 12703 -1 12755 -1 12783 -1 18863 -1 -2
12463 -1 12483 -1 12487 -1 -2
12323 -1 -2
12567 -1 -2
18507 -1 -2
12567 -1 12867 -1 -2
10291 -1 10315 -1 10861 -1 12679 -1 12687 -1 12831 -1 -2
12715 -1 12739 -1 -2
12895 -1 -2
12695 -1 -2
10311 -1 -2
12775 -1 -2
12627 -1 12631 -1 -2
12875 -1 -2
12339 -1 12411 -1 12419 -1 12451 -1 12507 -1 12519 -1 12547 -1 12551 -1 12555 -1 12559 -1 12563 -1 12591 -1 -2
12355 -1 12395 -1 12427 -1 12431 -1 18691 -1 18707 -1 18787 -1 -2
12503 -1 12507 -1 12515 -1 12519 -1 -2
12463 -1 -2
12395 -1 12419 -1 12531 -1 12727 -1 12731 -1 12751 -1 12771 -1 18423 -1 18639 -1 18651 -1 18831 -1 -2
12463 -1 -2
10865 -1 -2
12563 -1 -2
12655 -1 -2
12691 -1 12747 -1 -2
18635 -1 20807 -1 -2
12551 -1 -2
12403 -1 -2
12895 -1 -2
10829 -1 10833 -1 10837 -1 10841 -1 10845 -1 10853 -1 10857 -1 10861 -1 10865 -1 10869 -1 10877 -1 10881 -1 12863 -1 -2
12559 -1 -2
12895 -1 -2
12419 -1 -2
12621 -1 12775 -1 -2
10877 -1 12567 -1 18723 -1 18787 -1 -2
12547 -1 12659 -1 12691 -1 18527 -1 -2
12895 -1 -2
12567 -1 -2
12663 -1 -2
12551 -1 12591 -1 12711 -1 12731 -1 -2
12559 -1 -2
12567 -1 12687 -1 -2
12411 -1 12487 -1 -2
12895 -1 -2
12663 -1 -2
10295 -1 10307 -1 10311 -1 12795 -1 12819 -1 12823 -1 12827 -1 12895 -1 -2
12867 -1 -2
18507 -1 -2
10307 -1 -2
10311 -1 10315 -1 -2
10295 -1 10311 -1 12431 -1 12571 -1 12575 -1 12755 -1 -2
12815 -1 12895 -1 -2
12559 -1 -2
18507 -1 -2
12439 -1 12663 -1 -2
12463 -1 -2
10295 -1 12463 -1 12527 -1 12795 -1 12819 -1 -2
12731 -1 12755 -1 12771 -1 -2
10307 -1 12611 -1 -2
10307 -1 12679 -1 12895 -1 18875 -1 -2
12875 -1 -2
12747 -1 12775 -1 -2
10295 -1 10307 -1 10311 -1 12643 -1 12663 -1 12667 -1 12671 -1 12679 -1 12695 -1 12699 -1 12843 -1 12847 -1 12895 -1 -2
12715 -1 12719 -1 12723 -1 12727 -1 12751 -1 12771 -1 12783 -1 18831 -1 -2
18507 -1 -2
10295 -1 10307 -1 10311 -1 10315 -1 18831 -1 -2
12895 -1 -2
12427 -1 12431 -1 -2
18651 -1 -2
10307 -1 12495 -1 12643 -1 -2
12795 -1 12803 -1 12807 -1 12811 -1 12815 -1 12819 -1 12823 -1 12843 -1 12851 -1 12855 -1 12883 -1 12891 -1 12895 -1 12899 -1 12903 -1 12907 -1 -2
12559 -1 12831 -1 -2
12879 -1 -2
12679 -1 -2
12819 -1 18619 -1 -2
12731 -1 -2
12547 -1 12675 -1 12783 -1 12787 -1 -2
10861 -1 -2
10295 -1 10311 -1 12483 -1 18707 -1 18723 -1 18727 -1 18731 -1 18863 -1 27385 -1 27389 -1 -2
10849 -1 -2
12371 -1 12559 -1 -2
12895 -1 -2
12815 -1 12895 -1 -2
12479 -1 12495 -1 12647 -1 -2
12679 -1 12695 -1 12699 -1 12703 -1 -2
12627 -1 12647 -1 -2
12783 -1 -2
12371 -1 18831 -1 -2
12567 -1 -2
10829 -1 10841 -1 12695 -1 18763 -1 -2
18847 -1 -2
10833 -1 12463 -1 -2
12663 -1 -2
12559 -1 -2
12299 -1 12403 -1 12699 -1 -2
12411 -1 12431 -1 -2
12407 -1 12819 -1 -2
18459 -1 -2
12895 -1 -2
12463 -1 -2
18615 -1 -2
18451 -1 18563 -1 18599 -1 18679 -1 -2
12627 -1 18723 -1 -2
12663 -1 -2
12483 -1 12487 -1 -2
10295 -1 12695 -1 -2
12403 -1 -2
12495 -1 -2
18547 -1 -2
12591 -1 -2
12495 -1 -2
10295 -1 12463 -1 12691 -1 -2
12663 -1 -2
18511 -1 18611 -1 18619 -1 18695 -1 -2
12695 -1 -2
12487 -1 -2
10311 -1 12647 -1 12667 -1 12771 -1 -2
12551 -1 12555 -1 12567 -1 -2
12575 -1 18787 -1 -2
12879 -1 -2
12667 -1 12783 -1 -2
10295 -1 10307 -1 12771 -1 12895 -1 -2
18583 -1 18627 -1 -2
12339 -1 12463 -1 12607 -1 12611 -1 12747 -1 12751 -1 -2
10295 -1 10311 -1 12487 -1 12495 -1 12875 -1 12895 -1 -2
12367 -1 12395 -1 -2
10311 -1 -2
12755 -1 -2
12895 -1 -2
12627 -1 12631 -1 12691 -1 12695 -1 12703 -1 -2
18423 -1 -2
12775 -1 12895 -1 -2
12727 -1 12731 -1 -2
12739 -1 -2
12847 -1 -2
12683 -1 -2
10295 -1 10311 -1 10861 -1 12463 -1 12479 -1 12611 -1 12627 -1 12687 -1 12695 -1 12699 -1 12743 -1 12759 -1 12779 -1 12907 -1 -2
10849 -1 -2
12735 -1 12743 -1 12759 -1 -2
12723 -1 -2
12487 -1 12495 -1 12551 -1 12563 -1 12711 -1 12715 -1 12723 -1 12731 -1 12747 -1 20807 -1 -2
18691 -1 -2
10295 -1 10311 -1 12621 -1 -2
12575 -1 -2
12367 -1 12371 -1 12395 -1 12407 -1 12415 -1 12419 -1 12503 -1 12515 -1 12519 -1 -2
10295 -1 10299 -1 10307 -1 12815 -1 12895 -1 -2
18423 -1 18443 -1 18447 -1 18451 -1 18543 -1 18595 -1 18715 -1 -2
12487 -1 -2
10303 -1 -2
18507 -1 -2
18787 -1 -2
12703 -1 -2
12727 -1 12731 -1 -2
10299 -1 10307 -1 10311 -1 -2
12895 -1 -2
12783 -1 -2
12463 -1 12487 -1 -2
12351 -1 12355 -1 12551 -1 -2
12727 -1 12731 -1 12747 -1 -2
12855 -1 -2
12587 -1 -2
12763 -1 -2
12559 -1 12895 -1 -2
10311 -1 -2
12751 -1 12775 -1 12783 -1 18855 -1 -2
12563 -1 12731 -1 -2
12663 -1 -2
10307 -1 12895 -1 -2
12547 -1 12551 -1 -2
12551 -1 -2
12895 -1 -2
12895 -1 18423 -1 -2
12479 -1 -2
12663 -1 -2
12579 -1 -2
12621 -1 -2
12355 -1 12447 -1 12895 -1 -2
12451 -1 -2
10311 -1 -2
10303 -1 12611 -1 -2
12771 -1 12819 -1 12823 -1 -2
12663 -1 12679 -1 12683 -1 12895 -1 -2
10295 -1 10307 -1 12815 -1 12895 -1 -2
12463 -1 -2
12663 -1 12667 -1 -2
12679 -1 -2
12819 -1 -2
12483 -1 12487 -1 -2
12695 -1 12703 -1 -2
12691 -1 -2
10299 -1 12479 -1 12627 -1 12651 -1 12691 -1 12799 -1 12823 -1 12839 -1 12867 -1 12891 -1 -2
12471 -1 12659 -1 12807 -1 -2
20807 -1 -2
18603 -1 18647 -1 18855 -1 18863 -1 -2
18439 -1 18551 -1 18695 -1 18775 -1 18863 -1 -2
12395 -1 12559 -1 12823 -1 18467 -1 -2
12895 -1 -2
12483 -1 -2
12463 -1 12491 -1 12691 -1 12795 -1 12819 -1 -2
20807 -1 -2
12447 -1 12895 -1 -2
12559 -1 -2
12667 -1 -2
18727 -1 18731 -1 -2
12367 -1 -2
12451 -1 -2
12663 -1 -2
18651 -1 -2
18707 -1 18727 -1 -2
12563 -1 -2
12811 -1 12891 -1 -2
10307 -1 -2
12679 -1 12683 -1 12687 -1 12695 -1 12703 -1 12711 -1 12719 -1 12735 -1 12739 -1 12743 -1 12747 -1 12751 -1 12759 -1 12763 -1 12771 -1 12775 -1 12779 -1 12783 -1 12787 -1 -2
10315 -1 -2
18507 -1 -2
12679 -1 -2
10829 -1 10849 -1 -2
12403 -1 -2
12591 -1 -2
18523 -1 -2
10849 -1 10861 -1 -2
12663 -1 12799 -1 -2
12727 -1 -2
12787 -1 -2
12683 -1 12695 -1 -2
12559 -1 -2
18707 -1 18711 -1 18719 -1 18731 -1 -2
12875 -1 -2
12343 -1 12355 -1 12487 -1 12551 -1 12575 -1 12735 -1 12759 -1 12875 -1 -2
10299 -1 10307 -1 12895 -1 -2
12687 -1 -2
12815 -1 12895 -1 -2
12621 -1 -2
10311 -1 12355 -1 -2
12463 -1 12487 -1 -2
18507 -1 -2
18691 -1 -2
18787 -1 -2
12755 -1 12771 -1 18831 -1 -2
10311 -1 18723 -1 18787 -1 -2
12715 -1 -2
12479 -1 12483 -1 12487 -1 12727 -1 12755 -1 -2
18731 -1 -2
12807 -1 -2
12715 -1 -2
10833 -1 12847 -1 18599 -1 18683 -1 -2
12355 -1 -2
12691 -1 12699 -1 -2
12867 -1 -2
12875 -1 -2
12621 -1 12627 -1 -2
12679 -1 12695 -1 12699 -1 12703 -1 12895 -1 -2
10311 -1 10315 -1 -2
12879 -1 12895 -1 -2
12483 -1 12679 -1 -2
12299 -1 -2
12795 -1 -2
12695 -1 -2
12663 -1 -2
12895 -1 -2
18787 -1 -2
12647 -1 12659 -1 12663 -1 12667 -1 12671 -1 -2
18419 -1 -2
12647 -1 12651 -1 12655 -1 12687 -1 12879 -1 -2
18447 -1 -2
12611 -1 12719 -1 12735 -1 12747 -1 12755 -1 12771 -1 -2
10849 -1 18787 -1 -2
18507 -1 -2
12807 -1 -2
12659 -1 -2
12695 -1 12727 -1 12895 -1 -2
12547 -1 12591 -1 -2
12621 -1 -2
18507 -1 -2
12867 -1 12891 -1 -2
18507 -1 -2
12711 -1 -2
12559 -1 18651 -1 -2
12759 -1 12783 -1 -2
10849 -1 12567 -1 -2
10295 -1 10311 -1 -2
12711 -1 -2
10295 -1 -2
12895 -1 -2
12335 -1 12419 -1 -2
12815 -1 12895 -1 -2
12591 -1 -2
12523 -1 12559 -1 12691 -1 12695 -1 -2
18551 -1 -2
12759 -1 -2
18459 -1 -2
12487 -1 -2
12547 -1 -2
10315 -1 -2
18443 -1 -2
12679 -1 -2
12895 -1 -2
12679 -1 -2
12399 -1 12411 -1 18643 -1 -2
12559 -1 -2
18775 -1 -2
12591 -1 -2
12819 -1 -2
12447 -1 18863 -1 -2
12695 -1 -2
10295 -1 -2
12351 -1 18423 -1 -2
12555 -1 18423 -1 -2
10295 -1 10307 -1 12679 -1 12683 -1 12695 -1 12703 -1 12895 -1 -2
12715 -1 -2
12747 -1 12795 -1 12819 -1 -2
18507 -1 -2
12419 -1 -2
12815 -1 12895 -1 -2
12483 -1 12579 -1 18643 -1 -2
10311 -1 -2
12643 -1 12895 -1 -2
10295 -1 10307 -1 12621 -1 -2
18691 -1 -2
12487 -1 -2
12551 -1 -2
12703 -1 -2
10307 -1 -2
12815 -1 12895 -1 -2
12487 -1 -2
12487 -1 -2
12571 -1 12575 -1 12611 -1 18427 -1 18431 -1 18459 -1 18615 -1 18675 -1 18695 -1 18707 -1 18863 -1 -2
10295 -1 10299 -1 10307 -1 10311 -1 10315 -1 10849 -1 10861 -1 12463 -1 12479 -1 12483 -1 12487 -1 12555 -1 12567 -1 12627 -1 12631 -1 12691 -1 12695 -1 12699 -1 12703 -1 12751 -1 12755 -1 12795 -1 12819 -1 12827 -1 12831 -1 12875 -1 12895 -1 18595 -1 -2
12739 -1 -2
12447 -1 12895 -1 -2
10849 -1 -2
12495 -1 -2
12559 -1 -2
12463 -1 -2
12495 -1 -2
12487 -1 12663 -1 12835 -1 -2
12875 -1 -2
18863 -1 -2
10307 -1 12335 -1 12347 -1 12895 -1 -2
10311 -1 10315 -1 12815 -1 12895 -1 -2
18707 -1 -2
18831 -1 -2
18563 -1 18875 -1 -2
12895 -1 -2
12487 -1 -2
10311 -1 -2
18875 -1 -2
12559 -1 -2
12815 -1 12895 -1 -2
10311 -1 12483 -1 12487 -1 12875 -1 -2
10291 -1 10311 -1 12487 -1 -2
12607 -1 12627 -1 18459 -1 -2
10311 -1 10315 -1 12875 -1 -2
10311 -1 10315 -1 10319 -1 10837 -1 10861 -1 12459 -1 12471 -1 12479 -1 12487 -1 12571 -1 12647 -1 12659 -1 12671 -1 12675 -1 12695 -1 12699 -1 12703 -1 12715 -1 12759 -1 12763 -1 12875 -1 12883 -1 12899 -1 -2
12711 -1 -2
10295 -1 10299 -1 10307 -1 10311 -1 12895 -1 18787 -1 18831 -1 -2
18507 -1 -2
10295 -1 12631 -1 12691 -1 12843 -1 12871 -1 12903 -1 -2
10295 -1 10311 -1 12367 -1 12403 -1 12407 -1 12411 -1 12419 -1 12431 -1 12443 -1 12479 -1 12483 -1 12487 -1 12571 -1 12575 -1 12663 -1 12703 -1 12723 -1 12767 -1 12783 -1 12875 -1 -2
12621 -1 12627 -1 18459 -1 18831 -1 -2
18831 -1 -2
12339 -1 -2
12575 -1 -2
12779 -1 12787 -1 -2
12815 -1 12895 -1 -2
18507 -1 -2
12479 -1 12647 -1 -2
18507 -1 -2
10295 -1 10315 -1 12895 -1 -2
12663 -1 -2
12559 -1 -2
10311 -1 12695 -1 12699 -1 12703 -1 -2
10295 -1 10307 -1 10311 -1 10315 -1 12463 -1 12487 -1 12491 -1 12495 -1 12531 -1 12611 -1 12621 -1 12631 -1 12683 -1 12687 -1 12691 -1 12695 -1 12703 -1 12715 -1 12815 -1 12819 -1 12823 -1 12867 -1 12875 -1 12895 -1 -2
10849 -1 10857 -1 12463 -1 12483 -1 12487 -1 12795 -1 18663 -1 -2
12559 -1 -2
18507 -1 -2
12763 -1 -2
12559 -1 12567 -1 12663 -1 12667 -1 -2
12559 -1 -2
10315 -1 -2
12755 -1 12771 -1 -2
12723 -1 -2
18423 -1 -2
12875 -1 -2
10315 -1 12663 -1 12727 -1 12895 -1 -2
10295 -1 10311 -1 -2
12727 -1 -2
10315 -1 -2
12483 -1 12487 -1 12715 -1 -2
18511 -1 -2
12451 -1 -2
12403 -1 -2
18507 -1 -2
18707 -1 -2
10311 -1 12459 -1 12483 -1 12491 -1 12647 -1 12651 -1 12683 -1 12695 -1 12703 -1 12795 -1 12807 -1 12867 -1 12895 -1 -2
12403 -1 -2
18507 -1 -2
18507 -1 -2
18507 -1 -2
18507 -1 -2
12655 -1 18459 -1 -2
12415 -1 -2
12399 -1 12567 -1 12611 -1 12621 -1 -2
12487 -1 12695 -1 18535 -1 18563 -1 -2
12827 -1 12895 -1 -2
18507 -1 -2
12895 -1 -2
18507 -1 -2
18507 -1 -2
18695 -1 -2
18507 -1 -2
12447 -1 -2
12411 -1 12487 -1 -2
12875 -1 -2
12411 -1 -2
12831 -1 18507 -1 18819 -1 18879 -1 -2
12567 -1 -2
12483 -1 18695 -1 -2
12895 -1 -2
12331 -1 -2
10315 -1 -2
10291 -1 10295 -1 10299 -1 10303 -1 10307 -1 10861 -1 12547 -1 12679 -1 12683 -1 12687 -1 12691 -1 12695 -1 12699 -1 12703 -1 -2
10829 -1 10869 -1 10877 -1 12347 -1 12355 -1 12559 -1 -2
18439 -1 18443 -1 18447 -1 18459 -1 -2
12727 -1 -2
12679 -1 12731 -1 -2
10849 -1 -2
12699 -1 -2
12675 -1 -2
12875 -1 -2
12891 -1 -2
12755 -1 12771 -1 -2
10837 -1 -2
12711 -1 12719 -1 12895 -1 -2
12819 -1 -2
18507 -1 -2
10295 -1 10299 -1 10307 -1 10311 -1 12815 -1 12875 -1 12895 -1 -2
10315 -1 -2
12451 -1 -2
10877 -1 -2
12463 -1 -2
10877 -1 -2
12407 -1 12847 -1 18611 -1 18707 -1 18723 -1 18855 -1 27385 -1 27389 -1 -2
12475 -1 -2
10877 -1 12347 -1 12351 -1 12559 -1 12567 -1 -2
12451 -1 12463 -1 -2
12399 -1 12403 -1 -2
12795 -1 12819 -1 -2
12399 -1 12411 -1 12555 -1 12691 -1 12727 -1 12787 -1 12823 -1 12827 -1 18547 -1 -2
12847 -1 -2
12555 -1 18831 -1 -2
10291 -1 10295 -1 10307 -1 10315 -1 12487 -1 12523 -1 12527 -1 12611 -1 12735 -1 12755 -1 12759 -1 12763 -1 12771 -1 -2
18707 -1 -2
10877 -1 -2
12555 -1 12567 -1 -2
12675 -1 -2
12895 -1 -2
12403 -1 -2
10307 -1 -2
12715 -1 12895 -1 -2
12683 -1 -2
10295 -1 10315 -1 12463 -1 -2
18439 -1 -2
12567 -1 -2
12483 -1 -2
12795 -1 12819 -1 12831 -1 -2
12567 -1 -2
18651 -1 -2
10291 -1 10295 -1 10303 -1 10311 -1 10857 -1 10861 -1 10865 -1 12355 -1 12479 -1 12487 -1 12571 -1 12627 -1 12631 -1 12643 -1 12651 -1 12663 -1 12671 -1 12683 -1 12687 -1 12699 -1 12703 -1 12739 -1 12743 -1 12763 -1 12779 -1 12827 -1 12863 -1 12875 -1 -2
12723 -1 -2
12591 -1 -2
18507 -1 -2
12783 -1 -2
12591 -1 -2
12795 -1 12819 -1 12907 -1 -2
18507 -1 -2
18507 -1 -2
12367 -1 12395 -1 12427 -1 12431 -1 12439 -1 -2
10849 -1 -2
10299 -1 12691 -1 -2
12395 -1 12683 -1 -2
18615 -1 -2
12431 -1 -2
12715 -1 -2
12663 -1 -2
10311 -1 12679 -1 12703 -1 -2
18423 -1 18855 -1 -2
12795 -1 12907 -1 -2
12559 -1 12747 -1 -2
10295 -1 12715 -1 12723 -1 12731 -1 12847 -1 -2
18507 -1 -2
12621 -1 -2
12463 -1 -2
12731 -1 -2
12431 -1 -2
10849 -1 -2
12479 -1 12483 -1 12487 -1 12647 -1 12683 -1 12695 -1 12699 -1 12783 -1 18651 -1 18719 -1 18735 -1 -2
12463 -1 12479 -1 12483 -1 12487 -1 -2
12895 -1 -2
18563 -1 -2
10829 -1 10833 -1 10849 -1 -2
18507 -1 -2
12663 -1 12667 -1 12671 -1 -2
10311 -1 12495 -1 12683 -1 12695 -1 -2
12355 -1 12695 -1 12703 -1 12783 -1 -2
12567 -1 -2
12835 -1 -2
12351 -1 -2
12487 -1 -2
12355 -1 -2
12747 -1 -2
10307 -1 10311 -1 18831 -1 -2
18507 -1 -2
12351 -1 -2
10311 -1 12487 -1 -2
12743 -1 -2
10833 -1 12355 -1 18527 -1 18559 -1 18695 -1 18723 -1 18731 -1 18787 -1 18827 -1 18847 -1 -2
18651 -1 -2
18507 -1 -2
10303 -1 -2
12523 -1 12803 -1 12823 -1 12851 -1 -2
12723 -1 -2
12563 -1 12815 -1 12895 -1 -2
18863 -1 -2
10315 -1 10849 -1 -2
12487 -1 -2
12439 -1 -2
18863 -1 20807 -1 -2
12523 -1 12527 -1 -2
12895 -1 -2
12459 -1 12855 -1 18507 -1 -2
12567 -1 -2
12875 -1 -2
18507 -1 -2
12487 -1 -2
18507 -1 18715 -1 18719 -1 -2
10303 -1 10307 -1 10857 -1 12611 -1 12695 -1 12747 -1 12775 -1 12779 -1 -2
12843 -1 12855 -1 18863 -1 -2
12411 -1 -2
12727 -1 -2
10869 -1 12679 -1 -2
18459 -1 -2
10307 -1 -2
12483 -1 12487 -1 -2
10849 -1 18507 -1 -2
12687 -1 -2
12663 -1 12679 -1 12683 -1 -2
12895 -1 -2
18831 -1 -2
12495 -1 -2
12559 -1 -2
12439 -1 -2
12559 -1 -2
18507 -1 -2
12559 -1 -2
12627 -1 -2
12559 -1 -2
12411 -1 12559 -1 18787 -1 -2
12555 -1 12559 -1 -2
18507 -1 -2
12855 -1 -2
12895 -1 -2
10295 -1 12439 -1 12547 -1 -2
10311 -1 -2
18507 -1 -2
10295 -1 10315 -1 -2
12479 -1 12875 -1 12895 -1 -2
12431 -1 12687 -1 -2
12483 -1 -2
10849 -1 -2
12495 -1 -2
12763 -1 -2
12691 -1 12695 -1 12755 -1 12815 -1 12823 -1 -2
10307 -1 -2
12895 -1 -2
10315 -1 -2
18507 -1 -2
12559 -1 -2
12815 -1 12895 -1 -2
10307 -1 -2
12819 -1 12895 -1 -2
12463 -1 -2
12895 -1 -2
12591 -1 -2
12463 -1 -2
18507 -1 -2
12779 -1 -2
12795 -1 -2
12583 -1 -2
12895 -1 -2
10307 -1 12679 -1 12727 -1 -2
12531 -1 12739 -1 12819 -1 -2
12567 -1 -2
18855 -1 -2
12711 -1 -2
12495 -1 12891 -1 -2
12699 -1 12703 -1 -2
12711 -1 12723 -1 12727 -1 12767 -1 -2
18691 -1 -2
18507 -1 -2
12683 -1 12691 -1 12703 -1 -2
10295 -1 -2
12631 -1 -2
12607 -1 -2
12487 -1 -2
10857 -1 -2
12779 -1 12783 -1 12787 -1 12875 -1 -2
18831 -1 -2
12895 -1 -2
12663 -1 12667 -1 18419 -1 18447 -1 18555 -1 18595 -1 18635 -1 18671 -1 18707 -1 -2
12463 -1 -2
10849 -1 -2
10857 -1 10861 -1 12347 -1 12355 -1 12735 -1 -2
10849 -1 -2
12735 -1 12759 -1 12763 -1 -2
10315 -1 -2
18507 -1 -2
12891 -1 -2
12621 -1 -2
12411 -1 18507 -1 18523 -1 18619 -1 18807 -1 -2
10307 -1 -2
12667 -1 -2
12411 -1 -2
12831 -1 -2
18863 -1 -2
12775 -1 -2
12447 -1 -2
10315 -1 12815 -1 12895 -1 -2
10307 -1 12679 -1 12895 -1 -2
12559 -1 -2
10829 -1 12607 -1 -2
12555 -1 -2
12479 -1 -2
10829 -1 10833 -1 10849 -1 12551 -1 12555 -1 12567 -1 12675 -1 12823 -1 18427 -1 18707 -1 18731 -1 18735 -1 18863 -1 -2
12523 -1 -2
10849 -1 12591 -1 18831 -1 -2
12371 -1 -2
12803 -1 12823 -1 12863 -1 12867 -1 12871 -1 -2
12487 -1 12563 -1 12575 -1 -2
12547 -1 12687 -1 -2
12571 -1 12575 -1 12779 -1 -2
12403 -1 18691 -1 18831 -1 -2
12715 -1 12751 -1 12755 -1 -2
12551 -1 -2
12895 -1 -2
18507 -1 -2
10311 -1 -2
10833 -1 -2
12691 -1 -2
10303 -1 -2
12451 -1 -2
18723 -1 -2
10307 -1 12483 -1 12487 -1 12895 -1 -2
10307 -1 12663 -1 12667 -1 -2
12583 -1 -2
12695 -1 12703 -1 -2
12663 -1 -2
12611 -1 12621 -1 -2
12527 -1 12695 -1 12895 -1 -2
12679 -1 -2
12875 -1 -2
12679 -1 12895 -1 18507 -1 18527 -1 -2
10315 -1 -2
10311 -1 12571 -1 12575 -1 12703 -1 12883 -1 -2
12563 -1 -2
10841 -1 12411 -1 12559 -1 12567 -1 -2
12715 -1 12795 -1 12807 -1 12819 -1 12823 -1 -2
12815 -1 -2
10841 -1 12559 -1 12567 -1 -2
18615 -1 -2
12895 -1 -2
12395 -1 12419 -1 -2
12683 -1 12695 -1 -2
10311 -1 -2
10295 -1 10307 -1 10315 -1 12527 -1 12695 -1 12819 -1 12843 -1 12879 -1 -2
12451 -1 -2
10837 -1 -2
12663 -1 12679 -1 12807 -1 12823 -1 12879 -1 12895 -1 -2
12487 -1 12495 -1 -2
10295 -1 10307 -1 -2
10315 -1 -2
12591 -1 -2
18507 -1 -2
12895 -1 -2
10829 -1 10833 -1 10849 -1 -2
10311 -1 12487 -1 12703 -1 -2
12559 -1 -2
12567 -1 -2
12299 -1 -2
12819 -1 -2
12431 -1 -2
10833 -1 10849 -1 -2
12411 -1 12439 -1 -2
18507 -1 -2
12723 -1 12727 -1 -2
10315 -1 12647 -1 12651 -1 12679 -1 12703 -1 12827 -1 12831 -1 12895 -1 -2
12795 -1 -2
18663 -1 -2
10307 -1 12663 -1 -2
12463 -1 -2
18439 -1 -2
12559 -1 -2
18787 -1 -2
12559 -1 -2
12839 -1 -2
12559 -1 -2
12559 -1 -2
12559 -1 -2
12559 -1 -2
12567 -1 12683 -1 18619 -1 18831 -1 -2
10307 -1 -2
10307 -1 -2
12695 -1 12699 -1 -2
12807 -1 18451 -1 18499 -1 18507 -1 18511 -1 18527 -1 18683 -1 18723 -1 18787 -1 27385 -1 -2
12895 -1 -2
10857 -1 10865 -1 12347 -1 12355 -1 12547 -1 18431 -1 -2
12895 -1 -2
10311 -1 10315 -1 -2
12895 -1 -2
10877 -1 -2
18707 -1 -2
12667 -1 12691 -1 -2
12559 -1 -2
12483 -1 12487 -1 -2
18787 -1 -2
10295 -1 10299 -1 10303 -1 10307 -1 10861 -1 10865 -1 12463 -1 12479 -1 12495 -1 12531 -1 12631 -1 12655 -1 12683 -1 12755 -1 12767 -1 12803 -1 12823 -1 12851 -1 -2
10311 -1 10315 -1 12875 -1 -2
10311 -1 10315 -1 12487 -1 12655 -1 12703 -1 -2
12483 -1 -2
12399 -1 -2
12775 -1 -2
12723 -1 -2
18871 -1 -2
10311 -1 -2
18423 -1 -2
12895 -1 -2
10857 -1 -2
12663 -1 12679 -1 -2
12679 -1 -2
18507 -1 -2
12783 -1 -2
10849 -1 12463 -1 12487 -1 12819 -1 -2
12695 -1 -2
18507 -1 -2
12775 -1 -2
12351 -1 12495 -1 -2
12559 -1 -2
12679 -1 12871 -1 12895 -1 -2
10311 -1 -2
12695 -1 12703 -1 -2
12751 -1 -2
18507 -1 -2
18507 -1 -2
12751 -1 -2
12567 -1 -2
12451 -1 12559 -1 -2
12875 -1 -2
12895 -1 -2
12807 -1 12823 -1 -2
18831 -1 -2
12863 -1 12895 -1 -2
12815 -1 12827 -1 12895 -1 -2
12643 -1 12895 -1 -2
12827 -1 -2
12715 -1 12723 -1 -2
10307 -1 -2
12695 -1 -2
12847 -1 -2
10295 -1 10311 -1 10315 -1 12463 -1 12527 -1 12655 -1 12683 -1 12691 -1 12695 -1 12703 -1 12763 -1 12795 -1 -2
10307 -1 -2
10295 -1 12463 -1 -2
12567 -1 -2
12683 -1 -2
12747 -1 12755 -1 -2
12895 -1 -2
12895 -1 -2
12827 -1 -2
12751 -1 -2
12447 -1 18507 -1 -2
10307 -1 -2
12771 -1 -2
12327 -1 -2
12895 -1 -2
12723 -1 -2
12691 -1 12695 -1 -2
12763 -1 -2
18427 -1 18431 -1 -2
12775 -1 -2
12715 -1 12719 -1 -2
12715 -1 12719 -1 -2
10303 -1 12611 -1 12615 -1 12695 -1 12747 -1 12819 -1 -2
10857 -1 10861 -1 10865 -1 12347 -1 12355 -1 12495 -1 12627 -1 12647 -1 12655 -1 12659 -1 12667 -1 12735 -1 12739 -1 12743 -1 12759 -1 12763 -1 12779 -1 -2
12621 -1 -2
12591 -1 -2
10307 -1 -2
12895 -1 -2
18451 -1 -2
18507 -1 -2
12523 -1 12527 -1 12531 -1 -2
18847 -1 -2
12695 -1 12703 -1 -2
12355 -1 -2
12459 -1 12463 -1 12487 -1 12491 -1 -2
12723 -1 -2
12739 -1 -2
18691 -1 -2
12663 -1 -2
10311 -1 12483 -1 -2
12411 -1 -2
10307 -1 12479 -1 -2
10315 -1 12463 -1 12479 -1 12483 -1 12487 -1 12607 -1 12631 -1 12691 -1 12695 -1 12699 -1 12703 -1 12771 -1 12775 -1 12819 -1 12831 -1 12875 -1 -2
12819 -1 -2
12459 -1 12467 -1 12471 -1 12479 -1 12483 -1 -2
10311 -1 12551 -1 12555 -1 12567 -1 -2
12747 -1 12751 -1 -2
10295 -1 10307 -1 10311 -1 12483 -1 12487 -1 12627 -1 12647 -1 12651 -1 12695 -1 12703 -1 12815 -1 -2
12419 -1 -2
12747 -1 -2
12679 -1 12683 -1 12687 -1 12691 -1 12695 -1 12699 -1 12703 -1 -2
20807 -1 -2
10311 -1 12355 -1 12679 -1 12683 -1 12895 -1 18427 -1 18707 -1 -2
12443 -1 -2
18427 -1 18547 -1 18707 -1 18727 -1 18735 -1 18775 -1 18827 -1 18831 -1 -2
12807 -1 12823 -1 -2
10295 -1 10849 -1 -2
18507 -1 -2
10315 -1 -2
12647 -1 -2
10307 -1 12611 -1 -2
10295 -1 10311 -1 12663 -1 -2
12663 -1 12679 -1 12703 -1 -2
12559 -1 -2
12815 -1 12895 -1 -2
10881 -1 12355 -1 12747 -1 12751 -1 -2
10877 -1 -2
12483 -1 -2
18439 -1 -2
10877 -1 -2
18527 -1 -2
12563 -1 -2
12747 -1 18459 -1 -2
12875 -1 -2
18879 -1 -2
12559 -1 -2
18619 -1 -2
12651 -1 18427 -1 18447 -1 18459 -1 18615 -1 18619 -1 18767 -1 18855 -1 18863 -1 -2
10307 -1 -2
10291 -1 10295 -1 10303 -1 10307 -1 10311 -1 10315 -1 10319 -1 12523 -1 12527 -1 12531 -1 12795 -1 12799 -1 12803 -1 12811 -1 12819 -1 12823 -1 12827 -1 12831 -1 12835 -1 12839 -1 12843 -1 12859 -1 12863 -1 12867 -1 12871 -1 12875 -1 12879 -1 12883 -1 12887 -1 12891 -1 12895 -1 12899 -1 12907 -1 -2
12559 -1 -2
12463 -1 -2
20807 -1 -2
12679 -1 12703 -1 12727 -1 -2
12483 -1 -2
12621 -1 -2
18831 -1 -2
18699 -1 18723 -1 18727 -1 -2
18423 -1 -2
10307 -1 12663 -1 12687 -1 -2
18507 -1 -2
12559 -1 12567 -1 -2
10833 -1 10849 -1 12571 -1 12575 -1 12579 -1 12711 -1 12715 -1 -2
12463 -1 18787 -1 -2
12431 -1 -2
10295 -1 12663 -1 -2
18507 -1 -2
12559 -1 12683 -1 -2
12895 -1 -2
12895 -1 -2
18507 -1 -2
12811 -1 12815 -1 12847 -1 12851 -1 12855 -1 12903 -1 -2
12555 -1 18727 -1 -2
12871 -1 -2
12451 -1 12687 -1 12827 -1 18635 -1 -2
12895 -1 -2
12621 -1 -2
10307 -1 12663 -1 12895 -1 -2
12439 -1 -2
18507 -1 -2
12727 -1 -2
12691 -1 12695 -1 12795 -1 12819 -1 -2
18715 -1 -2
12439 -1 12679 -1 -2
12895 -1 -2
12683 -1 -2
12451 -1 -2
10295 -1 10307 -1 10311 -1 10315 -1 -2
12483 -1 -2
12731 -1 12747 -1 18423 -1 -2
12723 -1 -2
12351 -1 -2
12435 -1 -2
12879 -1 -2
12571 -1 -2
12771 -1 12819 -1 18855 -1 -2
12747 -1 -2
12747 -1 -2
10865 -1 -2
12647 -1 12655 -1 -2
12759 -1 -2
12819 -1 -2
12663 -1 -2
12411 -1 -2
12647 -1 -2
12647 -1 12651 -1 -2
12595 -1 -2
12567 -1 -2
10311 -1 10315 -1 -2
12403 -1 12563 -1 12567 -1 12591 -1 12671 -1 12819 -1 -2
12659 -1 12715 -1 18651 -1 -2
12559 -1 18679 -1 -2
12679 -1 -2
12559 -1 -2
12487 -1 -2
12567 -1 -2
10315 -1 10849 -1 12419 -1 12459 -1 12551 -1 12567 -1 12571 -1 12627 -1 12663 -1 12695 -1 12795 -1 12895 -1 18459 -1 18795 -1 18799 -1 18863 -1 20807 -1 -2
12495 -1 -2
12559 -1 -2
12547 -1 12559 -1 -2
10307 -1 12403 -1 12451 -1 12727 -1 12783 -1 -2
12559 -1 -2
18423 -1 -2
10295 -1 10307 -1 10311 -1 10315 -1 12479 -1 12483 -1 12487 -1 12683 -1 12815 -1 12827 -1 12875 -1 12895 -1 -2
12559 -1 -2
12691 -1 -2
12559 -1 12591 -1 -2
12895 -1 -2
12463 -1 12487 -1 -2
12559 -1 -2
10315 -1 -2
12787 -1 -2
12431 -1 12479 -1 18707 -1 18715 -1 -2
12559 -1 -2
12795 -1 12819 -1 -2
12743 -1 12755 -1 -2
12567 -1 -2
12567 -1 -2
12621 -1 -2
12547 -1 12559 -1 12567 -1 -2
12567 -1 -2
12567 -1 -2
12787 -1 -2
12439 -1 -2
18691 -1 -2
10315 -1 -2
12559 -1 12819 -1 18427 -1 18707 -1 -2
12411 -1 -2
12567 -1 -2
12819 -1 -2
12663 -1 18447 -1 -2
12567 -1 -2
10849 -1 -2
12627 -1 12691 -1 12703 -1 -2
12567 -1 -2
12567 -1 -2
12559 -1 12567 -1 -2
12567 -1 -2
12567 -1 -2
12567 -1 -2
12567 -1 -2
12567 -1 -2
12403 -1 -2
10315 -1 12763 -1 -2
12823 -1 -2
12807 -1 12811 -1 -2
10849 -1 -2
10311 -1 12447 -1 12463 -1 12567 -1 12659 -1 12715 -1 18459 -1 18787 -1 -2
10849 -1 12567 -1 -2
12875 -1 -2
12895 -1 -2
12703 -1 -2
12447 -1 12451 -1 -2
10291 -1 10299 -1 12459 -1 12467 -1 12531 -1 12687 -1 -2
12631 -1 -2
12835 -1 18831 -1 -2
12531 -1 -2
12875 -1 -2
12463 -1 12687 -1 -2
12621 -1 -2
10849 -1 12411 -1 -2
18831 -1 -2
10295 -1 10311 -1 12643 -1 12647 -1 12655 -1 12659 -1 12667 -1 -2
12567 -1 12783 -1 -2
12495 -1 12895 -1 -2
10833 -1 12531 -1 12783 -1 -2
12567 -1 -2
12823 -1 -2
12479 -1 -2
12483 -1 12615 -1 12727 -1 18547 -1 18691 -1 18855 -1 -2
12663 -1 12667 -1 -2
10307 -1 -2
12611 -1 -2
20807 -1 -2
10307 -1 10315 -1 12463 -1 12471 -1 12483 -1 12487 -1 12491 -1 12495 -1 12527 -1 12627 -1 -2
12751 -1 12779 -1 -2
12679 -1 12895 -1 -2
10307 -1 12479 -1 12775 -1 18603 -1 18707 -1 -2
12555 -1 12567 -1 12751 -1 12771 -1 -2
10307 -1 -2
12895 -1 -2
12767 -1 -2
12567 -1 -2
12563 -1 -2
12895 -1 -2
10295 -1 10315 -1 -2
10315 -1 12523 -1 12527 -1 12655 -1 12667 -1 12671 -1 12683 -1 12815 -1 18707 -1 -2
18423 -1 18691 -1 -2
18507 -1 -2
12447 -1 12551 -1 12567 -1 12691 -1 12695 -1 12703 -1 12723 -1 12815 -1 12895 -1 -2
10845 -1 12451 -1 12567 -1 12739 -1 18751 -1 -2
10311 -1 -2
12483 -1 12621 -1 -2
12795 -1 -2
12621 -1 -2
10841 -1 -2
12783 -1 -2
18507 -1 -2
12751 -1 12755 -1 -2
12479 -1 -2
12895 -1 -2
12431 -1 -2
12711 -1 12715 -1 12731 -1 -2
12663 -1 -2
10291 -1 10295 -1 10303 -1 12631 -1 12655 -1 12679 -1 12695 -1 12699 -1 12703 -1 12895 -1 -2
18507 -1 -2
10295 -1 10307 -1 -2
12483 -1 -2
18507 -1 -2
18507 -1 -2
12715 -1 -2
10311 -1 -2
12491 -1 -2
12299 -1 12403 -1 12627 -1 -2
10295 -1 10315 -1 12715 -1 -2
12621 -1 -2
10315 -1 -2
10295 -1 10307 -1 10315 -1 12711 -1 12715 -1 12723 -1 12735 -1 12759 -1 12795 -1 -2
10311 -1 12487 -1 12575 -1 12703 -1 -2
12895 -1 -2
12683 -1 12695 -1 12703 -1 12827 -1 12895 -1 -2
12621 -1 -2
10311 -1 -2
12819 -1 -2
18671 -1 -2
18507 -1 -2
12567 -1 -2
12683 -1 -2
12621 -1 -2
12895 -1 -2
12367 -1 12415 -1 12559 -1 12643 -1 18871 -1 -2
10307 -1 12699 -1 -2
12759 -1 -2
18507 -1 -2
12879 -1 -2
12487 -1 12875 -1 -2
10295 -1 12463 -1 12795 -1 -2
12691 -1 -2
12567 -1 18831 -1 -2
12663 -1 12671 -1 12843 -1 12847 -1 -2
12819 -1 -2
12739 -1 -2
18507 -1 -2
10845 -1 12439 -1 18831 -1 -2
12567 -1 -2
12575 -1 -2
12355 -1 12687 -1 12703 -1 -2
12747 -1 12775 -1 -2
12343 -1 -2
12843 -1 -2
12591 -1 -2
18831 -1 -2
12775 -1 -2
10861 -1 -2
18831 -1 -2
12567 -1 -2
12895 -1 -2
12487 -1 -2
12431 -1 -2
12459 -1 -2
12559 -1 -2
12559 -1 18611 -1 -2
18611 -1 -2
12431 -1 -2
12439 -1 -2
12371 -1 12395 -1 12815 -1 12895 -1 -2
12695 -1 12703 -1 -2
12895 -1 -2
10841 -1 12563 -1 12751 -1 12783 -1 12787 -1 -2
18619 -1 -2
12495 -1 -2
12523 -1 -2
10295 -1 10307 -1 10315 -1 12559 -1 -2
10307 -1 -2
18611 -1 -2
18507 -1 -2
12835 -1 -2
12819 -1 -2
12627 -1 12691 -1 12763 -1 12819 -1 12871 -1 12903 -1 -2
10295 -1 10299 -1 10307 -1 10311 -1 10315 -1 12643 -1 12679 -1 12723 -1 -2
12819 -1 -2
12895 -1 -2
12567 -1 -2
12527 -1 -2
12811 -1 12891 -1 -2
10303 -1 10865 -1 12495 -1 -2
12695 -1 12703 -1 -2
12479 -1 12627 -1 12843 -1 12871 -1 -2
12723 -1 12727 -1 12731 -1 12819 -1 -2
18507 -1 -2
12679 -1 -2
12567 -1 -2
10877 -1 -2
12691 -1 -2
12779 -1 -2
12355 -1 -2
12559 -1 12567 -1 12659 -1 18635 -1 -2
12559 -1 12563 -1 -2
12591 -1 -2
10295 -1 10307 -1 12895 -1 -2
12551 -1 -2
12879 -1 18707 -1 -2
12891 -1 -2
12663 -1 12783 -1 -2
18507 -1 -2
10307 -1 -2
18423 -1 18855 -1 18863 -1 -2
12567 -1 -2
12895 -1 -2
12731 -1 -2
12723 -1 -2
18707 -1 -2
12523 -1 12531 -1 12695 -1 -2
12875 -1 -2
12483 -1 -2
12679 -1 -2
18459 -1 18831 -1 -2
10861 -1 10865 -1 12399 -1 12407 -1 12459 -1 12551 -1 12687 -1 12691 -1 12695 -1 12699 -1 -2
12895 -1 -2
12531 -1 12823 -1 -2
18507 -1 -2
12895 -1 -2
10295 -1 10311 -1 12487 -1 12495 -1 18659 -1 -2
12783 -1 -2
18707 -1 -2
12891 -1 -2
12611 -1 12621 -1 -2
12411 -1 -2
12355 -1 -2
10295 -1 10311 -1 10315 -1 12487 -1 12627 -1 12691 -1 12843 -1 12871 -1 12879 -1 -2
18507 -1 -2
10295 -1 10311 -1 -2
10291 -1 10295 -1 12695 -1 -2
12895 -1 -2
12403 -1 18831 -1 -2
12895 -1 -2
12835 -1 -2
12891 -1 -2
12403 -1 -2
12531 -1 12683 -1 12695 -1 12699 -1 12703 -1 -2
18619 -1 -2
12895 -1 -2
10307 -1 -2
18507 -1 -2
12783 -1 -2
12575 -1 18787 -1 -2
12795 -1 -2
12731 -1 -2
10295 -1 10303 -1 10307 -1 10311 -1 12463 -1 12479 -1 12483 -1 12487 -1 12491 -1 12495 -1 12627 -1 12647 -1 12651 -1 12655 -1 12815 -1 12871 -1 12875 -1 12895 -1 -2
12779 -1 -2
12759 -1 -2
12607 -1 -2
18507 -1 -2
10295 -1 -2
18507 -1 -2
18691 -1 -2
10849 -1 -2
10315 -1 -2
12879 -1 -2
12895 -1 -2
12655 -1 12731 -1 12747 -1 -2
12567 -1 12779 -1 -2
18787 -1 -2
18507 -1 -2
12727 -1 -2
12621 -1 -2
10857 -1 12755 -1 -2
12895 -1 -2
10295 -1 -2
10295 -1 10299 -1 10307 -1 10311 -1 10315 -1 -2
12627 -1 -2
12487 -1 12687 -1 12703 -1 12875 -1 -2
12775 -1 -2
10315 -1 -2
12755 -1 -2
10311 -1 -2
18507 -1 -2
12631 -1 12879 -1 -2
10311 -1 10315 -1 12819 -1 -2
12559 -1 -2
18695 -1 -2
18507 -1 -2
10295 -1 10307 -1 10311 -1 12663 -1 12679 -1 12683 -1 12827 -1 12895 -1 -2
18787 -1 -2
10311 -1 10849 -1 12355 -1 12483 -1 12487 -1 12555 -1 12575 -1 12643 -1 12687 -1 12703 -1 12803 -1 12875 -1 12883 -1 -2
18827 -1 -2
12621 -1 -2
10307 -1 12715 -1 18427 -1 18447 -1 18787 -1 -2
12715 -1 -2
12403 -1 -2
12691 -1 12795 -1 -2
12527 -1 -2
18507 -1 -2
12527 -1 12819 -1 -2
12575 -1 -2
12331 -1 -2
12771 -1 -2
12895 -1 -2
12419 -1 -2
10311 -1 12483 -1 12487 -1 12703 -1 12759 -1 12875 -1 -2
10849 -1 10861 -1 -2
12895 -1 -2
10315 -1 12895 -1 -2
10295 -1 12819 -1 12831 -1 12895 -1 -2
12719 -1 -2
12621 -1 -2
10311 -1 12487 -1 12703 -1 -2
10299 -1 -2
12695 -1 -2
10295 -1 10299 -1 10307 -1 10311 -1 -2
10857 -1 -2
18571 -1 18727 -1 -2
12621 -1 -2
12607 -1 -2
12875 -1 -2
12843 -1 12895 -1 18779 -1 -2
12715 -1 -2
12751 -1 -2
12491 -1 -2
12467 -1 12491 -1 12651 -1 12695 -1 12807 -1 -2
10295 -1 10307 -1 10311 -1 10315 -1 12699 -1 -2
12879 -1 -2
12835 -1 12859 -1 -2
18547 -1 -2
12795 -1 -2
10303 -1 10319 -1 10861 -1 12487 -1 12571 -1 12627 -1 12631 -1 12663 -1 12691 -1 12703 -1 12763 -1 12843 -1 12895 -1 12903 -1 -2
12523 -1 -2
12479 -1 -2
12399 -1 -2
18787 -1 -2
10303 -1 -2
10873 -1 -2
12479 -1 -2
12621 -1 -2
12575 -1 -2
10311 -1 12527 -1 12695 -1 12819 -1 -2
10311 -1 -2
12479 -1 12483 -1 12487 -1 -2
12627 -1 -2
12679 -1 12683 -1 12687 -1 12807 -1 12811 -1 12895 -1 12907 -1 -2
10307 -1 12611 -1 12679 -1 12855 -1 12895 -1 -2
12371 -1 -2
12483 -1 12487 -1 12875 -1 -2
10295 -1 10311 -1 -2
12703 -1 -2
12759 -1 -2
12479 -1 12483 -1 12487 -1 -2
18863 -1 -2
18707 -1 -2
12395 -1 -2
12663 -1 -2
10295 -1 12523 -1 12647 -1 12651 -1 12655 -1 12759 -1 12763 -1 12879 -1 -2
10311 -1 12483 -1 12487 -1 -2
18847 -1 -2
12663 -1 12667 -1 12671 -1 -2
10307 -1 10311 -1 -2
12695 -1 -2
18619 -1 18875 -1 -2
12527 -1 -2
12531 -1 -2
10295 -1 10307 -1 12759 -1 12895 -1 -2
12875 -1 -2
12783 -1 -2
10833 -1 -2
12431 -1 12847 -1 -2
12727 -1 -2
10865 -1 12621 -1 12855 -1 -2
10291 -1 10295 -1 10299 -1 10307 -1 12459 -1 12467 -1 12627 -1 12655 -1 12671 -1 12687 -1 12695 -1 12799 -1 -2
12895 -1 -2
12663 -1 -2
12703 -1 -2
18547 -1 -2
18507 -1 -2
10311 -1 -2
10315 -1 18447 -1 -2
12463 -1 12663 -1 -2
12611 -1 -2
12655 -1 12715 -1 12751 -1 -2
12695 -1 12895 -1 -2
12351 -1 -2
12895 -1 -2
12895 -1 -2
10315 -1 -2
12355 -1 12567 -1 -2
12483 -1 -2
12815 -1 12827 -1 12895 -1 18831 -1 -2
12427 -1 12451 -1 -2
18507 -1 -2
12663 -1 18599 -1 18679 -1 -2
12463 -1 12479 -1 12487 -1 12647 -1 12659 -1 12875 -1 -2
18427 -1 18547 -1 18619 -1 18779 -1 18831 -1 -2
12627 -1 12795 -1 12871 -1 -2
10307 -1 12451 -1 12559 -1 12621 -1 12727 -1 12895 -1 18723 -1 -2
12399 -1 -2
12347 -1 -2
10315 -1 -2
12419 -1 -2
18831 -1 -2
10295 -1 10299 -1 10311 -1 10315 -1 12531 -1 12679 -1 12695 -1 12703 -1 12795 -1 12799 -1 12835 -1 12839 -1 12843 -1 12879 -1 12895 -1 -2
10307 -1 -2
18423 -1 -2
12463 -1 -2
10299 -1 10307 -1 12479 -1 12495 -1 12527 -1 12655 -1 12683 -1 12691 -1 -2
10311 -1 12679 -1 -2
12527 -1 -2
12567 -1 -2
12621 -1 -2
10833 -1 10877 -1 12347 -1 12367 -1 12431 -1 12547 -1 12551 -1 12555 -1 12559 -1 12563 -1 12567 -1 -2
10295 -1 10311 -1 10315 -1 12527 -1 12655 -1 12815 -1 12895 -1 -2
10307 -1 -2
18691 -1 18855 -1 -2
12563 -1 -2
12621 -1 12783 -1 -2
12695 -1 -2
12403 -1 -2
10307 -1 10849 -1 12723 -1 12727 -1 -2
12487 -1 -2
18619 -1 -2
10295 -1 10307 -1 -2
12487 -1 -2
12463 -1 -2
10295 -1 12895 -1 18571 -1 18863 -1 -2
10291 -1 10307 -1 10311 -1 12663 -1 12783 -1 -2
12895 -1 -2
12783 -1 -2
12607 -1 12771 -1 12775 -1 -2
12875 -1 -2
12463 -1 18423 -1 -2
12895 -1 -2
12663 -1 -2
18507 -1 -2
12815 -1 12895 -1 -2
12695 -1 12783 -1 -2
12463 -1 12479 -1 -2
12591 -1 18423 -1 18547 -1 18595 -1 18675 -1 -2
12751 -1 -2
12559 -1 12587 -1 -2
12621 -1 -2
12555 -1 -2
12439 -1 -2
10295 -1 12463 -1 12819 -1 -2
18683 -1 -2
12875 -1 -2
12683 -1 12703 -1 12807 -1 12895 -1 -2
12723 -1 12727 -1 -2
18603 -1 -2
10295 -1 10299 -1 10307 -1 10311 -1 -2
10295 -1 10307 -1 10315 -1 12895 -1 -2
12621 -1 -2
12411 -1 12751 -1 -2
12559 -1 -2
12751 -1 -2
12735 -1 -2
12367 -1 12375 -1 -2
12895 -1 -2
12715 -1 12723 -1 -2
18507 -1 -2
20807 -1 -2
12611 -1 12621 -1 18707 -1 -2
12767 -1 -2
12687 -1 12855 -1 -2
12343 -1 -2
12819 -1 12823 -1 -2
18619 -1 18651 -1 -2
12895 -1 -2
12663 -1 12903 -1 -2
12467 -1 -2
12679 -1 -2
18707 -1 -2
12695 -1 -2
12551 -1 -2
12843 -1 -2
12735 -1 12763 -1 -2
10295 -1 10311 -1 -2
12531 -1 12823 -1 -2
12595 -1 -2
10315 -1 -2
12783 -1 -2
18651 -1 -2
10307 -1 10849 -1 12795 -1 18707 -1 18795 -1 -2
12895 -1 -2
18831 -1 -2
10311 -1 12875 -1 -2
18691 -1 -2
12683 -1 12695 -1 12699 -1 -2
18519 -1 18619 -1 18863 -1 -2
12835 -1 -2
12795 -1 12819 -1 -2
12775 -1 -2
12895 -1 -2
12795 -1 12831 -1 -2
12715 -1 -2
10877 -1 -2
12895 -1 -2
12621 -1 -2
12367 -1 12395 -1 12431 -1 -2
12691 -1 -2
10311 -1 10315 -1 12483 -1 12487 -1 12571 -1 12575 -1 12703 -1 -2
12567 -1 -2
10841 -1 -2
12895 -1 -2
12835 -1 -2
18795 -1 -2
12563 -1 -2
12691 -1 -2
12679 -1 12891 -1 12895 -1 -2
12679 -1 12891 -1 12895 -1 -2
12355 -1 -2
12335 -1 12347 -1 12371 -1 -2
12559 -1 12563 -1 -2
10311 -1 12795 -1 -2
18423 -1 18443 -1 18475 -1 18619 -1 18727 -1 18787 -1 18855 -1 -2
10849 -1 12679 -1 12727 -1 18723 -1 -2
10295 -1 10307 -1 -2
12679 -1 12683 -1 -2
12771 -1 -2
12739 -1 18879 -1 -2
12667 -1 -2
12807 -1 12895 -1 -2
12411 -1 12643 -1 -2
12439 -1 -2
12691 -1 -2
12651 -1 12663 -1 -2
18423 -1 -2
18755 -1 -2
12367 -1 -2
12403 -1 -2
12411 -1 12563 -1 12663 -1 -2
12679 -1 -2
18507 -1 -2
12415 -1 -2
10315 -1 -2
10295 -1 12487 -1 12495 -1 12627 -1 12643 -1 12679 -1 12683 -1 12691 -1 12695 -1 12795 -1 12819 -1 12855 -1 12871 -1 12879 -1 -2
18651 -1 -2
10307 -1 12527 -1 12819 -1 -2
18499 -1 18675 -1 -2
12559 -1 -2
12487 -1 -2
12467 -1 18787 -1 -2
10311 -1 12487 -1 12523 -1 12607 -1 12627 -1 12655 -1 12695 -1 12807 -1 -2
10295 -1 10311 -1 10315 -1 -2
18787 -1 -2
18615 -1 -2
12431 -1 -2
10295 -1 12627 -1 12691 -1 12715 -1 12779 -1 -2
12819 -1 -2
12663 -1 -2
10307 -1 10315 -1 -2
10291 -1 10295 -1 10307 -1 10315 -1 12679 -1 -2
10311 -1 10877 -1 12347 -1 12355 -1 12395 -1 12403 -1 12407 -1 12411 -1 12415 -1 12431 -1 12439 -1 12443 -1 12447 -1 12451 -1 12479 -1 12483 -1 12487 -1 12559 -1 12595 -1 12659 -1 12875 -1 18627 -1 18723 -1 -2
10295 -1 10299 -1 10307 -1 10315 -1 -2
12483 -1 -2
12611 -1 -2
12711 -1 18863 -1 -2
10307 -1 -2
12463 -1 -2
10307 -1 12763 -1 -2
10295 -1 -2
18651 -1 -2
18787 -1 -2
10295 -1 10307 -1 10311 -1 10315 -1 -2
12663 -1 12667 -1 12671 -1 -2
10295 -1 10299 -1 10307 -1 12695 -1 18747 -1 -2
12559 -1 -2
12735 -1 12739 -1 12743 -1 12763 -1 12771 -1 -2
12571 -1 -2
18691 -1 -2
12559 -1 12715 -1 18619 -1 -2
12463 -1 12739 -1 12847 -1 -2
12679 -1 -2
10311 -1 12703 -1 -2
12683 -1 -2
10295 -1 12687 -1 12695 -1 12703 -1 -2
10315 -1 -2
12671 -1 -2
12571 -1 12575 -1 -2
12895 -1 -2
12775 -1 -2
12795 -1 12831 -1 -2
12647 -1 12651 -1 -2
10877 -1 -2
12575 -1 -2
12691 -1 -2
12615 -1 12631 -1 12767 -1 -2
12679 -1 12683 -1 -2
12683 -1 12695 -1 12699 -1 12703 -1 12847 -1 -2
12883 -1 -2
10307 -1 12663 -1 12779 -1 12795 -1 12815 -1 12831 -1 12895 -1 18707 -1 -2
12459 -1 12491 -1 12495 -1 12643 -1 12647 -1 12663 -1 12683 -1 12795 -1 12811 -1 12815 -1 12831 -1 12891 -1 12907 -1 -2
12611 -1 12621 -1 12895 -1 -2
18831 -1 -2
10849 -1 -2
10311 -1 12683 -1 12695 -1 -2
10295 -1 12467 -1 12819 -1 -2
10295 -1 10299 -1 10307 -1 10311 -1 12683 -1 12691 -1 12699 -1 12703 -1 12755 -1 12763 -1 12819 -1 -2
12627 -1 12879 -1 18787 -1 18871 -1 -2
12703 -1 -2
12355 -1 -2
12659 -1 -2
12471 -1 -2
10315 -1 12463 -1 12487 -1 12691 -1 -2
18447 -1 -2
12559 -1 -2
12895 -1 -2
10307 -1 12747 -1 -2
12451 -1 -2
12683 -1 -2
10303 -1 12495 -1 12819 -1 -2
10311 -1 -2
12487 -1 -2
10295 -1 12463 -1 12491 -1 12691 -1 12795 -1 12819 -1 -2
18831 -1 -2
12795 -1 -2
12663 -1 12679 -1 -2
12807 -1 -2
12895 -1 -2
10307 -1 -2
10315 -1 -2
12851 -1 -2
12547 -1 12551 -1 -2
12679 -1 -2
10857 -1 12779 -1 -2
10311 -1 12703 -1 12875 -1 -2
12463 -1 12487 -1 -2
12559 -1 -2
12895 -1 -2
10307 -1 -2
12567 -1 -2
12783 -1 -2
12559 -1 -2
12621 -1 12771 -1 -2
10857 -1 12615 -1 12775 -1 -2
12891 -1 -2
12467 -1 12879 -1 -2
12787 -1 -2
18855 -1 -2
18615 -1 -2
12783 -1 -2
12591 -1 18799 -1 -2
12607 -1 12615 -1 -2
10311 -1 12431 -1 12463 -1 12487 -1 12555 -1 12559 -1 12563 -1 12679 -1 12783 -1 -2
12495 -1 -2
12559 -1 -2
12695 -1 -2
18619 -1 -2
12895 -1 -2
18651 -1 -2
10307 -1 -2
10315 -1 12895 -1 -2
12407 -1 -2
18831 -1 -2
12487 -1 12571 -1 12875 -1 -2
12487 -1 -2
12663 -1 -2
12559 -1 -2
18447 -1 -2
12795 -1 12875 -1 -2
12611 -1 -2
10315 -1 -2
10295 -1 10299 -1 10311 -1 10315 -1 12483 -1 12487 -1 12495 -1 12531 -1 12575 -1 12715 -1 12795 -1 12819 -1 -2
10311 -1 12695 -1 12703 -1 -2
10311 -1 -2
10303 -1 12479 -1 -2
10295 -1 10307 -1 -2
12559 -1 -2
12451 -1 18651 -1 -2
12895 -1 -2
10295 -1 10303 -1 10307 -1 10311 -1 12527 -1 12679 -1 12683 -1 12695 -1 12699 -1 12763 -1 12795 -1 12799 -1 12815 -1 12879 -1 12895 -1 -2
18755 -1 -2
12471 -1 12487 -1 12647 -1 -2
10295 -1 10303 -1 12479 -1 12615 -1 12695 -1 -2
12411 -1 -2
18659 -1 -2
10307 -1 -2
12471 -1 12487 -1 12647 -1 -2
12663 -1 -2
12735 -1 12771 -1 -2
12567 -1 12691 -1 12795 -1 12819 -1 -2
10315 -1 12523 -1 12627 -1 12631 -1 12647 -1 12655 -1 12687 -1 12691 -1 12795 -1 -2
10849 -1 12463 -1 -2
12451 -1 -2
10311 -1 -2
12559 -1 12827 -1 12895 -1 -2
12487 -1 -2
10307 -1 12487 -1 -2
10311 -1 12571 -1 12695 -1 12703 -1 18619 -1 -2
12655 -1 12667 -1 -2
12895 -1 -2
12463 -1 -2
12559 -1 -2
12663 -1 -2
10315 -1 -2
12819 -1 -2
10311 -1 12703 -1 -2
12483 -1 12779 -1 -2
12411 -1 -2
18875 -1 -2
12763 -1 -2
10315 -1 -2
12815 -1 12895 -1 -2
12695 -1 -2
12775 -1 12895 -1 -2
12467 -1 12803 -1 12815 -1 12823 -1 12867 -1 12895 -1 -2
12843 -1 12903 -1 -2
12695 -1 -2
10311 -1 10845 -1 12339 -1 12575 -1 -2
12771 -1 -2
12463 -1 -2
12479 -1 -2
12887 -1 -2
12695 -1 -2
12895 -1 -2
12739 -1 -2
12679 -1 12695 -1 12703 -1 -2
12451 -1 -2
10319 -1 -2
12819 -1 -2
12879 -1 -2
12479 -1 12591 -1 18651 -1 -2
12739 -1 -2
12479 -1 12611 -1 12755 -1 12771 -1 12775 -1 12787 -1 12895 -1 -2
10307 -1 -2
12559 -1 18651 -1 -2
12463 -1 12487 -1 -2
10311 -1 12487 -1 12703 -1 12835 -1 -2
12403 -1 -2
12347 -1 12555 -1 -2
12591 -1 -2
12571 -1 -2
12479 -1 -2
12819 -1 -2
18619 -1 -2
12715 -1 12759 -1 12815 -1 12895 -1 -2
12559 -1 -2
10295 -1 12459 -1 12463 -1 12495 -1 12627 -1 12643 -1 12651 -1 12683 -1 12691 -1 12695 -1 12715 -1 12739 -1 12779 -1 12815 -1 12823 -1 12827 -1 12855 -1 12895 -1 -2
18615 -1 -2
12819 -1 -2
12479 -1 -2
12715 -1 -2
12407 -1 -2
10311 -1 12483 -1 12703 -1 -2
10303 -1 10315 -1 12759 -1 12819 -1 -2
10295 -1 10299 -1 10307 -1 10311 -1 12627 -1 12687 -1 12691 -1 12695 -1 12703 -1 12855 -1 12871 -1 -2
12479 -1 12663 -1 12679 -1 -2
12559 -1 12567 -1 -2
10315 -1 18863 -1 -2
18795 -1 -2
10829 -1 -2
12775 -1 -2
12695 -1 12699 -1 12703 -1 -2
10311 -1 -2
12895 -1 -2
10295 -1 10315 -1 12763 -1 12779 -1 -2
12751 -1 -2
12463 -1 -2
10307 -1 -2
18847 -1 -2
18707 -1 -2
10307 -1 10311 -1 -2
12563 -1 -2
12463 -1 -2
12747 -1 12755 -1 12779 -1 12783 -1 -2
12627 -1 -2
18707 -1 18723 -1 18727 -1 18731 -1 27385 -1 -2
12559 -1 -2
12547 -1 12559 -1 -2
10319 -1 10857 -1 10861 -1 10865 -1 12323 -1 12475 -1 12743 -1 12899 -1 -2
12323 -1 12475 -1 -2
12611 -1 12621 -1 -2
12879 -1 -2
12563 -1 -2
12747 -1 12783 -1 -2
12715 -1 -2
18727 -1 27385 -1 -2
12715 -1 -2
12747 -1 12783 -1 -2
18447 -1 -2
12495 -1 -2
10295 -1 10311 -1 12463 -1 -2
10311 -1 -2
10295 -1 10307 -1 10311 -1 12663 -1 12667 -1 12815 -1 12895 -1 -2
12751 -1 -2
18507 -1 -2
18423 -1 18855 -1 -2
12787 -1 -2
12463 -1 12487 -1 12815 -1 12895 -1 -2
12495 -1 -2
12487 -1 -2
10307 -1 12479 -1 12495 -1 12575 -1 12891 -1 -2
12875 -1 -2
12711 -1 12783 -1 12787 -1 -2
10311 -1 12547 -1 12551 -1 12559 -1 12695 -1 12703 -1 -2
12347 -1 -2
12559 -1 12831 -1 -2
12663 -1 -2
10295 -1 10307 -1 10311 -1 12459 -1 12483 -1 12487 -1 -2
12411 -1 -2
12567 -1 -2
10311 -1 12487 -1 12875 -1 -2
18727 -1 18731 -1 -2
10295 -1 10315 -1 -2
10303 -1 10307 -1 12663 -1 12679 -1 12759 -1 -2
10319 -1 -2
12895 -1 -2
12879 -1 -2
12551 -1 12563 -1 -2
12621 -1 -2
12823 -1 -2
12787 -1 -2
18799 -1 -2
10877 -1 12447 -1 12451 -1 12479 -1 12483 -1 12487 -1 18619 -1 18723 -1 18787 -1 -2
12551 -1 -2
12483 -1 -2
10311 -1 12703 -1 -2
12895 -1 -2
18619 -1 -2
12339 -1 12819 -1 12895 -1 12907 -1 -2
12551 -1 -2
12327 -1 12663 -1 12843 -1 -2
18615 -1 -2
18599 -1 18691 -1 -2
12695 -1 -2
12355 -1 -2
12487 -1 12571 -1 12575 -1 -2
12611 -1 -2
12411 -1 18831 -1 -2
18487 -1 18491 -1 -2
12895 -1 -2
12715 -1 -2
10849 -1 12463 -1 12795 -1 -2
12559 -1 -2
12679 -1 12683 -1 12703 -1 -2
12327 -1 12339 -1 12343 -1 12427 -1 12575 -1 12675 -1 18787 -1 -2
12403 -1 -2
12679 -1 12703 -1 -2
10311 -1 12479 -1 12663 -1 12679 -1 12683 -1 12895 -1 12903 -1 -2
12727 -1 -2
12687 -1 -2
10299 -1 10307 -1 12355 -1 12747 -1 12751 -1 12883 -1 -2
10311 -1 10315 -1 -2
10311 -1 12495 -1 -2
12815 -1 12895 -1 -2
12875 -1 -2
12559 -1 -2
12563 -1 -2
12703 -1 12875 -1 -2
12331 -1 -2
12463 -1 12527 -1 -2
12879 -1 -2
10311 -1 -2
12755 -1 -2
12875 -1 -2
12715 -1 12719 -1 -2
12351 -1 -2
12355 -1 -2
12895 -1 -2
12567 -1 -2
10307 -1 10311 -1 12487 -1 12621 -1 -2
10295 -1 10311 -1 12831 -1 -2
12411 -1 -2
12683 -1 -2
12795 -1 12815 -1 12895 -1 -2
12567 -1 -2
10295 -1 10311 -1 10315 -1 12627 -1 12643 -1 12659 -1 -2
12795 -1 -2
12523 -1 12527 -1 12531 -1 12627 -1 12643 -1 12647 -1 12655 -1 12667 -1 -2
12419 -1 -2
12663 -1 -2
12847 -1 -2
12407 -1 12427 -1 -2
12815 -1 12895 -1 -2
18535 -1 -2
12807 -1 -2
18691 -1 -2
12611 -1 12621 -1 -2
10829 -1 12439 -1 12591 -1 -2
12775 -1 -2
12451 -1 -2
10295 -1 10307 -1 12795 -1 -2
12779 -1 12783 -1 12787 -1 -2
12715 -1 12723 -1 -2
12771 -1 -2
10295 -1 10307 -1 12463 -1 12795 -1 12807 -1 12819 -1 12827 -1 12831 -1 12895 -1 -2
18447 -1 -2
12731 -1 -2
12747 -1 18547 -1 18787 -1 18879 -1 -2
12451 -1 18707 -1 18831 -1 20807 -1 -2
12451 -1 -2
10307 -1 12559 -1 12723 -1 -2
18595 -1 -2
12895 -1 -2
12403 -1 -2
10311 -1 -2
12723 -1 18683 -1 -2
10303 -1 10857 -1 10861 -1 -2
10861 -1 12719 -1 -2
10311 -1 -2
12621 -1 -2
12479 -1 12483 -1 12487 -1 12567 -1 12621 -1 12787 -1 -2
12487 -1 12815 -1 -2
10299 -1 -2
12783 -1 -2
10307 -1 -2
12751 -1 -2
18519 -1 18691 -1 -2
12875 -1 12895 -1 -2
12439 -1 -2
12715 -1 -2
12411 -1 -2
12679 -1 12895 -1 -2
12621 -1 -2
12411 -1 -2
10295 -1 10299 -1 10307 -1 12527 -1 12531 -1 12611 -1 12621 -1 12743 -1 12819 -1 -2
12783 -1 -2
18427 -1 18459 -1 18615 -1 18767 -1 18855 -1 -2
12819 -1 -2
12459 -1 12475 -1 12479 -1 12835 -1 -2
18831 -1 -2
12783 -1 -2
12895 -1 -2
18547 -1 -2
18567 -1 -2
12783 -1 -2
12621 -1 -2
12487 -1 -2
12815 -1 12895 -1 -2
12621 -1 -2
12467 -1 12723 -1 12895 -1 -2
12863 -1 -2
12871 -1 18583 -1 -2
10291 -1 10299 -1 10307 -1 10311 -1 -2
12779 -1 -2
10307 -1 -2
12571 -1 -2
12795 -1 -2
12439 -1 18615 -1 -2
10295 -1 12879 -1 -2
10307 -1 -2
10311 -1 -2
18619 -1 -2
12715 -1 12727 -1 -2
12547 -1 12551 -1 -2
12807 -1 -2
10295 -1 10311 -1 10315 -1 12479 -1 12703 -1 12827 -1 -2
18615 -1 -2
12695 -1 -2
10307 -1 12723 -1 -2
10311 -1 12487 -1 12875 -1 -2
12687 -1 18615 -1 18831 -1 -2
10315 -1 12895 -1 -2
12723 -1 12783 -1 -2
10869 -1 10877 -1 12663 -1 12667 -1 12807 -1 -2
12771 -1 -2
10295 -1 10311 -1 12479 -1 12483 -1 12487 -1 12495 -1 12867 -1 12907 -1 -2
18499 -1 18523 -1 18603 -1 18871 -1 -2
10315 -1 -2
12879 -1 -2
18787 -1 -2
12779 -1 -2
10295 -1 10311 -1 12431 -1 -2
12895 -1 -2
10311 -1 10315 -1 12831 -1 -2
12467 -1 12867 -1 -2
12479 -1 -2
12827 -1 -2
12815 -1 12895 -1 -2
12819 -1 12827 -1 12895 -1 18611 -1 18615 -1 18619 -1 -2
12655 -1 12667 -1 -2
10307 -1 10311 -1 -2
12747 -1 -2
12903 -1 -2
12487 -1 -2
12739 -1 12747 -1 12755 -1 12759 -1 12771 -1 12775 -1 12779 -1 12787 -1 -2
12819 -1 -2
10299 -1 10307 -1 10311 -1 -2
12627 -1 12871 -1 12895 -1 -2
12751 -1 -2
12471 -1 12491 -1 12643 -1 12903 -1 -2
12807 -1 -2
12527 -1 12755 -1 12767 -1 -2
10311 -1 12819 -1 12875 -1 -2
10877 -1 -2
12751 -1 -2
12723 -1 -2
10877 -1 -2
12679 -1 -2
12903 -1 -2
10295 -1 10303 -1 10307 -1 10311 -1 10315 -1 10849 -1 12343 -1 12411 -1 12463 -1 12495 -1 12523 -1 12527 -1 12531 -1 12555 -1 12627 -1 12683 -1 12687 -1 12691 -1 12695 -1 12715 -1 12719 -1 12723 -1 12727 -1 12735 -1 12739 -1 12743 -1 12747 -1 12751 -1 12759 -1 12771 -1 12779 -1 12795 -1 12803 -1 12815 -1 12819 -1 12823 -1 12831 -1 12867 -1 12875 -1 12879 -1 12907 -1 18423 -1 18439 -1 18547 -1 18563 -1 18595 -1 18611 -1 18619 -1 18627 -1 18663 -1 18675 -1 18691 -1 18727 -1 18831 -1 18847 -1 18855 -1 -2
10295 -1 10315 -1 12531 -1 12627 -1 12683 -1 12695 -1 12827 -1 -2
18691 -1 18787 -1 -2
12867 -1 -2
12835 -1 12839 -1 12847 -1 -2
10311 -1 -2
10307 -1 10311 -1 12479 -1 12487 -1 12875 -1 -2
12895 -1 -2
12895 -1 -2
10311 -1 -2
12527 -1 12683 -1 12695 -1 -2
18787 -1 -2
12447 -1 12451 -1 -2
12771 -1 -2
12331 -1 -2
10315 -1 -2
12551 -1 -2
12907 -1 -2
12895 -1 -2
12483 -1 12487 -1 12567 -1 12571 -1 12575 -1 -2
12487 -1 12703 -1 12895 -1 -2
10311 -1 12621 -1 12751 -1 12815 -1 12827 -1 12895 -1 18723 -1 -2
12751 -1 -2
18691 -1 -2
12483 -1 12827 -1 12875 -1 12895 -1 -2
12655 -1 12879 -1 -2
12339 -1 -2
12875 -1 -2
12479 -1 12483 -1 -2
12419 -1 12795 -1 12815 -1 12827 -1 12895 -1 -2
10311 -1 12703 -1 12715 -1 12875 -1 -2
12895 -1 -2
12343 -1 -2
12371 -1 12687 -1 12715 -1 -2
12411 -1 -2
10307 -1 12411 -1 12483 -1 -2
12439 -1 -2
12895 -1 -2
12371 -1 -2
10299 -1 10307 -1 10311 -1 10315 -1 12663 -1 12667 -1 12671 -1 12895 -1 -2
10311 -1 -2
12419 -1 -2
18611 -1 -2
12403 -1 12411 -1 18523 -1 18723 -1 -2
12871 -1 -2
12907 -1 -2
12687 -1 12807 -1 12811 -1 -2
10311 -1 12483 -1 12487 -1 12875 -1 -2
12795 -1 -2
12559 -1 12695 -1 -2
12679 -1 12703 -1 -2
18611 -1 -2
12795 -1 -2
12621 -1 -2
12567 -1 -2
12679 -1 12703 -1 -2
10295 -1 10307 -1 12747 -1 -2
10857 -1 10865 -1 12695 -1 12699 -1 12703 -1 -2
12895 -1 -2
18471 -1 -2
18619 -1 -2
10311 -1 12487 -1 -2
18863 -1 -2
12483 -1 -2
10311 -1 10315 -1 12479 -1 12487 -1 12691 -1 12695 -1 12703 -1 12823 -1 12827 -1 12895 -1 -2
10311 -1 12483 -1 -2
12663 -1 -2
12551 -1 12759 -1 -2
12847 -1 -2
10303 -1 10307 -1 -2
12695 -1 -2
12827 -1 -2
12719 -1 -2
12815 -1 12895 -1 -2
12487 -1 12719 -1 12763 -1 12875 -1 -2
12771 -1 -2
12803 -1 12867 -1 -2
18511 -1 18527 -1 -2
12807 -1 -2
12771 -1 18691 -1 -2
12895 -1 -2
20807 -1 -2
12551 -1 -2
12627 -1 -2
10311 -1 12483 -1 12487 -1 12559 -1 18547 -1 -2
12679 -1 12683 -1 -2
12895 -1 -2
12727 -1 12731 -1 -2
12723 -1 12739 -1 12747 -1 12751 -1 12755 -1 12767 -1 12771 -1 -2
12679 -1 12683 -1 12703 -1 12895 -1 -2
12621 -1 -2
12427 -1 -2
10311 -1 12483 -1 12487 -1 12703 -1 12875 -1 -2
12715 -1 -2
12479 -1 12491 -1 12683 -1 12691 -1 12695 -1 12743 -1 12763 -1 12779 -1 12807 -1 12815 -1 12823 -1 12831 -1 12867 -1 12895 -1 12907 -1 -2
12783 -1 -2
18775 -1 -2
12621 -1 12663 -1 12679 -1 12783 -1 18707 -1 18863 -1 -2
12355 -1 -2
10315 -1 -2
12487 -1 -2
18847 -1 -2
18443 -1 -2
12411 -1 12479 -1 -2
10865 -1 12631 -1 -2
12751 -1 -2
18675 -1 -2
12559 -1 12819 -1 -2
10849 -1 -2
10307 -1 -2
12831 -1 -2
18863 -1 -2
18611 -1 -2
12399 -1 -2
12355 -1 -2
10315 -1 12895 -1 -2
18611 -1 -2
12723 -1 12731 -1 -2
18787 -1 -2
18831 -1 -2
18423 -1 -2
12487 -1 18635 -1 -2
12407 -1 12411 -1 -2
12575 -1 -2
12451 -1 -2
10295 -1 10307 -1 -2
12571 -1 12575 -1 -2
12621 -1 -2
12451 -1 -2
10295 -1 10307 -1 10311 -1 10315 -1 -2
10315 -1 12895 -1 -2
10295 -1 10307 -1 12663 -1 12679 -1 12895 -1 -2
12679 -1 12703 -1 -2
18831 -1 -2
12783 -1 -2
10311 -1 -2
12663 -1 -2
12895 -1 -2
12627 -1 -2
18707 -1 -2
12663 -1 -2
10295 -1 10311 -1 12463 -1 12479 -1 12487 -1 12795 -1 -2
12547 -1 12551 -1 12555 -1 12567 -1 -2
12751 -1 12795 -1 -2
12827 -1 12831 -1 -2
12723 -1 -2
18427 -1 -2
10307 -1 -2
18831 -1 -2
12479 -1 -2
10307 -1 10311 -1 12495 -1 12683 -1 -2
12679 -1 -2
12683 -1 12699 -1 -2
10307 -1 -2
12559 -1 -2
12895 -1 -2
12607 -1 -2
10311 -1 10315 -1 12479 -1 12487 -1 12495 -1 12523 -1 12531 -1 12575 -1 12621 -1 12691 -1 12715 -1 12719 -1 12735 -1 12747 -1 12751 -1 12783 -1 -2
10307 -1 12663 -1 12667 -1 12699 -1 18447 -1 18619 -1 -2
12559 -1 -2
18863 -1 -2
12715 -1 12727 -1 -2
12895 -1 -2
10865 -1 -2
12575 -1 -2
18635 -1 -2
12407 -1 -2
12679 -1 -2
10295 -1 12487 -1 12679 -1 -2
18635 -1 -2
12747 -1 12751 -1 12755 -1 12775 -1 -2
12827 -1 -2
18615 -1 -2
10315 -1 12631 -1 12691 -1 12695 -1 12723 -1 12819 -1 12843 -1 -2
12695 -1 -2
18855 -1 -2
12675 -1 -2
12759 -1 12771 -1 -2
12559 -1 -2
12483 -1 12571 -1 -2
12355 -1 12831 -1 -2
12487 -1 -2
18659 -1 -2
12299 -1 -2
12703 -1 -2
12731 -1 -2
12395 -1 12415 -1 -2
10307 -1 18459 -1 -2
12463 -1 12799 -1 12895 -1 -2
10299 -1 10307 -1 -2
10311 -1 12487 -1 12663 -1 12875 -1 -2
12715 -1 12723 -1 -2
10315 -1 12487 -1 12495 -1 12831 -1 -2
12867 -1 -2
12347 -1 -2
10311 -1 -2
12727 -1 -2
12727 -1 -2
12451 -1 -2
12467 -1 -2
12451 -1 -2
12875 -1 12879 -1 -2
10865 -1 -2
12551 -1 -2
12407 -1 12411 -1 -2
10315 -1 -2
12463 -1 12691 -1 12835 -1 12867 -1 12883 -1 12891 -1 -2
10311 -1 10315 -1 12483 -1 12487 -1 12575 -1 12663 -1 12691 -1 12735 -1 12759 -1 12811 -1 12831 -1 12843 -1 12871 -1 12875 -1 12903 -1 -2
12611 -1 -2
12487 -1 -2
12463 -1 12479 -1 12527 -1 12643 -1 12695 -1 12703 -1 12815 -1 12819 -1 12823 -1 12875 -1 12895 -1 12907 -1 -2
12815 -1 12827 -1 12895 -1 -2
12795 -1 12815 -1 12895 -1 -2
18787 -1 -2
12687 -1 12743 -1 -2
10295 -1 10299 -1 10307 -1 10311 -1 10315 -1 12479 -1 12483 -1 12487 -1 12571 -1 12695 -1 12703 -1 12755 -1 -2
10295 -1 10307 -1 10311 -1 10315 -1 12875 -1 -2
12711 -1 12727 -1 -2
10849 -1 -2
10307 -1 -2
12831 -1 -2
12815 -1 12895 -1 -2
12555 -1 -2
12555 -1 -2
10295 -1 12819 -1 -2
10315 -1 -2
10295 -1 10315 -1 10849 -1 12463 -1 12483 -1 12487 -1 12643 -1 12663 -1 12691 -1 12819 -1 12831 -1 12867 -1 12875 -1 12895 -1 -2
10829 -1 12495 -1 -2
10315 -1 -2
12895 -1 -2
12875 -1 -2
12627 -1 12631 -1 -2
12487 -1 -2
18447 -1 -2
18691 -1 -2
12739 -1 12755 -1 -2
12695 -1 -2
12695 -1 -2
12751 -1 -2
12895 -1 -2
12787 -1 -2
12779 -1 12787 -1 -2
18855 -1 -2
12395 -1 12399 -1 12411 -1 -2
12695 -1 12703 -1 -2
10295 -1 10307 -1 12611 -1 12735 -1 12755 -1 12767 -1 12795 -1 12819 -1 12823 -1 12831 -1 12879 -1 -2
12815 -1 12895 -1 -2
12531 -1 -2
12815 -1 12895 -1 -2
10307 -1 -2
10311 -1 12571 -1 12703 -1 -2
12479 -1 12495 -1 12735 -1 12763 -1 -2
12679 -1 -2
12775 -1 -2
12879 -1 18831 -1 -2
10295 -1 10311 -1 -2
10315 -1 -2
12875 -1 -2
12621 -1 12759 -1 12783 -1 -2
12527 -1 -2
12463 -1 -2
12351 -1 12355 -1 -2
12621 -1 12715 -1 12727 -1 12895 -1 -2
12371 -1 -2
20807 -1 -2
18831 -1 -2
12755 -1 -2
18423 -1 18691 -1 -2
18427 -1 -2
18439 -1 -2
12663 -1 -2
12867 -1 -2
12795 -1 12867 -1 -2
12747 -1 18611 -1 -2
12563 -1 12579 -1 -2
12783 -1 12787 -1 -2
12907 -1 -2
12679 -1 -2
10295 -1 10307 -1 10315 -1 12463 -1 12479 -1 12691 -1 12759 -1 12763 -1 12879 -1 -2
12895 -1 -2
18427 -1 18707 -1 -2
12679 -1 12683 -1 12699 -1 12703 -1 -2
10291 -1 10295 -1 10299 -1 10307 -1 10315 -1 10829 -1 10849 -1 12347 -1 12355 -1 12479 -1 12483 -1 12531 -1 12551 -1 12555 -1 12567 -1 12575 -1 12611 -1 12621 -1 12647 -1 12655 -1 12663 -1 12667 -1 12675 -1 12719 -1 12723 -1 12727 -1 12751 -1 12755 -1 12759 -1 12795 -1 12815 -1 12827 -1 12831 -1 12843 -1 12847 -1 12867 -1 12875 -1 12895 -1 -2
10877 -1 12355 -1 12431 -1 12559 -1 -2
12895 -1 -2
12663 -1 -2
12771 -1 -2
12719 -1 -2
10311 -1 -2
12875 -1 -2
18547 -1 18855 -1 -2
18831 -1 -2
12367 -1 12395 -1 12403 -1 12407 -1 12411 -1 -2
12887 -1 -2
10311 -1 10315 -1 -2
12783 -1 -2
12827 -1 -2
12483 -1 12487 -1 -2
12407 -1 -2
12679 -1 -2
12895 -1 -2
10307 -1 -2
12567 -1 -2
10315 -1 -2
10869 -1 12367 -1 12395 -1 12403 -1 -2
12567 -1 -2
12723 -1 -2
18831 -1 -2
12487 -1 12711 -1 -2
18723 -1 -2
10307 -1 10311 -1 -2
12347 -1 -2
10303 -1 -2
12463 -1 -2
12575 -1 -2
12621 -1 18599 -1 18619 -1 -2
12621 -1 -2
10869 -1 12367 -1 12395 -1 12403 -1 -2
12687 -1 -2
12483 -1 -2
12479 -1 -2
12547 -1 -2
12571 -1 -2
12679 -1 -2
12487 -1 12571 -1 -2
10307 -1 12739 -1 12875 -1 -2
12621 -1 -2
12355 -1 12463 -1 12495 -1 12795 -1 12875 -1 -2
12827 -1 -2
10295 -1 10307 -1 10311 -1 10315 -1 12459 -1 12463 -1 12491 -1 12495 -1 12683 -1 12695 -1 -2
12487 -1 -2
18547 -1 18551 -1 -2
12355 -1 -2
10311 -1 12483 -1 -2
12847 -1 18787 -1 -2
18795 -1 18799 -1 -2
12495 -1 -2
18727 -1 -2
12523 -1 -2
10315 -1 12795 -1 12815 -1 12831 -1 12895 -1 -2
12483 -1 -2
12343 -1 12407 -1 -2
12583 -1 -2
12815 -1 12895 -1 -2
12523 -1 12527 -1 12531 -1 12795 -1 12803 -1 12807 -1 12819 -1 12831 -1 12867 -1 12907 -1 -2
18547 -1 -2
18507 -1 -2
12463 -1 -2
10295 -1 10311 -1 10315 -1 12827 -1 12895 -1 -2
10877 -1 12403 -1 12731 -1 -2
10849 -1 12715 -1 -2
12775 -1 -2
12559 -1 -2
10307 -1 10311 -1 -2
10295 -1 10307 -1 10311 -1 12627 -1 12631 -1 12827 -1 12875 -1 12895 -1 12899 -1 -2
10311 -1 10849 -1 10853 -1 12431 -1 12479 -1 12483 -1 12487 -1 12711 -1 18675 -1 18863 -1 -2
10291 -1 10295 -1 10299 -1 10307 -1 10311 -1 10315 -1 12523 -1 12527 -1 12695 -1 12783 -1 -2
12627 -1 -2
10849 -1 12463 -1 -2
12407 -1 12779 -1 -2
10311 -1 12523 -1 12655 -1 12667 -1 12759 -1 12771 -1 12775 -1 12787 -1 -2
18427 -1 18459 -1 18619 -1 -2
12355 -1 -2
12571 -1 12575 -1 12703 -1 -2
12807 -1 -2
10295 -1 12407 -1 12411 -1 12447 -1 12451 -1 12695 -1 -2
12735 -1 18787 -1 -2
18787 -1 -2
18547 -1 -2
12355 -1 -2
12815 -1 12895 -1 -2
12679 -1 12895 -1 -2
12621 -1 -2
12621 -1 12627 -1 -2
12547 -1 12907 -1 18451 -1 -2
12299 -1 -2
10307 -1 -2
12815 -1 12895 -1 -2
12611 -1 18431 -1 18603 -1 18787 -1 -2
10315 -1 -2
12895 -1 -2
12487 -1 -2
10311 -1 -2
12621 -1 -2
10315 -1 12479 -1 12495 -1 12875 -1 -2
18423 -1 18615 -1 -2
10849 -1 -2
10311 -1 12763 -1 -2
18499 -1 -2
12895 -1 -2
12831 -1 12867 -1 -2
10315 -1 -2
12483 -1 12747 -1 12751 -1 12807 -1 -2
18603 -1 -2
18423 -1 -2
12807 -1 -2
18651 -1 -2
18423 -1 -2
18547 -1 -2
10307 -1 12683 -1 -2
18855 -1 -2
12411 -1 12431 -1 18615 -1 -2
12827 -1 12895 -1 -2
12395 -1 18447 -1 18619 -1 -2
12787 -1 -2
12783 -1 -2
12411 -1 -2
12575 -1 -2
10833 -1 12347 -1 -2
12895 -1 -2
12547 -1 12759 -1 -2
12611 -1 12621 -1 12627 -1 12755 -1 18427 -1 18599 -1 18675 -1 -2
12621 -1 12751 -1 -2
12895 -1 -2
12879 -1 -2
12679 -1 -2
12627 -1 12691 -1 12903 -1 -2
18507 -1 -2
18527 -1 -2
10295 -1 -2
12795 -1 -2
18619 -1 18863 -1 -2
10307 -1 12663 -1 12667 -1 12679 -1 12695 -1 12703 -1 12795 -1 12831 -1 12895 -1 -2
10307 -1 12755 -1 12891 -1 -2
12895 -1 -2
12879 -1 -2
12647 -1 12679 -1 12683 -1 12743 -1 12763 -1 -2
12371 -1 12395 -1 12483 -1 -2
12827 -1 -2
10295 -1 10311 -1 12479 -1 12483 -1 12487 -1 12621 -1 12679 -1 12703 -1 12831 -1 12891 -1 -2
12463 -1 -2
12463 -1 12855 -1 -2
12575 -1 -2
18691 -1 18703 -1 -2
12627 -1 -2
10295 -1 10307 -1 10311 -1 12783 -1 12895 -1 -2
18427 -1 18707 -1 -2
12663 -1 -2
12347 -1 12495 -1 12621 -1 12895 -1 -2
10849 -1 -2
10311 -1 -2
12711 -1 12723 -1 12727 -1 -2
12611 -1 12627 -1 -2
12431 -1 12559 -1 12783 -1 -2
10295 -1 10307 -1 12479 -1 12627 -1 12695 -1 12855 -1 12871 -1 12895 -1 -2
10311 -1 -2
12895 -1 -2
10291 -1 10299 -1 12819 -1 12855 -1 -2
12367 -1 -2
12787 -1 -2
10307 -1 12775 -1 -2
10307 -1 12843 -1 -2
12871 -1 12875 -1 -2
12783 -1 -2
12487 -1 -2
12463 -1 -2
12567 -1 -2
12479 -1 -2
12795 -1 -2
12895 -1 -2
12683 -1 12687 -1 12691 -1 -2
12463 -1 -2
10311 -1 -2
10295 -1 10299 -1 10307 -1 -2
12547 -1 12679 -1 12695 -1 12703 -1 -2
10295 -1 10307 -1 10315 -1 12523 -1 12527 -1 12531 -1 12627 -1 12691 -1 12819 -1 12823 -1 12879 -1 12903 -1 -2
12663 -1 -2
12895 -1 -2
12795 -1 12819 -1 12831 -1 -2
12627 -1 -2
12687 -1 12703 -1 -2
18619 -1 -2
12743 -1 12763 -1 -2
10295 -1 10307 -1 10311 -1 12483 -1 12621 -1 12663 -1 12679 -1 12687 -1 12703 -1 18707 -1 -2
10311 -1 -2
12331 -1 -2
12831 -1 -2
12531 -1 -2
10307 -1 10311 -1 12479 -1 12487 -1 12875 -1 12895 -1 -2
10849 -1 -2
10311 -1 12699 -1 12703 -1 -2
12783 -1 -2
12827 -1 -2
10307 -1 12487 -1 -2
12487 -1 -2
12367 -1 12403 -1 18831 -1 -2
10295 -1 10307 -1 12679 -1 -2
10295 -1 10307 -1 10311 -1 10315 -1 10849 -1 10857 -1 10861 -1 10865 -1 12343 -1 12355 -1 12479 -1 12483 -1 12487 -1 12679 -1 12695 -1 12703 -1 12819 -1 -2
12895 -1 -2
10311 -1 10315 -1 -2
12895 -1 -2
12371 -1 -2
12867 -1 -2
12703 -1 -2
18619 -1 -2
12631 -1 -2
18599 -1 -2
18423 -1 -2
12867 -1 -2
10315 -1 -2
12695 -1 12783 -1 12787 -1 18423 -1 18447 -1 18831 -1 18855 -1 -2
12695 -1 -2
12495 -1 -2
12835 -1 -2
18511 -1 18799 -1 18831 -1 -2
12691 -1 -2
10315 -1 12479 -1 12483 -1 12487 -1 12819 -1 18615 -1 -2
10295 -1 10311 -1 12463 -1 12819 -1 -2
12895 -1 -2
12895 -1 -2
12567 -1 -2
12351 -1 12355 -1 -2
12755 -1 -2
12715 -1 12723 -1 12727 -1 -2
10869 -1 10877 -1 -2
12783 -1 -2
12663 -1 -2
12643 -1 12647 -1 12651 -1 12659 -1 12663 -1 12667 -1 12671 -1 12679 -1 12683 -1 -2
10315 -1 -2
12763 -1 -2
10861 -1 -2
10315 -1 -2
18663 -1 -2
12819 -1 -2
12819 -1 -2
10311 -1 12487 -1 12575 -1 12703 -1 12875 -1 -2
10311 -1 -2
10315 -1 -2
10311 -1 12663 -1 12679 -1 -2
12895 -1 -2
12611 -1 12755 -1 -2
18547 -1 18707 -1 -2
12483 -1 12487 -1 -2
10307 -1 12403 -1 -2
12895 -1 18619 -1 -2
12787 -1 12827 -1 12895 -1 -2
10295 -1 12463 -1 12527 -1 12627 -1 12647 -1 12875 -1 -2
12411 -1 -2
18691 -1 -2
12695 -1 -2
12687 -1 12695 -1 -2
18863 -1 -2
12775 -1 -2
10315 -1 12895 -1 -2
10877 -1 -2
10299 -1 10307 -1 -2
12567 -1 -2
12575 -1 12695 -1 12703 -1 12759 -1 -2
12711 -1 12731 -1 12747 -1 12771 -1 12775 -1 -2
18491 -1 18727 -1 -2
10295 -1 10299 -1 10307 -1 10311 -1 12463 -1 12479 -1 -2
12679 -1 12827 -1 12831 -1 12895 -1 -2
12779 -1 12843 -1 -2
10311 -1 12483 -1 12487 -1 12703 -1 12875 -1 -2
12483 -1 12487 -1 12875 -1 -2
12815 -1 12827 -1 12895 -1 -2
12727 -1 12731 -1 -2
18619 -1 -2
12807 -1 18635 -1 -2
10841 -1 -2
10295 -1 10307 -1 10315 -1 12463 -1 12487 -1 12491 -1 12495 -1 12621 -1 12627 -1 12631 -1 12655 -1 12683 -1 12687 -1 12691 -1 12695 -1 12699 -1 12703 -1 12819 -1 12831 -1 12875 -1 12895 -1 -2
18611 -1 18615 -1 -2
12483 -1 -2
10295 -1 10307 -1 -2
12695 -1 12703 -1 12795 -1 -2
10311 -1 10315 -1 12487 -1 12703 -1 -2
10307 -1 12631 -1 12691 -1 12843 -1 12895 -1 18831 -1 -2
10295 -1 10307 -1 -2
10315 -1 -2
12823 -1 12867 -1 -2
12347 -1 12355 -1 12487 -1 18787 -1 -2
12775 -1 -2
12895 -1 -2
12715 -1 12723 -1 12731 -1 -2
12819 -1 12895 -1 -2
12467 -1 12523 -1 12527 -1 12531 -1 12835 -1 12839 -1 12843 -1 -2
10307 -1 12627 -1 12647 -1 12767 -1 12827 -1 -2
10307 -1 12691 -1 12703 -1 12831 -1 -2
12691 -1 -2
12807 -1 -2
12479 -1 12483 -1 12487 -1 18691 -1 -2
12795 -1 -2
12679 -1 -2
10311 -1 -2
10307 -1 -2
18423 -1 -2
10311 -1 -2
12463 -1 12487 -1 12819 -1 12895 -1 -2
12579 -1 -2
10303 -1 10865 -1 12743 -1 12755 -1 12771 -1 12831 -1 -2
12351 -1 -2
10303 -1 12479 -1 12651 -1 12691 -1 12871 -1 12879 -1 -2
12807 -1 12819 -1 -2
12527 -1 12795 -1 12803 -1 12819 -1 12831 -1 -2
10315 -1 12679 -1 12759 -1 -2
10857 -1 -2
10857 -1 -2
12827 -1 12895 -1 -2
12491 -1 -2
12479 -1 12483 -1 12487 -1 12815 -1 12827 -1 12875 -1 12895 -1 -2
12723 -1 18827 -1 -2
12607 -1 12615 -1 -2
12483 -1 -2
12739 -1 12779 -1 -2
10295 -1 12795 -1 -2
12687 -1 -2
12823 -1 -2
12567 -1 -2
12795 -1 12895 -1 -2
12479 -1 12491 -1 -2
12747 -1 -2
12827 -1 12895 -1 -2
10307 -1 12651 -1 12679 -1 12695 -1 12703 -1 12827 -1 12831 -1 12895 -1 -2
12775 -1 -2
10295 -1 10299 -1 10307 -1 -2
10291 -1 10295 -1 10299 -1 10307 -1 10311 -1 10319 -1 -2
12663 -1 -2
12895 -1 -2
18831 -1 -2
10295 -1 10299 -1 10307 -1 10311 -1 10319 -1 10829 -1 10837 -1 12459 -1 12463 -1 12467 -1 12471 -1 12479 -1 12483 -1 12487 -1 12491 -1 12495 -1 12607 -1 12611 -1 12615 -1 12621 -1 12627 -1 12631 -1 -2
10307 -1 12663 -1 -2
12807 -1 -2
12747 -1 12751 -1 12755 -1 -2
10295 -1 10315 -1 12463 -1 12479 -1 12491 -1 12527 -1 12531 -1 12627 -1 12647 -1 12683 -1 12687 -1 12691 -1 12695 -1 12807 -1 12831 -1 -2
12831 -1 -2
12715 -1 -2
12739 -1 -2
18695 -1 -2
10307 -1 12627 -1 12631 -1 12795 -1 12807 -1 12863 -1 -2
12655 -1 -2
12695 -1 -2
12567 -1 -2
18831 -1 -2
12419 -1 -2
10877 -1 12747 -1 12751 -1 -2
10315 -1 12895 -1 -2
12895 -1 -2
12895 -1 -2
12735 -1 -2
12795 -1 12815 -1 12819 -1 12895 -1 -2
10291 -1 -2
12451 -1 12627 -1 12847 -1 18691 -1 -2
10295 -1 10299 -1 10307 -1 -2
12723 -1 -2
12895 -1 -2
10311 -1 -2
12895 -1 -2
12723 -1 -2
10315 -1 12715 -1 12815 -1 12827 -1 12895 -1 -2
12463 -1 -2
12627 -1 -2
10315 -1 -2
10295 -1 12655 -1 -2
10295 -1 12699 -1 -2
10295 -1 10307 -1 -2
12723 -1 12751 -1 12755 -1 12771 -1 12775 -1 -2
10295 -1 10311 -1 12695 -1 12703 -1 -2
10857 -1 -2
12739 -1 12775 -1 -2
12783 -1 -2
12779 -1 -2
12547 -1 12559 -1 -2
12411 -1 -2
12347 -1 12367 -1 12395 -1 12407 -1 12411 -1 12431 -1 18487 -1 18587 -1 18671 -1 -2
12787 -1 -2
12895 -1 -2
12483 -1 12487 -1 12807 -1 -2
10295 -1 10299 -1 10307 -1 10311 -1 10315 -1 12523 -1 12739 -1 -2
10315 -1 12819 -1 -2
10865 -1 12479 -1 12795 -1 12831 -1 -2
12683 -1 -2
10311 -1 12487 -1 12703 -1 12835 -1 -2
12463 -1 12487 -1 12775 -1 12795 -1 12819 -1 12831 -1 -2
10833 -1 -2
12567 -1 -2
10315 -1 -2
10295 -1 -2
12815 -1 12895 -1 -2
10295 -1 -2
12691 -1 12695 -1 12703 -1 12759 -1 12779 -1 -2
12683 -1 -2
10303 -1 10865 -1 12759 -1 -2
10295 -1 10311 -1 10315 -1 12479 -1 12647 -1 12695 -1 12703 -1 12831 -1 -2
12463 -1 12827 -1 -2
12327 -1 -2
12483 -1 12487 -1 12571 -1 12575 -1 -2
10295 -1 10307 -1 10315 -1 12795 -1 12815 -1 12831 -1 -2
10311 -1 -2
10857 -1 12479 -1 12743 -1 12755 -1 -2
12827 -1 12895 -1 -2
10315 -1 -2
12827 -1 12895 -1 -2
10295 -1 12691 -1 12879 -1 12903 -1 -2
12723 -1 -2
10311 -1 10315 -1 -2
12687 -1 -2
12795 -1 12819 -1 -2
12547 -1 12559 -1 -2
12747 -1 12779 -1 -2
18691 -1 -2
12559 -1 12563 -1 -2
12463 -1 -2
12411 -1 -2
10311 -1 10315 -1 -2
12715 -1 12723 -1 12727 -1 12731 -1 -2
12451 -1 12567 -1 12819 -1 -2
12787 -1 -2
12815 -1 12895 -1 -2
12695 -1 -2
12479 -1 12483 -1 12487 -1 12827 -1 12875 -1 -2
12611 -1 12621 -1 -2
12871 -1 12895 -1 -2
10311 -1 -2
12895 -1 -2
10311 -1 12775 -1 -2
10315 -1 -2
12895 -1 18691 -1 -2
12723 -1 12727 -1 -2
12815 -1 12895 -1 -2
10311 -1 12715 -1 12723 -1 12759 -1 12775 -1 12815 -1 12895 -1 -2
12779 -1 -2
12875 -1 -2
10299 -1 10307 -1 10311 -1 10315 -1 12795 -1 12819 -1 12831 -1 -2
12691 -1 -2
10307 -1 12479 -1 12487 -1 12523 -1 12627 -1 12703 -1 12895 -1 12907 -1 -2
12647 -1 12827 -1 -2
12647 -1 -2
12827 -1 -2
18743 -1 -2
12411 -1 -2
12819 -1 -2
18595 -1 -2
12479 -1 12483 -1 12487 -1 12727 -1 12815 -1 12827 -1 12875 -1 12895 -1 -2
12579 -1 -2
10315 -1 -2
10877 -1 -2
12523 -1 -2
12695 -1 -2
10849 -1 -2
12627 -1 12691 -1 12871 -1 12895 -1 -2
10307 -1 -2
12711 -1 12715 -1 12723 -1 -2
10295 -1 10303 -1 10307 -1 10857 -1 12715 -1 12759 -1 -2
12751 -1 12815 -1 12895 -1 -2
10307 -1 -2
12815 -1 12895 -1 -2
10829 -1 10833 -1 10877 -1 12411 -1 12547 -1 12555 -1 12559 -1 12567 -1 18671 -1 -2
12819 -1 -2
12463 -1 12487 -1 -2
12879 -1 -2
12895 -1 -2
12679 -1 -2
12659 -1 12867 -1 -2
12683 -1 12703 -1 12831 -1 12875 -1 -2
10303 -1 10861 -1 -2
12487 -1 -2
10311 -1 18635 -1 18707 -1 18775 -1 18787 -1 -2
12895 -1 -2
10307 -1 12895 -1 -2
12367 -1 12395 -1 12431 -1 -2
12621 -1 -2
10311 -1 -2
12727 -1 -2
12827 -1 -2
12819 -1 -2
12895 -1 -2
12355 -1 12367 -1 12431 -1 -2
12823 -1 18727 -1 -2
12675 -1 12883 -1 -2
10295 -1 10311 -1 12487 -1 12663 -1 12667 -1 12671 -1 12747 -1 12755 -1 12771 -1 12779 -1 12875 -1 12895 -1 -2
12751 -1 -2
12487 -1 -2
12727 -1 -2
12479 -1 -2
18671 -1 -2
12459 -1 12695 -1 -2
12399 -1 12411 -1 -2
12399 -1 -2
10311 -1 12703 -1 12827 -1 12875 -1 -2
12663 -1 -2
12759 -1 -2
12621 -1 -2
10865 -1 -2
18855 -1 -2
18735 -1 -2
12895 -1 -2
12739 -1 -2
12663 -1 -2
10295 -1 10307 -1 12531 -1 12695 -1 12795 -1 12819 -1 12831 -1 -2
12847 -1 -2
10307 -1 12895 -1 -2
12351 -1 12355 -1 12567 -1 18787 -1 -2
12895 -1 -2
10295 -1 10311 -1 12875 -1 12895 -1 -2
10315 -1 -2
18619 -1 -2
12567 -1 -2
12807 -1 -2
12495 -1 12687 -1 12695 -1 12795 -1 12827 -1 12831 -1 12895 -1 12907 -1 -2
10315 -1 -2
12827 -1 12895 -1 -2
10299 -1 -2
12895 -1 -2
18707 -1 20807 -1 -2
12695 -1 -2
12479 -1 -2
12879 -1 -2
12895 -1 -2
12695 -1 12703 -1 -2
10849 -1 -2
12399 -1 -2
12795 -1 12831 -1 -2
10311 -1 -2
10311 -1 -2
10303 -1 10857 -1 12575 -1 12743 -1 12779 -1 12843 -1 -2
12331 -1 -2
12687 -1 12763 -1 -2
12663 -1 12667 -1 12871 -1 -2
12831 -1 -2
18423 -1 -2
12727 -1 -2
10311 -1 10315 -1 -2
12399 -1 12411 -1 12735 -1 -2
10295 -1 10307 -1 10311 -1 12679 -1 12831 -1 12895 -1 -2
18871 -1 -2
12727 -1 12731 -1 18599 -1 18723 -1 -2
12895 -1 -2
12491 -1 -2
12715 -1 -2
12815 -1 12819 -1 12895 -1 -2
12795 -1 12831 -1 -2
12679 -1 12759 -1 -2
12815 -1 12895 -1 -2
12627 -1 12727 -1 12731 -1 12747 -1 -2
18727 -1 -2
12327 -1 -2
18619 -1 -2
12463 -1 12835 -1 12867 -1 -2
12351 -1 -2
12875 -1 -2
12627 -1 12795 -1 12831 -1 -2
12723 -1 -2
18871 -1 -2
12531 -1 -2
18691 -1 -2
12679 -1 -2
18691 -1 -2
10291 -1 10299 -1 10307 -1 10319 -1 10833 -1 10837 -1 10845 -1 10849 -1 10857 -1 10861 -1 10865 -1 10869 -1 10881 -1 12459 -1 12463 -1 12467 -1 12471 -1 12479 -1 12483 -1 12487 -1 12491 -1 12495 -1 12547 -1 12551 -1 12555 -1 12563 -1 12567 -1 12571 -1 12575 -1 12583 -1 12607 -1 12611 -1 12615 -1 12621 -1 12627 -1 12631 -1 -2
10295 -1 10303 -1 12459 -1 12467 -1 12683 -1 -2
12895 -1 -2
12775 -1 -2
12343 -1 -2
18831 -1 -2
12895 -1 -2
12895 -1 -2
10311 -1 10315 -1 -2
12899 -1 -2
10311 -1 10315 -1 -2
12899 -1 -2
12351 -1 -2
10291 -1 12467 -1 12531 -1 12675 -1 -2
12671 -1 -2
12323 -1 12327 -1 12331 -1 12335 -1 12339 -1 12343 -1 12347 -1 12351 -1 12355 -1 12367 -1 12371 -1 12375 -1 12395 -1 12403 -1 12411 -1 12423 -1 12679 -1 12683 -1 12687 -1 12691 -1 12695 -1 12699 -1 12703 -1 -2
12351 -1 -2
12751 -1 -2
12731 -1 -2
12627 -1 12655 -1 18787 -1 18855 -1 -2
12567 -1 -2
12663 -1 -2
12411 -1 -2
12411 -1 -2
12411 -1 12447 -1 12715 -1 12727 -1 12731 -1 -2
12895 -1 -2
12403 -1 12419 -1 -2
12621 -1 -2
10315 -1 -2
12471 -1 12659 -1 12883 -1 18691 -1 -2
12747 -1 12751 -1 -2
12795 -1 -2
12567 -1 -2
12663 -1 -2
12895 -1 -2
12411 -1 -2
12751 -1 -2
12831 -1 -2
10311 -1 -2
10307 -1 12711 -1 12723 -1 -2
10315 -1 12431 -1 -2
10295 -1 10307 -1 -2
10311 -1 12483 -1 12487 -1 12831 -1 -2
12895 -1 -2
10311 -1 12703 -1 -2
12643 -1 12751 -1 12755 -1 -2
10295 -1 10307 -1 10311 -1 12727 -1 -2
18611 -1 18615 -1 18619 -1 18767 -1 -2
12411 -1 -2
18583 -1 -2
12411 -1 18831 -1 -2
12895 -1 -2
12527 -1 -2
10877 -1 10881 -1 12331 -1 12335 -1 12339 -1 -2
12395 -1 -2
10295 -1 10303 -1 10315 -1 10861 -1 10865 -1 12463 -1 12627 -1 12647 -1 12651 -1 12691 -1 12743 -1 12779 -1 12795 -1 12819 -1 12831 -1 12843 -1 -2
12819 -1 12895 -1 -2
12859 -1 -2
12895 -1 -2
12663 -1 -2
12679 -1 12683 -1 12703 -1 12895 -1 -2
10295 -1 10299 -1 10307 -1 10311 -1 12463 -1 12479 -1 12487 -1 12691 -1 12795 -1 12819 -1 12831 -1 -2
10307 -1 12487 -1 12879 -1 -2
18787 -1 -2
10315 -1 12699 -1 -2
10315 -1 -2
10315 -1 12699 -1 -2
10315 -1 12795 -1 12819 -1 -2
10877 -1 12555 -1 18635 -1 18871 -1 -2
10315 -1 12687 -1 -2
12739 -1 -2
12607 -1 12775 -1 -2
10307 -1 -2
10315 -1 -2
12419 -1 12427 -1 18587 -1 -2
12411 -1 12447 -1 12567 -1 12679 -1 12827 -1 12895 -1 -2
12411 -1 -2
12463 -1 -2
12663 -1 12775 -1 18787 -1 -2
12691 -1 -2
12895 -1 -2
12807 -1 12823 -1 -2
10315 -1 12663 -1 12895 -1 -2
12727 -1 -2
10877 -1 -2
10307 -1 -2
12607 -1 12739 -1 18675 -1 18787 -1 -2
12647 -1 12651 -1 -2
10877 -1 -2
10299 -1 -2
12763 -1 -2
12663 -1 12679 -1 12895 -1 -2
10311 -1 -2
10311 -1 12479 -1 12483 -1 12487 -1 12875 -1 -2
10849 -1 12567 -1 -2
12479 -1 -2
18831 -1 -2
12751 -1 12815 -1 12895 -1 -2
10291 -1 12483 -1 12687 -1 12715 -1 12799 -1 12827 -1 12843 -1 12903 -1 -2
10315 -1 12559 -1 12563 -1 12783 -1 18599 -1 -2
18879 -1 -2
10315 -1 -2
18855 -1 -2
10315 -1 -2
12751 -1 -2
10849 -1 -2
12715 -1 -2
12631 -1 -2
12663 -1 -2
10295 -1 10315 -1 12479 -1 12715 -1 12723 -1 -2
18691 -1 -2
12663 -1 -2
12683 -1 -2
10295 -1 10311 -1 10315 -1 -2
12679 -1 -2
12679 -1 -2
12463 -1 -2
12831 -1 -2
12463 -1 -2
12447 -1 12715 -1 12751 -1 -2
12691 -1 -2
12415 -1 -2
12811 -1 12855 -1 12871 -1 12895 -1 12903 -1 12907 -1 -2
12819 -1 -2
12751 -1 -2
12643 -1 -2
18423 -1 -2
10295 -1 -2
12895 -1 -2
12567 -1 12795 -1 12819 -1 -2
12691 -1 12871 -1 12895 -1 -2
12411 -1 -2
10295 -1 -2
10303 -1 10311 -1 10865 -1 12471 -1 12875 -1 12907 -1 -2
12551 -1 12555 -1 -2
12483 -1 -2
12651 -1 -2
12895 -1 -2
18439 -1 18611 -1 18707 -1 -2
12695 -1 12703 -1 -2
18871 -1 -2
12839 -1 -2
12495 -1 12815 -1 12827 -1 12895 -1 -2
12703 -1 -2
12463 -1 12479 -1 12743 -1 -2
10307 -1 10311 -1 12479 -1 -2
12367 -1 12395 -1 12403 -1 12411 -1 12727 -1 -2
12755 -1 -2
12715 -1 12731 -1 12827 -1 12895 -1 18635 -1 -2
12727 -1 -2
10315 -1 -2
18707 -1 -2
10311 -1 12479 -1 12895 -1 -2
12783 -1 -2
10849 -1 12463 -1 12819 -1 12875 -1 18787 -1 -2
12495 -1 -2
12783 -1 -2
12551 -1 -2
12483 -1 -2
10311 -1 -2
10295 -1 10299 -1 10307 -1 10315 -1 12695 -1 12715 -1 12739 -1 12755 -1 12771 -1 12823 -1 12895 -1 -2
12759 -1 -2
12895 -1 -2
10299 -1 10307 -1 10315 -1 12483 -1 12647 -1 12691 -1 12755 -1 12771 -1 12831 -1 -2
18695 -1 -2
12479 -1 12483 -1 12487 -1 18595 -1 -2
12819 -1 -2
12575 -1 18459 -1 -2
10295 -1 10307 -1 10311 -1 12487 -1 12495 -1 -2
12895 -1 -2
12479 -1 -2
10295 -1 12463 -1 12627 -1 -2
12895 -1 -2
12523 -1 12615 -1 12767 -1 12771 -1 -2
12895 -1 -2
12567 -1 -2
10295 -1 10311 -1 12463 -1 12531 -1 12643 -1 12691 -1 12739 -1 12815 -1 12895 -1 -2
12751 -1 18691 -1 -2
10303 -1 -2
12463 -1 -2
12767 -1 12819 -1 12831 -1 -2
12483 -1 -2
18423 -1 -2
10295 -1 10311 -1 10315 -1 12827 -1 -2
12487 -1 12571 -1 12875 -1 -2
12723 -1 18719 -1 18727 -1 -2
12679 -1 -2
12679 -1 12695 -1 12703 -1 -2
12487 -1 12571 -1 12875 -1 -2
12551 -1 12555 -1 -2
12607 -1 -2
12735 -1 12847 -1 -2
18691 -1 -2
10311 -1 12695 -1 18787 -1 -2
12627 -1 -2
12375 -1 12395 -1 12415 -1 12703 -1 -2
10311 -1 -2
12567 -1 -2
10307 -1 10311 -1 10315 -1 -2
10295 -1 12715 -1 12723 -1 12759 -1 -2
12563 -1 12567 -1 12571 -1 12575 -1 12583 -1 12679 -1 12683 -1 -2
12683 -1 -2
12547 -1 12551 -1 12555 -1 -2
10315 -1 12323 -1 12327 -1 12331 -1 12335 -1 12339 -1 12343 -1 12347 -1 12351 -1 12355 -1 12367 -1 12371 -1 12375 -1 12395 -1 12403 -1 12411 -1 12423 -1 12435 -1 12439 -1 12451 -1 12563 -1 12567 -1 12571 -1 12575 -1 12583 -1 12679 -1 12683 -1 12687 -1 12691 -1 12695 -1 12699 -1 12703 -1 12711 -1 12715 -1 -2
10829 -1 10841 -1 -2
12347 -1 12679 -1 12703 -1 -2
12615 -1 18619 -1 -2
12875 -1 12895 -1 -2
12355 -1 12431 -1 12547 -1 12559 -1 12591 -1 -2
12463 -1 12795 -1 -2
10295 -1 -2
10307 -1 -2
10307 -1 10311 -1 10315 -1 -2
12495 -1 -2
12835 -1 12839 -1 -2
12675 -1 -2
12621 -1 18675 -1 -2
12621 -1 -2
18675 -1 -2
18675 -1 -2
12419 -1 -2
18675 -1 -2
12655 -1 12667 -1 12711 -1 12719 -1 12819 -1 12827 -1 12895 -1 -2
12679 -1 12683 -1 12879 -1 -2
10295 -1 10307 -1 12615 -1 12663 -1 12775 -1 12779 -1 12783 -1 12787 -1 12847 -1 -2
10315 -1 12643 -1 12647 -1 12651 -1 12655 -1 12659 -1 12663 -1 12671 -1 12719 -1 12723 -1 12727 -1 12731 -1 12747 -1 12751 -1 12763 -1 12767 -1 12775 -1 12779 -1 18467 -1 18471 -1 18475 -1 18479 -1 18483 -1 18487 -1 18491 -1 18495 -1 18499 -1 18775 -1 18779 -1 18827 -1 18831 -1 -2
18787 -1 -2
10295 -1 10307 -1 12679 -1 12895 -1 -2
12875 -1 -2
12463 -1 12487 -1 -2
12895 -1 -2
12695 -1 -2
12355 -1 12575 -1 12691 -1 -2
12463 -1 12487 -1 -2
10865 -1 12479 -1 12487 -1 12559 -1 -2
12819 -1 -2
18603 -1 -2
18467 -1 18471 -1 18475 -1 18479 -1 18483 -1 18487 -1 18491 -1 18495 -1 18499 -1 18507 -1 18511 -1 18523 -1 18527 -1 18775 -1 18779 -1 18863 -1 20803 -1 20807 -1 -2
12759 -1 -2
10311 -1 10315 -1 -2
12783 -1 -2
10311 -1 10315 -1 12647 -1 -2
12895 -1 18707 -1 -2
10311 -1 -2
12907 -1 -2
10295 -1 10299 -1 10303 -1 10307 -1 12611 -1 12755 -1 12767 -1 -2
12627 -1 12691 -1 12767 -1 12871 -1 18427 -1 -2
12643 -1 -2
12627 -1 -2
12795 -1 12803 -1 12831 -1 12871 -1 12879 -1 -2
12567 -1 -2
12663 -1 -2
10295 -1 10299 -1 10307 -1 10311 -1 10315 -1 12483 -1 12487 -1 -2
12571 -1 12575 -1 12703 -1 -2
10291 -1 12487 -1 12831 -1 -2
12723 -1 -2
10311 -1 12607 -1 12611 -1 12621 -1 12875 -1 -2
10299 -1 -2
12895 -1 -2
12831 -1 -2
12567 -1 -2
12621 -1 12679 -1 12683 -1 12687 -1 -2
12703 -1 -2
10311 -1 12571 -1 12703 -1 12875 -1 -2
12399 -1 12403 -1 12411 -1 12431 -1 12439 -1 12663 -1 -2
20807 -1 -2
12563 -1 -2
12759 -1 -2
12847 -1 18787 -1 -2
12411 -1 12855 -1 -2
10315 -1 12815 -1 12895 -1 -2
12743 -1 12779 -1 12811 -1 12831 -1 12843 -1 12855 -1 12871 -1 12895 -1 12903 -1 -2
12571 -1 12703 -1 12875 -1 -2
12875 -1 12895 -1 -2
12335 -1 12355 -1 12415 -1 12439 -1 12587 -1 12883 -1 -2
12743 -1 -2
12667 -1 -2
12907 -1 -2
10295 -1 12463 -1 -2
10315 -1 -2
12655 -1 -2
12663 -1 -2
12831 -1 -2
12691 -1 12703 -1 -2
12615 -1 -2
12483 -1 -2
12663 -1 -2
12735 -1 -2
12867 -1 -2
10311 -1 12487 -1 12575 -1 -2
12727 -1 -2
12663 -1 -2
12835 -1 -2
12807 -1 12819 -1 18727 -1 -2
12411 -1 -2
10299 -1 10307 -1 -2
12621 -1 -2
12875 -1 -2
10311 -1 -2
10295 -1 -2
12621 -1 12823 -1 12867 -1 -2
10291 -1 10295 -1 10307 -1 12699 -1 -2
12663 -1 12827 -1 12895 -1 -2
10307 -1 -2
12819 -1 12823 -1 -2
10829 -1 10853 -1 10869 -1 12355 -1 -2
12487 -1 -2
12847 -1 12895 -1 -2
12895 -1 -2
10295 -1 10307 -1 12747 -1 -2
12811 -1 12863 -1 -2
10841 -1 12611 -1 12621 -1 -2
10307 -1 12351 -1 12555 -1 -2
10311 -1 -2
12439 -1 -2
10315 -1 -2
18683 -1 18871 -1 18879 -1 -2
10307 -1 -2
10311 -1 12487 -1 12703 -1 12875 -1 12895 -1 -2
10295 -1 10311 -1 12679 -1 12683 -1 12695 -1 12715 -1 12751 -1 12895 -1 -2
12731 -1 -2
12547 -1 12663 -1 -2
12567 -1 -2
12331 -1 12351 -1 12895 -1 18863 -1 -2
10295 -1 12463 -1 12663 -1 12691 -1 12695 -1 12795 -1 -2
10877 -1 12679 -1 -2
12895 -1 -2
12559 -1 12783 -1 -2
12895 -1 -2
12747 -1 -2
12895 -1 -2
10849 -1 -2
12723 -1 -2
12875 -1 -2
12567 -1 -2
12767 -1 -2
12759 -1 -2
12567 -1 -2
12559 -1 -2
12679 -1 12703 -1 12895 -1 -2
12463 -1 12491 -1 12815 -1 12895 -1 18787 -1 -2
12483 -1 -2
12347 -1 12883 -1 -2
12611 -1 -2
12347 -1 -2
12895 -1 -2
12483 -1 12487 -1 -2
12691 -1 -2
10307 -1 -2
12703 -1 -2
10311 -1 -2
10291 -1 10307 -1 12655 -1 -2
12459 -1 12479 -1 12491 -1 12523 -1 12527 -1 12531 -1 12627 -1 12643 -1 12647 -1 12651 -1 12655 -1 12679 -1 12683 -1 12695 -1 12699 -1 12739 -1 12879 -1 12895 -1 12903 -1 -2
10311 -1 -2
18611 -1 -2
12567 -1 12579 -1 12679 -1 -2
12371 -1 -2
12807 -1 -2
12615 -1 -2
12783 -1 -2
12547 -1 12567 -1 -2
12411 -1 -2
12611 -1 -2
10849 -1 -2
12907 -1 -2
12711 -1 12727 -1 12731 -1 -2
10307 -1 -2
12815 -1 12895 -1 -2
12551 -1 -2
10295 -1 10307 -1 12895 -1 -2
10311 -1 12895 -1 -2
12787 -1 18447 -1 -2
10311 -1 -2
12755 -1 -2
10315 -1 -2
10295 -1 10307 -1 12463 -1 12655 -1 12795 -1 12799 -1 12803 -1 12819 -1 12831 -1 12867 -1 12895 -1 -2
10295 -1 10315 -1 12827 -1 12895 -1 -2
12895 -1 -2
12483 -1 12487 -1 12491 -1 12663 -1 12771 -1 12827 -1 12831 -1 12871 -1 -2
10295 -1 10299 -1 10307 -1 10311 -1 12479 -1 12483 -1 12487 -1 12627 -1 12647 -1 12655 -1 12683 -1 12691 -1 12695 -1 12699 -1 12703 -1 12795 -1 12819 -1 12831 -1 -2
12723 -1 12727 -1 -2
12621 -1 -2
12827 -1 -2
12895 -1 -2
12715 -1 -2
12827 -1 -2
10311 -1 10315 -1 12667 -1 -2
12827 -1 12831 -1 12895 -1 -2
18871 -1 -2
10303 -1 -2
12607 -1 -2
18547 -1 -2
12567 -1 -2
10295 -1 12695 -1 -2
12621 -1 -2
12715 -1 12731 -1 -2
12675 -1 12703 -1 18663 -1 18831 -1 18863 -1 -2
10291 -1 10295 -1 10299 -1 10303 -1 -2
12831 -1 -2
12735 -1 12779 -1 12783 -1 18603 -1 18787 -1 20807 -1 -2
12483 -1 12487 -1 -2
12895 -1 -2
10295 -1 10299 -1 10307 -1 18831 -1 -2
18879 -1 -2
12835 -1 12855 -1 -2
12683 -1 12687 -1 -2
18847 -1 -2
12695 -1 -2
10311 -1 12483 -1 12571 -1 -2
18871 -1 -2
10315 -1 -2
12815 -1 12895 -1 -2
12695 -1 -2
12523 -1 12527 -1 12531 -1 12739 -1 12755 -1 12767 -1 12831 -1 12895 -1 -2
12663 -1 12679 -1 12819 -1 18695 -1 -2
12339 -1 12487 -1 12551 -1 12591 -1 12615 -1 12627 -1 12663 -1 12679 -1 12695 -1 12759 -1 12843 -1 12851 -1 18523 -1 18619 -1 -2
12751 -1 -2
12771 -1 -2
10307 -1 -2
12819 -1 -2
12715 -1 12723 -1 12727 -1 12731 -1 -2
12683 -1 12695 -1 -2
10295 -1 -2
12411 -1 -2
12875 -1 -2
12487 -1 12495 -1 12819 -1 12907 -1 -2
12495 -1 12763 -1 12807 -1 -2
12759 -1 -2
10295 -1 10299 -1 10303 -1 10307 -1 10311 -1 10315 -1 10319 -1 10829 -1 10845 -1 12343 -1 12347 -1 12355 -1 12463 -1 12471 -1 12475 -1 12487 -1 12491 -1 12495 -1 12523 -1 12527 -1 12531 -1 12547 -1 12551 -1 12559 -1 12567 -1 12571 -1 12575 -1 12627 -1 12655 -1 12691 -1 12695 -1 12723 -1 12735 -1 12759 -1 12763 -1 12807 -1 12811 -1 12815 -1 12819 -1 12823 -1 12827 -1 12831 -1 12847 -1 12851 -1 12855 -1 12895 -1 12903 -1 12907 -1 18519 -1 -2
12895 -1 -2
10307 -1 12679 -1 -2
10295 -1 12483 -1 12491 -1 12531 -1 12691 -1 12695 -1 12819 -1 -2
12483 -1 -2
18619 -1 -2
10841 -1 10849 -1 10861 -1 -2
12691 -1 12695 -1 12703 -1 -2
10299 -1 12763 -1 12823 -1 20807 -1 -2
12463 -1 12607 -1 12627 -1 12775 -1 -2
10829 -1 -2
10833 -1 12411 -1 -2
10841 -1 10849 -1 -2
12621 -1 12807 -1 12895 -1 -2
12827 -1 12895 -1 -2
10299 -1 10307 -1 10311 -1 -2
12847 -1 -2
10311 -1 12487 -1 12571 -1 12703 -1 -2
12575 -1 -2
12775 -1 -2
12895 -1 -2
10303 -1 10307 -1 12479 -1 12827 -1 -2
10857 -1 12647 -1 -2
10295 -1 10307 -1 10311 -1 12663 -1 12827 -1 12895 -1 -2
12523 -1 12663 -1 12823 -1 -2
18831 -1 -2
12691 -1 12819 -1 18559 -1 18583 -1 18603 -1 18787 -1 -2
12695 -1 -2
18547 -1 -2
10295 -1 12811 -1 12847 -1 12855 -1 18611 -1 -2
12703 -1 -2
12567 -1 12583 -1 -2
12715 -1 12827 -1 12895 -1 -2
12495 -1 12823 -1 12827 -1 12867 -1 12871 -1 12895 -1 -2
18599 -1 18691 -1 -2
12751 -1 -2
12459 -1 12467 -1 12523 -1 12527 -1 12531 -1 12743 -1 12779 -1 -2
10307 -1 12467 -1 -2
18775 -1 -2
12611 -1 -2
10857 -1 -2
12399 -1 12403 -1 12411 -1 -2
12679 -1 -2
12555 -1 -2
10311 -1 12567 -1 -2
12691 -1 -2
12747 -1 -2
12663 -1 -2
12683 -1 -2
10291 -1 10311 -1 10319 -1 10857 -1 10861 -1 10865 -1 12459 -1 12463 -1 12467 -1 12471 -1 12475 -1 12479 -1 12483 -1 12487 -1 12491 -1 12495 -1 12523 -1 12527 -1 12531 -1 12607 -1 12621 -1 12627 -1 12631 -1 12643 -1 12647 -1 12651 -1 12659 -1 12663 -1 12667 -1 12679 -1 12683 -1 12687 -1 12691 -1 12695 -1 12699 -1 12703 -1 12739 -1 12743 -1 12759 -1 12763 -1 12767 -1 12771 -1 12775 -1 12779 -1 12787 -1 12795 -1 12799 -1 12803 -1 12807 -1 12811 -1 12815 -1 12819 -1 12823 -1 12827 -1 12831 -1 12835 -1 12839 -1 12843 -1 12847 -1 12851 -1 12855 -1 12859 -1 12863 -1 12867 -1 12871 -1 12875 -1 12879 -1 12883 -1 12887 -1 12891 -1 12895 -1 12899 -1 12903 -1 12907 -1 -2
12339 -1 12547 -1 12551 -1 12555 -1 12579 -1 -2
10299 -1 -2
10311 -1 12699 -1 -2
18451 -1 18715 -1 18847 -1 -2
18707 -1 -2
12607 -1 12775 -1 -2
12715 -1 -2
12703 -1 -2
12483 -1 -2
10303 -1 12607 -1 12611 -1 12615 -1 12715 -1 12723 -1 12731 -1 12747 -1 12755 -1 12767 -1 12771 -1 12879 -1 -2
12607 -1 -2
10295 -1 10311 -1 12479 -1 12483 -1 12487 -1 12695 -1 12703 -1 -2
12783 -1 12831 -1 18863 -1 -2
18683 -1 -2
12663 -1 12667 -1 -2
18775 -1 -2
12371 -1 -2
12903 -1 -2
18635 -1 18655 -1 18663 -1 -2
12495 -1 12807 -1 -2
12723 -1 12895 -1 12903 -1 -2
12527 -1 12683 -1 12827 -1 12895 -1 -2
10299 -1 12691 -1 -2
12411 -1 -2
10311 -1 12487 -1 12827 -1 -2
18483 -1 -2
12475 -1 -2
10315 -1 10877 -1 12355 -1 12523 -1 12655 -1 12663 -1 12667 -1 12671 -1 12819 -1 12835 -1 12839 -1 -2
12747 -1 -2
12487 -1 -2
18423 -1 18439 -1 18443 -1 18611 -1 18695 -1 18707 -1 18727 -1 -2
12843 -1 -2
12895 -1 -2
12895 -1 -2
12695 -1 -2
10299 -1 -2
12875 -1 -2
12567 -1 -2
12807 -1 -2
12831 -1 -2
10315 -1 12559 -1 12583 -1 12587 -1 12591 -1 12595 -1 -2
12827 -1 12895 -1 -2
10877 -1 18427 -1 18547 -1 -2
10315 -1 12679 -1 12895 -1 -2
18511 -1 -2
10295 -1 10307 -1 10311 -1 12447 -1 12451 -1 12691 -1 12695 -1 12703 -1 12799 -1 12835 -1 12863 -1 12867 -1 12879 -1 -2
10865 -1 12621 -1 12631 -1 -2
18499 -1 18551 -1 18563 -1 18599 -1 18611 -1 18751 -1 18855 -1 18875 -1 -2
12779 -1 12783 -1 -2
10311 -1 -2
12343 -1 18871 -1 -2
12355 -1 12431 -1 -2
10307 -1 -2
12621 -1 -2
12875 -1 -2
12621 -1 -2
10311 -1 12487 -1 -2
12771 -1 -2
18655 -1 18787 -1 -2
12831 -1 -2
12691 -1 12695 -1 12699 -1 -2
12351 -1 -2
10861 -1 12779 -1 -2
10311 -1 -2
10311 -1 12663 -1 12687 -1 12703 -1 -2
10311 -1 -2
12615 -1 -2
12803 -1 12835 -1 18443 -1 18447 -1 18611 -1 20807 -1 -2
12487 -1 -2
10315 -1 12479 -1 12575 -1 -2
10319 -1 -2
12715 -1 12719 -1 12723 -1 12727 -1 12731 -1 12739 -1 12771 -1 12779 -1 18599 -1 -2
12527 -1 -2
12895 -1 -2
12715 -1 -2
12483 -1 12487 -1 -2
12683 -1 -2
12787 -1 -2
12483 -1 12875 -1 -2
10311 -1 -2
12795 -1 -2
12795 -1 12815 -1 -2
12403 -1 -2
12895 -1 -2
10299 -1 10307 -1 12523 -1 12679 -1 12843 -1 -2
18799 -1 18863 -1 -2
12827 -1 12895 -1 -2
10311 -1 12487 -1 12875 -1 -2
12411 -1 -2
12547 -1 -2
10307 -1 -2
12463 -1 12487 -1 -2
12583 -1 12591 -1 -2
12727 -1 12731 -1 -2
12859 -1 -2
18723 -1 -2
12779 -1 -2
12327 -1 -2
12687 -1 12823 -1 12907 -1 -2
12751 -1 -2
12679 -1 -2
12787 -1 -2
18831 -1 -2
10299 -1 10311 -1 -2
12463 -1 12487 -1 -2
12527 -1 -2
18855 -1 -2
12819 -1 12895 -1 -2
12471 -1 12883 -1 -2
10307 -1 -2
12783 -1 12807 -1 12835 -1 -2
12663 -1 -2
12755 -1 -2
18671 -1 -2
12403 -1 -2
12895 -1 -2
12695 -1 12703 -1 -2
12643 -1 -2
12403 -1 12787 -1 -2
12479 -1 -2
12691 -1 -2
18787 -1 -2
12411 -1 -2
12551 -1 12555 -1 12567 -1 -2
12679 -1 -2
12715 -1 -2
12727 -1 -2
12331 -1 -2
10299 -1 10307 -1 12815 -1 12827 -1 12895 -1 -2
12627 -1 -2
12431 -1 -2
10299 -1 12691 -1 -2
10311 -1 12483 -1 -2
12627 -1 12651 -1 12691 -1 -2
12495 -1 -2
12895 -1 -2
10307 -1 12463 -1 12479 -1 12495 -1 12679 -1 12683 -1 12827 -1 12831 -1 12895 -1 -2
12447 -1 12559 -1 12827 -1 12847 -1 -2
12355 -1 -2
12715 -1 -2
18495 -1 -2
12827 -1 12895 -1 -2
10307 -1 12403 -1 12663 -1 -2
12771 -1 12795 -1 12815 -1 12831 -1 12895 -1 -2
10877 -1 -2
12663 -1 12667 -1 -2
12351 -1 12355 -1 12895 -1 -2
12343 -1 12607 -1 12783 -1 18511 -1 18515 -1 18695 -1 18863 -1 -2
12723 -1 -2
12875 -1 -2
12403 -1 -2
12483 -1 -2
12663 -1 -2
12795 -1 12819 -1 -2
10307 -1 10311 -1 10315 -1 12487 -1 -2
12403 -1 -2
18611 -1 -2
12621 -1 -2
12699 -1 -2
10841 -1 -2
12463 -1 -2
12807 -1 -2
10315 -1 12715 -1 12827 -1 -2
18611 -1 -2
18427 -1 -2
10877 -1 -2
12351 -1 12727 -1 -2
10877 -1 -2
12679 -1 -2
12747 -1 -2
10319 -1 -2
12695 -1 -2
12567 -1 -2
10311 -1 -2
12879 -1 -2
12895 -1 -2
10303 -1 10307 -1 10857 -1 12743 -1 12771 -1 -2
12715 -1 12895 -1 -2
12423 -1 12427 -1 12675 -1 12875 -1 18775 -1 18831 -1 -2
12495 -1 12647 -1 12683 -1 12755 -1 12827 -1 12895 -1 -2
18547 -1 -2
12355 -1 -2
12621 -1 12679 -1 12703 -1 -2
12895 -1 -2
12727 -1 -2
12651 -1 12663 -1 12695 -1 12795 -1 12799 -1 12831 -1 12863 -1 -2
10311 -1 18691 -1 -2
18831 -1 -2
12895 -1 -2
12555 -1 12567 -1 12847 -1 -2
12867 -1 -2
12663 -1 -2
12775 -1 -2
12419 -1 -2
12875 -1 -2
12895 -1 -2
10311 -1 -2
12695 -1 12703 -1 -2
12783 -1 -2
18695 -1 20807 -1 -2
12591 -1 -2
10295 -1 10311 -1 12643 -1 12659 -1 12699 -1 12703 -1 -2
10865 -1 -2
10861 -1 12571 -1 12575 -1 -2
12679 -1 12683 -1 12691 -1 -2
12739 -1 -2
12343 -1 -2
12451 -1 12663 -1 -2
12751 -1 12755 -1 -2
10307 -1 -2
10311 -1 -2
10865 -1 -2
12439 -1 12559 -1 -2
12663 -1 -2
12431 -1 12567 -1 -2
12815 -1 12895 -1 -2
10315 -1 -2
12451 -1 -2
12895 -1 -2
12559 -1 18691 -1 -2
12747 -1 -2
10295 -1 10303 -1 12327 -1 12343 -1 -2
12571 -1 12575 -1 -2
18659 -1 -2
12895 -1 -2
10307 -1 10311 -1 12339 -1 12451 -1 18723 -1 18831 -1 20807 -1 -2
10295 -1 10299 -1 10307 -1 10311 -1 10849 -1 12339 -1 12463 -1 12479 -1 12487 -1 12723 -1 12795 -1 12819 -1 12827 -1 12831 -1 12867 -1 12895 -1 18695 -1 18727 -1 -2
12395 -1 -2
10315 -1 -2
12739 -1 12759 -1 12775 -1 -2
12895 -1 -2
10311 -1 12703 -1 -2
10295 -1 10315 -1 -2
12447 -1 -2
12747 -1 18427 -1 18459 -1 -2
12779 -1 12783 -1 -2
12663 -1 -2
12843 -1 -2
10295 -1 10299 -1 10307 -1 10311 -1 10861 -1 12463 -1 12479 -1 12483 -1 12487 -1 12523 -1 12607 -1 12627 -1 12655 -1 12695 -1 12723 -1 12727 -1 12739 -1 12747 -1 12751 -1 12767 -1 12771 -1 -2
12895 -1 -2
12843 -1 -2
12691 -1 -2
12691 -1 12827 -1 12855 -1 12871 -1 -2
12751 -1 18847 -1 -2
12827 -1 12907 -1 -2
12463 -1 -2
12575 -1 -2
12867 -1 12875 -1 -2
12723 -1 -2
10295 -1 10311 -1 10315 -1 12463 -1 12487 -1 12715 -1 12723 -1 12731 -1 -2
10303 -1 -2
10837 -1 10857 -1 10861 -1 12479 -1 12487 -1 12631 -1 12695 -1 12703 -1 12759 -1 -2
12463 -1 -2
12751 -1 12755 -1 12759 -1 -2
12491 -1 12723 -1 12815 -1 12895 -1 -2
12815 -1 12895 -1 -2
10833 -1 12835 -1 -2
12895 -1 -2
12807 -1 -2
10307 -1 10311 -1 10315 -1 12679 -1 12703 -1 12875 -1 -2
12843 -1 -2
10849 -1 -2
12775 -1 -2
18443 -1 -2
12463 -1 12487 -1 -2
12819 -1 -2
12895 -1 -2
12351 -1 12579 -1 -2
12679 -1 -2
10311 -1 12487 -1 12695 -1 12703 -1 -2
12687 -1 -2
12875 -1 -2
12339 -1 18827 -1 18831 -1 -2
12483 -1 -2
18723 -1 -2
10295 -1 12819 -1 -2
10315 -1 12491 -1 12819 -1 12895 -1 -2
12715 -1 -2
12895 -1 -2
12463 -1 12479 -1 12487 -1 -2
12895 -1 -2
12551 -1 -2
18863 -1 -2
12487 -1 18619 -1 -2
18671 -1 -2
12895 -1 -2
12819 -1 18599 -1 -2
12591 -1 -2
18691 -1 -2
18547 -1 -2
12683 -1 12687 -1 12703 -1 12807 -1 -2
10295 -1 10311 -1 12795 -1 12831 -1 -2
12695 -1 -2
12695 -1 -2
10295 -1 10307 -1 12627 -1 12663 -1 12871 -1 -2
10307 -1 12831 -1 -2
12799 -1 12807 -1 12879 -1 12895 -1 -2
12487 -1 12591 -1 18707 -1 -2
12715 -1 -2
18831 -1 -2
12487 -1 -2
12787 -1 -2
10295 -1 10311 -1 12487 -1 12679 -1 -2
12895 -1 -2
12819 -1 -2
12299 -1 -2
10295 -1 10307 -1 12475 -1 12487 -1 12523 -1 12531 -1 12759 -1 12763 -1 12803 -1 12815 -1 12823 -1 12827 -1 12835 -1 12843 -1 12879 -1 12895 -1 -2
12727 -1 -2
12795 -1 12819 -1 -2
18511 -1 18703 -1 -2
12615 -1 -2
12347 -1 12399 -1 -2
12571 -1 12703 -1 12875 -1 -2
12795 -1 12815 -1 12827 -1 12831 -1 12895 -1 -2
10299 -1 10307 -1 12663 -1 12667 -1 12835 -1 12847 -1 12851 -1 -2
10311 -1 12411 -1 -2
12795 -1 -2
10295 -1 10303 -1 10857 -1 10861 -1 10865 -1 12739 -1 12759 -1 12779 -1 18727 -1 -2
12691 -1 12855 -1 12871 -1 18787 -1 -2
18691 -1 -2
18459 -1 -2
12875 -1 -2
10311 -1 12487 -1 12571 -1 12575 -1 12703 -1 12875 -1 -2
12367 -1 -2
10307 -1 -2
10295 -1 10303 -1 12467 -1 12479 -1 12523 -1 12683 -1 12691 -1 12763 -1 -2
12731 -1 -2
12831 -1 -2
12855 -1 -2
10307 -1 -2
12627 -1 12847 -1 -2
12807 -1 12819 -1 -2
12399 -1 -2
10295 -1 10315 -1 -2
10849 -1 12463 -1 12819 -1 -2
12531 -1 -2
12663 -1 -2
12815 -1 12895 -1 -2
10295 -1 10311 -1 12483 -1 12487 -1 -2
18831 -1 -2
10307 -1 12447 -1 12451 -1 12663 -1 12795 -1 12815 -1 12827 -1 12831 -1 12835 -1 12839 -1 12895 -1 -2
10319 -1 12299 -1 -2
12555 -1 -2
12691 -1 12695 -1 12699 -1 -2
12823 -1 -2
10853 -1 10865 -1 -2
12547 -1 12559 -1 -2
10877 -1 12895 -1 -2
12355 -1 -2
12879 -1 -2
12463 -1 12487 -1 12691 -1 -2
12863 -1 -2
12695 -1 12699 -1 -2
12727 -1 -2
12555 -1 12567 -1 -2
12487 -1 -2
12747 -1 12755 -1 -2
12695 -1 12703 -1 -2
18691 -1 18707 -1 -2
12467 -1 12647 -1 12655 -1 12819 -1 12879 -1 -2
10295 -1 10299 -1 10307 -1 10311 -1 10315 -1 12527 -1 12611 -1 12621 -1 12663 -1 12679 -1 12683 -1 12687 -1 12691 -1 12695 -1 12699 -1 12703 -1 12787 -1 12819 -1 12875 -1 12895 -1 -2
10295 -1 12795 -1 12831 -1 -2
12483 -1 -2
12711 -1 -2
10295 -1 10311 -1 12783 -1 -2
12895 -1 -2
12759 -1 -2
12755 -1 -2
18619 -1 -2
12355 -1 -2
12663 -1 12667 -1 -2
10311 -1 12487 -1 12571 -1 12703 -1 12819 -1 -2
12819 -1 -2
18707 -1 -2
10311 -1 10315 -1 -2
18447 -1 18619 -1 -2
12831 -1 -2
12735 -1 -2
12347 -1 12355 -1 12575 -1 -2
12487 -1 12571 -1 -2
12347 -1 -2
12347 -1 12371 -1 -2
12895 -1 -2
10303 -1 12771 -1 -2
12571 -1 12575 -1 -2
12895 -1 -2
12479 -1 12483 -1 12487 -1 12671 -1 12843 -1 12875 -1 -2
18787 -1 -2
18855 -1 -2
12783 -1 12787 -1 -2
10311 -1 10315 -1 -2
12823 -1 -2
12483 -1 12487 -1 12627 -1 12631 -1 12667 -1 12783 -1 -2
12463 -1 12487 -1 -2
10307 -1 -2
10303 -1 12467 -1 12479 -1 12495 -1 12683 -1 12691 -1 -2
12855 -1 -2
12691 -1 12699 -1 12703 -1 -2
12663 -1 -2
12823 -1 -2
12487 -1 -2
12483 -1 12487 -1 12611 -1 12747 -1 12751 -1 12755 -1 12771 -1 -2
12895 -1 -2
12815 -1 12895 -1 -2
18615 -1 -2
12827 -1 12895 -1 -2
12483 -1 -2
12621 -1 18707 -1 -2
10829 -1 10857 -1 -2
12783 -1 12787 -1 -2
12731 -1 -2
12675 -1 -2
18691 -1 18787 -1 -2
10307 -1 10311 -1 10315 -1 -2
10307 -1 10311 -1 12759 -1 12795 -1 12815 -1 12895 -1 -2
12723 -1 -2
12695 -1 -2
12783 -1 -2
12683 -1 -2
12621 -1 -2
12687 -1 12855 -1 -2
18639 -1 -2
12355 -1 -2
12463 -1 -2
12731 -1 -2
18735 -1 -2
12463 -1 12483 -1 12487 -1 -2
12663 -1 -2
12611 -1 12621 -1 -2
10849 -1 10857 -1 10861 -1 -2
10311 -1 12611 -1 12615 -1 12621 -1 -2
10295 -1 10315 -1 -2
12531 -1 -2
12903 -1 -2
10303 -1 10307 -1 -2
12495 -1 12683 -1 -2
18691 -1 18703 -1 -2
10311 -1 10315 -1 12679 -1 -2
12895 -1 -2
12795 -1 -2
18547 -1 -2
12575 -1 12783 -1 -2
10877 -1 -2
12895 -1 -2
12711 -1 -2
12783 -1 -2
18855 -1 -2
12463 -1 -2
10877 -1 12559 -1 -2
12459 -1 -2
10295 -1 -2
12655 -1 -2
10311 -1 -2
10307 -1 12479 -1 12487 -1 -2
18551 -1 18727 -1 -2
12663 -1 12747 -1 12751 -1 -2
12739 -1 -2
20807 -1 -2
12495 -1 -2
12627 -1 12691 -1 12871 -1 -2
10299 -1 -2
12795 -1 -2
12467 -1 12479 -1 12495 -1 12691 -1 -2
10315 -1 -2
12895 -1 -2
12547 -1 12567 -1 -2
12747 -1 12751 -1 -2
10295 -1 12459 -1 12487 -1 12703 -1 12815 -1 18595 -1 -2
10295 -1 10307 -1 10311 -1 12663 -1 -2
18863 -1 -2
12399 -1 -2
10307 -1 12459 -1 12463 -1 12479 -1 12483 -1 12495 -1 12571 -1 12799 -1 12819 -1 12827 -1 12895 -1 -2
12875 -1 -2
10307 -1 -2
12559 -1 -2
18703 -1 18735 -1 -2
10291 -1 10295 -1 12627 -1 12691 -1 12843 -1 12855 -1 -2
12751 -1 -2
12795 -1 -2
12795 -1 -2
12571 -1 12699 -1 -2
10311 -1 10315 -1 -2
12663 -1 -2
12695 -1 -2
10295 -1 10307 -1 10311 -1 12463 -1 12487 -1 12691 -1 12795 -1 -2
12815 -1 12895 -1 -2
12787 -1 -2
12407 -1 -2
12895 -1 -2
10295 -1 10307 -1 12743 -1 12755 -1 12763 -1 12771 -1 12827 -1 12895 -1 -2
12463 -1 -2
10307 -1 12611 -1 12739 -1 12755 -1 12795 -1 12803 -1 12819 -1 12879 -1 -2
12895 -1 -2
12755 -1 12771 -1 -2
10315 -1 -2
12659 -1 -2
12815 -1 -2
12611 -1 12621 -1 -2
12663 -1 12895 -1 -2
12559 -1 12675 -1 -2
12483 -1 18595 -1 -2
12371 -1 -2
12895 -1 -2
10311 -1 12715 -1 12723 -1 -2
12555 -1 -2
10295 -1 10299 -1 10307 -1 10311 -1 12695 -1 12703 -1 12795 -1 12819 -1 12831 -1 -2
12463 -1 -2
10291 -1 -2
12627 -1 12695 -1 -2
12795 -1 -2
12691 -1 12891 -1 -2
12895 -1 18787 -1 -2
12483 -1 12487 -1 -2
10307 -1 -2
12783 -1 -2
10857 -1 -2
10311 -1 12483 -1 12487 -1 12571 -1 12703 -1 12875 -1 -2
18511 -1 -2
10311 -1 12703 -1 -2
12367 -1 12399 -1 12411 -1 12621 -1 12815 -1 12827 -1 12875 -1 12895 -1 18619 -1 18787 -1 18855 -1 -2
10295 -1 10315 -1 12827 -1 12895 -1 -2
10311 -1 -2
12795 -1 -2
10307 -1 12663 -1 12695 -1 12703 -1 12875 -1 12895 -1 -2
12571 -1 12575 -1 -2
10295 -1 10307 -1 10311 -1 10861 -1 12487 -1 12621 -1 12643 -1 12679 -1 12683 -1 12695 -1 12703 -1 12731 -1 12747 -1 12755 -1 12775 -1 12779 -1 12783 -1 12815 -1 12827 -1 12895 -1 18723 -1 -2
12895 -1 -2
12787 -1 -2
12431 -1 -2
12495 -1 12831 -1 -2
12621 -1 12655 -1 12715 -1 12775 -1 12895 -1 18831 -1 -2
12663 -1 12679 -1 12827 -1 12895 -1 -2
18691 -1 -2
12867 -1 -2
18831 -1 -2
12679 -1 12783 -1 -2
12903 -1 -2
12621 -1 12715 -1 12723 -1 12727 -1 12731 -1 -2
12815 -1 12895 -1 -2
12875 -1 18619 -1 -2
12683 -1 12703 -1 -2
12463 -1 -2
12687 -1 -2
12615 -1 -2
10295 -1 10299 -1 10307 -1 -2
10315 -1 -2
12895 -1 -2
12567 -1 -2
12679 -1 -2
10311 -1 12487 -1 12571 -1 12703 -1 -2
12795 -1 -2
10315 -1 12747 -1 -2
12779 -1 12783 -1 18871 -1 -2
12867 -1 -2
12743 -1 -2
18787 -1 -2
10857 -1 10861 -1 10865 -1 -2
12795 -1 12819 -1 -2
12627 -1 12715 -1 12723 -1 12759 -1 -2
12727 -1 -2
18787 -1 -2
12679 -1 -2
12819 -1 -2
12559 -1 -2
12723 -1 -2
12695 -1 12699 -1 12703 -1 12723 -1 12747 -1 12759 -1 -2
12571 -1 12695 -1 12703 -1 -2
12695 -1 -2
18423 -1 18443 -1 18547 -1 18551 -1 18695 -1 18707 -1 20807 -1 -2
10849 -1 12463 -1 -2
10311 -1 10315 -1 -2
10311 -1 12571 -1 12575 -1 12627 -1 12703 -1 18551 -1 18847 -1 -2
12479 -1 -2
12891 -1 12895 -1 -2
18683 -1 18707 -1 -2
12819 -1 -2
12895 -1 -2
12463 -1 -2
18871 -1 -2
12687 -1 12827 -1 -2
10849 -1 12463 -1 12487 -1 12895 -1 -2
18831 -1 -2
12479 -1 -2
12871 -1 -2
12483 -1 12487 -1 -2
12655 -1 12667 -1 12807 -1 12823 -1 -2
10291 -1 10299 -1 10307 -1 10315 -1 10319 -1 10837 -1 10845 -1 10849 -1 10861 -1 10881 -1 12463 -1 12467 -1 12471 -1 12483 -1 12487 -1 12491 -1 12495 -1 12527 -1 12547 -1 12607 -1 12611 -1 12615 -1 12621 -1 12627 -1 12631 -1 12687 -1 12695 -1 12699 -1 12703 -1 18827 -1 18831 -1 18863 -1 -2
10307 -1 -2
12819 -1 -2
12679 -1 12683 -1 -2
10311 -1 12875 -1 -2
10299 -1 10303 -1 10857 -1 12479 -1 12483 -1 12687 -1 12699 -1 12743 -1 12759 -1 12763 -1 12779 -1 -2
12731 -1 -2
12895 -1 -2
12695 -1 -2
12843 -1 12871 -1 12879 -1 12903 -1 -2
10299 -1 10303 -1 10307 -1 12523 -1 12527 -1 12531 -1 12655 -1 12687 -1 12691 -1 12699 -1 12803 -1 18459 -1 -2
12715 -1 12727 -1 12731 -1 -2
12715 -1 -2
12879 -1 -2
10299 -1 10307 -1 10315 -1 10319 -1 10837 -1 10845 -1 10849 -1 10861 -1 10881 -1 12463 -1 12467 -1 12471 -1 12483 -1 12487 -1 12491 -1 12495 -1 12547 -1 12607 -1 12611 -1 12615 -1 12627 -1 12631 -1 18439 -1 18443 -1 18447 -1 18451 -1 18507 -1 18511 -1 18523 -1 18527 -1 18535 -1 18539 -1 18543 -1 18547 -1 18551 -1 18555 -1 18559 -1 18563 -1 18567 -1 18571 -1 18575 -1 18579 -1 18583 -1 18587 -1 18787 -1 18831 -1 18839 -1 18871 -1 18875 -1 18879 -1 18883 -1 -2
12411 -1 12415 -1 12419 -1 12567 -1 12679 -1 12683 -1 12699 -1 12703 -1 12827 -1 12895 -1 18871 -1 -2
12411 -1 -2
18827 -1 -2
12895 -1 -2
10295 -1 10307 -1 12819 -1 -2
18703 -1 27385 -1 -2
10315 -1 -2
12875 -1 -2
10315 -1 -2
10307 -1 -2
10315 -1 -2
18439 -1 18443 -1 18447 -1 18451 -1 18507 -1 18535 -1 18539 -1 18543 -1 18547 -1 18551 -1 18555 -1 18563 -1 18567 -1 18571 -1 18575 -1 18579 -1 18583 -1 18587 -1 18839 -1 18871 -1 18875 -1 18879 -1 -2
10315 -1 12895 -1 -2
12727 -1 -2
12431 -1 -2
12775 -1 -2
12527 -1 -2
12771 -1 18675 -1 -2
12663 -1 -2
10295 -1 10311 -1 -2
18831 -1 -2
12621 -1 12827 -1 12895 -1 -2
10311 -1 -2
10307 -1 -2
12479 -1 12715 -1 12723 -1 12727 -1 -2
12591 -1 12907 -1 18787 -1 -2
18707 -1 -2
10295 -1 -2
12487 -1 12679 -1 -2
12875 -1 -2
10307 -1 12683 -1 12695 -1 12831 -1 -2
10315 -1 12483 -1 -2
18723 -1 -2
12895 -1 -2
12647 -1 12655 -1 18539 -1 18563 -1 18571 -1 -2
12879 -1 -2
12691 -1 12695 -1 12855 -1 12871 -1 12895 -1 -2
12675 -1 -2
10877 -1 12355 -1 12403 -1 12559 -1 12719 -1 -2
12663 -1 -2
10315 -1 12751 -1 -2
12671 -1 -2
12367 -1 12395 -1 12403 -1 -2
12679 -1 12827 -1 12895 -1 -2
18423 -1 -2
10311 -1 12703 -1 12875 -1 -2
12487 -1 -2
18547 -1 18879 -1 -2
10849 -1 18595 -1 -2
12567 -1 -2
10315 -1 12483 -1 12703 -1 18787 -1 -2
12855 -1 12895 -1 -2
12621 -1 12731 -1 -2
18831 -1 -2
12575 -1 -2
12807 -1 -2
10311 -1 -2
10295 -1 10299 -1 10307 -1 10315 -1 12775 -1 12827 -1 12831 -1 12835 -1 -2
12819 -1 -2
12739 -1 12747 -1 -2
12431 -1 -2
12559 -1 -2
12463 -1 12691 -1 12695 -1 12703 -1 12819 -1 12895 -1 -2
12815 -1 12831 -1 12895 -1 -2
12479 -1 -2
12711 -1 -2
10295 -1 10299 -1 10307 -1 10311 -1 10315 -1 12459 -1 12467 -1 12663 -1 12679 -1 12683 -1 12695 -1 12699 -1 12703 -1 12739 -1 12763 -1 12779 -1 12799 -1 12823 -1 18695 -1 -2
12675 -1 12883 -1 -2
10299 -1 10307 -1 10311 -1 12487 -1 12571 -1 12575 -1 12703 -1 12875 -1 -2
12367 -1 -2
12567 -1 18787 -1 18871 -1 -2
10311 -1 -2
12751 -1 -2
12355 -1 -2
10295 -1 10307 -1 10311 -1 -2
10299 -1 12735 -1 12743 -1 -2
12431 -1 -2
10829 -1 10833 -1 10849 -1 -2
12727 -1 12731 -1 -2
12787 -1 -2
10291 -1 12699 -1 12731 -1 12775 -1 12787 -1 -2
18871 -1 -2
10295 -1 -2
12751 -1 12755 -1 12787 -1 -2
12835 -1 12839 -1 -2
12771 -1 -2
18547 -1 18863 -1 -2
10849 -1 12351 -1 -2
12867 -1 -2
12747 -1 12811 -1 12819 -1 12827 -1 18423 -1 18547 -1 18847 -1 -2
12747 -1 -2
12495 -1 -2
12743 -1 12747 -1 12763 -1 -2
18691 -1 -2
12427 -1 -2
12783 -1 -2
10311 -1 -2
12691 -1 12703 -1 12819 -1 -2
10295 -1 10307 -1 10311 -1 10315 -1 12487 -1 12627 -1 12647 -1 12655 -1 12667 -1 12687 -1 12695 -1 12699 -1 12703 -1 12739 -1 12771 -1 12775 -1 12783 -1 -2
12775 -1 -2
10315 -1 12715 -1 -2
12621 -1 -2
12479 -1 -2
12679 -1 -2
12715 -1 -2
10295 -1 10311 -1 10315 -1 12895 -1 18547 -1 -2
18831 -1 -2
12871 -1 -2
10841 -1 12343 -1 -2
12523 -1 -2
10315 -1 -2
18831 -1 -2
12679 -1 -2
12771 -1 12787 -1 -2
12783 -1 12787 -1 -2
12463 -1 -2
18683 -1 -2
12663 -1 12679 -1 12723 -1 -2
18595 -1 18619 -1 -2
12403 -1 12439 -1 12451 -1 12895 -1 -2
10307 -1 12783 -1 12787 -1 -2
12815 -1 12895 -1 -2
12727 -1 -2
12495 -1 12691 -1 12695 -1 12759 -1 12807 -1 12831 -1 12879 -1 12903 -1 -2
12495 -1 12695 -1 12703 -1 -2
12643 -1 12659 -1 -2
10295 -1 10299 -1 10307 -1 10315 -1 12483 -1 12487 -1 12523 -1 12527 -1 12607 -1 12627 -1 12651 -1 12695 -1 12735 -1 12739 -1 12755 -1 12759 -1 12763 -1 12767 -1 12771 -1 12775 -1 12779 -1 12787 -1 12815 -1 12827 -1 12851 -1 12895 -1 12903 -1 -2
10295 -1 10311 -1 12703 -1 -2
12879 -1 -2
12463 -1 12487 -1 12491 -1 12495 -1 12523 -1 12527 -1 12531 -1 12683 -1 12687 -1 12691 -1 12695 -1 12807 -1 12819 -1 12823 -1 12827 -1 12895 -1 12907 -1 -2
10295 -1 10311 -1 -2
10307 -1 12819 -1 -2
12419 -1 -2
18443 -1 18551 -1 18735 -1 18787 -1 18855 -1 -2
12367 -1 12431 -1 -2
12679 -1 -2
12567 -1 12607 -1 12627 -1 12631 -1 12647 -1 12655 -1 12659 -1 12667 -1 12715 -1 12723 -1 12739 -1 12771 -1 -2
12783 -1 -2
12819 -1 18831 -1 -2
12787 -1 -2
10311 -1 -2
10295 -1 10307 -1 12463 -1 12483 -1 12491 -1 12495 -1 12627 -1 12667 -1 12687 -1 12691 -1 12695 -1 12703 -1 12799 -1 12815 -1 12823 -1 12839 -1 12851 -1 12867 -1 12879 -1 12891 -1 12907 -1 -2
12759 -1 -2
10311 -1 12783 -1 18723 -1 -2
12771 -1 -2
12495 -1 12795 -1 12831 -1 -2
12487 -1 12571 -1 12575 -1 -2
12779 -1 18547 -1 -2
12487 -1 12571 -1 12695 -1 12699 -1 12703 -1 12875 -1 -2
12703 -1 -2
12615 -1 -2
10857 -1 10861 -1 -2
12815 -1 12895 -1 -2
10307 -1 12479 -1 12571 -1 12631 -1 12695 -1 12755 -1 12771 -1 -2
18707 -1 -2
12663 -1 -2
12703 -1 -2
12795 -1 -2
10303 -1 12763 -1 -2
12559 -1 -2
12819 -1 -2
12487 -1 12631 -1 -2
12663 -1 -2
12783 -1 -2
10291 -1 10295 -1 10315 -1 12491 -1 12495 -1 12621 -1 12679 -1 12691 -1 12703 -1 12739 -1 12771 -1 12795 -1 12803 -1 12819 -1 12831 -1 12891 -1 12895 -1 -2
12655 -1 -2
10295 -1 10307 -1 12611 -1 12615 -1 12663 -1 12679 -1 12695 -1 12703 -1 12751 -1 12771 -1 12847 -1 12895 -1 -2
12367 -1 12395 -1 12415 -1 12431 -1 -2
12483 -1 -2
12775 -1 -2
12787 -1 -2
18691 -1 -2
12463 -1 12703 -1 -2
10829 -1 12495 -1 12831 -1 -2
12815 -1 -2
12483 -1 12487 -1 -2
12895 -1 -2
10299 -1 10307 -1 10311 -1 10315 -1 -2
12695 -1 -2
12819 -1 -2
10315 -1 -2
10311 -1 10315 -1 -2
10315 -1 -2
12795 -1 12815 -1 12867 -1 12875 -1 12895 -1 12907 -1 -2
12875 -1 12895 -1 -2
12731 -1 -2
12555 -1 -2
10307 -1 -2
12783 -1 -2
10307 -1 -2
12347 -1 -2
10295 -1 10307 -1 10311 -1 12679 -1 12695 -1 12703 -1 12815 -1 12895 -1 -2
12395 -1 -2
10295 -1 10307 -1 10311 -1 12807 -1 12871 -1 12895 -1 -2
12675 -1 -2
12827 -1 12895 -1 -2
12531 -1 -2
12895 -1 -2
10311 -1 12731 -1 12875 -1 12895 -1 -2
12755 -1 -2
12611 -1 -2
10307 -1 -2
12751 -1 12759 -1 -2
18675 -1 -2
12747 -1 -2
12751 -1 12783 -1 18447 -1 -2
10295 -1 10307 -1 -2
10849 -1 10861 -1 10877 -1 12547 -1 12551 -1 12555 -1 12559 -1 -2
12621 -1 12771 -1 12815 -1 12907 -1 -2
12711 -1 12723 -1 12727 -1 -2
12787 -1 -2
10311 -1 12487 -1 12571 -1 12703 -1 12875 -1 -2
12895 -1 -2
10303 -1 -2
12691 -1 12695 -1 12699 -1 12703 -1 12739 -1 12759 -1 12775 -1 12795 -1 12799 -1 12823 -1 12831 -1 12879 -1 -2
12723 -1 12727 -1 12731 -1 -2
10315 -1 -2
10311 -1 12703 -1 -2
12523 -1 12795 -1 12819 -1 12831 -1 -2
12715 -1 -2
12759 -1 -2
12763 -1 -2
12487 -1 12495 -1 -2
10307 -1 -2
12795 -1 12827 -1 12831 -1 -2
34889 -1 -2
33425 -1 33441 -1 33457 -1 33461 -1 34893 -1 35149 -1 -2
33441 -1 33457 -1 33461 -1 34889 -1 -2
32197 -1 -2
46281 -1 -2
46293 -1 -2
10311 -1 10315 -1 12479 -1 12759 -1 12815 -1 12875 -1 12895 -1 -2
35197 -1 -2
10857 -1 18495 -1 18527 -1 18691 -1 18703 -1 18795 -1 32205 -1 -2
12723 -1 -2
10295 -1 10307 -1 12695 -1 12703 -1 18663 -1 33445 -1 33469 -1 46281 -1 46285 -1 46289 -1 46293 -1 -2
12895 -1 -2
12819 -1 12895 -1 -2
12679 -1 -2
12787 -1 -2
12621 -1 -2
18847 -1 32201 -1 -2
12621 -1 -2
10295 -1 10307 -1 10311 -1 10315 -1 12555 -1 12615 -1 12627 -1 12679 -1 12755 -1 12771 -1 18599 -1 32201 -1 33449 -1 33469 -1 35177 -1 -2
18651 -1 -2
32209 -1 -2
32213 -1 -2
12731 -1 18691 -1 33441 -1 33453 -1 33461 -1 46281 -1 46285 -1 -2
10299 -1 10829 -1 12567 -1 18671 -1 -2
34897 -1 -2
10303 -1 32201 -1 -2
12679 -1 12703 -1 -2
12479 -1 -2
12819 -1 -2
12427 -1 12431 -1 -2
18547 -1 -2
12611 -1 12615 -1 -2
12483 -1 -2
12815 -1 12895 -1 33441 -1 -2
12827 -1 12831 -1 12895 -1 -2
32213 -1 -2
12621 -1 -2
10315 -1 -2
12679 -1 12895 -1 -2
18423 -1 -2
32213 -1 -2
18615 -1 -2
18831 -1 -2
12415 -1 12439 -1 -2
12779 -1 18787 -1 -2
12867 -1 -2
12787 -1 -2
12815 -1 12895 -1 18547 -1 18847 -1 -2
35149 -1 -2
12463 -1 12487 -1 -2
12483 -1 30303 -1 30311 -1 -2
18431 -1 -2
12479 -1 12483 -1 12655 -1 12679 -1 12823 -1 33441 -1 33469 -1 34893 -1 34901 -1 -2
12703 -1 -2
12487 -1 -2
12355 -1 12621 -1 12783 -1 33445 -1 -2
33469 -1 -2
12621 -1 -2
12715 -1 12847 -1 12907 -1 -2
12795 -1 -2
12779 -1 -2
12663 -1 12667 -1 -2
12663 -1 12679 -1 12695 -1 12703 -1 12895 -1 -2
10307 -1 12447 -1 12731 -1 -2
12621 -1 18855 -1 -2
12895 -1 32213 -1 -2
12643 -1 12739 -1 -2
12815 -1 12895 -1 -2
10307 -1 10315 -1 -2
10339 -1 35149 -1 46289 -1 -2
12371 -1 -2
12483 -1 12487 -1 12703 -1 32201 -1 32213 -1 -2
10295 -1 10311 -1 10315 -1 -2
18695 -1 -2
33457 -1 -2
12723 -1 -2
10307 -1 10311 -1 10877 -1 12335 -1 12355 -1 12411 -1 12447 -1 12611 -1 12621 -1 12715 -1 12731 -1 12783 -1 12787 -1 12895 -1 18691 -1 18707 -1 18863 -1 34905 -1 -2
10311 -1 10315 -1 32209 -1 -2
12531 -1 12839 -1 -2
12419 -1 18735 -1 18871 -1 33449 -1 33469 -1 -2
12683 -1 34885 -1 -2
33429 -1 33433 -1 33441 -1 33445 -1 33449 -1 34913 -1 34917 -1 34929 -1 35185 -1 -2
12483 -1 12487 -1 12491 -1 -2
12555 -1 33465 -1 -2
12467 -1 12515 -1 12519 -1 12747 -1 18787 -1 33453 -1 33469 -1 -2
12621 -1 12759 -1 18787 -1 -2
12763 -1 12775 -1 -2
10829 -1 10833 -1 10841 -1 10849 -1 12547 -1 12551 -1 12559 -1 12567 -1 12647 -1 12655 -1 12659 -1 12667 -1 -2
12687 -1 12843 -1 -2
10311 -1 12715 -1 12719 -1 12771 -1 -2
12355 -1 12771 -1 12783 -1 -2
10307 -1 12663 -1 12751 -1 -2
12419 -1 12621 -1 12627 -1 12895 -1 -2
12823 -1 -2
12411 -1 -2
12615 -1 12747 -1 12751 -1 18751 -1 18759 -1 32209 -1 -2
10315 -1 12727 -1 18495 -1 18675 -1 35153 -1 35157 -1 35161 -1 35169 -1 35177 -1 35181 -1 35213 -1 -2
12339 -1 12343 -1 12403 -1 12483 -1 12683 -1 12691 -1 12731 -1 12783 -1 18551 -1 18603 -1 34897 -1 -2
33449 -1 -2
10315 -1 -2
12663 -1 -2
12875 -1 -2
18615 -1 -2
12731 -1 -2
18787 -1 -2
10291 -1 33457 -1 -2
18707 -1 18711 -1 18715 -1 18719 -1 18723 -1 18727 -1 18731 -1 18735 -1 27385 -1 27389 -1 -2
18691 -1 -2
12419 -1 -2
10311 -1 12703 -1 32213 -1 -2
12779 -1 18611 -1 18619 -1 34913 -1 -2
12663 -1 -2
12747 -1 -2
10833 -1 12579 -1 12887 -1 -2
32209 -1 34885 -1 -2
10311 -1 12795 -1 12819 -1 12831 -1 -2
12695 -1 -2
34913 -1 34921 -1 34925 -1 34929 -1 -2
12895 -1 -2
10295 -1 10315 -1 12819 -1 12895 -1 -2
12551 -1 12695 -1 12703 -1 18611 -1 33429 -1 33445 -1 33453 -1 33465 -1 33469 -1 34885 -1 34901 -1 34909 -1 34917 -1 46281 -1 46285 -1 46289 -1 46293 -1 -2
12819 -1 12831 -1 12895 -1 46289 -1 -2
12403 -1 -2
12895 -1 -2
12723 -1 -2
12621 -1 -2
46281 -1 -2
18423 -1 -2
10833 -1 10877 -1 12559 -1 18691 -1 -2
12807 -1 12851 -1 -2
12759 -1 12763 -1 12779 -1 12895 -1 -2
12827 -1 12895 -1 -2
12431 -1 -2
10295 -1 10307 -1 -2
10291 -1 12531 -1 12667 -1 -2
10849 -1 10877 -1 10881 -1 -2
12611 -1 12621 -1 12663 -1 -2
12621 -1 12663 -1 -2
32205 -1 -2
10295 -1 10307 -1 18547 -1 -2
33429 -1 33441 -1 33449 -1 -2
32201 -1 32205 -1 32213 -1 -2
12487 -1 12679 -1 12691 -1 12827 -1 12895 -1 -2
10315 -1 -2
10315 -1 12495 -1 -2
10307 -1 -2
12787 -1 -2
10307 -1 12627 -1 12663 -1 -2
12875 -1 -2
10315 -1 -2
10315 -1 12463 -1 12547 -1 12795 -1 12819 -1 32213 -1 35181 -1 -2
12727 -1 -2
33429 -1 33433 -1 33437 -1 33441 -1 33445 -1 33449 -1 33453 -1 33457 -1 33465 -1 33469 -1 34885 -1 34889 -1 -2
12615 -1 -2
33449 -1 -2
10315 -1 -2
10303 -1 12895 -1 32205 -1 33449 -1 -2
10295 -1 10299 -1 10307 -1 10311 -1 10319 -1 10833 -1 10849 -1 10853 -1 10857 -1 10861 -1 10865 -1 12463 -1 12471 -1 12475 -1 12479 -1 12483 -1 12487 -1 12527 -1 12621 -1 12643 -1 12659 -1 12667 -1 12671 -1 12687 -1 12691 -1 12695 -1 12703 -1 12735 -1 12747 -1 12751 -1 12755 -1 12759 -1 12763 -1 12795 -1 12807 -1 12811 -1 12815 -1 12819 -1 12823 -1 12827 -1 12831 -1 12895 -1 12903 -1 12907 -1 18635 -1 18707 -1 32201 -1 32205 -1 32209 -1 32213 -1 32217 -1 33433 -1 33445 -1 33449 -1 33469 -1 34889 -1 34901 -1 34905 -1 35149 -1 35153 -1 35157 -1 -2
18647 -1 18831 -1 -2
12299 -1 12367 -1 12371 -1 12399 -1 12403 -1 12415 -1 12419 -1 12483 -1 12487 -1 -2
32197 -1 32201 -1 32205 -1 32213 -1 33449 -1 33453 -1 33469 -1 -2
10307 -1 -2
33433 -1 33437 -1 33453 -1 33469 -1 34889 -1 34901 -1 46281 -1 -2
10315 -1 12875 -1 -2
10311 -1 12703 -1 12875 -1 32213 -1 -2
35173 -1 -2
33437 -1 33469 -1 -2
10295 -1 10311 -1 10315 -1 12663 -1 12679 -1 12895 -1 -2
12611 -1 12621 -1 12731 -1 12771 -1 -2
10315 -1 12479 -1 -2
10299 -1 10307 -1 10311 -1 12483 -1 12487 -1 12703 -1 12723 -1 12735 -1 12743 -1 12755 -1 12759 -1 12775 -1 12795 -1 12831 -1 34889 -1 34905 -1 -2
12747 -1 -2
12467 -1 12495 -1 -2
12795 -1 12807 -1 12867 -1 12883 -1 12907 -1 -2
12403 -1 -2
33449 -1 -2
12431 -1 -2
10869 -1 10877 -1 12487 -1 12571 -1 12735 -1 12759 -1 12771 -1 12823 -1 18603 -1 18627 -1 -2
12419 -1 -2
10295 -1 18675 -1 33429 -1 33433 -1 33445 -1 33449 -1 -2
18691 -1 -2
33441 -1 46281 -1 46289 -1 -2
10295 -1 10307 -1 10315 -1 12723 -1 -2
12819 -1 -2
12895 -1 -2
12679 -1 -2
46289 -1 -2
12867 -1 -2
12611 -1 -2
12895 -1 -2
12779 -1 -2
33457 -1 -2
12895 -1 -2
12523 -1 12679 -1 12703 -1 33469 -1 -2
10315 -1 -2
12479 -1 -2
12847 -1 18619 -1 -2
12867 -1 -2
18831 -1 -2
12795 -1 12819 -1 -2
12863 -1 34885 -1 -2
18507 -1 -2
12579 -1 12687 -1 12787 -1 -2
12351 -1 -2
10315 -1 12883 -1 -2
10311 -1 -2
32197 -1 -2
10307 -1 -2
12495 -1 12747 -1 -2
12467 -1 12483 -1 12487 -1 12523 -1 -2
12847 -1 18447 -1 -2
12627 -1 12711 -1 12715 -1 12719 -1 12723 -1 12727 -1 -2
10315 -1 -2
12367 -1 12491 -1 12687 -1 12695 -1 12855 -1 12875 -1 -2
12679 -1 -2
12399 -1 18831 -1 35149 -1 46285 -1 46289 -1 -2
10315 -1 -2
10295 -1 10299 -1 10307 -1 10311 -1 10315 -1 -2
10307 -1 -2
10307 -1 12663 -1 33425 -1 33449 -1 33469 -1 34885 -1 46281 -1 -2
33441 -1 -2
33429 -1 33437 -1 34897 -1 -2
12739 -1 -2
34905 -1 -2
33429 -1 33449 -1 33465 -1 33469 -1 34893 -1 46281 -1 46285 -1 46293 -1 -2
18831 -1 34897 -1 -2
12411 -1 -2
12747 -1 -2
10307 -1 10311 -1 12355 -1 12451 -1 12567 -1 12663 -1 12675 -1 12751 -1 12795 -1 12831 -1 18599 -1 18831 -1 33433 -1 33453 -1 33465 -1 33469 -1 46293 -1 -2
12715 -1 12895 -1 -2
12703 -1 -2
12347 -1 12355 -1 12431 -1 12547 -1 12559 -1 12563 -1 12611 -1 -2
34921 -1 34925 -1 -2
12463 -1 -2
12355 -1 12431 -1 12831 -1 18635 -1 -2
12655 -1 -2
10307 -1 12895 -1 -2
10295 -1 -2
10295 -1 10299 -1 10307 -1 12491 -1 12495 -1 12523 -1 12527 -1 12627 -1 12663 -1 12667 -1 12683 -1 12687 -1 12695 -1 33433 -1 33437 -1 33441 -1 33449 -1 33465 -1 33469 -1 34905 -1 46281 -1 -2
10295 -1 10311 -1 -2
12621 -1 12775 -1 -2
12459 -1 -2
18619 -1 -2
10315 -1 12831 -1 -2
12819 -1 12831 -1 -2
18787 -1 -2
12819 -1 -2
18691 -1 -2
12555 -1 18691 -1 32197 -1 32205 -1 -2
10315 -1 12679 -1 12695 -1 12703 -1 -2
18707 -1 18775 -1 -2
18647 -1 -2
12795 -1 12831 -1 -2
12403 -1 12895 -1 18615 -1 -2
10295 -1 10299 -1 10307 -1 12663 -1 12679 -1 12683 -1 12815 -1 12819 -1 12895 -1 -2
10295 -1 10299 -1 10307 -1 10311 -1 10315 -1 12463 -1 12683 -1 12695 -1 12703 -1 12795 -1 12819 -1 12831 -1 32197 -1 32205 -1 32213 -1 32221 -1 33433 -1 33449 -1 33469 -1 -2
12783 -1 12787 -1 -2
12759 -1 -2
18787 -1 -2
12487 -1 33449 -1 33469 -1 -2
12483 -1 12875 -1 32213 -1 -2
10295 -1 34901 -1 -2
33449 -1 33469 -1 -2
10315 -1 12463 -1 12467 -1 12479 -1 12487 -1 12523 -1 12531 -1 12679 -1 12723 -1 12735 -1 12823 -1 12895 -1 -2
12691 -1 -2
10299 -1 10303 -1 10315 -1 10857 -1 12735 -1 12763 -1 12779 -1 12815 -1 32209 -1 33449 -1 -2
12731 -1 12827 -1 33449 -1 -2
18863 -1 -2
12723 -1 12727 -1 12731 -1 -2
12767 -1 -2
12823 -1 12891 -1 -2
33433 -1 33453 -1 33465 -1 33469 -1 -2
12803 -1 12867 -1 -2
10311 -1 12663 -1 33441 -1 33453 -1 33461 -1 33465 -1 33469 -1 -2
32205 -1 -2
10315 -1 34901 -1 -2
10307 -1 12767 -1 -2
12895 -1 -2
10295 -1 10311 -1 10315 -1 12715 -1 12723 -1 -2
10315 -1 -2
33457 -1 -2
12819 -1 -2
12755 -1 -2
12679 -1 12755 -1 -2
12727 -1 -2
10311 -1 -2
12679 -1 12683 -1 12843 -1 12855 -1 -2
10311 -1 10315 -1 -2
12795 -1 12819 -1 12831 -1 -2
12621 -1 -2
12463 -1 12723 -1 12727 -1 12775 -1 -2
10295 -1 10307 -1 12647 -1 12683 -1 12763 -1 33441 -1 34889 -1 -2
34905 -1 -2
10295 -1 10315 -1 12479 -1 12487 -1 12647 -1 12655 -1 12667 -1 12711 -1 12715 -1 12719 -1 12723 -1 12727 -1 12731 -1 12735 -1 12739 -1 12743 -1 12755 -1 12759 -1 12763 -1 12771 -1 12779 -1 12815 -1 12827 -1 12895 -1 32197 -1 32201 -1 32205 -1 32209 -1 32213 -1 32217 -1 -2
10311 -1 12487 -1 -2
10307 -1 12479 -1 12555 -1 12559 -1 12563 -1 18603 -1 32201 -1 32213 -1 33441 -1 33449 -1 34889 -1 34901 -1 -2
12371 -1 -2
18727 -1 -2
10307 -1 -2
10291 -1 10295 -1 10299 -1 10307 -1 10327 -1 10331 -1 10335 -1 12479 -1 12523 -1 12527 -1 12531 -1 12631 -1 12679 -1 12683 -1 12687 -1 12691 -1 12695 -1 12735 -1 12739 -1 12759 -1 12779 -1 12795 -1 12803 -1 12815 -1 12819 -1 12831 -1 18727 -1 33425 -1 33429 -1 33433 -1 33437 -1 33441 -1 33449 -1 33457 -1 33461 -1 33465 -1 33469 -1 34889 -1 34901 -1 34905 -1 46281 -1 46285 -1 46289 -1 46293 -1 -2
12547 -1 12555 -1 -2
12487 -1 -2
18831 -1 -2
10311 -1 32213 -1 -2
12787 -1 12895 -1 -2
12655 -1 32201 -1 -2
12723 -1 -2
34893 -1 34897 -1 -2
12463 -1 12679 -1 12703 -1 12831 -1 12895 -1 32213 -1 -2
18551 -1 18775 -1 -2
12723 -1 12727 -1 18459 -1 -2
35149 -1 -2
10339 -1 12679 -1 33469 -1 -2
18707 -1 18735 -1 -2
12495 -1 12827 -1 12895 -1 18787 -1 -2
34901 -1 -2
33469 -1 -2
12551 -1 18459 -1 -2
12679 -1 12743 -1 12763 -1 12767 -1 -2
10295 -1 10299 -1 10307 -1 10311 -1 12483 -1 12487 -1 12815 -1 12827 -1 12895 -1 -2
10307 -1 10857 -1 33429 -1 34885 -1 -2
12815 -1 12895 -1 -2
12827 -1 12895 -1 -2
12331 -1 12727 -1 -2
12679 -1 -2
18787 -1 -2
12787 -1 -2
10295 -1 10307 -1 10315 -1 32201 -1 32209 -1 33437 -1 33441 -1 33449 -1 33469 -1 -2
12895 -1 -2
12851 -1 -2
10299 -1 10307 -1 10319 -1 12895 -1 32205 -1 33449 -1 34885 -1 -2
10331 -1 33453 -1 -2
10295 -1 10299 -1 10307 -1 10311 -1 10315 -1 12723 -1 12727 -1 12831 -1 18691 -1 18695 -1 32205 -1 -2
12631 -1 -2
12571 -1 12575 -1 32213 -1 -2
12779 -1 -2
12635 -1 12643 -1 12647 -1 12663 -1 12815 -1 12895 -1 -2
12879 -1 -2
10295 -1 10311 -1 -2
12747 -1 -2
10295 -1 10299 -1 10307 -1 10311 -1 10315 -1 10339 -1 12831 -1 -2
18855 -1 -2
12463 -1 12487 -1 12491 -1 12523 -1 12527 -1 12683 -1 12687 -1 12691 -1 12695 -1 12703 -1 12727 -1 12739 -1 12743 -1 12759 -1 12767 -1 12795 -1 12819 -1 12831 -1 34889 -1 34901 -1 34905 -1 -2
10315 -1 12819 -1 18459 -1 32197 -1 32201 -1 32205 -1 32209 -1 32213 -1 32217 -1 32221 -1 33429 -1 33433 -1 33437 -1 33449 -1 33453 -1 33465 -1 33469 -1 34889 -1 34901 -1 34905 -1 46289 -1 -2
10295 -1 10307 -1 10311 -1 12479 -1 12483 -1 12487 -1 32201 -1 32205 -1 32213 -1 -2
12831 -1 -2
33429 -1 33449 -1 -2
10295 -1 10307 -1 12795 -1 -2
12487 -1 12495 -1 12695 -1 -2
12523 -1 12527 -1 12531 -1 12779 -1 12783 -1 12835 -1 -2
10307 -1 -2
10311 -1 -2
10295 -1 10311 -1 12459 -1 12491 -1 12671 -1 12727 -1 12815 -1 -2
12775 -1 -2
12695 -1 -2
12621 -1 -2
12431 -1 -2
12663 -1 -2
12555 -1 12559 -1 12567 -1 12591 -1 35149 -1 35157 -1 -2
10295 -1 12715 -1 12795 -1 12831 -1 32205 -1 -2
12703 -1 -2
12695 -1 -2
12895 -1 -2
12787 -1 -2
12427 -1 12431 -1 35201 -1 -2
10295 -1 -2
34897 -1 -2
12727 -1 12895 -1 33469 -1 -2
12895 -1 -2
12691 -1 -2
12691 -1 34885 -1 -2
12875 -1 -2
10311 -1 12483 -1 12703 -1 12875 -1 18691 -1 32213 -1 34893 -1 -2
12331 -1 12547 -1 12555 -1 12583 -1 -2
12815 -1 12895 -1 -2
10299 -1 10307 -1 -2
18691 -1 -2
12679 -1 -2
12555 -1 -2
33449 -1 -2
12715 -1 12727 -1 -2
12775 -1 -2
12571 -1 -2
33425 -1 33429 -1 -2
12739 -1 -2
10307 -1 10315 -1 10857 -1 10861 -1 12575 -1 12621 -1 12631 -1 12647 -1 12743 -1 12759 -1 12831 -1 32213 -1 34901 -1 -2
12635 -1 -2
10315 -1 12483 -1 12571 -1 12575 -1 12603 -1 12627 -1 12631 -1 12667 -1 12739 -1 12759 -1 12855 -1 32205 -1 32209 -1 34893 -1 -2
18787 -1 -2
12895 -1 -2
12691 -1 12715 -1 12735 -1 12739 -1 12755 -1 12759 -1 12763 -1 12771 -1 12779 -1 34897 -1 -2
10315 -1 -2
10311 -1 10315 -1 10339 -1 12483 -1 12487 -1 -2
18675 -1 -2
18863 -1 -2
12807 -1 12811 -1 -2
12787 -1 -2
12831 -1 -2
10295 -1 10299 -1 10303 -1 10307 -1 10311 -1 12783 -1 12815 -1 12827 -1 12895 -1 32209 -1 -2
32213 -1 -2
10881 -1 12547 -1 34925 -1 -2
12747 -1 12759 -1 -2
12575 -1 -2
12607 -1 12621 -1 18663 -1 -2
12395 -1 12399 -1 12439 -1 18831 -1 -2
10833 -1 33429 -1 33449 -1 -2
12463 -1 12487 -1 12779 -1 -2
12679 -1 -2
10295 -1 10299 -1 10307 -1 10311 -1 10315 -1 12795 -1 12815 -1 12819 -1 12831 -1 12895 -1 -2
10315 -1 -2
10849 -1 -2
33469 -1 -2
18855 -1 -2
18519 -1 18523 -1 18527 -1 18671 -1 -2
10295 -1 12627 -1 12759 -1 12903 -1 -2
10311 -1 12775 -1 12783 -1 -2
12611 -1 34889 -1 -2
12571 -1 12631 -1 12695 -1 12703 -1 12819 -1 18695 -1 18699 -1 -2
10315 -1 35213 -1 -2
12795 -1 12831 -1 -2
12691 -1 12695 -1 12703 -1 12895 -1 34885 -1 -2
12695 -1 34905 -1 -2
12663 -1 -2
10295 -1 12695 -1 33449 -1 33469 -1 -2
32197 -1 -2
33449 -1 -2
10315 -1 18423 -1 -2
12663 -1 -2
10295 -1 10311 -1 10315 -1 -2
12479 -1 12483 -1 -2
18575 -1 -2
18727 -1 -2
10295 -1 10311 -1 10315 -1 12687 -1 12691 -1 12695 -1 12703 -1 32201 -1 32209 -1 32213 -1 -2
12487 -1 12611 -1 12615 -1 12621 -1 12635 -1 12795 -1 12895 -1 -2
10295 -1 10307 -1 10311 -1 12827 -1 12895 -1 34885 -1 34893 -1 34897 -1 -2
12351 -1 -2
12487 -1 -2
12403 -1 -2
12403 -1 -2
12795 -1 -2
10315 -1 -2
10295 -1 12479 -1 12691 -1 12779 -1 12819 -1 34889 -1 34901 -1 34905 -1 -2
18695 -1 -2
12807 -1 12847 -1 12907 -1 -2
12643 -1 -2
12487 -1 -2
12663 -1 12667 -1 12671 -1 12687 -1 12831 -1 12835 -1 -2
12615 -1 -2
12867 -1 34885 -1 34889 -1 -2
12411 -1 -2
12643 -1 -2
10311 -1 34905 -1 -2
12715 -1 -2
33449 -1 -2
10295 -1 10307 -1 12815 -1 12895 -1 -2
18583 -1 18675 -1 -2
12827 -1 12895 -1 -2
10311 -1 12515 -1 12621 -1 18723 -1 -2
34893 -1 -2
12763 -1 12895 -1 32197 -1 32205 -1 32209 -1 -2
12827 -1 12895 -1 -2
10295 -1 10299 -1 10307 -1 10311 -1 12487 -1 -2
12895 -1 -2
12895 -1 -2
12795 -1 -2
18471 -1 -2
12823 -1 12831 -1 -2
10307 -1 12679 -1 12771 -1 12779 -1 12787 -1 -2
12875 -1 -2
18431 -1 18603 -1 18647 -1 18683 -1 18743 -1 18787 -1 18831 -1 18871 -1 -2
12719 -1 -2
10311 -1 -2
12679 -1 12895 -1 -2
12895 -1 -2
18611 -1 -2
10315 -1 -2
10861 -1 10865 -1 12679 -1 12683 -1 12895 -1 -2
18599 -1 -2
12823 -1 -2
12807 -1 12831 -1 -2
46293 -1 -2
10865 -1 -2
12807 -1 34905 -1 -2
12759 -1 -2
12679 -1 18707 -1 -2
10315 -1 -2
12463 -1 -2
12895 -1 -2
10315 -1 -2
10303 -1 32209 -1 -2
12895 -1 -2
12895 -1 -2
10291 -1 -2
10315 -1 -2
18831 -1 -2
20807 -1 30311 -1 32205 -1 -2
10307 -1 12679 -1 -2
10307 -1 -2
10295 -1 10311 -1 12463 -1 12663 -1 12679 -1 12831 -1 12895 -1 -2
12695 -1 12703 -1 -2
12715 -1 -2
12715 -1 12723 -1 12775 -1 -2
12683 -1 -2
10307 -1 12795 -1 12831 -1 -2
35149 -1 35189 -1 -2
18619 -1 -2
18787 -1 -2
33429 -1 -2
10311 -1 -2
12659 -1 -2
12695 -1 12703 -1 -2
12647 -1 12747 -1 34889 -1 34901 -1 -2
12895 -1 -2
10857 -1 12487 -1 12763 -1 12779 -1 32213 -1 -2
12771 -1 -2
33449 -1 -2
12743 -1 12787 -1 -2
12783 -1 -2
12679 -1 12895 -1 -2
12831 -1 12903 -1 -2
12831 -1 12855 -1 12871 -1 12879 -1 12891 -1 33465 -1 -2
12895 -1 -2
10307 -1 12527 -1 12631 -1 -2
10315 -1 12895 -1 -2
10315 -1 12555 -1 -2
10303 -1 10311 -1 10865 -1 12479 -1 12523 -1 12691 -1 12695 -1 12819 -1 12831 -1 33453 -1 46289 -1 -2
10295 -1 10311 -1 12487 -1 12663 -1 12679 -1 12683 -1 12695 -1 12703 -1 12831 -1 12895 -1 32213 -1 -2
12663 -1 12667 -1 -2
10307 -1 10315 -1 12895 -1 -2
10295 -1 10311 -1 12875 -1 -2
12483 -1 12571 -1 12575 -1 34893 -1 -2
33465 -1 -2
12495 -1 33449 -1 33469 -1 -2
33469 -1 -2
12403 -1 18595 -1 -2
10307 -1 12679 -1 12895 -1 32197 -1 -2
32213 -1 -2
12823 -1 -2
12479 -1 12491 -1 12667 -1 34889 -1 34901 -1 -2
12747 -1 -2
12679 -1 12683 -1 12703 -1 12827 -1 12903 -1 -2
10295 -1 10307 -1 12419 -1 12867 -1 -2
12723 -1 12727 -1 -2
18547 -1 -2
12895 -1 -2
32201 -1 -2
18831 -1 -2
10853 -1 -2
10339 -1 -2
12795 -1 -2
12331 -1 12447 -1 12723 -1 -2
12551 -1 -2
10861 -1 12631 -1 12671 -1 32209 -1 -2
10291 -1 10295 -1 10307 -1 10311 -1 10315 -1 10829 -1 10833 -1 10841 -1 10849 -1 10877 -1 12331 -1 12347 -1 12351 -1 12355 -1 12371 -1 12395 -1 12403 -1 12411 -1 12427 -1 12431 -1 12439 -1 12447 -1 12451 -1 12463 -1 12479 -1 12483 -1 12487 -1 12491 -1 12495 -1 12511 -1 12515 -1 12523 -1 12527 -1 12531 -1 12547 -1 12551 -1 12555 -1 12559 -1 12567 -1 12607 -1 12621 -1 12627 -1 12631 -1 12647 -1 12655 -1 12659 -1 12663 -1 12667 -1 12675 -1 12679 -1 12683 -1 12687 -1 12691 -1 12695 -1 12715 -1 12723 -1 12727 -1 12731 -1 12739 -1 12751 -1 12759 -1 12771 -1 12775 -1 12783 -1 12787 -1 12795 -1 12807 -1 12819 -1 12823 -1 12827 -1 12831 -1 12835 -1 12847 -1 12867 -1 12875 -1 12895 -1 12907 -1 18423 -1 18427 -1 18439 -1 18447 -1 18547 -1 18595 -1 18599 -1 18603 -1 18611 -1 18615 -1 18619 -1 18635 -1 18675 -1 18691 -1 18707 -1 18723 -1 18787 -1 18831 -1 18847 -1 18855 -1 18863 -1 18871 -1 32197 -1 32201 -1 32205 -1 32209 -1 32213 -1 32217 -1 32221 -1 35149 -1 35181 -1 35201 -1 35213 -1 -2
10295 -1 10307 -1 12715 -1 12723 -1 12827 -1 12895 -1 -2
10311 -1 12487 -1 32205 -1 32213 -1 -2
12827 -1 12895 -1 -2
12621 -1 -2
10295 -1 10307 -1 12679 -1 -2
12895 -1 32205 -1 32213 -1 35149 -1 35153 -1 35157 -1 35169 -1 35177 -1 35181 -1 35185 -1 -2
12695 -1 12703 -1 -2
12807 -1 12867 -1 -2
12551 -1 12575 -1 12663 -1 -2
12787 -1 -2
18787 -1 34925 -1 -2
12611 -1 12621 -1 -2
12895 -1 -2
12827 -1 12895 -1 -2
33449 -1 34917 -1 35149 -1 -2
12795 -1 12819 -1 -2
10829 -1 -2
12747 -1 -2
10291 -1 10295 -1 10299 -1 10307 -1 10311 -1 10833 -1 10869 -1 10877 -1 12347 -1 12351 -1 12355 -1 12367 -1 12403 -1 12411 -1 12427 -1 12431 -1 12439 -1 12447 -1 12451 -1 12483 -1 12515 -1 12547 -1 12555 -1 12559 -1 12563 -1 12567 -1 12621 -1 12627 -1 12663 -1 12667 -1 12675 -1 12679 -1 12683 -1 12687 -1 12703 -1 12715 -1 12723 -1 12727 -1 12731 -1 12759 -1 12771 -1 12775 -1 12783 -1 12787 -1 12815 -1 12827 -1 12831 -1 12835 -1 12847 -1 12895 -1 18427 -1 18447 -1 18547 -1 18599 -1 18603 -1 18619 -1 18635 -1 18675 -1 18691 -1 18707 -1 18723 -1 18787 -1 18831 -1 18863 -1 18871 -1 -2
12643 -1 12647 -1 12651 -1 12655 -1 12659 -1 12667 -1 12671 -1 33429 -1 33445 -1 33449 -1 -2
18743 -1 -2
12635 -1 -2
10307 -1 12663 -1 12895 -1 -2
46293 -1 -2
12839 -1 12851 -1 -2
12779 -1 -2
12459 -1 12467 -1 12487 -1 12523 -1 12531 -1 12679 -1 12735 -1 12763 -1 32213 -1 34893 -1 -2
10307 -1 -2
12843 -1 12847 -1 -2
12575 -1 -2
32209 -1 -2
12475 -1 -2
18447 -1 18451 -1 18775 -1 18827 -1 18831 -1 -2
10311 -1 10315 -1 12621 -1 12831 -1 -2
10311 -1 12483 -1 12487 -1 12575 -1 12703 -1 12875 -1 32213 -1 34893 -1 -2
33429 -1 -2
10315 -1 -2
10295 -1 33433 -1 33469 -1 -2
12815 -1 12895 -1 -2
30271 -1 30339 -1 -2
12627 -1 12795 -1 12807 -1 12819 -1 12823 -1 12831 -1 12867 -1 -2
34893 -1 -2
32205 -1 -2
12819 -1 -2
12827 -1 12895 -1 -2
12427 -1 -2
12815 -1 12827 -1 12895 -1 -2
12815 -1 12895 -1 -2
10295 -1 10299 -1 10307 -1 18459 -1 -2
12663 -1 12679 -1 -2
12795 -1 -2
12879 -1 -2
12895 -1 -2
33429 -1 -2
12703 -1 12875 -1 -2
10849 -1 10861 -1 -2
10315 -1 -2
10343 -1 10833 -1 10837 -1 10849 -1 10869 -1 12355 -1 12835 -1 12859 -1 12867 -1 12887 -1 32217 -1 -2
12747 -1 12775 -1 -2
10295 -1 -2
12355 -1 12467 -1 12663 -1 12723 -1 12727 -1 12847 -1 -2
10295 -1 -2
12463 -1 -2
46293 -1 -2
12611 -1 12747 -1 12755 -1 12759 -1 -2
12523 -1 -2
10315 -1 -2
12399 -1 18707 -1 -2
12783 -1 -2
18779 -1 18863 -1 20807 -1 -2
12807 -1 33429 -1 33441 -1 33449 -1 -2
12771 -1 32201 -1 32209 -1 -2
33429 -1 -2
10307 -1 10857 -1 12631 -1 12735 -1 12763 -1 12819 -1 33453 -1 33469 -1 34889 -1 -2
12631 -1 12739 -1 12787 -1 -2
18619 -1 -2
12463 -1 12487 -1 12607 -1 12723 -1 12727 -1 12795 -1 12819 -1 18727 -1 -2
10857 -1 12763 -1 12779 -1 -2
12663 -1 12827 -1 -2
12595 -1 -2
12663 -1 12835 -1 12847 -1 -2
12527 -1 12711 -1 12715 -1 12727 -1 12819 -1 -2
12755 -1 -2
12775 -1 -2
33441 -1 33465 -1 -2
12807 -1 12819 -1 12823 -1 35149 -1 -2
10315 -1 -2
34889 -1 -2
10303 -1 10307 -1 12715 -1 12747 -1 12759 -1 12775 -1 12795 -1 12819 -1 12831 -1 32201 -1 32205 -1 -2
12875 -1 -2
12895 -1 -2
12703 -1 -2
34885 -1 -2
12815 -1 12895 -1 -2
10295 -1 12683 -1 33449 -1 34885 -1 -2
12891 -1 -2
18619 -1 -2
10295 -1 10315 -1 -2
30311 -1 -2
12823 -1 -2
12621 -1 12691 -1 12755 -1 12871 -1 34885 -1 34897 -1 -2
10295 -1 10307 -1 10311 -1 10315 -1 12479 -1 12487 -1 12491 -1 12495 -1 12611 -1 12667 -1 12679 -1 12683 -1 12779 -1 12795 -1 12827 -1 12831 -1 12843 -1 12855 -1 12895 -1 34885 -1 -2
12795 -1 12815 -1 12895 -1 -2
34893 -1 -2
18619 -1 18787 -1 20807 -1 -2
12663 -1 12795 -1 12831 -1 -2
12807 -1 -2
12815 -1 12895 -1 -2
12751 -1 12755 -1 -2
12403 -1 12451 -1 12823 -1 -2
18831 -1 -2
12419 -1 12431 -1 12443 -1 12783 -1 -2
12395 -1 12403 -1 12431 -1 -2
32205 -1 -2
12819 -1 -2
18547 -1 32201 -1 -2
12815 -1 12819 -1 12895 -1 -2
12779 -1 -2
10307 -1 -2
12819 -1 -2
10295 -1 10307 -1 10315 -1 -2
12795 -1 12907 -1 -2
10315 -1 -2
12895 -1 12899 -1 -2
10311 -1 12483 -1 12487 -1 32213 -1 34893 -1 -2
10315 -1 -2
10291 -1 10299 -1 10303 -1 10331 -1 12487 -1 12631 -1 12711 -1 12763 -1 12779 -1 12831 -1 32197 -1 33469 -1 -2
12783 -1 -2
12463 -1 -2
12779 -1 -2
12567 -1 -2
12795 -1 12819 -1 12831 -1 -2
10315 -1 12815 -1 12895 -1 -2
34901 -1 -2
12479 -1 12483 -1 32209 -1 32213 -1 -2
10303 -1 10861 -1 12743 -1 12763 -1 12779 -1 32197 -1 -2
10295 -1 10311 -1 10315 -1 12495 -1 12655 -1 12683 -1 12691 -1 12695 -1 12703 -1 12715 -1 12723 -1 12795 -1 12807 -1 12819 -1 33437 -1 33449 -1 33469 -1 -2
12895 -1 -2
32201 -1 -2
10299 -1 10307 -1 10311 -1 -2
10295 -1 10307 -1 10311 -1 -2
12679 -1 12703 -1 -2
12795 -1 12831 -1 -2
18611 -1 -2
10315 -1 -2
12819 -1 12895 -1 -2
12695 -1 -2
10315 -1 -2
18611 -1 -2
10295 -1 32201 -1 -2
12603 -1 12611 -1 12621 -1 12747 -1 12755 -1 12783 -1 -2
12895 -1 -2
10311 -1 12723 -1 12731 -1 33433 -1 33449 -1 33453 -1 33469 -1 -2
10303 -1 12479 -1 12747 -1 -2
33433 -1 33449 -1 34889 -1 34901 -1 -2
12547 -1 12555 -1 -2
30311 -1 -2
10315 -1 12647 -1 12651 -1 12655 -1 -2
12827 -1 12895 -1 -2
12807 -1 -2
12483 -1 12491 -1 12795 -1 12823 -1 12831 -1 -2
33441 -1 -2
10303 -1 10307 -1 10315 -1 12463 -1 12615 -1 12627 -1 12695 -1 12755 -1 12759 -1 12763 -1 12767 -1 12771 -1 12819 -1 12831 -1 32205 -1 33449 -1 34905 -1 -2
12463 -1 -2
12399 -1 12439 -1 18619 -1 33449 -1 -2
12831 -1 -2
12621 -1 32201 -1 32205 -1 32209 -1 32213 -1 -2
12607 -1 18619 -1 -2
34889 -1 -2
12875 -1 -2
12483 -1 12487 -1 -2
12815 -1 12819 -1 12895 -1 -2
12299 -1 35193 -1 -2
33429 -1 -2
12367 -1 12371 -1 -2
10307 -1 18595 -1 18683 -1 -2
12775 -1 -2
18539 -1 18635 -1 -2
12895 -1 -2
12559 -1 12571 -1 12591 -1 12751 -1 18431 -1 18787 -1 18879 -1 33449 -1 -2
18863 -1 -2
18675 -1 -2
12795 -1 12831 -1 -2
10311 -1 -2
12655 -1 12667 -1 12895 -1 33433 -1 33453 -1 33469 -1 -2
12895 -1 -2
10315 -1 34893 -1 -2
18871 -1 -2
10295 -1 10307 -1 12751 -1 12779 -1 12783 -1 12787 -1 12819 -1 12827 -1 12895 -1 -2
34885 -1 34893 -1 -2
34893 -1 -2
18863 -1 18871 -1 33429 -1 34885 -1 -2
12723 -1 -2
12779 -1 -2
12831 -1 -2
10295 -1 10307 -1 10311 -1 10315 -1 12679 -1 12703 -1 -2
12463 -1 12487 -1 -2
32201 -1 -2
10295 -1 10315 -1 -2
12567 -1 -2
12687 -1 -2
12367 -1 12371 -1 12415 -1 -2
34889 -1 -2
32209 -1 -2
10315 -1 12663 -1 33469 -1 -2
18619 -1 -2
12621 -1 -2
12463 -1 -2
12663 -1 12815 -1 12895 -1 -2
33437 -1 33453 -1 33469 -1 -2
12621 -1 32197 -1 32205 -1 -2
12463 -1 -2
10295 -1 12895 -1 -2
33469 -1 -2
12431 -1 -2
10315 -1 12679 -1 -2
12795 -1 -2
12463 -1 -2
12487 -1 -2
12731 -1 -2
12607 -1 12621 -1 12631 -1 12863 -1 -2
10307 -1 12823 -1 12831 -1 12895 -1 34897 -1 34913 -1 34921 -1 -2
12463 -1 -2
30303 -1 -2
34885 -1 -2
12795 -1 -2
12515 -1 -2
12495 -1 -2
12463 -1 12487 -1 -2
33469 -1 -2
12731 -1 -2
18551 -1 -2
12731 -1 -2
10311 -1 -2
12667 -1 12671 -1 12675 -1 12783 -1 12835 -1 12843 -1 12847 -1 -2
33465 -1 -2
33449 -1 33469 -1 46281 -1 46285 -1 46289 -1 46293 -1 -2
12347 -1 -2
12807 -1 33433 -1 33449 -1 -2
12807 -1 12867 -1 -2
10315 -1 12687 -1 12787 -1 12827 -1 -2
18871 -1 -2
18831 -1 -2
10295 -1 10299 -1 10307 -1 10315 -1 12803 -1 12819 -1 12831 -1 -2
12827 -1 -2
10833 -1 12667 -1 12807 -1 33429 -1 33441 -1 34897 -1 -2
46285 -1 46289 -1 -2
35149 -1 -2
12895 -1 -2
33469 -1 -2
10311 -1 -2
12751 -1 -2
12795 -1 12815 -1 12831 -1 12895 -1 -2
12655 -1 -2
18831 -1 -2
12663 -1 -2
18691 -1 -2
12463 -1 12795 -1 -2
12683 -1 12687 -1 12691 -1 12695 -1 12823 -1 12907 -1 -2
10849 -1 12603 -1 12621 -1 12627 -1 12631 -1 -2
12691 -1 12703 -1 -2
33453 -1 33457 -1 -2
12367 -1 33457 -1 -2
18831 -1 -2
10311 -1 12875 -1 12895 -1 -2
32197 -1 32201 -1 32205 -1 32213 -1 -2
10303 -1 -2
10315 -1 10339 -1 12735 -1 12759 -1 -2
10849 -1 -2
12663 -1 -2
12867 -1 12895 -1 -2
18871 -1 18875 -1 18879 -1 18883 -1 -2
12795 -1 12831 -1 -2
12663 -1 -2
10311 -1 10315 -1 12723 -1 12831 -1 18727 -1 18735 -1 -2
12627 -1 12779 -1 -2
33449 -1 -2
10295 -1 10311 -1 12483 -1 12621 -1 12759 -1 12771 -1 18871 -1 -2
10849 -1 -2
12631 -1 34917 -1 34921 -1 -2
18831 -1 -2
33441 -1 33465 -1 33469 -1 34885 -1 34897 -1 35181 -1 46281 -1 -2
12603 -1 12621 -1 -2
33429 -1 33437 -1 33453 -1 33465 -1 33469 -1 -2
18427 -1 18499 -1 -2
18611 -1 -2
12463 -1 -2
12859 -1 -2
12819 -1 -2
10877 -1 34929 -1 -2
18427 -1 18855 -1 -2
18727 -1 -2
46289 -1 -2
12855 -1 -2
18447 -1 -2
10315 -1 -2
18831 -1 -2
12483 -1 12487 -1 12571 -1 12575 -1 12827 -1 12875 -1 32201 -1 32213 -1 34893 -1 -2
12663 -1 12895 -1 -2
12895 -1 -2
10299 -1 12459 -1 12483 -1 12487 -1 12531 -1 12667 -1 12687 -1 12851 -1 12875 -1 34893 -1 -2
12879 -1 -2
10295 -1 10307 -1 10315 -1 12479 -1 12483 -1 12487 -1 12491 -1 32205 -1 32213 -1 33449 -1 34885 -1 34897 -1 -2
33465 -1 -2
18831 -1 -2
12515 -1 -2
12723 -1 18787 -1 -2
20807 -1 -2
33449 -1 -2
33429 -1 -2
12355 -1 -2
18871 -1 -2
33429 -1 -2
12703 -1 -2
32213 -1 -2
32213 -1 -2
12831 -1 33445 -1 33449 -1 33465 -1 33469 -1 34897 -1 34901 -1 -2
12775 -1 -2
12807 -1 12867 -1 -2
12527 -1 -2
10861 -1 -2
18691 -1 -2
12559 -1 -2
46281 -1 46285 -1 46289 -1 46293 -1 -2
12607 -1 12627 -1 12631 -1 12635 -1 -2
34885 -1 34897 -1 -2
33449 -1 46281 -1 46285 -1 46289 -1 46293 -1 -2
12727 -1 -2
12775 -1 -2
35213 -1 -2
12711 -1 12715 -1 12723 -1 12727 -1 -2
10307 -1 10311 -1 12483 -1 12487 -1 12695 -1 12739 -1 12875 -1 12895 -1 32213 -1 33449 -1 33469 -1 34893 -1 34897 -1 34905 -1 35201 -1 -2
10307 -1 10877 -1 12787 -1 -2
12679 -1 12695 -1 12703 -1 33429 -1 33433 -1 -2
12867 -1 -2
12891 -1 -2
12895 -1 -2
33449 -1 33469 -1 -2
35193 -1 -2
33429 -1 33433 -1 33437 -1 33441 -1 33445 -1 33449 -1 33453 -1 33457 -1 33465 -1 33469 -1 46281 -1 46285 -1 -2
34925 -1 35153 -1 -2
12807 -1 12823 -1 12851 -1 -2
12431 -1 -2
10295 -1 10299 -1 10307 -1 10315 -1 12487 -1 12695 -1 12795 -1 12815 -1 12831 -1 12875 -1 33433 -1 33469 -1 -2
10307 -1 18675 -1 33437 -1 33441 -1 33445 -1 33465 -1 34893 -1 34901 -1 34921 -1 34925 -1 34929 -1 46281 -1 46285 -1 46289 -1 46293 -1 -2
18547 -1 -2
12603 -1 12621 -1 18691 -1 -2
12663 -1 12783 -1 12835 -1 18619 -1 -2
34897 -1 34901 -1 34905 -1 46281 -1 46285 -1 46289 -1 46293 -1 -2
12583 -1 18831 -1 -2
10829 -1 10837 -1 10845 -1 -2
10877 -1 35185 -1 -2
33429 -1 33433 -1 33437 -1 33441 -1 33449 -1 33453 -1 33457 -1 33465 -1 33469 -1 -2
12355 -1 12787 -1 12835 -1 12847 -1 18427 -1 18619 -1 -2
12399 -1 12411 -1 12515 -1 12807 -1 12819 -1 12895 -1 33429 -1 33433 -1 33437 -1 33441 -1 33445 -1 33449 -1 33453 -1 33457 -1 33461 -1 33465 -1 33469 -1 35153 -1 35157 -1 35165 -1 35169 -1 35173 -1 35177 -1 35181 -1 35185 -1 35189 -1 35193 -1 35197 -1 35201 -1 35205 -1 35213 -1 46281 -1 46285 -1 46289 -1 46293 -1 -2
12655 -1 -2
12731 -1 -2
18727 -1 18731 -1 18735 -1 27385 -1 27389 -1 -2
12463 -1 -2
12463 -1 -2
10849 -1 10853 -1 10857 -1 32221 -1 -2
18839 -1 -2
35185 -1 -2
12751 -1 -2
12621 -1 -2
12621 -1 -2
12467 -1 12479 -1 12491 -1 12495 -1 12523 -1 12527 -1 12531 -1 12687 -1 12691 -1 33453 -1 34889 -1 34897 -1 34901 -1 -2
18727 -1 18731 -1 27385 -1 27389 -1 -2
12487 -1 12875 -1 -2
34917 -1 34921 -1 34925 -1 34929 -1 -2
12779 -1 -2
12463 -1 -2
12667 -1 18595 -1 18699 -1 18767 -1 34929 -1 -2
10311 -1 12663 -1 -2
12463 -1 -2
12655 -1 -2
12907 -1 -2
12495 -1 -2
12747 -1 12755 -1 -2
12679 -1 -2
33449 -1 33469 -1 34893 -1 -2
12831 -1 12867 -1 12875 -1 12895 -1 -2
12663 -1 12835 -1 -2
12675 -1 35181 -1 -2
18423 -1 -2
12751 -1 -2
20807 -1 -2
18707 -1 18727 -1 18847 -1 18871 -1 -2
12515 -1 -2
12759 -1 -2
12655 -1 -2
12411 -1 -2
12823 -1 33449 -1 -2
33449 -1 -2
12451 -1 -2
12895 -1 -2
12867 -1 34885 -1 -2
12487 -1 -2
12739 -1 -2
34885 -1 34893 -1 -2
12463 -1 12471 -1 12475 -1 12487 -1 32201 -1 32213 -1 -2
12411 -1 12439 -1 18507 -1 18847 -1 -2
33469 -1 -2
10315 -1 -2
10315 -1 12827 -1 12875 -1 -2
12571 -1 -2
12867 -1 -2
12683 -1 12695 -1 12703 -1 18599 -1 18775 -1 18831 -1 20807 -1 -2
12695 -1 32205 -1 33449 -1 33469 -1 34885 -1 -2
10865 -1 12411 -1 -2
12663 -1 12675 -1 -2
18619 -1 -2
12399 -1 12415 -1 18723 -1 -2
10299 -1 10307 -1 12759 -1 -2
12867 -1 -2
12439 -1 12451 -1 -2
10877 -1 12339 -1 12387 -1 18871 -1 -2
18527 -1 18563 -1 18703 -1 18719 -1 18795 -1 18799 -1 -2
12339 -1 -2
34889 -1 34901 -1 34905 -1 -2
10311 -1 12483 -1 12487 -1 34893 -1 -2
18707 -1 18787 -1 18863 -1 -2
10295 -1 10307 -1 10311 -1 12679 -1 12683 -1 12695 -1 12703 -1 12739 -1 12743 -1 12763 -1 12779 -1 12815 -1 12819 -1 12895 -1 32201 -1 32205 -1 32209 -1 32213 -1 34885 -1 34893 -1 34897 -1 -2
10829 -1 10853 -1 12531 -1 12675 -1 32217 -1 -2
18831 -1 -2
34929 -1 -2
12451 -1 12515 -1 -2
12835 -1 -2
10861 -1 -2
12339 -1 12387 -1 35185 -1 -2
12895 -1 -2
12355 -1 12663 -1 12783 -1 18863 -1 -2
12495 -1 12815 -1 12895 -1 -2
12695 -1 34905 -1 -2
12355 -1 12663 -1 12783 -1 18863 -1 -2
12439 -1 12621 -1 18723 -1 -2
12439 -1 12621 -1 18723 -1 -2
18795 -1 18799 -1 -2
12751 -1 -2
12747 -1 -2
12895 -1 -2
12663 -1 12667 -1 12671 -1 12835 -1 -2
12415 -1 -2
12463 -1 -2
32221 -1 -2
12487 -1 12495 -1 -2
12463 -1 -2
12395 -1 12415 -1 -2
12551 -1 -2
12567 -1 12579 -1 12747 -1 12751 -1 -2
34893 -1 -2
10311 -1 12483 -1 12771 -1 18443 -1 -2
32205 -1 32217 -1 32221 -1 -2
12491 -1 12795 -1 12807 -1 12819 -1 12823 -1 12831 -1 -2
12747 -1 -2
12831 -1 -2
12483 -1 -2
12751 -1 -2
10877 -1 12339 -1 12343 -1 35177 -1 -2
10295 -1 10311 -1 10315 -1 12755 -1 -2
35169 -1 -2
12439 -1 12451 -1 -2
12339 -1 12343 -1 18831 -1 35165 -1 35185 -1 -2
18551 -1 18611 -1 18615 -1 18691 -1 -2
12339 -1 35185 -1 -2
12439 -1 12621 -1 18723 -1 -2
12751 -1 -2
12603 -1 -2
12567 -1 12727 -1 -2
33457 -1 -2
12463 -1 -2
12355 -1 12371 -1 -2
12439 -1 12621 -1 18723 -1 -2
12695 -1 -2
12895 -1 -2
12439 -1 12451 -1 -2
32221 -1 33441 -1 -2
10315 -1 10857 -1 10861 -1 10865 -1 12611 -1 12621 -1 12631 -1 32205 -1 32213 -1 32221 -1 33425 -1 33433 -1 33441 -1 33449 -1 33453 -1 33457 -1 33465 -1 34885 -1 34889 -1 34901 -1 46281 -1 -2
12343 -1 -2
32205 -1 -2
12367 -1 12371 -1 12403 -1 35193 -1 35197 -1 35201 -1 35205 -1 -2
18727 -1 -2
12571 -1 -2
34889 -1 34901 -1 34905 -1 -2
18691 -1 -2
12627 -1 12819 -1 46289 -1 -2
33449 -1 33469 -1 -2
18511 -1 18695 -1 -2
12663 -1 -2
12679 -1 -2
12621 -1 -2
18691 -1 18727 -1 -2
46285 -1 -2
12621 -1 12747 -1 12751 -1 12783 -1 18427 -1 -2
12691 -1 12871 -1 -2
10307 -1 12871 -1 12875 -1 34901 -1 -2
12887 -1 -2
12355 -1 12663 -1 12783 -1 18863 -1 -2
12411 -1 12559 -1 -2
10315 -1 18787 -1 -2
10315 -1 18619 -1 -2
12355 -1 12663 -1 12783 -1 18863 -1 -2
10295 -1 33449 -1 -2
12783 -1 34885 -1 34889 -1 34893 -1 -2
10295 -1 10299 -1 10303 -1 10307 -1 10311 -1 10315 -1 12487 -1 12571 -1 12575 -1 12695 -1 12703 -1 12815 -1 12895 -1 32213 -1 -2
12907 -1 -2
12555 -1 12715 -1 -2
35185 -1 -2
12755 -1 12763 -1 12779 -1 -2
18831 -1 -2
10295 -1 10315 -1 -2
12751 -1 -2
12415 -1 12463 -1 12663 -1 12679 -1 12807 -1 12831 -1 12895 -1 33429 -1 46281 -1 -2
12607 -1 12635 -1 -2
12483 -1 12703 -1 32213 -1 -2
12355 -1 12663 -1 12783 -1 18863 -1 -2
12439 -1 12621 -1 18723 -1 -2
18691 -1 34897 -1 -2
10295 -1 10307 -1 10311 -1 -2
10307 -1 -2
12763 -1 -2
18787 -1 -2
10311 -1 -2
12483 -1 12487 -1 -2
10829 -1 12875 -1 -2
12807 -1 -2
12811 -1 12847 -1 12851 -1 12855 -1 -2
30335 -1 -2
12795 -1 33433 -1 33449 -1 34901 -1 46281 -1 46285 -1 -2
12807 -1 12811 -1 12823 -1 12847 -1 12851 -1 12855 -1 -2
18707 -1 -2
12807 -1 -2
12807 -1 -2
18507 -1 18519 -1 18523 -1 18527 -1 -2
10307 -1 -2
10295 -1 12795 -1 12831 -1 -2
12895 -1 33433 -1 33441 -1 33445 -1 33453 -1 33457 -1 -2
12819 -1 46281 -1 -2
12621 -1 12783 -1 12867 -1 -2
32213 -1 -2
12621 -1 34885 -1 34889 -1 34905 -1 -2
10315 -1 12479 -1 12487 -1 -2
12807 -1 -2
18871 -1 -2
35149 -1 35209 -1 -2
12399 -1 -2
12463 -1 12795 -1 -2
12407 -1 12427 -1 -2
12807 -1 -2
12807 -1 -2
12807 -1 12811 -1 12851 -1 -2
12355 -1 12663 -1 12783 -1 18863 -1 -2
12439 -1 12621 -1 18723 -1 -2
12631 -1 12643 -1 12655 -1 12663 -1 12667 -1 -2
18863 -1 -2
12739 -1 -2
12603 -1 12621 -1 18427 -1 18495 -1 18619 -1 18767 -1 18795 -1 18863 -1 -2
33469 -1 -2
12579 -1 -2
35153 -1 35205 -1 35213 -1 -2
12739 -1 12759 -1 -2
12347 -1 12355 -1 12555 -1 18439 -1 18499 -1 18547 -1 18707 -1 18731 -1 18863 -1 18871 -1 -2
12775 -1 -2
18831 -1 -2
18847 -1 34889 -1 -2
12643 -1 -2
18675 -1 -2
12621 -1 18695 -1 18699 -1 18707 -1 18787 -1 18871 -1 -2
10877 -1 -2
12695 -1 12703 -1 -2
35185 -1 -2
12907 -1 -2
10877 -1 -2
30299 -1 30311 -1 -2
10877 -1 -2
12547 -1 12551 -1 12555 -1 18787 -1 -2
12695 -1 12703 -1 -2
12775 -1 -2
18423 -1 18691 -1 18847 -1 -2
35149 -1 35153 -1 35157 -1 35161 -1 35169 -1 35209 -1 -2
10877 -1 -2
12431 -1 -2
33449 -1 -2
10857 -1 10861 -1 -2
35149 -1 35201 -1 -2
12355 -1 12663 -1 12783 -1 18863 -1 -2
12439 -1 12621 -1 18723 -1 -2
10295 -1 10299 -1 10307 -1 10311 -1 10315 -1 12479 -1 12483 -1 12487 -1 12495 -1 12571 -1 12575 -1 12679 -1 12691 -1 12703 -1 12831 -1 32213 -1 34893 -1 -2
10877 -1 -2
12835 -1 34885 -1 -2
10311 -1 -2
12715 -1 12759 -1 -2
12567 -1 -2
18487 -1 -2
12631 -1 33425 -1 34885 -1 34897 -1 34929 -1 -2
12691 -1 12819 -1 12843 -1 12855 -1 12907 -1 34885 -1 34897 -1 -2
33457 -1 -2
10339 -1 12487 -1 12603 -1 12611 -1 12615 -1 12621 -1 12643 -1 12715 -1 12719 -1 12723 -1 12755 -1 12763 -1 12775 -1 12811 -1 -2
10311 -1 12487 -1 32213 -1 -2
12895 -1 18547 -1 -2
12831 -1 -2
18427 -1 -2
10295 -1 10299 -1 10307 -1 10311 -1 12463 -1 12487 -1 12643 -1 12647 -1 12691 -1 12703 -1 12795 -1 12807 -1 12819 -1 12823 -1 12831 -1 12867 -1 12871 -1 12907 -1 -2
34905 -1 -2
12775 -1 -2
12551 -1 12555 -1 12559 -1 12563 -1 12621 -1 12679 -1 12727 -1 12783 -1 12787 -1 18423 -1 18527 -1 18547 -1 18695 -1 18703 -1 18707 -1 18775 -1 18831 -1 -2
46289 -1 -2
12621 -1 -2
10849 -1 10857 -1 -2
10315 -1 -2
12603 -1 12621 -1 12647 -1 12651 -1 34901 -1 -2
12491 -1 12795 -1 12827 -1 12831 -1 12895 -1 33449 -1 33469 -1 46285 -1 -2
12759 -1 12779 -1 12783 -1 12787 -1 -2
32213 -1 -2
12799 -1 12827 -1 12863 -1 12871 -1 12879 -1 -2
10315 -1 12487 -1 12695 -1 12703 -1 32205 -1 32213 -1 -2
33437 -1 33449 -1 34885 -1 34889 -1 34893 -1 -2
12759 -1 -2
12895 -1 -2
33429 -1 33433 -1 33465 -1 33469 -1 34885 -1 34893 -1 46293 -1 -2
18423 -1 -2
12621 -1 -2
10295 -1 10307 -1 10315 -1 12487 -1 12515 -1 12831 -1 -2
12663 -1 -2
33425 -1 -2
10315 -1 -2
12621 -1 12783 -1 -2
10307 -1 -2
12767 -1 -2
12751 -1 18691 -1 -2
12855 -1 -2
10295 -1 10307 -1 10315 -1 -2
12895 -1 -2
12495 -1 -2
12843 -1 -2
18675 -1 -2
33449 -1 -2
12787 -1 -2
32201 -1 -2
10315 -1 -2
12627 -1 12683 -1 12695 -1 -2
33437 -1 33441 -1 33469 -1 -2
33433 -1 33453 -1 33465 -1 34929 -1 -2
12571 -1 12631 -1 12779 -1 -2
18855 -1 -2
10295 -1 10311 -1 -2
18611 -1 -2
35149 -1 35153 -1 35157 -1 35181 -1 35201 -1 35213 -1 -2
12595 -1 12611 -1 12615 -1 12627 -1 12631 -1 12875 -1 -2
12523 -1 12779 -1 -2
12511 -1 -2
10315 -1 -2
12371 -1 12547 -1 12555 -1 12567 -1 -2
12763 -1 12771 -1 12787 -1 12827 -1 -2
12727 -1 12731 -1 12755 -1 12771 -1 18787 -1 -2
12779 -1 -2
12515 -1 -2
18507 -1 -2
18723 -1 18831 -1 -2
12367 -1 12403 -1 12483 -1 12487 -1 12831 -1 18635 -1 18723 -1 18787 -1 -2
12463 -1 -2
12595 -1 -2
12751 -1 12775 -1 18603 -1 -2
12439 -1 -2
18855 -1 -2
12703 -1 -2
12603 -1 12621 -1 -2
18831 -1 -2
12663 -1 -2
12491 -1 12747 -1 12767 -1 -2
18611 -1 18615 -1 18619 -1 -2
12355 -1 -2
12751 -1 -2
10833 -1 35173 -1 -2
12411 -1 12591 -1 12719 -1 12731 -1 12747 -1 -2
12691 -1 -2
12427 -1 12451 -1 12479 -1 12895 -1 -2
10307 -1 -2
12795 -1 -2
12715 -1 -2
10307 -1 -2
12431 -1 -2
12621 -1 12759 -1 -2
10307 -1 -2
10295 -1 10307 -1 10311 -1 10315 -1 -2
12819 -1 -2
10295 -1 10311 -1 12483 -1 12679 -1 12703 -1 12895 -1 -2
12447 -1 -2
34901 -1 -2
35169 -1 -2
33449 -1 -2
12727 -1 -2
18427 -1 18863 -1 33429 -1 33469 -1 35189 -1 35197 -1 35205 -1 -2
33469 -1 -2
12783 -1 -2
12447 -1 -2
10307 -1 10311 -1 12299 -1 12355 -1 12371 -1 12395 -1 12411 -1 12415 -1 12431 -1 12515 -1 12555 -1 12559 -1 12567 -1 12607 -1 12635 -1 12679 -1 18427 -1 18691 -1 18787 -1 18831 -1 33433 -1 33453 -1 33457 -1 33465 -1 33469 -1 35149 -1 35201 -1 -2
35149 -1 -2
35205 -1 -2
10315 -1 -2
10315 -1 -2
33469 -1 -2
10295 -1 10837 -1 18439 -1 -2
10307 -1 10877 -1 12839 -1 12851 -1 34905 -1 -2
33449 -1 33453 -1 33469 -1 -2
34893 -1 34901 -1 -2
12367 -1 12371 -1 12411 -1 12447 -1 12631 -1 -2
12487 -1 -2
10315 -1 12415 -1 -2
33425 -1 33433 -1 -2
12451 -1 -2
12343 -1 12559 -1 -2
12487 -1 32213 -1 34893 -1 -2
12431 -1 -2
12491 -1 -2
12487 -1 12559 -1 12703 -1 -2
12487 -1 12703 -1 -2
10295 -1 -2
33469 -1 -2
33425 -1 -2
10311 -1 10315 -1 12479 -1 12487 -1 12695 -1 12703 -1 32213 -1 34893 -1 34897 -1 -2
12703 -1 32201 -1 32205 -1 32213 -1 -2
12571 -1 12575 -1 33449 -1 -2
12339 -1 12591 -1 34913 -1 34921 -1 34929 -1 35149 -1 35153 -1 35157 -1 35169 -1 35205 -1 35213 -1 -2
12675 -1 12883 -1 18787 -1 18871 -1 -2
12451 -1 35213 -1 -2
18883 -1 -2
12483 -1 12487 -1 12695 -1 12703 -1 -2
12819 -1 12895 -1 -2
33469 -1 -2
12715 -1 -2
33469 -1 -2
12663 -1 12847 -1 -2
30299 -1 -2
10307 -1 -2
33469 -1 -2
12479 -1 -2
10295 -1 10311 -1 10315 -1 12759 -1 -2
12875 -1 -2
12819 -1 -2
12611 -1 12621 -1 12779 -1 -2
10311 -1 32213 -1 -2
12571 -1 -2
12903 -1 -2
12879 -1 12899 -1 -2
12323 -1 12331 -1 12595 -1 -2
12867 -1 12879 -1 -2
12771 -1 -2
33433 -1 33453 -1 33469 -1 -2
12779 -1 -2
12551 -1 35173 -1 -2
46289 -1 -2
10315 -1 -2
12483 -1 12571 -1 12575 -1 -2
32213 -1 -2
12823 -1 -2
12559 -1 12563 -1 -2
33449 -1 34889 -1 -2
12695 -1 33469 -1 -2
35169 -1 -2
12883 -1 -2
12479 -1 -2
10307 -1 10311 -1 12483 -1 12487 -1 12571 -1 12575 -1 12679 -1 12703 -1 12895 -1 32213 -1 34893 -1 -2
12467 -1 -2
12467 -1 12743 -1 -2
12439 -1 -2
18471 -1 18475 -1 32213 -1 -2
12487 -1 12571 -1 12703 -1 32213 -1 -2
10307 -1 -2
18707 -1 18711 -1 18715 -1 18719 -1 18727 -1 18847 -1 -2
10315 -1 -2
10307 -1 -2
12895 -1 -2
10303 -1 10307 -1 10865 -1 12655 -1 32201 -1 -2
12823 -1 33429 -1 33449 -1 -2
12621 -1 -2
10295 -1 10307 -1 10311 -1 12875 -1 12895 -1 32201 -1 32213 -1 -2
12627 -1 12879 -1 -2
12679 -1 12683 -1 12775 -1 12787 -1 12895 -1 35149 -1 35153 -1 35157 -1 35161 -1 35165 -1 35169 -1 35177 -1 35181 -1 35185 -1 35201 -1 35213 -1 -2
12621 -1 -2
12611 -1 12795 -1 33449 -1 33469 -1 -2
12355 -1 12559 -1 -2
10307 -1 10311 -1 10877 -1 12439 -1 12515 -1 12687 -1 12695 -1 12703 -1 12715 -1 12731 -1 12739 -1 12823 -1 12907 -1 18519 -1 18523 -1 18599 -1 18707 -1 18831 -1 18871 -1 33429 -1 -2
12583 -1 -2
12403 -1 12515 -1 -2
10829 -1 10833 -1 10849 -1 10877 -1 -2
12875 -1 -2
12299 -1 12367 -1 12415 -1 12419 -1 12423 -1 -2
12663 -1 12667 -1 12835 -1 12847 -1 33469 -1 -2
35149 -1 -2
12667 -1 -2
18691 -1 -2
12895 -1 -2
35169 -1 -2
12399 -1 12495 -1 12671 -1 12863 -1 12883 -1 32217 -1 -2
12451 -1 -2
12299 -1 12367 -1 -2
12779 -1 -2
10295 -1 10299 -1 10307 -1 12771 -1 18691 -1 18779 -1 20803 -1 20807 -1 -2
10829 -1 10833 -1 12355 -1 12371 -1 12479 -1 12491 -1 12527 -1 12535 -1 12551 -1 12571 -1 12575 -1 12647 -1 12655 -1 12659 -1 12667 -1 12671 -1 12715 -1 12807 -1 12823 -1 12907 -1 33469 -1 34913 -1 34917 -1 34921 -1 34925 -1 34929 -1 35153 -1 35157 -1 35169 -1 35177 -1 35189 -1 35193 -1 35197 -1 35201 -1 35205 -1 -2
12695 -1 32205 -1 32209 -1 -2
12663 -1 -2
12679 -1 12895 -1 -2
10865 -1 12339 -1 -2
33433 -1 -2
10311 -1 10315 -1 12487 -1 32205 -1 -2
10315 -1 12487 -1 -2
20807 -1 -2
33441 -1 -2
12767 -1 -2
10315 -1 -2
33449 -1 -2
12621 -1 18579 -1 18683 -1 -2
12463 -1 -2
12611 -1 12655 -1 -2
12355 -1 -2
12695 -1 12715 -1 12723 -1 -2
35165 -1 -2
12903 -1 -2
12879 -1 -2
12567 -1 -2
10307 -1 12479 -1 12487 -1 12663 -1 12679 -1 12695 -1 12703 -1 12815 -1 12827 -1 12895 -1 -2
12747 -1 33457 -1 33461 -1 34901 -1 34905 -1 -2
10295 -1 10299 -1 10307 -1 10311 -1 10315 -1 12631 -1 12691 -1 12695 -1 12703 -1 12735 -1 12751 -1 12763 -1 12795 -1 12815 -1 12835 -1 12843 -1 12855 -1 12895 -1 12903 -1 32205 -1 32209 -1 32213 -1 33429 -1 33433 -1 33449 -1 33469 -1 34885 -1 34893 -1 34897 -1 -2
10291 -1 12531 -1 12647 -1 12655 -1 12827 -1 -2
12487 -1 -2
10307 -1 10315 -1 12683 -1 12687 -1 12691 -1 12695 -1 -2
12875 -1 -2
12679 -1 12683 -1 12687 -1 12691 -1 12695 -1 12703 -1 33433 -1 33453 -1 33469 -1 -2
33449 -1 -2
10311 -1 12831 -1 12895 -1 -2
12839 -1 12847 -1 -2
10295 -1 10299 -1 10315 -1 12643 -1 12807 -1 12871 -1 33449 -1 -2
12807 -1 -2
12687 -1 12695 -1 12703 -1 -2
12339 -1 12447 -1 12451 -1 -2
30335 -1 30339 -1 -2
12663 -1 -2
35149 -1 35153 -1 35181 -1 -2
12831 -1 -2
34905 -1 -2
12559 -1 12567 -1 18423 -1 -2
12563 -1 12723 -1 12727 -1 12803 -1 12819 -1 34917 -1 46293 -1 -2
12819 -1 12831 -1 -2
32213 -1 -2
12427 -1 12655 -1 -2
12691 -1 -2
20807 -1 -2
30299 -1 -2
12663 -1 -2
12807 -1 -2
12747 -1 18831 -1 -2
33449 -1 -2
12823 -1 18423 -1 18467 -1 18495 -1 18599 -1 18619 -1 -2
12723 -1 -2
33469 -1 -2
10295 -1 10307 -1 10311 -1 10315 -1 12483 -1 12487 -1 12571 -1 12703 -1 12827 -1 12875 -1 32213 -1 34893 -1 -2
10315 -1 30295 -1 -2
12571 -1 12575 -1 12703 -1 12875 -1 34893 -1 -2
12799 -1 12879 -1 -2
20807 -1 -2
35149 -1 -2
10299 -1 10307 -1 12467 -1 12787 -1 32201 -1 -2
18603 -1 18787 -1 33449 -1 33469 -1 -2
10307 -1 12895 -1 -2
10299 -1 10861 -1 10865 -1 12783 -1 12855 -1 -2
12415 -1 -2
12483 -1 12487 -1 30303 -1 30311 -1 30331 -1 -2
12347 -1 -2
12715 -1 12727 -1 12731 -1 12747 -1 12751 -1 -2
12691 -1 12807 -1 -2
12479 -1 12487 -1 -2
33449 -1 -2
12531 -1 12687 -1 12771 -1 12779 -1 12783 -1 12847 -1 -2
10299 -1 10307 -1 12621 -1 12667 -1 12687 -1 12779 -1 12783 -1 -2
10295 -1 10307 -1 10315 -1 12695 -1 12739 -1 12755 -1 12831 -1 32205 -1 32221 -1 33425 -1 33449 -1 34885 -1 34897 -1 -2
18423 -1 -2
12743 -1 -2
10299 -1 10311 -1 12779 -1 12783 -1 -2
10315 -1 34893 -1 -2
12491 -1 33449 -1 -2
12571 -1 -2
18535 -1 18779 -1 20803 -1 20807 -1 -2
10311 -1 12483 -1 12487 -1 12703 -1 -2
33469 -1 -2
12867 -1 18795 -1 18799 -1 -2
12343 -1 12347 -1 12355 -1 34921 -1 -2
12831 -1 -2
18879 -1 -2
10307 -1 -2
12807 -1 -2
12487 -1 -2
10295 -1 10307 -1 -2
33449 -1 33469 -1 -2
10291 -1 10299 -1 12687 -1 12691 -1 -2
10311 -1 12483 -1 12487 -1 12571 -1 12575 -1 12875 -1 32213 -1 34893 -1 -2
12591 -1 12783 -1 35157 -1 -2
12715 -1 12723 -1 -2
10315 -1 -2
12531 -1 -2
12611 -1 -2
12823 -1 -2
33429 -1 -2
33469 -1 -2
10315 -1 12487 -1 12575 -1 12621 -1 12695 -1 12703 -1 32213 -1 33449 -1 34893 -1 -2
33449 -1 -2
33449 -1 33469 -1 -2
12895 -1 -2
10861 -1 10865 -1 -2
12715 -1 -2
12527 -1 12687 -1 -2
18831 -1 33449 -1 33469 -1 35149 -1 46289 -1 -2
12603 -1 12611 -1 12615 -1 12621 -1 12847 -1 -2
12451 -1 33469 -1 -2
12299 -1 -2
12751 -1 -2
10311 -1 12759 -1 12875 -1 18787 -1 -2
12523 -1 -2
12547 -1 12559 -1 12831 -1 -2
12615 -1 12755 -1 -2
12451 -1 33469 -1 -2
10295 -1 12679 -1 -2
12575 -1 -2
12679 -1 -2
18691 -1 -2
12463 -1 -2
12835 -1 -2
12603 -1 12611 -1 12779 -1 32209 -1 -2
12783 -1 -2
12483 -1 12587 -1 12779 -1 -2
18703 -1 -2
12479 -1 12483 -1 -2
33449 -1 -2
10315 -1 -2
12559 -1 12659 -1 -2
32213 -1 -2
12551 -1 -2
12595 -1 -2
10295 -1 12483 -1 12687 -1 12895 -1 32221 -1 33449 -1 33469 -1 -2
10295 -1 10311 -1 12403 -1 12483 -1 12715 -1 12731 -1 12771 -1 12855 -1 18459 -1 33433 -1 33449 -1 33469 -1 -2
33449 -1 -2
10857 -1 -2
35149 -1 35161 -1 -2
12735 -1 12895 -1 -2
10295 -1 10303 -1 10311 -1 12479 -1 12483 -1 12487 -1 12621 -1 12719 -1 12735 -1 12763 -1 12779 -1 32197 -1 32201 -1 32205 -1 -2
10319 -1 12367 -1 12371 -1 12415 -1 12427 -1 12479 -1 12843 -1 30295 -1 33429 -1 34885 -1 -2
10311 -1 10315 -1 12487 -1 12703 -1 32213 -1 -2
12843 -1 -2
10311 -1 12487 -1 12571 -1 12703 -1 32213 -1 -2
12755 -1 12771 -1 -2
12783 -1 12787 -1 12895 -1 18707 -1 35149 -1 35157 -1 35161 -1 -2
34901 -1 -2
12355 -1 12827 -1 12895 -1 -2
32213 -1 -2
10311 -1 12479 -1 12483 -1 12487 -1 12555 -1 12611 -1 12687 -1 12735 -1 12743 -1 12759 -1 12775 -1 12779 -1 12831 -1 -2
10303 -1 10315 -1 12611 -1 12679 -1 12715 -1 12779 -1 12831 -1 12843 -1 32201 -1 -2
12483 -1 -2
12759 -1 12779 -1 -2
12875 -1 -2
33469 -1 -2
10295 -1 33449 -1 -2
33449 -1 -2
12783 -1 -2
33437 -1 33441 -1 46281 -1 46289 -1 -2
12779 -1 -2
10295 -1 12483 -1 12855 -1 18483 -1 18795 -1 18799 -1 33449 -1 33469 -1 -2
10339 -1 -2
35149 -1 35161 -1 -2
33469 -1 -2
12787 -1 33469 -1 -2
33449 -1 -2
10311 -1 12691 -1 34917 -1 -2
10307 -1 -2
18547 -1 -2
10311 -1 34893 -1 -2
33433 -1 33469 -1 -2
33449 -1 -2
12367 -1 12419 -1 12427 -1 -2
33449 -1 -2
12487 -1 34893 -1 -2
12679 -1 12907 -1 -2
12367 -1 12395 -1 12427 -1 12431 -1 -2
12663 -1 12783 -1 -2
12483 -1 12487 -1 33469 -1 -2
12621 -1 -2
12743 -1 12763 -1 12779 -1 33425 -1 34885 -1 -2
34905 -1 -2
12627 -1 12775 -1 18619 -1 -2
10327 -1 10857 -1 12479 -1 12627 -1 12643 -1 12663 -1 12667 -1 12691 -1 12763 -1 12779 -1 12795 -1 12811 -1 12815 -1 12827 -1 12831 -1 12835 -1 12843 -1 12855 -1 12871 -1 12895 -1 12903 -1 30295 -1 32197 -1 32205 -1 33425 -1 33429 -1 33449 -1 34885 -1 34889 -1 34901 -1 34905 -1 -2
12621 -1 -2
10295 -1 10311 -1 10339 -1 12727 -1 12795 -1 12819 -1 12831 -1 18863 -1 32209 -1 -2
10311 -1 10315 -1 10319 -1 10339 -1 12487 -1 12703 -1 32205 -1 32213 -1 -2
10303 -1 12671 -1 12691 -1 12695 -1 12703 -1 12803 -1 12827 -1 12831 -1 12867 -1 12895 -1 32197 -1 32201 -1 32205 -1 32217 -1 33433 -1 33449 -1 33453 -1 33457 -1 33465 -1 33469 -1 46285 -1 -2
12755 -1 -2
12819 -1 -2
10315 -1 10339 -1 12479 -1 12483 -1 32205 -1 32213 -1 -2
12875 -1 -2
33449 -1 -2
33469 -1 -2
12595 -1 -2
12415 -1 -2
10311 -1 12487 -1 12571 -1 12703 -1 32201 -1 32213 -1 -2
12763 -1 12779 -1 -2
10311 -1 10315 -1 12479 -1 12487 -1 12575 -1 12831 -1 12895 -1 33449 -1 33453 -1 33469 -1 -2
10315 -1 12487 -1 12695 -1 -2
10861 -1 34901 -1 -2
12355 -1 -2
10295 -1 10311 -1 10315 -1 12571 -1 12575 -1 12703 -1 32205 -1 32213 -1 -2
33469 -1 -2
34885 -1 34897 -1 34925 -1 -2
10307 -1 -2
33449 -1 -2
12855 -1 -2
12875 -1 -2
33469 -1 -2
12663 -1 12783 -1 -2
10295 -1 10307 -1 12871 -1 -2
10307 -1 -2
35149 -1 35157 -1 35161 -1 35169 -1 -2
12483 -1 32213 -1 -2
10315 -1 10829 -1 10833 -1 12355 -1 12479 -1 12621 -1 12627 -1 12759 -1 12775 -1 12779 -1 12783 -1 12787 -1 12827 -1 12875 -1 12895 -1 32197 -1 32201 -1 32205 -1 32209 -1 32213 -1 32217 -1 32221 -1 33449 -1 33469 -1 -2
12483 -1 12487 -1 12621 -1 18831 -1 34893 -1 -2
18619 -1 -2
10299 -1 -2
10299 -1 10307 -1 12487 -1 32201 -1 33449 -1 -2
12331 -1 -2
10829 -1 10849 -1 10853 -1 10857 -1 34913 -1 -2
32213 -1 -2
10295 -1 12463 -1 12795 -1 -2
12819 -1 -2
12487 -1 12647 -1 32209 -1 -2
10295 -1 10299 -1 10307 -1 12621 -1 12627 -1 12679 -1 12691 -1 12695 -1 12783 -1 12815 -1 12827 -1 12843 -1 12855 -1 12871 -1 12895 -1 12903 -1 33425 -1 33429 -1 33469 -1 34885 -1 34897 -1 34905 -1 -2
18695 -1 32205 -1 33449 -1 -2
34921 -1 34925 -1 -2
33449 -1 -2
12483 -1 12487 -1 12695 -1 12815 -1 -2
12771 -1 -2
10295 -1 10315 -1 -2
10299 -1 12831 -1 12855 -1 46281 -1 -2
12621 -1 12783 -1 -2
33433 -1 33469 -1 -2
33469 -1 -2
12807 -1 33441 -1 33449 -1 -2
12611 -1 12747 -1 12755 -1 12771 -1 -2
12827 -1 12891 -1 18691 -1 -2
12655 -1 12735 -1 12739 -1 12759 -1 12763 -1 12779 -1 12823 -1 12843 -1 33425 -1 -2
10315 -1 -2
10857 -1 12663 -1 -2
10311 -1 12483 -1 12487 -1 12571 -1 12575 -1 12607 -1 12703 -1 12875 -1 32205 -1 32213 -1 34893 -1 -2
33433 -1 33469 -1 -2
10303 -1 10857 -1 10861 -1 10865 -1 12759 -1 12763 -1 32209 -1 -2
10315 -1 12771 -1 33449 -1 -2
12679 -1 -2
10307 -1 12487 -1 12491 -1 -2
12355 -1 -2
12751 -1 18603 -1 18787 -1 18831 -1 18847 -1 -2
12571 -1 12575 -1 -2
12827 -1 18787 -1 32213 -1 -2
12907 -1 -2
10303 -1 10857 -1 10861 -1 12483 -1 12487 -1 12621 -1 12743 -1 12751 -1 12763 -1 12787 -1 32201 -1 32205 -1 -2
12487 -1 12575 -1 12703 -1 32213 -1 34893 -1 -2
10311 -1 12703 -1 12875 -1 32213 -1 34893 -1 -2
12727 -1 -2
12431 -1 12443 -1 12559 -1 -2
10829 -1 10849 -1 10861 -1 12335 -1 12347 -1 12355 -1 12403 -1 12411 -1 12447 -1 12451 -1 12551 -1 34925 -1 34929 -1 -2
33437 -1 33449 -1 33469 -1 46281 -1 46289 -1 -2
10307 -1 -2
12723 -1 -2
12779 -1 12787 -1 -2
12571 -1 12575 -1 -2
12895 -1 12903 -1 -2
33469 -1 -2
12523 -1 12527 -1 12631 -1 12695 -1 12819 -1 34889 -1 -2
10861 -1 10865 -1 12763 -1 12779 -1 -2
12875 -1 -2
12483 -1 12487 -1 32213 -1 -2
18487 -1 18587 -1 -2
12755 -1 12771 -1 -2
33429 -1 -2
12687 -1 12795 -1 12803 -1 33433 -1 33449 -1 34901 -1 -2
12679 -1 12895 -1 -2
10311 -1 10315 -1 -2
12755 -1 -2
33449 -1 33453 -1 -2
10315 -1 10339 -1 12483 -1 12575 -1 12603 -1 12621 -1 12747 -1 12755 -1 12875 -1 18787 -1 18871 -1 32213 -1 -2
10311 -1 12483 -1 12487 -1 12703 -1 32205 -1 32213 -1 -2
33449 -1 -2
12547 -1 -2
12867 -1 -2
33469 -1 -2
12487 -1 -2
12687 -1 12691 -1 12703 -1 33433 -1 33449 -1 33469 -1 -2
12723 -1 -2
33469 -1 -2
33433 -1 33449 -1 33469 -1 -2
12723 -1 12727 -1 18551 -1 18691 -1 -2
12591 -1 -2
12687 -1 -2
33469 -1 -2
12655 -1 12803 -1 12823 -1 12907 -1 -2
12751 -1 -2
12679 -1 12895 -1 -2
12895 -1 -2
12571 -1 -2
12815 -1 12895 -1 -2
12579 -1 -2
10295 -1 12895 -1 -2
33449 -1 -2
10299 -1 10307 -1 10315 -1 12611 -1 12621 -1 18787 -1 -2
33449 -1 -2
12431 -1 12663 -1 12679 -1 35165 -1 -2
10307 -1 10311 -1 -2
10315 -1 -2
10307 -1 10311 -1 10315 -1 12479 -1 12483 -1 12487 -1 12495 -1 12827 -1 12875 -1 -2
10307 -1 -2
10295 -1 10299 -1 10307 -1 10311 -1 12463 -1 12479 -1 12487 -1 12815 -1 12827 -1 12875 -1 12895 -1 33469 -1 -2
12771 -1 12843 -1 -2
33449 -1 -2
10307 -1 12635 -1 12691 -1 12759 -1 12823 -1 32197 -1 32205 -1 32209 -1 -2
12835 -1 -2
10295 -1 10315 -1 33469 -1 -2
10877 -1 -2
12775 -1 -2
12479 -1 12755 -1 12771 -1 -2
10307 -1 -2
12763 -1 -2
12611 -1 32209 -1 -2
33433 -1 33469 -1 -2
12671 -1 -2
10307 -1 12611 -1 12771 -1 -2
33469 -1 -2
10307 -1 -2
33449 -1 -2
10291 -1 12627 -1 12671 -1 12779 -1 33425 -1 -2
12695 -1 -2
10307 -1 -2
12483 -1 -2
33469 -1 -2
12727 -1 -2
12823 -1 12867 -1 -2
35169 -1 -2
10311 -1 12483 -1 12487 -1 12571 -1 12575 -1 12703 -1 18839 -1 30299 -1 30303 -1 30311 -1 32209 -1 32213 -1 34885 -1 34893 -1 34897 -1 -2
33433 -1 33449 -1 33453 -1 33465 -1 33469 -1 -2
18879 -1 -2
33449 -1 33469 -1 -2
32201 -1 32205 -1 32213 -1 -2
33469 -1 -2
12895 -1 -2
18787 -1 -2
12627 -1 12631 -1 33449 -1 33453 -1 33469 -1 34885 -1 34889 -1 34893 -1 34897 -1 34901 -1 34905 -1 34921 -1 35161 -1 -2
12603 -1 12747 -1 12751 -1 -2
10295 -1 10315 -1 12775 -1 33433 -1 33449 -1 33469 -1 -2
33449 -1 -2
12463 -1 33449 -1 33453 -1 33469 -1 -2
12663 -1 -2
12835 -1 -2
12371 -1 -2
34893 -1 -2
10295 -1 -2
12403 -1 12407 -1 12411 -1 12419 -1 12447 -1 12451 -1 18487 -1 -2
12895 -1 -2
12779 -1 -2
10303 -1 10861 -1 12621 -1 -2
10307 -1 -2
10315 -1 -2
33469 -1 -2
33449 -1 33453 -1 33469 -1 -2
10315 -1 12483 -1 12875 -1 -2
12407 -1 35185 -1 -2
12611 -1 12755 -1 -2
33469 -1 -2
12895 -1 -2
12783 -1 -2
10307 -1 12523 -1 12611 -1 12615 -1 12621 -1 12695 -1 12739 -1 12743 -1 12755 -1 12759 -1 12767 -1 12771 -1 12779 -1 12895 -1 33441 -1 -2
32201 -1 -2
10295 -1 10307 -1 10311 -1 10315 -1 -2
33429 -1 34885 -1 34893 -1 34897 -1 -2
10299 -1 12459 -1 12687 -1 12843 -1 12847 -1 12855 -1 34885 -1 -2
12851 -1 -2
12879 -1 32213 -1 -2
12779 -1 12783 -1 -2
33449 -1 -2
12691 -1 -2
12531 -1 -2
10295 -1 10311 -1 10315 -1 -2
33449 -1 -2
10865 -1 12483 -1 -2
12523 -1 -2
12487 -1 -2
12343 -1 -2
35157 -1 35169 -1 -2
10315 -1 10339 -1 -2
33449 -1 -2
12491 -1 -2
10295 -1 10299 -1 10307 -1 10311 -1 12355 -1 12621 -1 12775 -1 12827 -1 12891 -1 12895 -1 -2
10295 -1 10339 -1 10861 -1 12591 -1 12691 -1 12703 -1 12775 -1 12779 -1 12851 -1 12895 -1 18571 -1 32201 -1 33449 -1 33469 -1 -2
12695 -1 -2
10833 -1 12659 -1 12675 -1 12883 -1 18547 -1 18551 -1 18671 -1 30291 -1 -2
33469 -1 -2
10295 -1 10311 -1 10315 -1 12463 -1 12487 -1 12527 -1 12655 -1 12679 -1 12683 -1 12895 -1 33449 -1 33469 -1 -2
12695 -1 32213 -1 -2
12867 -1 -2
10311 -1 12743 -1 12875 -1 32205 -1 34893 -1 -2
12343 -1 33449 -1 33469 -1 -2
10865 -1 12339 -1 12371 -1 12411 -1 -2
12715 -1 12723 -1 -2
12559 -1 35201 -1 35205 -1 35209 -1 -2
12351 -1 12355 -1 12563 -1 12583 -1 12595 -1 35153 -1 35161 -1 35165 -1 35169 -1 35173 -1 -2
12395 -1 12399 -1 -2
12467 -1 -2
35149 -1 -2
10295 -1 10307 -1 10311 -1 33453 -1 46289 -1 -2
12419 -1 12907 -1 -2
10295 -1 10299 -1 10307 -1 10857 -1 12739 -1 12743 -1 12763 -1 12827 -1 12895 -1 18707 -1 18727 -1 34885 -1 -2
12879 -1 18627 -1 -2
12643 -1 -2
10311 -1 -2
12627 -1 -2
10295 -1 12627 -1 -2
12851 -1 33449 -1 -2
18735 -1 -2
10311 -1 12479 -1 12483 -1 12487 -1 18635 -1 -2
12831 -1 -2
34885 -1 34893 -1 34901 -1 -2
18727 -1 18735 -1 27385 -1 -2
33433 -1 33449 -1 -2
33433 -1 33449 -1 33469 -1 -2
12771 -1 12815 -1 12831 -1 12895 -1 18587 -1 -2
12895 -1 -2
12399 -1 12411 -1 -2
12607 -1 -2
33433 -1 33453 -1 -2
33449 -1 -2
33469 -1 -2
10315 -1 -2
12415 -1 -2
12621 -1 12751 -1 33465 -1 -2
12659 -1 -2
32205 -1 -2
33449 -1 33469 -1 -2
12907 -1 -2
12875 -1 -2
12531 -1 12663 -1 -2
10311 -1 12771 -1 -2
12683 -1 33437 -1 33445 -1 -2
12487 -1 -2
10295 -1 10307 -1 12571 -1 12755 -1 -2
12527 -1 33469 -1 -2
33469 -1 -2
12621 -1 -2
12679 -1 -2
12487 -1 12763 -1 -2
12411 -1 12447 -1 12451 -1 -2
12691 -1 -2
10311 -1 32213 -1 -2
12867 -1 -2
12655 -1 -2
18547 -1 33433 -1 33453 -1 -2
12621 -1 12783 -1 18619 -1 -2
12867 -1 -2
10311 -1 12483 -1 12571 -1 -2
12703 -1 -2
12703 -1 -2
12663 -1 12667 -1 18447 -1 18619 -1 -2
12687 -1 -2
10315 -1 -2
12879 -1 -2
12559 -1 12663 -1 -2
33469 -1 -2
12851 -1 -2
10295 -1 10311 -1 -2
10311 -1 12695 -1 12703 -1 12815 -1 12827 -1 12895 -1 32197 -1 32209 -1 32213 -1 -2
10315 -1 12603 -1 12611 -1 12621 -1 -2
12659 -1 -2
12679 -1 -2
18831 -1 -2
12723 -1 12779 -1 34893 -1 -2
18691 -1 18831 -1 -2
12547 -1 12559 -1 12563 -1 12587 -1 12591 -1 35157 -1 35165 -1 35169 -1 -2
12663 -1 12667 -1 12671 -1 12739 -1 12747 -1 12751 -1 12755 -1 12759 -1 12771 -1 12779 -1 12835 -1 12839 -1 12843 -1 -2
12621 -1 12627 -1 -2
10307 -1 -2
10311 -1 12355 -1 12487 -1 12679 -1 12695 -1 12703 -1 33425 -1 33429 -1 33449 -1 33469 -1 34885 -1 34893 -1 34897 -1 -2
12867 -1 -2
33449 -1 -2
12835 -1 -2
20807 -1 -2
12575 -1 -2
12879 -1 -2
33433 -1 33453 -1 -2
12491 -1 12695 -1 -2
10315 -1 33449 -1 -2
33449 -1 33469 -1 -2
12807 -1 12895 -1 -2
12621 -1 -2
34885 -1 34893 -1 -2
34925 -1 -2
10857 -1 10861 -1 10865 -1 -2
12403 -1 -2
10295 -1 10315 -1 33433 -1 33449 -1 33469 -1 -2
10315 -1 12703 -1 32201 -1 33429 -1 33449 -1 -2
12751 -1 12815 -1 12895 -1 -2
10857 -1 12735 -1 32197 -1 -2
10299 -1 12851 -1 18619 -1 -2
12483 -1 12487 -1 12875 -1 -2
34893 -1 35153 -1 35161 -1 -2
12831 -1 12875 -1 -2
33469 -1 -2
12807 -1 33449 -1 33469 -1 35149 -1 -2
10315 -1 -2
12447 -1 12467 -1 18871 -1 -2
12795 -1 12819 -1 -2
10861 -1 -2
12819 -1 -2
12795 -1 12819 -1 -2
12815 -1 12895 -1 -2
10307 -1 -2
10833 -1 10877 -1 12621 -1 12767 -1 18691 -1 18707 -1 18743 -1 18787 -1 18879 -1 -2
12783 -1 -2
12495 -1 -2
33465 -1 33469 -1 -2
33469 -1 -2
10295 -1 -2
10307 -1 12663 -1 12679 -1 12751 -1 12895 -1 -2
34889 -1 -2
33469 -1 -2
33449 -1 -2
10307 -1 -2
18795 -1 -2
33449 -1 -2
10315 -1 -2
33457 -1 -2
12583 -1 35153 -1 35157 -1 35161 -1 35169 -1 -2
12819 -1 -2
12867 -1 -2
33433 -1 33453 -1 33465 -1 46289 -1 -2
33449 -1 -2
35149 -1 35153 -1 35161 -1 35165 -1 35169 -1 35173 -1 35177 -1 -2
33453 -1 33469 -1 -2
12747 -1 12751 -1 -2
12663 -1 -2
33469 -1 -2
12795 -1 -2
12621 -1 -2
34889 -1 -2
10307 -1 12895 -1 33449 -1 46281 -1 -2
12547 -1 18787 -1 34909 -1 34929 -1 -2
10829 -1 10837 -1 10849 -1 10853 -1 10857 -1 10861 -1 10869 -1 10877 -1 12347 -1 12355 -1 12471 -1 12483 -1 12491 -1 12547 -1 12551 -1 12555 -1 12559 -1 12643 -1 12659 -1 32201 -1 32205 -1 32213 -1 32221 -1 33449 -1 33469 -1 35157 -1 35169 -1 -2
12807 -1 33437 -1 33469 -1 -2
12615 -1 -2
12731 -1 -2
12675 -1 12835 -1 12847 -1 18619 -1 -2
33425 -1 33449 -1 -2
12627 -1 12691 -1 12827 -1 12871 -1 34889 -1 -2
10295 -1 10307 -1 10315 -1 12647 -1 33425 -1 33429 -1 33437 -1 33441 -1 33469 -1 34885 -1 34897 -1 34905 -1 46289 -1 -2
18547 -1 -2
33469 -1 -2
10307 -1 34885 -1 -2
12751 -1 -2
10311 -1 12621 -1 -2
35181 -1 -2
10315 -1 12339 -1 -2
12575 -1 34893 -1 -2
10315 -1 -2
12579 -1 35165 -1 -2
12867 -1 -2
12603 -1 12631 -1 -2
12815 -1 -2
12807 -1 -2
12807 -1 12819 -1 12907 -1 34885 -1 34905 -1 -2
10315 -1 12483 -1 12487 -1 12695 -1 12703 -1 12827 -1 12875 -1 32201 -1 32205 -1 32213 -1 -2
12807 -1 -2
12819 -1 -2
12411 -1 12515 -1 -2
33469 -1 -2
12783 -1 -2
12355 -1 -2
10311 -1 12483 -1 12487 -1 12571 -1 12575 -1 12703 -1 12875 -1 32205 -1 32213 -1 34893 -1 -2
12859 -1 12883 -1 34925 -1 -2
33449 -1 33469 -1 -2
12615 -1 -2
12695 -1 12751 -1 -2
18863 -1 -2
12603 -1 -2
10865 -1 -2
12807 -1 35149 -1 -2
10315 -1 10339 -1 30295 -1 -2
18447 -1 -2
32209 -1 -2
12355 -1 12431 -1 -2
33449 -1 -2
12867 -1 -2
10307 -1 12691 -1 12843 -1 18547 -1 32213 -1 33429 -1 34885 -1 34893 -1 -2
12663 -1 -2
18787 -1 -2
10311 -1 12399 -1 12403 -1 12447 -1 12451 -1 12567 -1 18723 -1 18871 -1 33449 -1 -2
12879 -1 -2
12607 -1 -2
12635 -1 34921 -1 -2
12867 -1 -2
12355 -1 -2
12355 -1 -2
12695 -1 -2
33469 -1 -2
10315 -1 34885 -1 34897 -1 -2
12679 -1 -2
12895 -1 -2
12463 -1 12823 -1 12851 -1 12855 -1 -2
33433 -1 33469 -1 -2
10315 -1 12523 -1 12531 -1 12679 -1 12895 -1 33449 -1 33469 -1 -2
10295 -1 10315 -1 33449 -1 -2
12879 -1 -2
10307 -1 -2
33469 -1 -2
12511 -1 12607 -1 12621 -1 12691 -1 12739 -1 32205 -1 34893 -1 -2
33469 -1 -2
10857 -1 12687 -1 12703 -1 46281 -1 -2
12451 -1 18487 -1 -2
12491 -1 12687 -1 12847 -1 -2
12559 -1 -2
12803 -1 12867 -1 33453 -1 -2
12847 -1 -2
12627 -1 12843 -1 12855 -1 12879 -1 34885 -1 -2
20807 -1 -2
18547 -1 18627 -1 18855 -1 -2
12571 -1 12875 -1 -2
12895 -1 34893 -1 -2
10343 -1 12335 -1 12343 -1 12347 -1 12351 -1 12355 -1 12359 -1 12363 -1 12431 -1 12547 -1 12551 -1 12555 -1 12559 -1 12567 -1 12571 -1 12575 -1 12579 -1 34921 -1 34925 -1 -2
10307 -1 32205 -1 33449 -1 -2
12647 -1 12655 -1 -2
33449 -1 34897 -1 -2
33429 -1 -2
34897 -1 -2
12891 -1 -2
12783 -1 -2
12355 -1 12559 -1 33449 -1 34913 -1 -2
33449 -1 -2
12763 -1 12867 -1 -2
10315 -1 12583 -1 12591 -1 12691 -1 12831 -1 35161 -1 -2
12591 -1 12595 -1 -2
12475 -1 18443 -1 18875 -1 -2
34917 -1 34921 -1 34929 -1 -2
12663 -1 32217 -1 -2
33433 -1 33469 -1 -2
20807 -1 -2
34905 -1 34913 -1 34921 -1 -2
33449 -1 33453 -1 33469 -1 -2
12831 -1 -2
12747 -1 -2
12621 -1 -2
12487 -1 -2
12867 -1 -2
33449 -1 -2
12447 -1 33449 -1 33469 -1 -2
33445 -1 -2
33449 -1 -2
12703 -1 -2
34885 -1 34889 -1 34893 -1 34901 -1 -2
12895 -1 18499 -1 -2
35181 -1 -2
12515 -1 12519 -1 12811 -1 12891 -1 -2
10849 -1 10857 -1 12475 -1 32205 -1 -2
33449 -1 -2
12611 -1 12771 -1 -2
18787 -1 -2
34885 -1 -2
10295 -1 -2
34889 -1 -2
33433 -1 33469 -1 -2
12603 -1 12621 -1 -2
12603 -1 12611 -1 12627 -1 12631 -1 -2
33449 -1 -2
18599 -1 18855 -1 34885 -1 -2
12367 -1 12403 -1 -2
12355 -1 12483 -1 -2
12691 -1 -2
10295 -1 10315 -1 -2
18695 -1 -2
18831 -1 18863 -1 -2
10315 -1 33429 -1 33437 -1 33449 -1 -2
10307 -1 -2
12427 -1 -2
10841 -1 -2
12783 -1 12787 -1 -2
12621 -1 33449 -1 -2
12611 -1 12621 -1 -2
12559 -1 -2
12621 -1 -2
12559 -1 -2
12343 -1 -2
12815 -1 -2
12731 -1 -2
12731 -1 -2
18587 -1 -2
18699 -1 -2
12663 -1 -2
18871 -1 35193 -1 -2
10869 -1 10877 -1 12559 -1 33449 -1 33469 -1 35165 -1 -2
10299 -1 10307 -1 10311 -1 35149 -1 35157 -1 35177 -1 35181 -1 35185 -1 -2
12567 -1 -2
10841 -1 12355 -1 12627 -1 12855 -1 12895 -1 12903 -1 34885 -1 34893 -1 -2
12691 -1 -2
12411 -1 -2
12411 -1 -2
33469 -1 34889 -1 34901 -1 -2
12559 -1 -2
10291 -1 -2
12299 -1 12419 -1 -2
10295 -1 10299 -1 -2
34897 -1 -2
12655 -1 -2
33469 -1 -2
18691 -1 18695 -1 -2
18723 -1 18787 -1 32209 -1 -2
12775 -1 35149 -1 -2
33449 -1 -2
12507 -1 -2
10311 -1 10315 -1 12483 -1 12775 -1 12827 -1 12895 -1 33449 -1 -2
35169 -1 -2
33457 -1 -2
12403 -1 12407 -1 -2
12839 -1 12867 -1 -2
10865 -1 12339 -1 -2
34905 -1 -2
12459 -1 12463 -1 12491 -1 -2
10861 -1 12603 -1 12611 -1 12621 -1 -2
12867 -1 -2
12831 -1 33433 -1 33449 -1 33453 -1 33457 -1 33465 -1 33469 -1 46281 -1 46285 -1 46289 -1 46293 -1 -2
10833 -1 10849 -1 10853 -1 12339 -1 12479 -1 12551 -1 12631 -1 12635 -1 12691 -1 12735 -1 12747 -1 12775 -1 12783 -1 12843 -1 12855 -1 33449 -1 34885 -1 34897 -1 46281 -1 46285 -1 46293 -1 -2
12355 -1 12621 -1 34925 -1 -2
18787 -1 -2
12415 -1 -2
12583 -1 35153 -1 -2
18695 -1 -2
33449 -1 33469 -1 46281 -1 46285 -1 -2
12367 -1 12371 -1 12399 -1 12415 -1 -2
33449 -1 -2
18603 -1 -2
12555 -1 -2
12895 -1 33449 -1 -2
33449 -1 -2
10315 -1 12683 -1 12763 -1 18703 -1 -2
12627 -1 -2
12903 -1 -2
10865 -1 12339 -1 -2
34889 -1 34901 -1 -2
12679 -1 12683 -1 -2
33469 -1 -2
10315 -1 -2
12879 -1 -2
10295 -1 10307 -1 12759 -1 12775 -1 18855 -1 -2
10857 -1 -2
12663 -1 -2
12403 -1 12727 -1 34909 -1 35177 -1 -2
10315 -1 -2
12503 -1 -2
33469 -1 -2
10865 -1 12339 -1 12367 -1 12451 -1 -2
10857 -1 10865 -1 10877 -1 12743 -1 12763 -1 12871 -1 12895 -1 -2
35149 -1 -2
12299 -1 -2
12895 -1 -2
10311 -1 12703 -1 32213 -1 34893 -1 -2
33437 -1 -2
18691 -1 -2
12895 -1 -2
12679 -1 -2
12343 -1 34921 -1 -2
10865 -1 18423 -1 -2
12895 -1 -2
34925 -1 -2
35149 -1 -2
18707 -1 -2
10299 -1 12459 -1 12667 -1 12671 -1 12835 -1 -2
33469 -1 -2
33449 -1 33469 -1 -2
33449 -1 -2
10865 -1 12339 -1 -2
33449 -1 -2
12763 -1 -2
12783 -1 -2
18707 -1 -2
12827 -1 12895 -1 -2
12479 -1 12483 -1 12487 -1 32201 -1 32205 -1 32213 -1 32221 -1 35153 -1 -2
10307 -1 10877 -1 12355 -1 12431 -1 12559 -1 12621 -1 12663 -1 12675 -1 12679 -1 12775 -1 12783 -1 12787 -1 12835 -1 12847 -1 12895 -1 18427 -1 18447 -1 18547 -1 18619 -1 18707 -1 18863 -1 -2
35149 -1 35157 -1 35173 -1 -2
12907 -1 -2
10865 -1 12339 -1 -2
12627 -1 33449 -1 34885 -1 -2
12663 -1 12691 -1 12703 -1 32213 -1 -2
18427 -1 18863 -1 -2
12687 -1 -2
10841 -1 -2
12679 -1 12683 -1 12703 -1 33469 -1 -2
12559 -1 -2
12487 -1 -2
12527 -1 -2
33449 -1 -2
12467 -1 12735 -1 12763 -1 33449 -1 -2
18795 -1 -2
34897 -1 -2
33437 -1 -2
12751 -1 -2
33433 -1 33449 -1 -2
12655 -1 -2
33457 -1 34901 -1 -2
12387 -1 35185 -1 -2
12621 -1 12747 -1 -2
33457 -1 -2
10307 -1 -2
12483 -1 12487 -1 12571 -1 12575 -1 34893 -1 -2
10315 -1 12759 -1 30295 -1 -2
10295 -1 12487 -1 12491 -1 -2
33449 -1 33453 -1 33469 -1 -2
33469 -1 -2
12895 -1 -2
35149 -1 35157 -1 35169 -1 -2
10295 -1 10307 -1 -2
12483 -1 12487 -1 12831 -1 -2
34921 -1 34929 -1 -2
10307 -1 -2
12771 -1 -2
20807 -1 -2
33449 -1 33469 -1 -2
10315 -1 12787 -1 -2
12751 -1 -2
35169 -1 -2
18619 -1 -2
12399 -1 -2
33433 -1 33449 -1 -2
10307 -1 10311 -1 10315 -1 10339 -1 12571 -1 -2
12427 -1 -2
12355 -1 -2
12847 -1 -2
33433 -1 33449 -1 33453 -1 33469 -1 46281 -1 -2
10307 -1 33449 -1 -2
10311 -1 12627 -1 32205 -1 -2
33449 -1 -2
12403 -1 -2
12615 -1 -2
12299 -1 -2
33433 -1 -2
12863 -1 -2
33449 -1 -2
10295 -1 -2
32201 -1 32205 -1 32209 -1 32217 -1 32221 -1 33433 -1 33449 -1 -2
33437 -1 33449 -1 -2
10311 -1 10829 -1 10833 -1 10849 -1 12355 -1 34893 -1 34925 -1 34929 -1 -2
12703 -1 -2
12807 -1 -2
33453 -1 33469 -1 -2
12419 -1 35157 -1 35169 -1 -2
18427 -1 -2
33449 -1 -2
12895 -1 -2
10833 -1 12783 -1 34925 -1 -2
12679 -1 12683 -1 12695 -1 33449 -1 -2
32201 -1 32213 -1 -2
12871 -1 -2
10311 -1 10315 -1 -2
12823 -1 -2
33469 -1 -2
33449 -1 -2
18795 -1 18799 -1 -2
10311 -1 10315 -1 12775 -1 12783 -1 -2
33449 -1 -2
12827 -1 33449 -1 -2
12867 -1 -2
10311 -1 10339 -1 12587 -1 12591 -1 12595 -1 12783 -1 34925 -1 -2
10295 -1 12431 -1 12463 -1 12483 -1 12487 -1 12855 -1 33449 -1 33469 -1 -2
12863 -1 12867 -1 -2
18459 -1 18619 -1 18767 -1 18855 -1 -2
12783 -1 -2
12727 -1 12779 -1 12783 -1 18599 -1 -2
33429 -1 -2
33469 -1 -2
10865 -1 -2
12895 -1 -2
32213 -1 33469 -1 -2
46281 -1 -2
10311 -1 12487 -1 12875 -1 -2
12899 -1 -2
12655 -1 -2
18727 -1 -2
12663 -1 -2
10307 -1 -2
18727 -1 -2
18627 -1 18683 -1 18787 -1 -2
12483 -1 12487 -1 32213 -1 -2
12355 -1 -2
10315 -1 -2
12483 -1 12487 -1 -2
10299 -1 -2
34889 -1 34905 -1 -2
12747 -1 12751 -1 12775 -1 -2
10857 -1 12621 -1 -2
18743 -1 -2
12621 -1 12747 -1 12783 -1 -2
33449 -1 33469 -1 -2
33469 -1 -2
10295 -1 10307 -1 10315 -1 12621 -1 12815 -1 12875 -1 12895 -1 18691 -1 -2
12483 -1 12487 -1 33469 -1 -2
12403 -1 12439 -1 -2
10295 -1 10315 -1 10849 -1 12331 -1 12351 -1 12463 -1 12479 -1 12511 -1 12555 -1 12567 -1 12611 -1 12615 -1 12691 -1 12755 -1 12767 -1 12771 -1 12795 -1 12807 -1 12819 -1 12875 -1 12895 -1 18423 -1 18439 -1 18527 -1 18547 -1 18595 -1 18691 -1 18703 -1 18707 -1 18711 -1 18715 -1 18719 -1 18723 -1 18727 -1 18731 -1 18735 -1 18787 -1 18831 -1 18847 -1 18855 -1 27385 -1 27389 -1 33469 -1 35149 -1 -2
12875 -1 -2
12671 -1 -2
12483 -1 12663 -1 12679 -1 18635 -1 30311 -1 -2
35165 -1 35169 -1 -2
33469 -1 -2
12683 -1 -2
12355 -1 -2
33449 -1 -2
12819 -1 -2
12299 -1 12339 -1 12343 -1 12347 -1 12355 -1 12367 -1 12371 -1 12375 -1 12395 -1 12399 -1 12403 -1 12407 -1 12411 -1 12415 -1 12419 -1 12435 -1 12439 -1 12443 -1 12447 -1 12451 -1 12603 -1 12607 -1 12611 -1 12615 -1 12621 -1 12627 -1 12631 -1 12643 -1 12647 -1 12651 -1 12659 -1 12663 -1 12667 -1 12671 -1 12683 -1 12711 -1 12715 -1 12719 -1 12723 -1 12727 -1 12731 -1 12735 -1 12739 -1 12743 -1 12747 -1 12751 -1 12755 -1 12759 -1 12763 -1 12767 -1 12771 -1 12779 -1 12783 -1 12807 -1 18459 -1 18507 -1 18511 -1 18515 -1 18519 -1 18523 -1 18527 -1 18543 -1 18547 -1 18551 -1 18567 -1 18619 -1 18639 -1 18703 -1 18707 -1 18715 -1 18727 -1 18731 -1 18767 -1 18799 -1 18855 -1 34885 -1 34889 -1 34901 -1 35149 -1 35153 -1 35161 -1 35165 -1 35177 -1 35181 -1 35201 -1 -2
12795 -1 12859 -1 12863 -1 12887 -1 -2
12655 -1 34905 -1 -2
10291 -1 10295 -1 10299 -1 10303 -1 10307 -1 10311 -1 10315 -1 10319 -1 10327 -1 10331 -1 10335 -1 10339 -1 10343 -1 10829 -1 10837 -1 10849 -1 10853 -1 10857 -1 10861 -1 10865 -1 10873 -1 12299 -1 12343 -1 12347 -1 12351 -1 12355 -1 12363 -1 12367 -1 12371 -1 12375 -1 12395 -1 12399 -1 12403 -1 12407 -1 12411 -1 12415 -1 12419 -1 12423 -1 12427 -1 12431 -1 12435 -1 12439 -1 12443 -1 12447 -1 12451 -1 12459 -1 12463 -1 12467 -1 12471 -1 12475 -1 12479 -1 12483 -1 12487 -1 12491 -1 12495 -1 12523 -1 12527 -1 12531 -1 12547 -1 12551 -1 12555 -1 12559 -1 12563 -1 12567 -1 12571 -1 12575 -1 12579 -1 12583 -1 12587 -1 12591 -1 12595 -1 12603 -1 12607 -1 12611 -1 12615 -1 12621 -1 12627 -1 12631 -1 12635 -1 12643 -1 12647 -1 12651 -1 12659 -1 12663 -1 12667 -1 12671 -1 12679 -1 12683 -1 12687 -1 12691 -1 12695 -1 12703 -1 12711 -1 12715 -1 12719 -1 12723 -1 12727 -1 12731 -1 12735 -1 12739 -1 12743 -1 12747 -1 12751 -1 12755 -1 12759 -1 12763 -1 12767 -1 12771 -1 12775 -1 12779 -1 12783 -1 12787 -1 12795 -1 12799 -1 12803 -1 12807 -1 12811 -1 12815 -1 12819 -1 12823 -1 12827 -1 12831 -1 12835 -1 12839 -1 12843 -1 12847 -1 12851 -1 12855 -1 12859 -1 12863 -1 12867 -1 12871 -1 12875 -1 12879 -1 12883 -1 12887 -1 12891 -1 12895 -1 12899 -1 12903 -1 12907 -1 18423 -1 18439 -1 18443 -1 18487 -1 18491 -1 18499 -1 18507 -1 18523 -1 18551 -1 18559 -1 18563 -1 18575 -1 18583 -1 18587 -1 18595 -1 18599 -1 18611 -1 18619 -1 18627 -1 18663 -1 18675 -1 18695 -1 18707 -1 18727 -1 18735 -1 18775 -1 18787 -1 18863 -1 18875 -1 18879 -1 20807 -1 32197 -1 32201 -1 32205 -1 32209 -1 32213 -1 32217 -1 32221 -1 33425 -1 33429 -1 33433 -1 33437 -1 33441 -1 33445 -1 33449 -1 33453 -1 33457 -1 33465 -1 33469 -1 34885 -1 34889 -1 34893 -1 34897 -1 34901 -1 34905 -1 34909 -1 34913 -1 34917 -1 34921 -1 34925 -1 34929 -1 35149 -1 35153 -1 35157 -1 35161 -1 35165 -1 35169 -1 35173 -1 35177 -1 35181 -1 35185 -1 35189 -1 35193 -1 35197 -1 35201 -1 35205 -1 35209 -1 46281 -1 46285 -1 46289 -1 46293 -1 -2
12835 -1 -2
10291 -1 10295 -1 10299 -1 10303 -1 10307 -1 10311 -1 10315 -1 10319 -1 10327 -1 10331 -1 10335 -1 10339 -1 10343 -1 10829 -1 10833 -1 10837 -1 10841 -1 10845 -1 10849 -1 10853 -1 10857 -1 10861 -1 10865 -1 10869 -1 10877 -1 10881 -1 12323 -1 12327 -1 12331 -1 12335 -1 12339 -1 12343 -1 12347 -1 12351 -1 12355 -1 12359 -1 12367 -1 12371 -1 12375 -1 12395 -1 12399 -1 12403 -1 12415 -1 12419 -1 12423 -1 12427 -1 12431 -1 12435 -1 12439 -1 12443 -1 12471 -1 12475 -1 12479 -1 12483 -1 12487 -1 12491 -1 12523 -1 12527 -1 12531 -1 12547 -1 12551 -1 12555 -1 12559 -1 12563 -1 12567 -1 12571 -1 12575 -1 12579 -1 12583 -1 12587 -1 12591 -1 12595 -1 12603 -1 12607 -1 12611 -1 12615 -1 12621 -1 12627 -1 12631 -1 12635 -1 12643 -1 12659 -1 12663 -1 12667 -1 12675 -1 12679 -1 12683 -1 12687 -1 12691 -1 12695 -1 12703 -1 12711 -1 12715 -1 12719 -1 12723 -1 12727 -1 12731 -1 12735 -1 12739 -1 12743 -1 12747 -1 12751 -1 12755 -1 12759 -1 12763 -1 12767 -1 12771 -1 12775 -1 12779 -1 12783 -1 12787 -1 12795 -1 12803 -1 12815 -1 12819 -1 12827 -1 12831 -1 12835 -1 12839 -1 12843 -1 12859 -1 12875 -1 12883 -1 12887 -1 12895 -1 12899 -1 12907 -1 18419 -1 18423 -1 18427 -1 18431 -1 18439 -1 18443 -1 18447 -1 18451 -1 18459 -1 18467 -1 18471 -1 18475 -1 18479 -1 18483 -1 18487 -1 18491 -1 18495 -1 18499 -1 18507 -1 18511 -1 18515 -1 18519 -1 18523 -1 18527 -1 18535 -1 18539 -1 18543 -1 18547 -1 18551 -1 18555 -1 18559 -1 18563 -1 18567 -1 18571 -1 18575 -1 18579 -1 18583 -1 18587 -1 18595 -1 18599 -1 18603 -1 18611 -1 18615 -1 18619 -1 18627 -1 18631 -1 18635 -1 18639 -1 18643 -1 18647 -1 18651 -1 18655 -1 18659 -1 18663 -1 18671 -1 18675 -1 18679 -1 18683 -1 18691 -1 18695 -1 18699 -1 18703 -1 18707 -1 18711 -1 18715 -1 18719 -1 18723 -1 18727 -1 18731 -1 18735 -1 18743 -1 18747 -1 18751 -1 18755 -1 18759 -1 18763 -1 18767 -1 18775 -1 18779 -1 18787 -1 18795 -1 18799 -1 18807 -1 18811 -1 18815 -1 18819 -1 18827 -1 18831 -1 18839 -1 18847 -1 18855 -1 18863 -1 18871 -1 18875 -1 18879 -1 18883 -1 20803 -1 20807 -1 27385 -1 27389 -1 32201 -1 32205 -1 32209 -1 32213 -1 32217 -1 32221 -1 33425 -1 33429 -1 33433 -1 33437 -1 33441 -1 33445 -1 33449 -1 33453 -1 33457 -1 33461 -1 33465 -1 33469 -1 34889 -1 34893 -1 34901 -1 34905 -1 34909 -1 34913 -1 34917 -1 34925 -1 35149 -1 35153 -1 35157 -1 35161 -1 35165 -1 35169 -1 35173 -1 35177 -1 35181 -1 35185 -1 46281 -1 46285 -1 46289 -1 46293 -1 -2
10307 -1 12487 -1 -2
10881 -1 12323 -1 12327 -1 12331 -1 12335 -1 12343 -1 12347 -1 12351 -1 12355 -1 12547 -1 12551 -1 12555 -1 12559 -1 12563 -1 12567 -1 12579 -1 12583 -1 12587 -1 12591 -1 12595 -1 34909 -1 34913 -1 34917 -1 34921 -1 34925 -1 34929 -1 35149 -1 35153 -1 35157 -1 35161 -1 35165 -1 35169 -1 35173 -1 35177 -1 35181 -1 -2
10295 -1 10299 -1 10307 -1 10311 -1 10315 -1 10829 -1 10833 -1 10849 -1 10853 -1 10857 -1 10861 -1 10869 -1 10877 -1 12327 -1 12331 -1 12335 -1 12339 -1 12343 -1 12347 -1 12351 -1 12355 -1 12359 -1 12363 -1 12367 -1 12387 -1 12395 -1 12399 -1 12403 -1 12407 -1 12411 -1 12427 -1 12435 -1 12459 -1 12467 -1 12479 -1 12483 -1 12487 -1 12495 -1 12503 -1 12511 -1 12515 -1 12519 -1 12523 -1 12527 -1 12531 -1 12535 -1 12539 -1 12547 -1 12551 -1 12555 -1 12567 -1 12571 -1 12575 -1 12579 -1 12583 -1 12603 -1 12607 -1 12611 -1 12621 -1 12627 -1 12631 -1 12647 -1 12655 -1 12663 -1 12667 -1 12671 -1 12683 -1 12687 -1 12691 -1 12695 -1 12703 -1 12723 -1 12727 -1 12731 -1 12747 -1 12751 -1 12755 -1 12759 -1 12771 -1 12775 -1 12779 -1 12783 -1 12787 -1 12795 -1 12815 -1 12819 -1 12827 -1 12831 -1 12843 -1 12875 -1 12895 -1 18423 -1 18427 -1 18431 -1 18443 -1 18447 -1 18451 -1 18459 -1 18467 -1 18471 -1 18475 -1 18479 -1 18483 -1 18487 -1 18491 -1 18495 -1 18499 -1 18507 -1 18523 -1 18539 -1 18543 -1 18547 -1 18551 -1 18555 -1 18559 -1 18563 -1 18567 -1 18595 -1 18599 -1 18603 -1 18611 -1 18615 -1 18619 -1 18627 -1 18631 -1 18635 -1 18639 -1 18643 -1 18659 -1 18671 -1 18675 -1 18679 -1 18683 -1 18691 -1 18707 -1 18711 -1 18715 -1 18719 -1 18723 -1 18727 -1 18731 -1 18751 -1 18763 -1 18767 -1 18787 -1 18799 -1 18811 -1 18815 -1 18819 -1 18827 -1 18831 -1 18847 -1 18855 -1 18863 -1 18871 -1 18875 -1 18879 -1 18883 -1 20807 -1 27385 -1 27389 -1 32201 -1 32205 -1 32209 -1 32213 -1 33429 -1 33433 -1 33437 -1 33441 -1 33445 -1 33449 -1 33453 -1 33461 -1 33465 -1 33469 -1 34885 -1 34889 -1 34897 -1 34901 -1 34905 -1 35149 -1 35153 -1 35157 -1 35161 -1 35165 -1 35169 -1 35173 -1 35177 -1 35181 -1 35185 -1 -2
12663 -1 -2
12355 -1 18575 -1 -2
12527 -1 12683 -1 12695 -1 12703 -1 -2
12895 -1 -2
10311 -1 10315 -1 -2
12399 -1 -2
10315 -1 12827 -1 12895 -1 33449 -1 -2
18723 -1 -2
12611 -1 -2
12771 -1 18787 -1 -2
32213 -1 33449 -1 -2
12883 -1 -2
10291 -1 10295 -1 10299 -1 10303 -1 10307 -1 10311 -1 10315 -1 10319 -1 10327 -1 10331 -1 10335 -1 10339 -1 10343 -1 10829 -1 10833 -1 10837 -1 10841 -1 10845 -1 10849 -1 10853 -1 10857 -1 10861 -1 10865 -1 10869 -1 10877 -1 10881 -1 12323 -1 12327 -1 12331 -1 12335 -1 12343 -1 12347 -1 12351 -1 12355 -1 12471 -1 12475 -1 12479 -1 12483 -1 12487 -1 12523 -1 12527 -1 12531 -1 12547 -1 12551 -1 12555 -1 12559 -1 12563 -1 12567 -1 12571 -1 12575 -1 12579 -1 12583 -1 12587 -1 12591 -1 12595 -1 12627 -1 12631 -1 12659 -1 12683 -1 12687 -1 12691 -1 12695 -1 12703 -1 12711 -1 12715 -1 12719 -1 12735 -1 12739 -1 12743 -1 12759 -1 12763 -1 12779 -1 12795 -1 12803 -1 12815 -1 12819 -1 12831 -1 12859 -1 12875 -1 12883 -1 12887 -1 12899 -1 32197 -1 32201 -1 32205 -1 32209 -1 32213 -1 32217 -1 32221 -1 33425 -1 33429 -1 33433 -1 33437 -1 33441 -1 33445 -1 33449 -1 33453 -1 33457 -1 33461 -1 33465 -1 33469 -1 34889 -1 34893 -1 34901 -1 34905 -1 34909 -1 34913 -1 34917 -1 34921 -1 34925 -1 34929 -1 35149 -1 35153 -1 35157 -1 35161 -1 35165 -1 35169 -1 35173 -1 35177 -1 35181 -1 46281 -1 46285 -1 46289 -1 46293 -1 -2
10877 -1 12711 -1 -2
10877 -1 -2
10877 -1 12355 -1 12431 -1 -2
12339 -1 35165 -1 35185 -1 -2
12875 -1 -2
18439 -1 -2
10877 -1 35181 -1 -2
12411 -1 12427 -1 -2
12651 -1 34885 -1 -2
12591 -1 12621 -1 12831 -1 18787 -1 -2
12459 -1 12663 -1 12675 -1 12687 -1 12779 -1 12835 -1 12887 -1 -2
35185 -1 -2
33449 -1 33469 -1 -2
35185 -1 -2
12419 -1 -2
12407 -1 -2
12895 -1 -2
18583 -1 -2
12587 -1 -2
12567 -1 -2
12711 -1 12867 -1 -2
12339 -1 12519 -1 -2
12715 -1 12783 -1 -2
12355 -1 12483 -1 12575 -1 -2
12595 -1 -2
18511 -1 -2
12675 -1 -2
12447 -1 35213 -1 -2
12451 -1 -2
12663 -1 -2
12719 -1 -2
10877 -1 -2
10877 -1 -2
12835 -1 -2
12483 -1 12487 -1 12695 -1 12703 -1 -2
12879 -1 -2
12835 -1 -2
12431 -1 -2
10841 -1 10877 -1 12355 -1 -2
35185 -1 -2
12567 -1 -2
12479 -1 12487 -1 12551 -1 -2
12621 -1 -2
34905 -1 -2
12339 -1 12827 -1 -2
10881 -1 12339 -1 18819 -1 35185 -1 -2
12339 -1 -2
33433 -1 33457 -1 -2
34901 -1 -2
10877 -1 12343 -1 12351 -1 12355 -1 12595 -1 -2
34909 -1 35181 -1 -2
10877 -1 12355 -1 35185 -1 -2
10833 -1 10853 -1 12675 -1 -2
12715 -1 -2
10877 -1 -2
12483 -1 12487 -1 12571 -1 -2
34889 -1 34901 -1 34905 -1 -2
12839 -1 -2
12903 -1 -2
12443 -1 -2
12731 -1 -2
12887 -1 -2
33449 -1 -2
10295 -1 10307 -1 12355 -1 12395 -1 12431 -1 12555 -1 12603 -1 12611 -1 12621 -1 18459 -1 -2
12431 -1 -2
12479 -1 12487 -1 12691 -1 -2
18723 -1 -2
12831 -1 -2
10845 -1 12327 -1 -2
12827 -1 12895 -1 33469 -1 -2
12483 -1 -2
10291 -1 10299 -1 10303 -1 10315 -1 10339 -1 10833 -1 10857 -1 10861 -1 10865 -1 12299 -1 12339 -1 12367 -1 12371 -1 12375 -1 12395 -1 12399 -1 12403 -1 12415 -1 12419 -1 12423 -1 12427 -1 12431 -1 12435 -1 12439 -1 12443 -1 12459 -1 12467 -1 12491 -1 12523 -1 12527 -1 12531 -1 12603 -1 12607 -1 12611 -1 12615 -1 12621 -1 12635 -1 12663 -1 12667 -1 12671 -1 12675 -1 12687 -1 12711 -1 12715 -1 12719 -1 12723 -1 12727 -1 12731 -1 12735 -1 12739 -1 12743 -1 12747 -1 12751 -1 12755 -1 12759 -1 12763 -1 12767 -1 12771 -1 12775 -1 12779 -1 12783 -1 12787 -1 12835 -1 12839 -1 12843 -1 12847 -1 12851 -1 12855 -1 12883 -1 12887 -1 18419 -1 18423 -1 18427 -1 18431 -1 18439 -1 18443 -1 18447 -1 18451 -1 18459 -1 18467 -1 18471 -1 18475 -1 18479 -1 18483 -1 18487 -1 18491 -1 18495 -1 18499 -1 18507 -1 18511 -1 18515 -1 18519 -1 18523 -1 18527 -1 18535 -1 18539 -1 18543 -1 18547 -1 18551 -1 18555 -1 18559 -1 18563 -1 18567 -1 18571 -1 18575 -1 18579 -1 18583 -1 18587 -1 18595 -1 18599 -1 18603 -1 18611 -1 18615 -1 18619 -1 18627 -1 18631 -1 18635 -1 18639 -1 18643 -1 18647 -1 18651 -1 18655 -1 18659 -1 18663 -1 18671 -1 18675 -1 18679 -1 18683 -1 18691 -1 18695 -1 18699 -1 18703 -1 18707 -1 18711 -1 18715 -1 18719 -1 18723 -1 18727 -1 18731 -1 18735 -1 18743 -1 18747 -1 18751 -1 18755 -1 18759 -1 18763 -1 18767 -1 18775 -1 18779 -1 18787 -1 18795 -1 18799 -1 18807 -1 18811 -1 18815 -1 18819 -1 18827 -1 18831 -1 18839 -1 18847 -1 18855 -1 18863 -1 18871 -1 18875 -1 18879 -1 18883 -1 20803 -1 20807 -1 27385 -1 27389 -1 32197 -1 32201 -1 32205 -1 32209 -1 35185 -1 35189 -1 35193 -1 35197 -1 35201 -1 35205 -1 35209 -1 -2
12491 -1 -2
12399 -1 12403 -1 -2
33453 -1 33469 -1 -2
12299 -1 18587 -1 -2
12411 -1 12515 -1 -2
12711 -1 12719 -1 12727 -1 -2
12675 -1 12827 -1 12883 -1 12887 -1 -2
12339 -1 12723 -1 35185 -1 -2
12711 -1 -2
12343 -1 34909 -1 34925 -1 -2
12339 -1 12347 -1 12387 -1 35185 -1 -2
12407 -1 -2
12407 -1 35213 -1 -2
10861 -1 10865 -1 12787 -1 -2
12375 -1 -2
12507 -1 12591 -1 18683 -1 -2
12407 -1 -2
12339 -1 -2
12431 -1 -2
18787 -1 -2
10881 -1 -2
34929 -1 -2
12671 -1 12675 -1 -2
10841 -1 10881 -1 -2
12683 -1 12795 -1 33469 -1 46285 -1 -2
12299 -1 12339 -1 12387 -1 12719 -1 35185 -1 35213 -1 -2
12627 -1 12871 -1 12903 -1 34885 -1 34901 -1 34905 -1 -2
10311 -1 12327 -1 12335 -1 12339 -1 12343 -1 12351 -1 12359 -1 12367 -1 12395 -1 12399 -1 12411 -1 12451 -1 12483 -1 12487 -1 12507 -1 12515 -1 12519 -1 12547 -1 12551 -1 12555 -1 12575 -1 12579 -1 12583 -1 12631 -1 12703 -1 12711 -1 12715 -1 12719 -1 12727 -1 12875 -1 18423 -1 18447 -1 18459 -1 18619 -1 18647 -1 18863 -1 20807 -1 32197 -1 32205 -1 32213 -1 34885 -1 34889 -1 34893 -1 35201 -1 -2
12783 -1 -2
12339 -1 -2
34909 -1 -2
12479 -1 -2
10877 -1 12355 -1 -2
12479 -1 -2
12327 -1 12339 -1 12431 -1 12587 -1 35181 -1 35185 -1 -2
35185 -1 -2
10877 -1 12339 -1 35185 -1 -2
12343 -1 -2
10881 -1 12327 -1 -2
12331 -1 -2
12339 -1 12407 -1 35185 -1 -2
10881 -1 -2
12763 -1 -2
12399 -1 -2
12447 -1 18871 -1 -2
12431 -1 -2
12663 -1 -2
18787 -1 -2
18575 -1 -2
10877 -1 12711 -1 -2
10841 -1 12339 -1 12343 -1 12663 -1 12675 -1 18479 -1 35181 -1 -2
12751 -1 -2
10833 -1 12675 -1 -2
32209 -1 -2
12607 -1 12751 -1 -2
34885 -1 -2
12487 -1 12495 -1 33469 -1 -2
12339 -1 12387 -1 35161 -1 35165 -1 35169 -1 -2
10841 -1 10877 -1 -2
12515 -1 12579 -1 12711 -1 -2
12887 -1 18683 -1 -2
12447 -1 12551 -1 12567 -1 34921 -1 -2
12407 -1 35185 -1 -2
10295 -1 10307 -1 10339 -1 12479 -1 12523 -1 12527 -1 12531 -1 12535 -1 12659 -1 12695 -1 12731 -1 12875 -1 33449 -1 33469 -1 34889 -1 34901 -1 34905 -1 -2
12751 -1 -2
12663 -1 12675 -1 -2
12655 -1 -2
10291 -1 12459 -1 12527 -1 12531 -1 12667 -1 12671 -1 12687 -1 12835 -1 -2
12299 -1 12415 -1 12419 -1 -2
10857 -1 10861 -1 10865 -1 12467 -1 12479 -1 12763 -1 -2
12751 -1 12755 -1 12787 -1 34901 -1 -2
18787 -1 -2
12431 -1 12567 -1 -2
10311 -1 12483 -1 12515 -1 12663 -1 12675 -1 12715 -1 12727 -1 12759 -1 12771 -1 12831 -1 12847 -1 18447 -1 18487 -1 18523 -1 18587 -1 18599 -1 18619 -1 18635 -1 18671 -1 18787 -1 -2
10315 -1 12483 -1 12487 -1 -2
12659 -1 -2
33469 -1 -2
12339 -1 12711 -1 -2
12407 -1 -2
12339 -1 35185 -1 -2
12567 -1 12711 -1 -2
10307 -1 10311 -1 10315 -1 12487 -1 12703 -1 12831 -1 32213 -1 -2
12551 -1 -2
12487 -1 12703 -1 12875 -1 -2
12339 -1 12515 -1 12675 -1 -2
12339 -1 -2
33449 -1 33469 -1 -2
12399 -1 12411 -1 -2
10303 -1 10853 -1 12523 -1 12527 -1 12531 -1 32201 -1 -2
10833 -1 10877 -1 12299 -1 12327 -1 12819 -1 -2
12447 -1 12551 -1 18519 -1 -2
12559 -1 12567 -1 -2
12735 -1 12763 -1 33429 -1 33437 -1 -2
33449 -1 34905 -1 -2
10299 -1 10307 -1 12523 -1 12539 -1 12663 -1 12843 -1 -2
10881 -1 -2
12483 -1 -2
12355 -1 34921 -1 -2
12567 -1 -2
12621 -1 12783 -1 12787 -1 32201 -1 -2
12771 -1 -2
18635 -1 -2
33469 -1 -2
12903 -1 -2
33469 -1 46281 -1 -2
18487 -1 -2
10833 -1 -2
10877 -1 10881 -1 12355 -1 18423 -1 20807 -1 -2
12339 -1 12583 -1 12595 -1 35185 -1 -2
12407 -1 12427 -1 12515 -1 12519 -1 -2
12715 -1 12719 -1 -2
12451 -1 -2
33449 -1 -2
12567 -1 12883 -1 -2
12691 -1 12871 -1 12903 -1 34889 -1 -2
12695 -1 12703 -1 12895 -1 33469 -1 -2
12487 -1 12571 -1 -2
12559 -1 12711 -1 -2
12415 -1 12419 -1 12427 -1 12431 -1 -2
10845 -1 12343 -1 12355 -1 -2
12675 -1 -2
12621 -1 12775 -1 12787 -1 33449 -1 -2
12327 -1 -2
18579 -1 -2
12487 -1 12875 -1 -2
12431 -1 -2
12723 -1 12731 -1 -2
12339 -1 35185 -1 -2
12863 -1 12867 -1 -2
12715 -1 -2
32213 -1 -2
10869 -1 10877 -1 -2
12487 -1 12571 -1 -2
34889 -1 -2
10307 -1 12439 -1 18707 -1 -2
10881 -1 12551 -1 12819 -1 -2
33445 -1 -2
12411 -1 -2
12743 -1 -2
10291 -1 10311 -1 10315 -1 10343 -1 10829 -1 12339 -1 12343 -1 12371 -1 12399 -1 12403 -1 12407 -1 12411 -1 12419 -1 12427 -1 12439 -1 12447 -1 12451 -1 12483 -1 12487 -1 12503 -1 12507 -1 12511 -1 12515 -1 12519 -1 12547 -1 12551 -1 12555 -1 12559 -1 12563 -1 12591 -1 12595 -1 12607 -1 12611 -1 12615 -1 12621 -1 12627 -1 12631 -1 12635 -1 12659 -1 12675 -1 12711 -1 12715 -1 12719 -1 12723 -1 12727 -1 12731 -1 12811 -1 12831 -1 12875 -1 12899 -1 18431 -1 18487 -1 18507 -1 18523 -1 18563 -1 18587 -1 18599 -1 18603 -1 18635 -1 18651 -1 18655 -1 18671 -1 18675 -1 18743 -1 18787 -1 18879 -1 -2
12339 -1 12387 -1 -2
18871 -1 -2
12335 -1 -2
10877 -1 12339 -1 12515 -1 -2
12339 -1 12663 -1 -2
10877 -1 12339 -1 35185 -1 -2
10295 -1 10307 -1 10311 -1 12603 -1 12615 -1 18787 -1 -2
33425 -1 33449 -1 -2
12567 -1 12711 -1 -2
12407 -1 12431 -1 12515 -1 -2
12483 -1 12487 -1 12875 -1 32213 -1 -2
12335 -1 -2
12515 -1 12563 -1 18479 -1 18495 -1 18547 -1 18575 -1 18811 -1 18875 -1 -2
12579 -1 -2
10307 -1 46289 -1 -2
12831 -1 -2
12567 -1 -2
10877 -1 12431 -1 12587 -1 -2
12351 -1 12411 -1 -2
12411 -1 -2
34905 -1 -2
12703 -1 -2
10881 -1 12579 -1 12583 -1 -2
12339 -1 12659 -1 35185 -1 -2
12819 -1 -2
10311 -1 10315 -1 12415 -1 12567 -1 12655 -1 18787 -1 18863 -1 -2
12299 -1 12399 -1 -2
33469 -1 -2
18423 -1 -2
12515 -1 18627 -1 -2
12779 -1 -2
10295 -1 10311 -1 -2
12355 -1 -2
10311 -1 12487 -1 12703 -1 32213 -1 -2
35169 -1 -2
18855 -1 -2
12559 -1 12563 -1 12567 -1 35169 -1 -2
12339 -1 12407 -1 12415 -1 12419 -1 12431 -1 35185 -1 -2
10877 -1 12715 -1 12723 -1 -2
12483 -1 12487 -1 -2
12807 -1 12867 -1 12875 -1 -2
18703 -1 -2
12659 -1 12675 -1 -2
35177 -1 35185 -1 -2
12355 -1 -2
12395 -1 -2
12627 -1 -2
12691 -1 -2
12339 -1 -2
12299 -1 12419 -1 -2
12567 -1 -2
10877 -1 12339 -1 35185 -1 -2
12371 -1 -2
10833 -1 10849 -1 12675 -1 12883 -1 32217 -1 -2
12403 -1 12895 -1 18595 -1 -2
12347 -1 12355 -1 -2
12739 -1 -2
12723 -1 12767 -1 -2
12679 -1 -2
12463 -1 -2
12739 -1 -2
12715 -1 -2
12487 -1 -2
12675 -1 35169 -1 -2
12451 -1 -2
35185 -1 35213 -1 -2
12751 -1 -2
33449 -1 -2
10877 -1 12515 -1 -2
12627 -1 -2
12779 -1 12787 -1 -2
12491 -1 12663 -1 12835 -1 -2
12515 -1 18871 -1 -2
12687 -1 12779 -1 -2
12459 -1 12491 -1 30251 -1 30255 -1 -2
18511 -1 35181 -1 -2
12299 -1 35153 -1 -2
12807 -1 35149 -1 -2
12835 -1 -2
12407 -1 -2
10881 -1 12339 -1 -2
12895 -1 34885 -1 -2
12547 -1 12563 -1 12583 -1 12587 -1 -2
12551 -1 34913 -1 34929 -1 35157 -1 -2
35185 -1 -2
12339 -1 -2
12679 -1 -2
10881 -1 12327 -1 12339 -1 12483 -1 18811 -1 35177 -1 35185 -1 -2
33449 -1 -2
10295 -1 10311 -1 33433 -1 33449 -1 33453 -1 33457 -1 33465 -1 -2
12867 -1 -2
12711 -1 -2
12411 -1 -2
12723 -1 -2
12483 -1 -2
12431 -1 -2
12339 -1 12519 -1 -2
10315 -1 10339 -1 12483 -1 12487 -1 12831 -1 30295 -1 30311 -1 -2
10295 -1 10299 -1 10307 -1 10311 -1 18635 -1 18723 -1 33449 -1 33469 -1 -2
12483 -1 12575 -1 -2
18423 -1 18547 -1 35149 -1 -2
33449 -1 33469 -1 -2
12487 -1 -2
12663 -1 -2
10877 -1 -2
12583 -1 -2
35173 -1 -2
12875 -1 12895 -1 -2
12663 -1 12675 -1 12835 -1 12843 -1 12855 -1 -2
12739 -1 -2
12431 -1 12627 -1 -2
12483 -1 -2
33453 -1 33465 -1 -2
35185 -1 -2
12559 -1 -2
10877 -1 35181 -1 -2
35185 -1 -2
10311 -1 12483 -1 12487 -1 -2
12767 -1 -2
35181 -1 -2
12299 -1 12367 -1 12371 -1 12399 -1 12403 -1 12411 -1 12415 -1 12419 -1 -2
12715 -1 12735 -1 -2
12723 -1 -2
10877 -1 -2
18707 -1 -2
12567 -1 -2
12347 -1 12571 -1 12575 -1 34929 -1 -2
12407 -1 -2
12807 -1 -2
12679 -1 -2
12847 -1 12907 -1 -2
10881 -1 12343 -1 12559 -1 -2
10869 -1 10877 -1 10881 -1 34909 -1 34917 -1 -2
12411 -1 -2
12727 -1 -2
12323 -1 -2
18847 -1 18855 -1 -2
12463 -1 12655 -1 -2
12439 -1 -2
33433 -1 33441 -1 -2
10877 -1 -2
12587 -1 -2
12723 -1 -2
10299 -1 10307 -1 10311 -1 12759 -1 12779 -1 12783 -1 32201 -1 -2
12679 -1 -2
10849 -1 10857 -1 34921 -1 -2
12483 -1 -2
10881 -1 12339 -1 12659 -1 34925 -1 -2
12567 -1 -2
12339 -1 12567 -1 18871 -1 -2
35149 -1 35161 -1 -2
12787 -1 -2
33469 -1 46289 -1 -2
12355 -1 12907 -1 35177 -1 35181 -1 -2
12679 -1 33437 -1 34893 -1 -2
12735 -1 -2
10881 -1 12355 -1 34909 -1 34913 -1 34925 -1 -2
12327 -1 12467 -1 12663 -1 12675 -1 12883 -1 35177 -1 -2
12747 -1 12755 -1 -2
12339 -1 35185 -1 -2
12355 -1 34909 -1 34913 -1 34917 -1 34925 -1 34929 -1 -2
12431 -1 18683 -1 -2
12563 -1 12595 -1 35157 -1 35185 -1 -2
12723 -1 -2
10311 -1 -2
12299 -1 20807 -1 35213 -1 -2
12339 -1 -2
12459 -1 12467 -1 12491 -1 -2
12299 -1 12399 -1 12407 -1 12411 -1 12447 -1 12507 -1 12511 -1 -2
12483 -1 12663 -1 -2
12471 -1 12483 -1 12487 -1 -2
12811 -1 12903 -1 18691 -1 18703 -1 -2
12471 -1 12475 -1 12715 -1 -2
12299 -1 33469 -1 -2
12583 -1 -2
10877 -1 10881 -1 -2
12551 -1 -2
18583 -1 -2
12831 -1 12895 -1 -2
10295 -1 33429 -1 33433 -1 33437 -1 34893 -1 -2
12399 -1 12403 -1 12419 -1 12519 -1 -2
12339 -1 35165 -1 35185 -1 -2
10833 -1 -2
12655 -1 -2
35177 -1 35181 -1 -2
12431 -1 -2
18427 -1 -2
12579 -1 -2
18547 -1 18575 -1 18583 -1 -2
12475 -1 12659 -1 18487 -1 -2
10307 -1 12903 -1 33449 -1 -2
10877 -1 12483 -1 -2
10841 -1 10877 -1 -2
12675 -1 -2
12431 -1 -2
12339 -1 -2
12627 -1 -2
12711 -1 -2
10295 -1 10307 -1 10311 -1 12527 -1 33449 -1 -2
12663 -1 -2
12867 -1 -2
12339 -1 -2
12675 -1 18787 -1 -2
12675 -1 -2
12735 -1 -2
10315 -1 12483 -1 12487 -1 12551 -1 -2
12355 -1 -2
12779 -1 -2
12711 -1 12723 -1 34913 -1 -2
10877 -1 -2
12447 -1 12507 -1 12559 -1 18487 -1 -2
12823 -1 -2
12643 -1 -2
12783 -1 -2
10315 -1 -2
35185 -1 -2
34901 -1 -2
12299 -1 12567 -1 -2
12823 -1 -2
34917 -1 -2
12835 -1 -2
12659 -1 12675 -1 -2
12327 -1 -2
12711 -1 12731 -1 -2
12695 -1 -2
12431 -1 -2
35185 -1 -2
12727 -1 12747 -1 12755 -1 12767 -1 -2
10877 -1 -2
12835 -1 -2
12603 -1 12627 -1 12691 -1 12827 -1 12855 -1 12871 -1 33425 -1 33429 -1 46293 -1 -2
12551 -1 -2
12859 -1 -2
35177 -1 -2
12723 -1 -2
12339 -1 12387 -1 -2
10311 -1 12571 -1 30311 -1 -2
12675 -1 -2
12567 -1 12723 -1 -2
18879 -1 -2
12487 -1 34893 -1 -2
12407 -1 -2
18831 -1 -2
12339 -1 12447 -1 35185 -1 -2
12531 -1 12663 -1 -2
12431 -1 12723 -1 -2
12339 -1 -2
12487 -1 18787 -1 -2
35185 -1 -2
12487 -1 32213 -1 -2
10319 -1 12899 -1 -2
12299 -1 12419 -1 -2
18427 -1 -2
12735 -1 -2
30271 -1 -2
18815 -1 -2
33449 -1 -2
10877 -1 12327 -1 12431 -1 12583 -1 12767 -1 -2
35185 -1 -2
12299 -1 12415 -1 12419 -1 -2
10299 -1 18863 -1 30279 -1 30339 -1 -2
10299 -1 10315 -1 12807 -1 12875 -1 35149 -1 -2
12663 -1 -2
33449 -1 -2
18787 -1 -2
12471 -1 12475 -1 12567 -1 34885 -1 35153 -1 -2
12875 -1 -2
10841 -1 12547 -1 12595 -1 12679 -1 12687 -1 18423 -1 18451 -1 18547 -1 18567 -1 18599 -1 18787 -1 18831 -1 35149 -1 35153 -1 35169 -1 -2
12715 -1 -2
12567 -1 -2
12583 -1 12787 -1 12835 -1 18511 -1 18707 -1 33429 -1 33449 -1 -2
18619 -1 -2
12299 -1 12399 -1 12403 -1 12407 -1 12411 -1 12447 -1 -2
12463 -1 12503 -1 12843 -1 12855 -1 12903 -1 -2
10881 -1 -2
10315 -1 12715 -1 12783 -1 12787 -1 35149 -1 35165 -1 35173 -1 35177 -1 35185 -1 -2
12339 -1 -2
10877 -1 12347 -1 -2
18479 -1 18551 -1 18671 -1 18707 -1 18719 -1 18787 -1 18811 -1 18819 -1 34917 -1 34929 -1 -2
12339 -1 -2
12807 -1 12907 -1 -2
12339 -1 34909 -1 34917 -1 -2
12515 -1 12519 -1 12555 -1 -2
12723 -1 12727 -1 -2
10833 -1 12299 -1 12439 -1 12783 -1 -2
12447 -1 12515 -1 -2
12675 -1 -2
10877 -1 35185 -1 35213 -1 -2
12331 -1 12847 -1 -2
10295 -1 -2
33449 -1 -2
12411 -1 12483 -1 12567 -1 18639 -1 -2
35185 -1 -2
12679 -1 -2
10311 -1 -2
33457 -1 -2
12675 -1 18483 -1 -2
12487 -1 33449 -1 -2
12819 -1 -2
10881 -1 34913 -1 -2
12339 -1 18815 -1 -2
12711 -1 -2
12579 -1 -2
12779 -1 -2
12615 -1 12767 -1 12771 -1 -2
12621 -1 -2
12407 -1 -2
12835 -1 -2
12515 -1 -2
33469 -1 -2
12547 -1 12555 -1 12559 -1 -2
33469 -1 -2
12323 -1 12579 -1 18547 -1 35153 -1 35165 -1 -2
10877 -1 12563 -1 -2
46285 -1 46289 -1 -2
12483 -1 30311 -1 -2
12459 -1 12687 -1 -2
18583 -1 -2
12867 -1 -2
10295 -1 12783 -1 12895 -1 18831 -1 32201 -1 33433 -1 33453 -1 33457 -1 46289 -1 -2
12459 -1 12467 -1 12491 -1 12663 -1 12855 -1 -2
12867 -1 33457 -1 -2
12835 -1 -2
12471 -1 12627 -1 -2
12431 -1 -2
12431 -1 -2
12327 -1 12659 -1 -2
10295 -1 10315 -1 12479 -1 12483 -1 12487 -1 -2
10295 -1 12355 -1 12483 -1 12551 -1 12575 -1 12747 -1 12751 -1 12787 -1 18575 -1 18603 -1 18787 -1 46289 -1 -2
12615 -1 12635 -1 12767 -1 -2
10291 -1 10295 -1 10299 -1 10303 -1 10307 -1 10315 -1 10327 -1 10339 -1 10829 -1 10857 -1 10861 -1 10865 -1 12479 -1 12495 -1 12527 -1 12603 -1 12607 -1 12611 -1 12621 -1 12627 -1 12631 -1 12635 -1 12683 -1 12687 -1 12691 -1 12695 -1 12735 -1 12739 -1 12743 -1 12747 -1 12755 -1 12759 -1 12763 -1 12775 -1 12779 -1 12787 -1 12803 -1 12815 -1 12819 -1 12831 -1 12895 -1 32197 -1 32201 -1 32205 -1 32209 -1 33429 -1 33437 -1 33449 -1 33461 -1 33469 -1 34901 -1 46289 -1 -2
35185 -1 -2
12487 -1 -2
12407 -1 12411 -1 12507 -1 -2
18879 -1 -2
12587 -1 -2
12339 -1 34929 -1 -2
12407 -1 -2
10829 -1 12467 -1 -2
33437 -1 -2
12467 -1 12667 -1 12671 -1 12843 -1 12851 -1 -2
12355 -1 -2
12659 -1 -2
12551 -1 34921 -1 -2
33433 -1 33449 -1 33469 -1 -2
35153 -1 35169 -1 35185 -1 -2
12715 -1 12723 -1 -2
33465 -1 -2
12567 -1 -2
10877 -1 10881 -1 12339 -1 -2
12567 -1 -2
12587 -1 -2
10307 -1 -2
18627 -1 -2
12339 -1 33469 -1 35185 -1 -2
12327 -1 12343 -1 -2
10845 -1 12335 -1 12587 -1 18487 -1 -2
12691 -1 12823 -1 33449 -1 -2
10295 -1 10307 -1 -2
12587 -1 -2
12431 -1 -2
12567 -1 -2
12795 -1 12811 -1 -2
10307 -1 -2
12751 -1 12819 -1 18507 -1 18527 -1 33469 -1 -2
12339 -1 12875 -1 34925 -1 -2
12367 -1 12431 -1 -2
12723 -1 -2
12687 -1 12695 -1 18419 -1 33449 -1 33469 -1 -2
12347 -1 12355 -1 12595 -1 -2
10315 -1 12487 -1 -2
12431 -1 -2
12587 -1 -2
12715 -1 -2
12587 -1 -2
12487 -1 12711 -1 18839 -1 -2
34893 -1 -2
12587 -1 -2
12611 -1 -2
12459 -1 12467 -1 12487 -1 12843 -1 -2
33469 -1 -2
12711 -1 -2
12587 -1 -2
12483 -1 12875 -1 32213 -1 -2
12407 -1 35213 -1 -2
12587 -1 -2
33425 -1 33429 -1 -2
12411 -1 12551 -1 12563 -1 12587 -1 12783 -1 12875 -1 -2
10833 -1 12343 -1 34929 -1 -2
12463 -1 12711 -1 -2
12835 -1 -2
12587 -1 -2
10857 -1 12627 -1 12715 -1 12747 -1 12755 -1 12763 -1 12843 -1 32205 -1 32209 -1 33425 -1 34885 -1 -2
12715 -1 -2
12339 -1 -2
12559 -1 12787 -1 -2
34897 -1 -2
12459 -1 12467 -1 -2
12567 -1 -2
12679 -1 -2
12587 -1 12715 -1 -2
10295 -1 12621 -1 12747 -1 12775 -1 18871 -1 -2
12463 -1 12467 -1 12491 -1 12495 -1 12819 -1 -2
10311 -1 -2
12339 -1 12387 -1 12563 -1 12579 -1 12887 -1 35185 -1 -2
12663 -1 12667 -1 12759 -1 18603 -1 -2
12431 -1 -2
12487 -1 12875 -1 34893 -1 -2
12891 -1 -2
10291 -1 12339 -1 18519 -1 35181 -1 35185 -1 -2
12323 -1 12331 -1 12587 -1 35185 -1 -2
12671 -1 -2
10841 -1 10881 -1 34929 -1 -2
12811 -1 12823 -1 12907 -1 -2
10877 -1 -2
33433 -1 33457 -1 -2
12783 -1 -2
12587 -1 -2
12695 -1 -2
12711 -1 -2
12711 -1 -2
10311 -1 -2
33469 -1 -2
12411 -1 18683 -1 -2
10311 -1 10343 -1 12843 -1 12859 -1 12883 -1 32213 -1 -2
12339 -1 34909 -1 34917 -1 -2
10841 -1 -2
12431 -1 -2
10877 -1 -2
12587 -1 -2
10857 -1 12739 -1 -2
12339 -1 12447 -1 12587 -1 18487 -1 -2
18447 -1 18847 -1 -2
12755 -1 -2
12339 -1 12387 -1 -2
10877 -1 -2
12367 -1 -2
12615 -1 12723 -1 12731 -1 12767 -1 12771 -1 -2
12339 -1 -2
12723 -1 -2
12431 -1 -2
10307 -1 -2
12827 -1 18519 -1 -2
12895 -1 -2
12603 -1 12611 -1 12755 -1 12771 -1 34889 -1 -2
12587 -1 -2
12831 -1 12883 -1 -2
12515 -1 -2
12559 -1 12731 -1 -2
12467 -1 12683 -1 12831 -1 34897 -1 -2
33449 -1 33469 -1 -2
35149 -1 -2
35185 -1 -2
12451 -1 -2
12339 -1 12747 -1 12775 -1 -2
10307 -1 12827 -1 12895 -1 -2
10315 -1 12621 -1 12747 -1 18419 -1 18443 -1 18459 -1 18471 -1 18479 -1 18511 -1 18547 -1 18563 -1 18587 -1 18603 -1 18679 -1 18683 -1 18703 -1 18707 -1 18715 -1 18719 -1 18787 -1 -2
12339 -1 12387 -1 -2
12431 -1 -2
34897 -1 -2
12439 -1 12447 -1 12451 -1 -2
10877 -1 -2
12427 -1 12439 -1 12503 -1 12587 -1 -2
12587 -1 -2
12339 -1 34929 -1 35185 -1 -2
12339 -1 -2
12559 -1 12563 -1 12579 -1 -2
18683 -1 -2
12711 -1 -2
12723 -1 -2
12367 -1 12419 -1 -2
12679 -1 -2
12447 -1 -2
10291 -1 10295 -1 10299 -1 10307 -1 12459 -1 12527 -1 12531 -1 12679 -1 12831 -1 12835 -1 12847 -1 -2
12407 -1 12431 -1 -2
10881 -1 12587 -1 35185 -1 -2
12339 -1 12675 -1 -2
12587 -1 -2
18871 -1 -2
12583 -1 18487 -1 -2
12895 -1 -2
12339 -1 12447 -1 35213 -1 -2
12339 -1 12479 -1 12627 -1 -2
10841 -1 12335 -1 12339 -1 12351 -1 12355 -1 12487 -1 12659 -1 -2
12647 -1 -2
12723 -1 -2
12675 -1 -2
12299 -1 12367 -1 12371 -1 12403 -1 12411 -1 12419 -1 12511 -1 12515 -1 35193 -1 -2
12339 -1 -2
12411 -1 12587 -1 -2
12471 -1 12475 -1 12587 -1 12883 -1 -2
10299 -1 -2
18487 -1 18807 -1 18815 -1 -2
12339 -1 -2
10841 -1 -2
20807 -1 -2
10315 -1 12695 -1 12755 -1 -2
12411 -1 12507 -1 -2
12323 -1 12331 -1 35185 -1 -2
12711 -1 18479 -1 18483 -1 18487 -1 -2
12331 -1 -2
12431 -1 -2
34885 -1 -2
12431 -1 -2
18439 -1 18559 -1 -2
12411 -1 -2
12355 -1 18619 -1 32197 -1 32205 -1 32209 -1 32213 -1 32221 -1 -2
12847 -1 -2
12327 -1 -2
12871 -1 12899 -1 -2
12895 -1 -2
12367 -1 12403 -1 12443 -1 18511 -1 18695 -1 18699 -1 -2
12407 -1 12479 -1 12491 -1 33449 -1 -2
10299 -1 10307 -1 -2
12371 -1 -2
12563 -1 12591 -1 35153 -1 35169 -1 35177 -1 35181 -1 -2
12495 -1 33469 -1 -2
12679 -1 -2
12831 -1 -2
12323 -1 -2
12551 -1 -2
12335 -1 35185 -1 -2
12339 -1 12907 -1 35185 -1 -2
12587 -1 12679 -1 12823 -1 12847 -1 12907 -1 -2
34905 -1 -2
12847 -1 -2
10877 -1 12519 -1 12679 -1 -2
12727 -1 -2
12475 -1 -2
12355 -1 12603 -1 12621 -1 18499 -1 18879 -1 -2
12495 -1 12907 -1 -2
10881 -1 12335 -1 12483 -1 12555 -1 34905 -1 -2
12331 -1 -2
12627 -1 12691 -1 33425 -1 33429 -1 34885 -1 -2
12579 -1 35157 -1 35169 -1 -2
10877 -1 12327 -1 12359 -1 12731 -1 -2
12731 -1 12767 -1 -2
35181 -1 -2
18487 -1 -2
33449 -1 33469 -1 -2
12831 -1 -2
12339 -1 35185 -1 -2
12847 -1 -2
12547 -1 18479 -1 18483 -1 35169 -1 -2
33449 -1 -2
12343 -1 34917 -1 34921 -1 -2
12339 -1 -2
12431 -1 -2
12339 -1 -2
12471 -1 12647 -1 12659 -1 -2
34901 -1 34905 -1 -2
12579 -1 12591 -1 35153 -1 35165 -1 -2
10857 -1 12479 -1 12819 -1 -2
10841 -1 -2
12887 -1 -2
12879 -1 -2
10869 -1 12471 -1 12563 -1 12567 -1 12579 -1 12583 -1 12595 -1 12659 -1 12715 -1 18651 -1 34921 -1 34925 -1 -2
10295 -1 10315 -1 12895 -1 33449 -1 33469 -1 -2
12339 -1 12375 -1 12431 -1 35185 -1 -2
12715 -1 -2
12595 -1 -2
12887 -1 -2
35185 -1 -2
10877 -1 12587 -1 12663 -1 -2
12587 -1 -2
12587 -1 -2
10295 -1 10307 -1 10311 -1 12611 -1 12691 -1 12703 -1 12795 -1 12831 -1 12855 -1 -2
18807 -1 18819 -1 -2
12587 -1 -2
12367 -1 12399 -1 12411 -1 12443 -1 12587 -1 18875 -1 -2
12715 -1 -2
12907 -1 -2
12807 -1 -2
12675 -1 -2
12847 -1 -2
12627 -1 12659 -1 -2
10865 -1 12479 -1 34893 -1 34897 -1 34901 -1 -2
12355 -1 12867 -1 -2
10295 -1 10299 -1 10307 -1 12647 -1 12651 -1 12655 -1 12687 -1 12691 -1 12695 -1 32197 -1 32201 -1 32205 -1 33449 -1 33469 -1 34885 -1 34889 -1 34905 -1 -2
12675 -1 -2
12767 -1 12771 -1 -2
10841 -1 10845 -1 10877 -1 12355 -1 -2
12587 -1 -2
12567 -1 -2
12587 -1 -2
46281 -1 -2
12679 -1 -2
34909 -1 -2
12711 -1 18483 -1 -2
10845 -1 12407 -1 -2
12867 -1 -2
12587 -1 -2
12559 -1 12811 -1 -2
10877 -1 12339 -1 35177 -1 35185 -1 -2
12743 -1 12759 -1 12771 -1 12827 -1 12895 -1 34885 -1 34897 -1 -2
18847 -1 -2
12679 -1 -2
12415 -1 12903 -1 34913 -1 -2
12667 -1 -2
12627 -1 12631 -1 12763 -1 32197 -1 -2
12807 -1 18483 -1 -2
12331 -1 -2
34905 -1 -2
12559 -1 12659 -1 12815 -1 12819 -1 32221 -1 -2
12447 -1 -2
12355 -1 12375 -1 12395 -1 34921 -1 34929 -1 35157 -1 35169 -1 35197 -1 35205 -1 -2
12327 -1 -2
12347 -1 12355 -1 -2
12587 -1 -2
33449 -1 -2
12767 -1 18787 -1 -2
10881 -1 -2
10877 -1 -2
12559 -1 -2
12475 -1 12579 -1 12583 -1 12595 -1 12659 -1 -2
12299 -1 -2
10339 -1 12567 -1 12731 -1 -2
12711 -1 -2
12471 -1 12659 -1 12875 -1 12895 -1 -2
12895 -1 33449 -1 -2
12715 -1 33449 -1 33469 -1 -2
12431 -1 -2
18587 -1 -2
10865 -1 12299 -1 12371 -1 12427 -1 -2
12587 -1 -2
12495 -1 -2
18539 -1 18547 -1 18567 -1 -2
12703 -1 12831 -1 -2
12587 -1 35177 -1 -2
12323 -1 12327 -1 12339 -1 12431 -1 35213 -1 -2
12431 -1 12567 -1 35153 -1 35165 -1 35169 -1 35185 -1 -2
12723 -1 -2
10303 -1 12743 -1 -2
12567 -1 -2
10877 -1 12339 -1 -2
12683 -1 12851 -1 34901 -1 -2
10307 -1 -2
18723 -1 35149 -1 35169 -1 -2
18471 -1 18479 -1 18487 -1 -2
12419 -1 -2
12587 -1 -2
10877 -1 -2
12355 -1 12431 -1 -2
12483 -1 12487 -1 -2
12335 -1 12355 -1 -2
12355 -1 -2
10295 -1 10299 -1 10307 -1 33433 -1 33449 -1 33453 -1 33469 -1 -2
10311 -1 18787 -1 -2
12487 -1 12621 -1 -2
12487 -1 -2
12567 -1 -2
12463 -1 12895 -1 18483 -1 -2
12431 -1 -2
12823 -1 33449 -1 33469 -1 -2
12875 -1 -2
12711 -1 18483 -1 -2
12407 -1 -2
10881 -1 -2
12339 -1 35185 -1 -2
10307 -1 -2
12459 -1 12467 -1 12491 -1 12663 -1 -2
12339 -1 12471 -1 12515 -1 12519 -1 12659 -1 33445 -1 35185 -1 -2
18643 -1 -2
12675 -1 -2
12659 -1 -2
18871 -1 -2
33449 -1 -2
18535 -1 18575 -1 -2
12663 -1 -2
10877 -1 12339 -1 12575 -1 -2
12567 -1 -2
12655 -1 12803 -1 12815 -1 12823 -1 -2
10877 -1 -2
34921 -1 -2
12339 -1 -2
12559 -1 -2
33449 -1 -2
10877 -1 10881 -1 12335 -1 -2
12343 -1 12587 -1 12595 -1 34925 -1 -2
12327 -1 12355 -1 12655 -1 35181 -1 -2
10881 -1 12343 -1 12587 -1 12595 -1 -2
12583 -1 12675 -1 12835 -1 12839 -1 12883 -1 -2
12419 -1 -2
18707 -1 -2
12327 -1 12347 -1 12675 -1 12703 -1 35185 -1 -2
12407 -1 -2
12515 -1 -2
12431 -1 -2
10877 -1 12339 -1 12411 -1 -2
33469 -1 -2
12587 -1 18575 -1 -2
33449 -1 33469 -1 -2
10877 -1 12343 -1 12431 -1 34921 -1 34929 -1 -2
12587 -1 -2
12339 -1 35177 -1 35181 -1 -2
12875 -1 12887 -1 12895 -1 32213 -1 33449 -1 33469 -1 34893 -1 -2
12827 -1 18471 -1 -2
12367 -1 12407 -1 12419 -1 -2
12867 -1 -2
12627 -1 12903 -1 -2
12491 -1 12895 -1 -2
12483 -1 -2
18611 -1 18855 -1 18863 -1 20807 -1 -2
12483 -1 12571 -1 12655 -1 18787 -1 -2
10833 -1 12483 -1 12487 -1 -2
10841 -1 10849 -1 -2
33465 -1 -2
12659 -1 -2
12583 -1 35153 -1 35165 -1 35169 -1 -2
10877 -1 -2
34889 -1 -2
12423 -1 -2
12551 -1 12621 -1 12743 -1 34929 -1 -2
12903 -1 -2
18575 -1 34901 -1 -2
12587 -1 -2
12483 -1 -2
12687 -1 12691 -1 -2
33469 -1 -2
12479 -1 -2
10877 -1 12339 -1 12387 -1 12711 -1 12715 -1 -2
12747 -1 12783 -1 -2
35185 -1 -2
12723 -1 -2
12299 -1 12367 -1 12399 -1 12403 -1 12515 -1 12519 -1 -2
12367 -1 12427 -1 -2
12367 -1 12375 -1 12403 -1 12407 -1 12411 -1 12427 -1 12431 -1 35205 -1 35213 -1 -2
12583 -1 12591 -1 35157 -1 35185 -1 -2
10877 -1 -2
12595 -1 35169 -1 -2
12839 -1 -2
12467 -1 -2
12431 -1 12547 -1 12551 -1 12563 -1 12591 -1 12595 -1 12675 -1 -2
10881 -1 12331 -1 12391 -1 12587 -1 35185 -1 -2
12587 -1 -2
12299 -1 12415 -1 -2
12323 -1 12331 -1 -2
35169 -1 -2
12627 -1 -2
12723 -1 12727 -1 -2
12743 -1 -2
18871 -1 -2
12723 -1 -2
12711 -1 -2
12399 -1 12439 -1 -2
12487 -1 -2
12439 -1 -2
10877 -1 12867 -1 -2
12723 -1 12727 -1 12731 -1 -2
10881 -1 12567 -1 12587 -1 35177 -1 -2
12515 -1 18871 -1 -2
12483 -1 -2
30295 -1 30311 -1 -2
12431 -1 -2
10877 -1 -2
10315 -1 12663 -1 12835 -1 -2
12723 -1 -2
12807 -1 12819 -1 12907 -1 18719 -1 -2
12355 -1 -2
12663 -1 12679 -1 -2
12431 -1 -2
10841 -1 12559 -1 -2
12711 -1 -2
12487 -1 12575 -1 12587 -1 12703 -1 -2
10881 -1 12335 -1 12347 -1 12355 -1 12363 -1 -2
12711 -1 12723 -1 -2
12327 -1 -2
12587 -1 -2
10311 -1 12347 -1 12355 -1 12551 -1 12747 -1 12783 -1 -2
12463 -1 12483 -1 12655 -1 12687 -1 12803 -1 12819 -1 32205 -1 -2
12547 -1 -2
12419 -1 12667 -1 12671 -1 -2
12547 -1 12551 -1 12587 -1 -2
12563 -1 12583 -1 12587 -1 12595 -1 18483 -1 35165 -1 -2
12327 -1 -2
10343 -1 12547 -1 12551 -1 12887 -1 32217 -1 -2
12355 -1 -2
12795 -1 12831 -1 -2
12715 -1 -2
12339 -1 12343 -1 12351 -1 12563 -1 12567 -1 12715 -1 34909 -1 35181 -1 35185 -1 -2
12711 -1 18483 -1 -2
12775 -1 12779 -1 12787 -1 -2
12711 -1 12723 -1 -2
12867 -1 -2
12835 -1 12851 -1 -2
12567 -1 18651 -1 -2
10315 -1 10319 -1 10339 -1 12555 -1 12627 -1 12663 -1 12695 -1 12703 -1 12763 -1 12859 -1 12875 -1 12887 -1 30295 -1 33429 -1 -2
12723 -1 -2
12567 -1 12587 -1 -2
12431 -1 -2
12551 -1 34909 -1 -2
18827 -1 -2
12587 -1 -2
12819 -1 -2
18719 -1 -2
12431 -1 12551 -1 -2
12747 -1 -2
12463 -1 12495 -1 12663 -1 12839 -1 12907 -1 -2
12807 -1 32201 -1 33449 -1 -2
12407 -1 35213 -1 -2
10833 -1 12355 -1 12675 -1 12783 -1 -2
12467 -1 12495 -1 12847 -1 -2
12299 -1 12415 -1 12419 -1 12427 -1 12511 -1 12515 -1 -2
10841 -1 10881 -1 -2
18879 -1 -2
10307 -1 -2
10877 -1 10881 -1 12343 -1 12355 -1 12551 -1 -2
12483 -1 12659 -1 18627 -1 18651 -1 -2
10841 -1 10849 -1 12331 -1 12355 -1 -2
12591 -1 -2
12323 -1 12339 -1 -2
12339 -1 -2
12587 -1 -2
18683 -1 -2
12447 -1 -2
12627 -1 12683 -1 12691 -1 12831 -1 12855 -1 33425 -1 33429 -1 33449 -1 46281 -1 -2
12621 -1 12747 -1 12787 -1 -2
12567 -1 12587 -1 -2
12339 -1 35185 -1 -2
12355 -1 12675 -1 -2
12587 -1 -2
12431 -1 -2
12431 -1 -2
12339 -1 12407 -1 -2
10315 -1 10319 -1 10339 -1 -2
12819 -1 -2
35177 -1 -2
12327 -1 12335 -1 12359 -1 12603 -1 12715 -1 12723 -1 34917 -1 35185 -1 -2
12587 -1 12727 -1 -2
12591 -1 -2
10295 -1 12487 -1 -2
12487 -1 32205 -1 -2
10311 -1 12815 -1 12895 -1 33433 -1 33453 -1 33469 -1 -2
12355 -1 12675 -1 12883 -1 -2
12711 -1 12727 -1 -2
12587 -1 12659 -1 -2
12299 -1 12567 -1 12727 -1 -2
10315 -1 12483 -1 12531 -1 12695 -1 12723 -1 12819 -1 32201 -1 33425 -1 33429 -1 33441 -1 34905 -1 -2
12627 -1 -2
12371 -1 12427 -1 -2
10881 -1 12327 -1 -2
10311 -1 10339 -1 12483 -1 12487 -1 12575 -1 12621 -1 12703 -1 32213 -1 34893 -1 -2
12347 -1 -2
12299 -1 12367 -1 12395 -1 12399 -1 12403 -1 12407 -1 12411 -1 12419 -1 12431 -1 12439 -1 12447 -1 -2
10881 -1 -2
12299 -1 -2
10315 -1 12483 -1 -2
12399 -1 -2
12759 -1 -2
12759 -1 12903 -1 -2
12355 -1 -2
12591 -1 12659 -1 -2
33449 -1 33469 -1 -2
18427 -1 18459 -1 18519 -1 18615 -1 18619 -1 -2
12715 -1 12719 -1 12735 -1 -2
12627 -1 12631 -1 -2
12399 -1 12559 -1 12563 -1 12591 -1 18651 -1 -2
10311 -1 12751 -1 12759 -1 -2
10829 -1 10853 -1 12471 -1 -2
12447 -1 12711 -1 12719 -1 -2
12411 -1 -2
12591 -1 -2
10295 -1 10327 -1 -2
12459 -1 12819 -1 -2
12355 -1 12531 -1 12875 -1 18627 -1 -2
12823 -1 -2
12579 -1 -2
12827 -1 18663 -1 -2
10295 -1 12795 -1 -2
12339 -1 -2
12711 -1 12715 -1 12719 -1 12735 -1 -2
12431 -1 12587 -1 -2
12407 -1 12587 -1 -2
12703 -1 33449 -1 -2
12483 -1 12487 -1 -2
12299 -1 12419 -1 -2
12587 -1 -2
12483 -1 12487 -1 -2
10865 -1 12299 -1 12367 -1 12395 -1 12431 -1 -2
12515 -1 12519 -1 18535 -1 18547 -1 18555 -1 18571 -1 18575 -1 18579 -1 35185 -1 -2
12675 -1 -2
12587 -1 34913 -1 -2
12679 -1 -2
12779 -1 -2
12323 -1 12383 -1 12559 -1 12563 -1 -2
18691 -1 18871 -1 -2
12339 -1 -2
12807 -1 -2
12719 -1 -2
12487 -1 12563 -1 12571 -1 12579 -1 12583 -1 12591 -1 12595 -1 12875 -1 34893 -1 35165 -1 35169 -1 -2
12339 -1 -2
12515 -1 -2
12407 -1 12411 -1 12443 -1 12711 -1 -2
12407 -1 -2
12659 -1 12859 -1 12895 -1 12899 -1 12907 -1 -2
10877 -1 -2
12483 -1 12487 -1 -2
12411 -1 12507 -1 -2
12399 -1 -2
12711 -1 18483 -1 -2
12587 -1 -2
10311 -1 12875 -1 34893 -1 -2
12691 -1 -2
12431 -1 -2
10877 -1 12323 -1 -2
12339 -1 -2
12483 -1 12487 -1 33453 -1 34901 -1 -2
12843 -1 -2
18831 -1 -2
12431 -1 12443 -1 12559 -1 12587 -1 12591 -1 12675 -1 18675 -1 18707 -1 18871 -1 -2
12563 -1 35153 -1 -2
10877 -1 12559 -1 -2
12627 -1 12659 -1 12763 -1 -2
12527 -1 -2
12483 -1 -2
12587 -1 -2
12567 -1 -2
10877 -1 -2
12663 -1 12675 -1 -2
12355 -1 12547 -1 12551 -1 12555 -1 34917 -1 -2
12355 -1 -2
33469 -1 -2
12483 -1 12767 -1 -2
12831 -1 -2
12723 -1 12727 -1 12795 -1 12815 -1 12895 -1 -2
12587 -1 -2
10881 -1 12595 -1 -2
12339 -1 12407 -1 -2
12895 -1 -2
35213 -1 -2
12411 -1 -2
12483 -1 -2
12679 -1 -2
12483 -1 12487 -1 12567 -1 12587 -1 12659 -1 -2
33449 -1 -2
12587 -1 -2
12407 -1 -2
12563 -1 -2
10861 -1 -2
12691 -1 -2
12483 -1 12487 -1 -2
12567 -1 -2
18479 -1 34921 -1 -2
12587 -1 35165 -1 35193 -1 -2
12711 -1 -2
35213 -1 -2
12471 -1 12475 -1 12659 -1 -2
12459 -1 12467 -1 12491 -1 12663 -1 -2
12831 -1 -2
12459 -1 12467 -1 12851 -1 12883 -1 -2
10877 -1 12339 -1 35185 -1 -2
12715 -1 -2
18871 -1 -2
18583 -1 18587 -1 -2
10339 -1 12339 -1 12387 -1 12875 -1 -2
12491 -1 12621 -1 12627 -1 12663 -1 12671 -1 12675 -1 -2
10881 -1 12343 -1 12551 -1 12567 -1 12779 -1 34917 -1 35177 -1 35181 -1 -2
12719 -1 18583 -1 18819 -1 -2
34917 -1 -2
12727 -1 12731 -1 -2
10291 -1 -2
12515 -1 -2
12355 -1 18479 -1 18487 -1 18683 -1 18787 -1 -2
12887 -1 -2
10877 -1 12339 -1 -2
12411 -1 -2
35169 -1 35177 -1 -2
10307 -1 12679 -1 12703 -1 12819 -1 12823 -1 -2
12339 -1 12675 -1 -2
12739 -1 12743 -1 -2
12487 -1 34893 -1 -2
12343 -1 -2
12711 -1 -2
12587 -1 -2
12651 -1 12855 -1 12863 -1 12879 -1 12903 -1 -2
34925 -1 -2
12483 -1 -2
12343 -1 -2
10877 -1 35185 -1 35213 -1 -2
12883 -1 -2
12407 -1 -2
12339 -1 -2
10311 -1 12575 -1 -2
12483 -1 12487 -1 12663 -1 12875 -1 12903 -1 33425 -1 34893 -1 -2
12407 -1 12515 -1 12567 -1 -2
12887 -1 -2
12567 -1 -2
12867 -1 12895 -1 33449 -1 33469 -1 34897 -1 -2
12407 -1 -2
12339 -1 -2
12621 -1 -2
10881 -1 35173 -1 35181 -1 -2
12591 -1 12595 -1 35153 -1 35161 -1 35165 -1 35177 -1 -2
12339 -1 12567 -1 35185 -1 -2
33449 -1 -2
12299 -1 -2
12595 -1 -2
12675 -1 12887 -1 -2
12587 -1 -2
10877 -1 -2
12439 -1 -2
12483 -1 12487 -1 -2
12595 -1 -2
34905 -1 -2
10857 -1 12407 -1 12411 -1 12439 -1 12511 -1 -2
12563 -1 12579 -1 12587 -1 35153 -1 -2
33449 -1 -2
12299 -1 -2
12407 -1 12411 -1 -2
10877 -1 12483 -1 12487 -1 12875 -1 34929 -1 35177 -1 -2
12547 -1 12551 -1 -2
10829 -1 10833 -1 12471 -1 12587 -1 12659 -1 12859 -1 12883 -1 12887 -1 -2
12679 -1 12695 -1 12703 -1 -2
12839 -1 12867 -1 -2
12663 -1 12687 -1 12691 -1 12799 -1 12871 -1 12903 -1 34905 -1 -2
33433 -1 33469 -1 -2
12683 -1 12687 -1 12691 -1 12695 -1 12703 -1 -2
33449 -1 -2
12339 -1 -2
12895 -1 -2
12587 -1 -2
12679 -1 -2
12675 -1 12883 -1 -2
12355 -1 -2
12843 -1 -2
18427 -1 18863 -1 -2
10877 -1 12327 -1 -2
12767 -1 -2
10877 -1 -2
12339 -1 -2
12355 -1 12675 -1 -2
12487 -1 12515 -1 12875 -1 12895 -1 34893 -1 -2
33449 -1 -2
12431 -1 -2
12403 -1 12451 -1 -2
10295 -1 10307 -1 12851 -1 12867 -1 -2
32213 -1 32221 -1 33449 -1 -2
12807 -1 12907 -1 -2
33425 -1 -2
12399 -1 12411 -1 12415 -1 -2
12675 -1 -2
12339 -1 12447 -1 -2
12615 -1 -2
12299 -1 -2
12339 -1 -2
12407 -1 -2
12339 -1 35185 -1 -2
12411 -1 18479 -1 18487 -1 18575 -1 18683 -1 18811 -1 18815 -1 -2
12883 -1 -2
10295 -1 10307 -1 12679 -1 -2
12327 -1 12335 -1 12431 -1 -2
33433 -1 33469 -1 -2
12427 -1 -2
10315 -1 -2
12895 -1 -2
33449 -1 33453 -1 33469 -1 -2
12559 -1 -2
18583 -1 18815 -1 34921 -1 34929 -1 -2
33469 -1 -2
12483 -1 -2
12627 -1 -2
12299 -1 -2
10315 -1 10339 -1 12339 -1 12387 -1 -2
12655 -1 -2
12339 -1 34913 -1 -2
10303 -1 -2
33469 -1 -2
12459 -1 12467 -1 12839 -1 12851 -1 -2
12587 -1 -2
33429 -1 33433 -1 33437 -1 34893 -1 -2
12587 -1 -2
18499 -1 18547 -1 18671 -1 -2
18799 -1 -2
18795 -1 -2
33449 -1 33469 -1 -2
33469 -1 -2
33469 -1 -2
10295 -1 10299 -1 10307 -1 12463 -1 12527 -1 12627 -1 12655 -1 12679 -1 12683 -1 12687 -1 12691 -1 12735 -1 12739 -1 12743 -1 12763 -1 12779 -1 12803 -1 12819 -1 12823 -1 12895 -1 33433 -1 33437 -1 33453 -1 33465 -1 33469 -1 34889 -1 46285 -1 46289 -1 -2
12459 -1 12675 -1 -2
10319 -1 10339 -1 12323 -1 12339 -1 -2
10881 -1 12351 -1 -2
12567 -1 12847 -1 12875 -1 34893 -1 -2
12679 -1 -2
10877 -1 12327 -1 -2
12339 -1 12347 -1 12363 -1 35185 -1 -2
10339 -1 12863 -1 18863 -1 34905 -1 -2
10295 -1 10311 -1 10315 -1 33449 -1 -2
33449 -1 -2
33449 -1 33469 -1 -2
10307 -1 10315 -1 12655 -1 12687 -1 12803 -1 12819 -1 30295 -1 -2
10877 -1 -2
12555 -1 -2
12771 -1 18427 -1 18619 -1 -2
10841 -1 -2
12591 -1 34889 -1 34905 -1 -2
12407 -1 12503 -1 -2
12339 -1 12387 -1 18807 -1 -2
12339 -1 -2
10841 -1 10877 -1 10881 -1 12335 -1 12431 -1 12559 -1 -2
12323 -1 -2
33469 -1 -2
10849 -1 10877 -1 12335 -1 12355 -1 12471 -1 12475 -1 12659 -1 12675 -1 12883 -1 18479 -1 18819 -1 34925 -1 -2
12339 -1 -2
10295 -1 12459 -1 12715 -1 12735 -1 33429 -1 33449 -1 34885 -1 34897 -1 -2
33437 -1 -2
12431 -1 -2
10877 -1 -2
18831 -1 -2
33449 -1 -2
12703 -1 12759 -1 18799 -1 30255 -1 32213 -1 -2
10319 -1 34929 -1 -2
33449 -1 -2
12567 -1 -2
10877 -1 12355 -1 -2
33449 -1 -2
12587 -1 -2
12567 -1 -2
12299 -1 12411 -1 -2
12607 -1 -2
12411 -1 12515 -1 12519 -1 -2
12715 -1 -2
12331 -1 -2
12339 -1 12483 -1 35185 -1 -2
33469 -1 -2
33449 -1 -2
12895 -1 -2
12683 -1 -2
33433 -1 33449 -1 33465 -1 33469 -1 -2
12807 -1 -2
10881 -1 -2
33469 -1 -2
10315 -1 33469 -1 -2
10877 -1 12431 -1 12515 -1 12519 -1 -2
12747 -1 12755 -1 -2
10841 -1 -2
33449 -1 -2
12403 -1 12411 -1 12451 -1 -2
12487 -1 -2
12407 -1 12439 -1 -2
12863 -1 -2
33469 -1 -2
12371 -1 12431 -1 12447 -1 12555 -1 18487 -1 -2
33449 -1 33469 -1 -2
34921 -1 -2
12855 -1 -2
12339 -1 12611 -1 -2
12855 -1 -2
12419 -1 12467 -1 -2
12407 -1 -2
12659 -1 12859 -1 12883 -1 -2
12407 -1 -2
10877 -1 12587 -1 -2
12587 -1 -2
12339 -1 12863 -1 -2
12675 -1 -2
12847 -1 12907 -1 -2
33449 -1 33469 -1 -2
12621 -1 -2
10857 -1 10865 -1 12403 -1 12831 -1 34889 -1 34901 -1 -2
10295 -1 10307 -1 12679 -1 12703 -1 12795 -1 12815 -1 12831 -1 12895 -1 -2
34897 -1 -2
12467 -1 12663 -1 -2
12567 -1 12587 -1 -2
10881 -1 -2
12487 -1 12759 -1 12771 -1 33469 -1 -2
33449 -1 -2
33469 -1 -2
33433 -1 33449 -1 -2
10833 -1 12675 -1 12883 -1 -2
12299 -1 12367 -1 12395 -1 12419 -1 12431 -1 12443 -1 -2
12399 -1 12439 -1 -2
35185 -1 -2
12723 -1 -2
33449 -1 33469 -1 -2
33469 -1 -2
34909 -1 35213 -1 -2
12447 -1 35213 -1 -2
12587 -1 18487 -1 -2
10865 -1 -2
12339 -1 -2
12607 -1 12775 -1 18635 -1 18871 -1 -2
12327 -1 -2
12695 -1 -2
10295 -1 10299 -1 10307 -1 10311 -1 12479 -1 12483 -1 12487 -1 -2
12559 -1 -2
10877 -1 -2
12591 -1 -2
12511 -1 -2
33453 -1 33469 -1 -2
12407 -1 12559 -1 12567 -1 12663 -1 12675 -1 -2
12747 -1 -2
10881 -1 -2
12431 -1 -2
10299 -1 10307 -1 10311 -1 -2
12367 -1 12395 -1 12399 -1 12403 -1 12431 -1 -2
12643 -1 -2
12463 -1 12495 -1 12527 -1 12531 -1 12655 -1 12683 -1 12691 -1 12735 -1 12743 -1 12759 -1 12823 -1 33469 -1 -2
12895 -1 -2
33433 -1 33453 -1 33469 -1 -2
12471 -1 12715 -1 -2
12703 -1 12715 -1 12739 -1 12779 -1 -2
12587 -1 -2
12875 -1 34893 -1 -2
12663 -1 12675 -1 12847 -1 -2
18547 -1 18555 -1 -2
12595 -1 12659 -1 -2
18487 -1 -2
18475 -1 -2
10877 -1 -2
12431 -1 -2
34913 -1 -2
12567 -1 -2
12355 -1 -2
12621 -1 12827 -1 -2
12571 -1 12875 -1 33449 -1 33469 -1 34893 -1 -2
12407 -1 12483 -1 12519 -1 35185 -1 -2
12571 -1 -2
12679 -1 12695 -1 12703 -1 -2
18795 -1 -2
12695 -1 33437 -1 -2
35181 -1 -2
33449 -1 -2
12439 -1 12451 -1 12515 -1 -2
12339 -1 34913 -1 34917 -1 35161 -1 35177 -1 35185 -1 -2
12715 -1 12763 -1 -2
12407 -1 12515 -1 12519 -1 -2
12299 -1 12403 -1 12419 -1 12471 -1 12587 -1 12663 -1 12903 -1 -2
10841 -1 10845 -1 10877 -1 10881 -1 12427 -1 -2
12723 -1 -2
12587 -1 -2
20807 -1 -2
12411 -1 12431 -1 -2
12567 -1 12627 -1 12723 -1 -2
35181 -1 -2
12459 -1 12523 -1 12667 -1 12675 -1 12687 -1 12779 -1 12835 -1 35157 -1 35173 -1 -2
33469 -1 -2
12679 -1 33425 -1 -2
10877 -1 -2
34913 -1 -2
12339 -1 -2
12367 -1 12371 -1 12591 -1 12659 -1 12663 -1 -2
12339 -1 12387 -1 12475 -1 12563 -1 12579 -1 35185 -1 -2
12659 -1 18807 -1 35213 -1 -2
12407 -1 12719 -1 12723 -1 -2
12351 -1 -2
12627 -1 12631 -1 12731 -1 12899 -1 -2
12715 -1 -2
10877 -1 -2
12399 -1 12403 -1 12407 -1 12447 -1 12451 -1 35213 -1 -2
12871 -1 12879 -1 -2
12459 -1 12491 -1 12643 -1 12647 -1 -2
12621 -1 12723 -1 12775 -1 12831 -1 33433 -1 33469 -1 -2
12323 -1 35149 -1 -2
12411 -1 -2
10841 -1 12339 -1 12659 -1 -2
12367 -1 12415 -1 -2
12723 -1 -2
12679 -1 34885 -1 34905 -1 -2
12339 -1 -2
12431 -1 -2
10845 -1 12339 -1 12903 -1 -2
12447 -1 -2
12883 -1 -2
10877 -1 -2
12695 -1 18707 -1 33441 -1 34901 -1 -2
10849 -1 10853 -1 12299 -1 12547 -1 12555 -1 12575 -1 -2
10315 -1 12715 -1 12727 -1 12759 -1 12767 -1 12771 -1 33469 -1 -2
12463 -1 12471 -1 12659 -1 -2
33469 -1 -2
12327 -1 12343 -1 -2
12431 -1 -2
12339 -1 -2
33469 -1 -2
12339 -1 -2
12715 -1 -2
10877 -1 -2
12563 -1 12579 -1 12587 -1 12763 -1 -2
10877 -1 12339 -1 12355 -1 12551 -1 -2
12483 -1 12487 -1 12855 -1 12875 -1 12899 -1 12903 -1 -2
10311 -1 10841 -1 10845 -1 10861 -1 12487 -1 12551 -1 12679 -1 12683 -1 12687 -1 34913 -1 35173 -1 -2
10841 -1 12475 -1 12627 -1 12659 -1 12683 -1 34921 -1 35181 -1 -2
10315 -1 -2
12347 -1 12351 -1 12355 -1 12431 -1 -2
33433 -1 33449 -1 33453 -1 -2
10877 -1 -2
10829 -1 10833 -1 -2
10877 -1 -2
12515 -1 -2
12503 -1 12507 -1 12511 -1 12515 -1 -2
12411 -1 -2
12743 -1 -2
12411 -1 -2
12635 -1 -2
10877 -1 -2
12883 -1 -2
12431 -1 -2
12771 -1 -2
12407 -1 -2
12467 -1 12671 -1 -2
12587 -1 -2
10845 -1 10877 -1 18839 -1 -2
12463 -1 12471 -1 -2
12407 -1 -2
12355 -1 -2
10833 -1 12399 -1 -2
10295 -1 10299 -1 10307 -1 12531 -1 12651 -1 12663 -1 12695 -1 12831 -1 12895 -1 33433 -1 33449 -1 33453 -1 33469 -1 34905 -1 -2
12799 -1 12827 -1 -2
12843 -1 -2
10877 -1 12355 -1 -2
33469 -1 -2
12621 -1 12723 -1 12763 -1 -2
46289 -1 -2
35153 -1 -2
12715 -1 -2
12715 -1 -2
12339 -1 12607 -1 -2
12579 -1 -2
33449 -1 -2
18483 -1 18879 -1 35165 -1 35169 -1 -2
12431 -1 -2
10291 -1 12459 -1 12563 -1 12583 -1 12587 -1 12687 -1 12691 -1 12835 -1 12847 -1 12851 -1 -2
10303 -1 10343 -1 12483 -1 12487 -1 12715 -1 12735 -1 12739 -1 12779 -1 12827 -1 -2
12407 -1 -2
12711 -1 -2
10877 -1 -2
12907 -1 -2
10877 -1 12339 -1 12407 -1 12463 -1 12467 -1 12655 -1 35185 -1 35213 -1 -2
12339 -1 35185 -1 -2
33469 -1 -2
12759 -1 12763 -1 12779 -1 35149 -1 -2
12483 -1 12875 -1 -2
12467 -1 12587 -1 12839 -1 12859 -1 12883 -1 -2
12339 -1 12347 -1 12355 -1 35185 -1 -2
12411 -1 -2
18879 -1 -2
12567 -1 -2
12507 -1 -2
12839 -1 -2
12663 -1 -2
33449 -1 -2
12427 -1 -2
12355 -1 -2
12327 -1 12331 -1 -2
12439 -1 -2
12327 -1 -2
10861 -1 -2
12351 -1 12487 -1 12515 -1 -2
12711 -1 -2
12299 -1 -2
12595 -1 -2
12403 -1 -2
12343 -1 34909 -1 34917 -1 34929 -1 -2
12567 -1 35157 -1 -2
12759 -1 -2
12487 -1 12679 -1 -2
10841 -1 10861 -1 12487 -1 12683 -1 34913 -1 35173 -1 -2
10877 -1 12895 -1 -2
33449 -1 33469 -1 -2
12587 -1 -2
12299 -1 -2
12875 -1 12895 -1 -2
33449 -1 33469 -1 46289 -1 -2
12431 -1 12559 -1 -2
10877 -1 -2
12339 -1 12663 -1 35185 -1 -2
10877 -1 12355 -1 12663 -1 12679 -1 -2
10881 -1 12343 -1 34921 -1 -2
12419 -1 -2
12771 -1 -2
12867 -1 -2
12779 -1 12883 -1 12887 -1 -2
12567 -1 -2
12367 -1 12399 -1 12431 -1 -2
12771 -1 -2
12399 -1 -2
30291 -1 -2
33449 -1 -2
33449 -1 33469 -1 -2
12299 -1 -2
10303 -1 12611 -1 12723 -1 12735 -1 12759 -1 12771 -1 -2
12331 -1 12339 -1 -2
12587 -1 -2
12627 -1 -2
10845 -1 12327 -1 12355 -1 -2
12771 -1 -2
12367 -1 12431 -1 -2
33425 -1 33429 -1 34885 -1 -2
10833 -1 12675 -1 12851 -1 -2
12407 -1 -2
12467 -1 12687 -1 12835 -1 -2
12467 -1 12711 -1 -2
12583 -1 12659 -1 -2
12411 -1 -2
12675 -1 12679 -1 12883 -1 -2
12895 -1 -2
12751 -1 -2
12795 -1 -2
33433 -1 33449 -1 33453 -1 33469 -1 -2
12807 -1 -2
10315 -1 12679 -1 12831 -1 -2
10877 -1 -2
18695 -1 18799 -1 18831 -1 -2
12819 -1 -2
12487 -1 12571 -1 32205 -1 32213 -1 -2
12627 -1 -2
12587 -1 -2
12331 -1 -2
12527 -1 12835 -1 -2
12431 -1 -2
12355 -1 -2
10295 -1 10307 -1 -2
10307 -1 12679 -1 -2
33449 -1 -2
18871 -1 -2
12787 -1 12851 -1 -2
12407 -1 -2
10877 -1 12339 -1 12387 -1 -2
12431 -1 -2
12867 -1 -2
12299 -1 -2
33469 -1 -2
12331 -1 12355 -1 -2
12723 -1 -2
12367 -1 12399 -1 12419 -1 -2
12339 -1 12467 -1 12483 -1 12487 -1 12515 -1 35213 -1 -2
12355 -1 12567 -1 -2
12339 -1 12387 -1 12515 -1 12559 -1 35185 -1 -2
12867 -1 -2
12507 -1 12515 -1 -2
10339 -1 12875 -1 -2
12439 -1 12515 -1 -2
12407 -1 12567 -1 -2
34917 -1 34921 -1 34929 -1 35165 -1 -2
12327 -1 -2
12711 -1 -2
10877 -1 -2
12479 -1 -2
12463 -1 -2
12339 -1 35185 -1 -2
12723 -1 -2
18479 -1 18815 -1 -2
12411 -1 -2
10881 -1 34913 -1 35177 -1 35185 -1 35213 -1 -2
12683 -1 12883 -1 -2
12355 -1 12715 -1 -2
10841 -1 10877 -1 10881 -1 -2
33449 -1 -2
10311 -1 10315 -1 -2
10845 -1 10881 -1 -2
12827 -1 46281 -1 -2
12687 -1 35185 -1 -2
12407 -1 12431 -1 -2
10877 -1 -2
12723 -1 -2
12627 -1 12723 -1 -2
10315 -1 -2
10303 -1 12735 -1 12763 -1 12815 -1 12831 -1 32205 -1 -2
33449 -1 -2
33429 -1 -2
12299 -1 12567 -1 -2
35213 -1 -2
12327 -1 12335 -1 -2
12299 -1 12343 -1 12403 -1 12427 -1 12431 -1 12675 -1 12711 -1 12723 -1 -2
10319 -1 10339 -1 12335 -1 18583 -1 -2
12835 -1 -2
34909 -1 -2
10295 -1 -2
12663 -1 12667 -1 -2
18423 -1 -2
12711 -1 -2
12671 -1 -2
12883 -1 35213 -1 -2
12355 -1 -2
12339 -1 12407 -1 -2
12403 -1 12411 -1 -2
12879 -1 -2
10311 -1 10315 -1 12621 -1 12663 -1 -2
12679 -1 -2
34905 -1 -2
10881 -1 -2
12567 -1 12779 -1 12783 -1 -2
35185 -1 -2
12663 -1 12667 -1 -2
18795 -1 18799 -1 -2
12479 -1 33453 -1 33469 -1 34921 -1 -2
12723 -1 -2
12483 -1 12571 -1 -2
12771 -1 -2
10303 -1 12527 -1 12847 -1 35149 -1 -2
12519 -1 -2
12491 -1 -2
12299 -1 12367 -1 12399 -1 -2
12427 -1 -2
12419 -1 12431 -1 12443 -1 35153 -1 35165 -1 35189 -1 35193 -1 35197 -1 -2
33449 -1 -2
10841 -1 12327 -1 12335 -1 -2
12883 -1 -2
10841 -1 10881 -1 -2
12771 -1 -2
12495 -1 12891 -1 18727 -1 -2
34905 -1 -2
10841 -1 -2
12483 -1 -2
33449 -1 -2
12621 -1 -2
12431 -1 12567 -1 -2
12627 -1 -2
12567 -1 -2
12907 -1 -2
12783 -1 18787 -1 -2
12883 -1 -2
12447 -1 -2
12883 -1 -2
12611 -1 12621 -1 -2
10877 -1 -2
10877 -1 -2
32213 -1 -2
12515 -1 12519 -1 -2
12407 -1 -2
12299 -1 12431 -1 12675 -1 12835 -1 -2
12587 -1 -2
12431 -1 -2
12299 -1 12627 -1 18655 -1 -2
12663 -1 12847 -1 -2
35185 -1 -2
18575 -1 34909 -1 -2
12867 -1 35213 -1 -2
10307 -1 12475 -1 12655 -1 12687 -1 12803 -1 12831 -1 -2
10877 -1 12335 -1 12459 -1 12491 -1 12495 -1 12559 -1 12643 -1 12803 -1 12811 -1 12855 -1 12863 -1 12907 -1 35177 -1 -2
12339 -1 35185 -1 -2
12875 -1 -2
12339 -1 12483 -1 -2
12431 -1 -2
12627 -1 -2
10877 -1 34929 -1 -2
33469 -1 -2
33469 -1 -2
18423 -1 18451 -1 18535 -1 18555 -1 18559 -1 18563 -1 18683 -1 18707 -1 18847 -1 -2
12419 -1 -2
34893 -1 -2
35193 -1 -2
12407 -1 12447 -1 -2
10829 -1 12355 -1 12399 -1 12419 -1 12443 -1 12659 -1 -2
12723 -1 -2
10307 -1 12487 -1 12571 -1 12779 -1 33469 -1 -2
10845 -1 12343 -1 34925 -1 -2
12419 -1 12447 -1 -2
33449 -1 33469 -1 -2
10295 -1 10307 -1 10311 -1 12483 -1 12487 -1 12695 -1 12703 -1 32213 -1 -2
10841 -1 12343 -1 -2
10303 -1 10311 -1 10857 -1 12483 -1 12487 -1 12683 -1 12703 -1 18831 -1 32213 -1 46289 -1 -2
12407 -1 -2
12723 -1 -2
12587 -1 -2
33449 -1 -2
12299 -1 -2
33469 -1 -2
12483 -1 12487 -1 12695 -1 -2
12567 -1 -2
12719 -1 -2
33449 -1 -2
12571 -1 -2
34905 -1 -2
12411 -1 -2
10877 -1 12339 -1 12663 -1 33429 -1 34889 -1 34893 -1 34925 -1 35185 -1 -2
12339 -1 35185 -1 -2
12559 -1 -2
12883 -1 -2
12471 -1 -2
12735 -1 12743 -1 -2
12483 -1 12487 -1 12571 -1 12575 -1 18727 -1 -2
10881 -1 12587 -1 -2
10877 -1 12467 -1 -2
12655 -1 -2
10311 -1 12487 -1 12567 -1 12875 -1 -2
12347 -1 12355 -1 12571 -1 12575 -1 12579 -1 12779 -1 -2
10877 -1 12339 -1 12387 -1 12691 -1 33425 -1 35185 -1 -2
12471 -1 12875 -1 -2
12459 -1 12491 -1 -2
12403 -1 -2
12299 -1 12395 -1 12403 -1 -2
10869 -1 10877 -1 12327 -1 -2
12431 -1 -2
12339 -1 -2
12567 -1 -2
12659 -1 -2
10841 -1 10881 -1 12431 -1 -2
10877 -1 12299 -1 12515 -1 -2
10307 -1 -2
12895 -1 -2
10881 -1 12327 -1 -2
12823 -1 -2
12355 -1 -2
10881 -1 -2
12763 -1 -2
10877 -1 -2
12811 -1 12831 -1 -2
10841 -1 -2
18499 -1 18507 -1 18703 -1 18727 -1 18847 -1 -2
10295 -1 10315 -1 -2
12487 -1 -2
12831 -1 -2
10877 -1 12339 -1 12355 -1 12387 -1 -2
12883 -1 -2
35173 -1 -2
10833 -1 -2
10339 -1 10857 -1 10865 -1 12479 -1 12483 -1 12487 -1 12547 -1 12551 -1 12603 -1 12621 -1 12735 -1 12747 -1 12751 -1 12787 -1 -2
18871 -1 -2
12807 -1 -2
33469 -1 -2
12803 -1 12831 -1 -2
12299 -1 12439 -1 -2
18819 -1 -2
10877 -1 12595 -1 -2
12875 -1 -2
12483 -1 12895 -1 -2
12587 -1 35181 -1 35185 -1 -2
10307 -1 12695 -1 12795 -1 12831 -1 -2
12683 -1 -2
12299 -1 12675 -1 -2
12563 -1 35153 -1 35157 -1 35161 -1 35169 -1 -2
12567 -1 -2
10307 -1 12831 -1 12875 -1 33449 -1 -2
12431 -1 12443 -1 35197 -1 -2
10343 -1 12883 -1 32217 -1 32221 -1 33445 -1 -2
12355 -1 -2
12835 -1 -2
10845 -1 12431 -1 18599 -1 -2
10841 -1 10881 -1 12327 -1 -2
12387 -1 -2
10319 -1 -2
10307 -1 10339 -1 12483 -1 12611 -1 12715 -1 12763 -1 12771 -1 12855 -1 -2
12907 -1 -2
12335 -1 -2
12339 -1 -2
12663 -1 12875 -1 -2
10877 -1 -2
12571 -1 -2
12883 -1 -2
12883 -1 -2
12367 -1 -2
12587 -1 12903 -1 35165 -1 35181 -1 35185 -1 -2
12859 -1 12883 -1 -2
12731 -1 -2
12847 -1 -2
12327 -1 -2
12299 -1 12427 -1 -2
12399 -1 12411 -1 -2
33449 -1 -2
12663 -1 -2
18735 -1 -2
10857 -1 12571 -1 34893 -1 34901 -1 34913 -1 -2
12411 -1 -2
12635 -1 34921 -1 -2
12471 -1 -2
12739 -1 -2
33449 -1 33469 -1 -2
12407 -1 -2
10877 -1 12339 -1 35185 -1 -2
12431 -1 -2
12711 -1 -2
12727 -1 -2
12407 -1 12439 -1 -2
12887 -1 -2
18655 -1 -2
34909 -1 -2
12411 -1 12439 -1 -2
12655 -1 -2
18515 -1 18807 -1 -2
10311 -1 12679 -1 12703 -1 -2
12815 -1 12863 -1 -2
10307 -1 -2
10881 -1 18515 -1 -2
12823 -1 12907 -1 -2
10881 -1 12551 -1 34909 -1 34917 -1 -2
12355 -1 12559 -1 12579 -1 12583 -1 35157 -1 35169 -1 -2
33449 -1 -2
12299 -1 -2
12339 -1 12387 -1 -2
12343 -1 -2
10857 -1 12579 -1 12591 -1 -2
12419 -1 12443 -1 -2
12719 -1 -2
12735 -1 -2
12595 -1 -2
33449 -1 -2
12371 -1 -2
33449 -1 -2
12583 -1 35153 -1 -2
12515 -1 -2
10841 -1 10881 -1 12323 -1 12327 -1 12335 -1 12339 -1 12387 -1 12407 -1 18583 -1 18815 -1 -2
12559 -1 12563 -1 12587 -1 18487 -1 -2
12715 -1 -2
12339 -1 34913 -1 35185 -1 -2
35149 -1 -2
12483 -1 12875 -1 18787 -1 -2
12411 -1 -2
12339 -1 35181 -1 35185 -1 -2
12587 -1 -2
12419 -1 -2
12711 -1 12907 -1 -2
10303 -1 10849 -1 10857 -1 10861 -1 10865 -1 32197 -1 32209 -1 -2
10845 -1 12355 -1 -2
12895 -1 -2
12367 -1 -2
12587 -1 -2
18863 -1 -2
12339 -1 -2
12411 -1 -2
12339 -1 -2
12575 -1 -2
10877 -1 12587 -1 -2
10845 -1 10881 -1 35185 -1 -2
12355 -1 -2
12395 -1 12431 -1 -2
12343 -1 34929 -1 -2
12475 -1 -2
10841 -1 10881 -1 -2
12407 -1 12411 -1 12419 -1 12443 -1 12559 -1 18523 -1 18603 -1 -2
12467 -1 12851 -1 -2
12339 -1 12431 -1 -2
10877 -1 -2
10303 -1 -2
10307 -1 -2
12559 -1 12567 -1 -2
12355 -1 12559 -1 35177 -1 35185 -1 -2
12567 -1 -2
12715 -1 12727 -1 12771 -1 -2
10845 -1 10877 -1 10881 -1 12351 -1 12551 -1 35173 -1 35181 -1 -2
35185 -1 -2
12463 -1 -2
12659 -1 -2
10833 -1 12531 -1 12675 -1 -2
12327 -1 35181 -1 -2
12439 -1 18787 -1 -2
12659 -1 35177 -1 35181 -1 35185 -1 35213 -1 -2
12431 -1 -2
35181 -1 -2
33449 -1 33469 -1 -2
12883 -1 -2
12587 -1 -2
12327 -1 12431 -1 35181 -1 -2
12339 -1 12515 -1 12875 -1 35185 -1 -2
35209 -1 35213 -1 -2
12427 -1 12431 -1 12587 -1 -2
12467 -1 12663 -1 12667 -1 12851 -1 -2
12867 -1 12907 -1 -2
34921 -1 -2
10877 -1 12343 -1 34925 -1 -2
12567 -1 -2
12355 -1 12607 -1 -2
12579 -1 -2
10877 -1 12355 -1 -2
12783 -1 -2
12723 -1 -2
12483 -1 12487 -1 12875 -1 34893 -1 -2
12807 -1 -2
10877 -1 -2
12355 -1 12471 -1 12783 -1 -2
12467 -1 -2
12711 -1 12723 -1 -2
12523 -1 -2
12483 -1 12487 -1 -2
12399 -1 12403 -1 12411 -1 -2
12431 -1 -2
12723 -1 12731 -1 12783 -1 18587 -1 18875 -1 -2
12563 -1 12595 -1 12723 -1 -2
12587 -1 -2
10877 -1 -2
10845 -1 12339 -1 12475 -1 -2
34893 -1 -2
12679 -1 12715 -1 -2
12399 -1 -2
10877 -1 12327 -1 12339 -1 12475 -1 12675 -1 12899 -1 35181 -1 35185 -1 -2
12299 -1 12431 -1 12907 -1 -2
12587 -1 -2
12415 -1 12587 -1 -2
12399 -1 -2
12451 -1 -2
10877 -1 -2
33469 -1 -2
12621 -1 -2
12299 -1 12339 -1 12387 -1 12783 -1 12787 -1 -2
10299 -1 10307 -1 10311 -1 12483 -1 12487 -1 12703 -1 18683 -1 32213 -1 34893 -1 -2
10849 -1 10857 -1 -2
10877 -1 12339 -1 35185 -1 -2
12855 -1 12879 -1 -2
12479 -1 12483 -1 12487 -1 12663 -1 -2
12835 -1 -2
10877 -1 -2
12487 -1 -2
12431 -1 -2
10295 -1 -2
12335 -1 -2
12675 -1 -2
12839 -1 12867 -1 -2
10845 -1 10877 -1 12331 -1 12779 -1 -2
10877 -1 12339 -1 12579 -1 12883 -1 35185 -1 -2
12403 -1 12507 -1 -2
12431 -1 -2
12403 -1 12411 -1 12427 -1 12439 -1 12447 -1 12451 -1 12515 -1 18871 -1 -2
10877 -1 12371 -1 12431 -1 -2
12835 -1 -2
12399 -1 -2
10877 -1 12355 -1 -2
12715 -1 12723 -1 -2
12751 -1 -2
12659 -1 -2
33433 -1 33469 -1 -2
10877 -1 12447 -1 -2
12875 -1 34893 -1 -2
33469 -1 -2
10881 -1 12331 -1 35185 -1 -2
34905 -1 -2
12327 -1 -2
12715 -1 -2
10849 -1 -2
12339 -1 34921 -1 35165 -1 35169 -1 35173 -1 -2
12411 -1 18487 -1 -2
12487 -1 -2
12431 -1 -2
12355 -1 -2
12327 -1 -2
12411 -1 12439 -1 -2
12787 -1 -2
12483 -1 12487 -1 18871 -1 -2
12907 -1 18699 -1 -2
12395 -1 12415 -1 12431 -1 -2
12407 -1 -2
18787 -1 -2
12355 -1 -2
12555 -1 12587 -1 12591 -1 -2
12555 -1 -2
10841 -1 18767 -1 -2
12387 -1 -2
12375 -1 12419 -1 12431 -1 -2
12355 -1 12679 -1 12727 -1 12731 -1 12815 -1 12895 -1 34913 -1 34925 -1 -2
12591 -1 12779 -1 12783 -1 18447 -1 18627 -1 18787 -1 18871 -1 -2
32209 -1 -2
12523 -1 12527 -1 12531 -1 12627 -1 12631 -1 32197 -1 32201 -1 32205 -1 32209 -1 32213 -1 32217 -1 32221 -1 -2
10307 -1 12895 -1 -2
33449 -1 -2
12663 -1 -2
10877 -1 12355 -1 12587 -1 -2
12339 -1 35153 -1 -2
33449 -1 -2
10881 -1 12355 -1 12591 -1 12663 -1 12851 -1 -2
12691 -1 -2
12691 -1 33425 -1 34885 -1 -2
12355 -1 12431 -1 -2
10311 -1 -2
12299 -1 -2
10881 -1 -2
12439 -1 12567 -1 -2
35193 -1 -2
12675 -1 -2
12563 -1 12591 -1 12711 -1 12715 -1 18575 -1 18583 -1 -2
12715 -1 -2
12587 -1 -2
12487 -1 18523 -1 -2
12583 -1 12591 -1 35157 -1 35165 -1 35169 -1 -2
10311 -1 12695 -1 33449 -1 -2
12367 -1 12415 -1 -2
18499 -1 -2
12595 -1 -2
12743 -1 -2
10881 -1 35177 -1 -2
12467 -1 12471 -1 -2
12679 -1 12683 -1 -2
12621 -1 12799 -1 12867 -1 12895 -1 18879 -1 34921 -1 34925 -1 -2
12567 -1 -2
12419 -1 -2
10877 -1 12339 -1 -2
12407 -1 12515 -1 -2
12367 -1 12403 -1 -2
12515 -1 -2
12483 -1 12491 -1 12663 -1 12855 -1 -2
12339 -1 12567 -1 -2
10877 -1 10881 -1 12339 -1 12431 -1 -2
10877 -1 12331 -1 -2
12591 -1 35177 -1 -2
12331 -1 12335 -1 12339 -1 12355 -1 12387 -1 35185 -1 -2
12839 -1 12879 -1 -2
12299 -1 -2
12715 -1 -2
12407 -1 -2
12763 -1 33469 -1 -2
12367 -1 12395 -1 -2
12567 -1 -2
12703 -1 -2
12431 -1 -2
12471 -1 12587 -1 12659 -1 -2
12807 -1 -2
12339 -1 35185 -1 -2
33453 -1 33469 -1 -2
12419 -1 18487 -1 18587 -1 -2
12895 -1 18423 -1 18547 -1 18691 -1 18855 -1 -2
12431 -1 -2
12451 -1 12515 -1 -2
12567 -1 -2
12339 -1 35185 -1 35213 -1 -2
12447 -1 -2
12515 -1 -2
12663 -1 12667 -1 12671 -1 12687 -1 -2
12603 -1 -2
12355 -1 -2
12339 -1 12711 -1 12723 -1 35185 -1 -2
10877 -1 35165 -1 35185 -1 -2
12715 -1 -2
12663 -1 -2
12351 -1 12583 -1 12587 -1 12591 -1 12595 -1 -2
12847 -1 30335 -1 30339 -1 -2
12839 -1 -2
12339 -1 -2
12715 -1 -2
33449 -1 33469 -1 -2
33449 -1 -2
12663 -1 18487 -1 -2
10877 -1 12451 -1 -2
33469 -1 -2
18811 -1 18819 -1 -2
12559 -1 12595 -1 12647 -1 12659 -1 12895 -1 -2
10295 -1 10307 -1 10311 -1 10315 -1 12483 -1 12487 -1 12611 -1 12615 -1 12627 -1 12631 -1 12695 -1 12743 -1 12763 -1 12779 -1 12827 -1 12871 -1 12895 -1 33425 -1 33449 -1 -2
10877 -1 12335 -1 12339 -1 -2
12727 -1 -2
12431 -1 35185 -1 -2
35165 -1 -2
10881 -1 12547 -1 12907 -1 35185 -1 -2
12431 -1 12507 -1 -2
12587 -1 -2
12415 -1 -2
33449 -1 33469 -1 -2
12711 -1 12719 -1 12723 -1 12847 -1 -2
12675 -1 -2
10877 -1 -2
12355 -1 12559 -1 -2
18871 -1 18883 -1 -2
12339 -1 12407 -1 -2
10877 -1 12339 -1 -2
12675 -1 -2
33449 -1 33469 -1 -2
18599 -1 -2
12587 -1 -2
12339 -1 18871 -1 -2
10295 -1 10307 -1 10315 -1 10331 -1 10335 -1 12679 -1 12695 -1 12703 -1 -2
12419 -1 -2
12587 -1 -2
18787 -1 -2
10877 -1 -2
10877 -1 12407 -1 18487 -1 -2
12703 -1 34893 -1 -2
18587 -1 -2
12431 -1 12503 -1 12507 -1 12519 -1 12563 -1 12567 -1 12587 -1 18467 -1 -2
12339 -1 12431 -1 35185 -1 -2
12803 -1 -2
12603 -1 12621 -1 12731 -1 -2
34905 -1 -2
12475 -1 12659 -1 12683 -1 12859 -1 12883 -1 12887 -1 -2
12579 -1 -2
12339 -1 12387 -1 12407 -1 35165 -1 35185 -1 -2
12587 -1 -2
12587 -1 -2
12439 -1 -2
10307 -1 12679 -1 12895 -1 -2
18863 -1 -2
18575 -1 18875 -1 -2
12339 -1 12387 -1 35181 -1 35185 -1 -2
10307 -1 -2
12723 -1 -2
12439 -1 12447 -1 12515 -1 18587 -1 -2
33469 -1 -2
12603 -1 12607 -1 12611 -1 12621 -1 -2
12659 -1 12663 -1 -2
12483 -1 12587 -1 -2
12431 -1 -2
12463 -1 12479 -1 -2
12655 -1 12823 -1 12839 -1 -2
10877 -1 -2
10877 -1 12343 -1 12431 -1 18675 -1 -2
33469 -1 -2
34913 -1 -2
35177 -1 35181 -1 35185 -1 -2
10857 -1 -2
12483 -1 -2
10845 -1 12555 -1 34921 -1 -2
12819 -1 -2
12663 -1 12679 -1 12895 -1 -2
33469 -1 -2
12355 -1 12431 -1 -2
12871 -1 -2
10877 -1 -2
10295 -1 10307 -1 10311 -1 12611 -1 12627 -1 12631 -1 12779 -1 32197 -1 32201 -1 32205 -1 -2
12663 -1 34905 -1 -2
12595 -1 -2
12471 -1 12587 -1 -2
12431 -1 12443 -1 -2
12739 -1 -2
12715 -1 -2
12675 -1 12711 -1 -2
12587 -1 -2
10303 -1 10307 -1 12603 -1 12795 -1 12891 -1 34889 -1 -2
12403 -1 -2
12355 -1 12567 -1 -2
18863 -1 -2
12339 -1 -2
12783 -1 -2
12559 -1 12571 -1 12715 -1 -2
12339 -1 -2
10841 -1 -2
12895 -1 -2
12483 -1 -2
10877 -1 12339 -1 12355 -1 12387 -1 12551 -1 12583 -1 34917 -1 34921 -1 34925 -1 -2
10841 -1 10877 -1 12343 -1 -2
12487 -1 12875 -1 34893 -1 -2
12407 -1 -2
33449 -1 33469 -1 -2
34905 -1 -2
12587 -1 12659 -1 12859 -1 -2
12339 -1 -2
12415 -1 -2
12463 -1 12479 -1 12547 -1 12571 -1 12575 -1 12591 -1 35149 -1 -2
33449 -1 -2
12487 -1 -2
12327 -1 -2
10877 -1 -2
12839 -1 12843 -1 12855 -1 -2
12495 -1 12831 -1 34901 -1 34905 -1 -2
10311 -1 10315 -1 12483 -1 12487 -1 12571 -1 12703 -1 12875 -1 32197 -1 32201 -1 32205 -1 32209 -1 -2
10877 -1 34917 -1 -2
34913 -1 34921 -1 -2
12587 -1 -2
12431 -1 12435 -1 12483 -1 18743 -1 18879 -1 -2
12883 -1 -2
12875 -1 -2
18779 -1 -2
10841 -1 12327 -1 12355 -1 34929 -1 -2
10841 -1 10881 -1 -2
18471 -1 18787 -1 -2
12483 -1 -2
10307 -1 10311 -1 10315 -1 12463 -1 12487 -1 12491 -1 12495 -1 12523 -1 12527 -1 12531 -1 12621 -1 12627 -1 12655 -1 12695 -1 12703 -1 12755 -1 12767 -1 12895 -1 32209 -1 32213 -1 33449 -1 33469 -1 -2
12547 -1 12551 -1 12719 -1 12739 -1 12743 -1 12759 -1 -2
12819 -1 -2
12895 -1 18703 -1 -2
12827 -1 -2
18787 -1 34909 -1 34917 -1 -2
20807 -1 -2
18583 -1 -2
12447 -1 -2
12339 -1 35185 -1 35213 -1 -2
10841 -1 10845 -1 10877 -1 10881 -1 -2
12339 -1 12407 -1 -2
12407 -1 35213 -1 -2
12595 -1 -2
12559 -1 12567 -1 -2
12299 -1 -2
12351 -1 -2
12355 -1 -2
12807 -1 -2
35185 -1 -2
10841 -1 -2
10881 -1 12339 -1 12471 -1 12659 -1 12887 -1 -2
10881 -1 12323 -1 12643 -1 20807 -1 -2
12803 -1 -2
35213 -1 -2
12907 -1 18483 -1 18487 -1 18495 -1 -2
12883 -1 -2
33433 -1 33453 -1 33469 -1 -2
12715 -1 12719 -1 -2
12679 -1 18495 -1 -2
10311 -1 -2
12431 -1 -2
10841 -1 10877 -1 10881 -1 12355 -1 -2
12551 -1 -2
12587 -1 -2
10881 -1 12343 -1 -2
12895 -1 -2
10841 -1 12343 -1 12551 -1 12559 -1 12563 -1 12583 -1 -2
12679 -1 -2
12643 -1 12719 -1 12811 -1 -2
12339 -1 12387 -1 12407 -1 -2
12587 -1 -2
12411 -1 -2
12327 -1 35173 -1 -2
12491 -1 12495 -1 35181 -1 -2
12339 -1 12431 -1 35185 -1 -2
12339 -1 18691 -1 34929 -1 35181 -1 35185 -1 -2
12711 -1 -2
12339 -1 -2
10877 -1 10881 -1 12339 -1 12355 -1 12431 -1 12507 -1 34913 -1 35201 -1 -2
10841 -1 10881 -1 -2
12407 -1 -2
12299 -1 -2
10295 -1 10315 -1 12479 -1 12483 -1 12487 -1 12495 -1 12695 -1 -2
12815 -1 12895 -1 33449 -1 33469 -1 -2
10877 -1 -2
18879 -1 -2
10877 -1 -2
12343 -1 -2
12627 -1 -2
12627 -1 18831 -1 -2
12339 -1 -2
12339 -1 -2
12419 -1 -2
10881 -1 18879 -1 -2
12355 -1 12479 -1 12547 -1 12551 -1 12571 -1 12575 -1 12579 -1 35173 -1 -2
12423 -1 12439 -1 12719 -1 -2
12431 -1 -2
33449 -1 33469 -1 -2
10881 -1 12327 -1 35177 -1 -2
12371 -1 -2
12339 -1 12663 -1 12839 -1 -2
10311 -1 -2
12411 -1 -2
12431 -1 -2
12483 -1 -2
10841 -1 10845 -1 10877 -1 10881 -1 -2
12879 -1 -2
12659 -1 12895 -1 -2
10299 -1 10303 -1 10307 -1 12795 -1 -2
12483 -1 12487 -1 -2
12587 -1 -2
12343 -1 12467 -1 12551 -1 12807 -1 -2
10877 -1 12339 -1 -2
12835 -1 -2
12459 -1 12587 -1 12663 -1 12855 -1 -2
12559 -1 -2
10881 -1 -2
33449 -1 -2
10861 -1 -2
12723 -1 -2
12299 -1 12419 -1 12515 -1 18871 -1 -2
12323 -1 12331 -1 12339 -1 12515 -1 12587 -1 12735 -1 -2
12675 -1 -2
12411 -1 12867 -1 -2
12299 -1 -2
34893 -1 34897 -1 -2
12371 -1 -2
12467 -1 12663 -1 -2
12715 -1 -2
12615 -1 -2
12715 -1 12723 -1 -2
10841 -1 10877 -1 10881 -1 12327 -1 12339 -1 12431 -1 12475 -1 12659 -1 12687 -1 12815 -1 12819 -1 12903 -1 35185 -1 -2
12711 -1 12715 -1 -2
12883 -1 -2
12371 -1 12487 -1 -2
12343 -1 12507 -1 12515 -1 12519 -1 -2
12711 -1 -2
10311 -1 18507 -1 -2
12567 -1 -2
10841 -1 12327 -1 12355 -1 -2
35149 -1 -2
12855 -1 -2
10877 -1 35177 -1 -2
10877 -1 -2
12339 -1 35185 -1 -2
12439 -1 -2
12871 -1 33425 -1 33429 -1 -2
12907 -1 -2
12367 -1 -2
12675 -1 -2
12627 -1 -2
12587 -1 35181 -1 -2
10339 -1 12663 -1 12679 -1 12767 -1 -2
12431 -1 -2
10861 -1 12679 -1 12819 -1 -2
12551 -1 -2
12659 -1 -2
12711 -1 12715 -1 -2
10841 -1 12327 -1 12343 -1 12431 -1 35181 -1 -2
12767 -1 12895 -1 -2
10877 -1 12335 -1 -2
12615 -1 -2
10841 -1 10849 -1 -2
12339 -1 -2
12371 -1 12395 -1 12403 -1 12431 -1 12547 -1 12711 -1 -2
12567 -1 -2
18663 -1 18855 -1 -2
12835 -1 18787 -1 -2
12407 -1 -2
10877 -1 10881 -1 -2
12339 -1 35185 -1 -2
12339 -1 12695 -1 -2
10841 -1 12327 -1 12419 -1 12471 -1 12475 -1 12587 -1 12659 -1 -2
12663 -1 -2
12663 -1 -2
12827 -1 -2
10857 -1 10865 -1 12431 -1 12739 -1 12743 -1 12779 -1 12823 -1 32197 -1 35185 -1 -2
10841 -1 12335 -1 12443 -1 34917 -1 -2
12621 -1 -2
12367 -1 12375 -1 -2
12663 -1 -2
12627 -1 -2
12339 -1 -2
12431 -1 -2
12339 -1 -2
12355 -1 -2
33469 -1 -2
10877 -1 12715 -1 -2
12779 -1 12783 -1 -2
10877 -1 -2
10877 -1 12515 -1 -2
12739 -1 -2
12627 -1 -2
12431 -1 -2
12339 -1 12519 -1 -2
35169 -1 -2
35149 -1 35169 -1 -2
20807 -1 -2
12627 -1 -2
12583 -1 -2
12835 -1 -2
12843 -1 -2
12711 -1 -2
12551 -1 -2
12747 -1 -2
10861 -1 18475 -1 -2
12355 -1 12431 -1 12447 -1 12555 -1 -2
18787 -1 -2
12679 -1 12695 -1 33449 -1 33469 -1 34885 -1 -2
12631 -1 12763 -1 12779 -1 -2
12735 -1 -2
10849 -1 18439 -1 18595 -1 18787 -1 -2
35177 -1 -2
10881 -1 -2
10877 -1 -2
12367 -1 12395 -1 12403 -1 -2
12339 -1 12387 -1 12407 -1 -2
12907 -1 -2
10307 -1 12895 -1 -2
12299 -1 12407 -1 12411 -1 12427 -1 12515 -1 12519 -1 -2
10307 -1 12355 -1 12411 -1 12431 -1 12495 -1 12643 -1 12663 -1 12859 -1 -2
12567 -1 -2
12483 -1 12487 -1 12703 -1 32213 -1 -2
10339 -1 12487 -1 12675 -1 -2
12587 -1 -2
12779 -1 -2
12339 -1 12407 -1 -2
12663 -1 -2
12739 -1 -2
12615 -1 -2
12483 -1 12487 -1 30311 -1 -2
18707 -1 -2
12823 -1 12907 -1 34905 -1 -2
12335 -1 34909 -1 35181 -1 -2
12711 -1 -2
12439 -1 33449 -1 -2
12807 -1 12855 -1 12903 -1 12907 -1 -2
12339 -1 35185 -1 -2
12895 -1 33453 -1 33469 -1 -2
10307 -1 12627 -1 12683 -1 12691 -1 12879 -1 12903 -1 33449 -1 33469 -1 -2
33469 -1 -2
12783 -1 12787 -1 -2
12299 -1 -2
12347 -1 12363 -1 18871 -1 35181 -1 -2
12335 -1 35177 -1 -2
12567 -1 -2
12367 -1 12411 -1 12419 -1 12431 -1 12503 -1 12507 -1 12511 -1 12515 -1 12519 -1 -2
10841 -1 10877 -1 10881 -1 35177 -1 35181 -1 -2
33449 -1 -2
10295 -1 10303 -1 10307 -1 10315 -1 12463 -1 12479 -1 12483 -1 12491 -1 12495 -1 12759 -1 -2
12399 -1 12411 -1 12419 -1 12431 -1 -2
10841 -1 10877 -1 12339 -1 18871 -1 35185 -1 -2
12531 -1 -2
12339 -1 12387 -1 -2
12895 -1 -2
12621 -1 12751 -1 -2
10845 -1 -2
12507 -1 -2
12439 -1 12447 -1 12451 -1 12515 -1 12519 -1 -2
12743 -1 12771 -1 -2
12407 -1 -2
12719 -1 12735 -1 -2
18547 -1 18707 -1 18787 -1 -2
12403 -1 -2
12883 -1 -2
12859 -1 12887 -1 33445 -1 34921 -1 34925 -1 -2
12723 -1 -2
12439 -1 -2
18547 -1 18695 -1 -2
10877 -1 12335 -1 12343 -1 12467 -1 12621 -1 12647 -1 12655 -1 12807 -1 12819 -1 12867 -1 -2
12571 -1 12575 -1 12583 -1 12587 -1 33469 -1 34893 -1 -2
12907 -1 -2
10295 -1 10299 -1 10307 -1 10315 -1 10865 -1 12459 -1 12467 -1 12487 -1 12491 -1 12527 -1 12627 -1 12715 -1 12723 -1 12727 -1 12731 -1 12743 -1 12759 -1 12763 -1 12815 -1 12827 -1 12895 -1 32201 -1 32205 -1 32209 -1 32213 -1 -2
12759 -1 12803 -1 12819 -1 -2
10877 -1 12431 -1 12483 -1 -2
12339 -1 -2
12715 -1 -2
12655 -1 12687 -1 12803 -1 12819 -1 46281 -1 -2
12663 -1 -2
33449 -1 33469 -1 -2
12907 -1 -2
34897 -1 -2
10865 -1 -2
12483 -1 -2
12567 -1 -2
12299 -1 12407 -1 -2
33469 -1 -2
12727 -1 -2
12555 -1 12615 -1 -2
12679 -1 -2
12407 -1 -2
10869 -1 10877 -1 12355 -1 12431 -1 12555 -1 12567 -1 34917 -1 -2
12299 -1 -2
12663 -1 33425 -1 -2
10877 -1 -2
12907 -1 -2
12411 -1 -2
10877 -1 -2
33469 -1 -2
34913 -1 -2
12551 -1 -2
10841 -1 -2
12659 -1 12711 -1 12715 -1 12719 -1 -2
12627 -1 33433 -1 33453 -1 33469 -1 -2
12327 -1 12483 -1 -2
10877 -1 12439 -1 -2
33469 -1 -2
10877 -1 -2
18831 -1 -2
12883 -1 -2
12711 -1 -2
18423 -1 33469 -1 -2
12867 -1 -2
10877 -1 12327 -1 12331 -1 12335 -1 34901 -1 34905 -1 -2
12579 -1 35213 -1 -2
12611 -1 12755 -1 12767 -1 33469 -1 -2
12335 -1 -2
10869 -1 10877 -1 -2
12335 -1 12343 -1 -2
12439 -1 -2
12743 -1 12767 -1 -2
12763 -1 -2
35153 -1 -2
12591 -1 -2
12679 -1 12703 -1 33449 -1 -2
12515 -1 -2
12711 -1 12723 -1 -2
12631 -1 -2
12695 -1 -2
33449 -1 33453 -1 33469 -1 46285 -1 -2
12595 -1 35149 -1 35157 -1 35169 -1 -2
12719 -1 12723 -1 -2
12875 -1 -2
12331 -1 -2
12607 -1 12663 -1 -2
10853 -1 -2
12671 -1 -2
12431 -1 -2
12299 -1 12407 -1 12411 -1 12431 -1 12507 -1 -2
12299 -1 -2
10303 -1 10307 -1 12483 -1 12551 -1 -2
35149 -1 35165 -1 -2
12835 -1 12847 -1 -2
12339 -1 -2
12339 -1 -2
12567 -1 -2
34905 -1 -2
12711 -1 -2
12299 -1 -2
12711 -1 12719 -1 -2
12767 -1 -2
34905 -1 -2
12671 -1 -2
12471 -1 12859 -1 12883 -1 12887 -1 -2
12339 -1 -2
12695 -1 12815 -1 12895 -1 -2
12615 -1 -2
20807 -1 -2
12559 -1 12567 -1 -2
12523 -1 12527 -1 12535 -1 12603 -1 12621 -1 12687 -1 33433 -1 33469 -1 34889 -1 34901 -1 34905 -1 46289 -1 -2
12411 -1 -2
33449 -1 33469 -1 -2
10877 -1 -2
35213 -1 -2
12711 -1 12731 -1 -2
12407 -1 12411 -1 12431 -1 -2
18871 -1 -2
12675 -1 12883 -1 -2
12895 -1 -2
10877 -1 12351 -1 12355 -1 12663 -1 -2
10307 -1 10311 -1 12487 -1 12703 -1 32213 -1 34893 -1 -2
12463 -1 -2
12679 -1 -2
12675 -1 -2
33469 -1 -2
34909 -1 34917 -1 -2
34921 -1 34925 -1 34929 -1 -2
12339 -1 -2
12819 -1 -2
12355 -1 12431 -1 -2
34925 -1 -2
35181 -1 -2
12439 -1 12451 -1 12515 -1 12621 -1 -2
10865 -1 12711 -1 12715 -1 12723 -1 -2
10841 -1 10845 -1 10877 -1 12335 -1 12431 -1 12659 -1 -2
12723 -1 -2
34929 -1 -2
12355 -1 18547 -1 -2
12339 -1 12387 -1 -2
12675 -1 -2
34901 -1 -2
12831 -1 -2
12723 -1 -2
10833 -1 -2
10877 -1 -2
12723 -1 -2
12411 -1 12431 -1 -2
12419 -1 -2
12463 -1 -2
10877 -1 35185 -1 -2
18787 -1 -2
34909 -1 -2
33433 -1 -2
12895 -1 -2
10841 -1 10849 -1 -2
12327 -1 12711 -1 12719 -1 -2
12567 -1 -2
10307 -1 12663 -1 -2
12835 -1 12851 -1 -2
12299 -1 12399 -1 -2
12587 -1 -2
18691 -1 -2
12407 -1 12411 -1 12515 -1 -2
34905 -1 -2
12559 -1 -2
10869 -1 -2
18655 -1 18659 -1 -2
32209 -1 -2
12435 -1 -2
12799 -1 35149 -1 35157 -1 35165 -1 35169 -1 -2
10853 -1 -2
12483 -1 -2
10841 -1 10849 -1 -2
12471 -1 12559 -1 12711 -1 12715 -1 -2
12355 -1 12621 -1 18575 -1 -2
10841 -1 12371 -1 -2
12591 -1 -2
18655 -1 -2
10339 -1 12471 -1 -2
12875 -1 -2
12883 -1 12887 -1 -2
12567 -1 -2
12663 -1 -2
12339 -1 -2
12715 -1 -2
33469 -1 -2
33469 -1 -2
12407 -1 12419 -1 12439 -1 12503 -1 12511 -1 12515 -1 12519 -1 -2
12495 -1 12727 -1 12731 -1 12831 -1 12895 -1 -2
10877 -1 12339 -1 12407 -1 35169 -1 35173 -1 -2
12595 -1 -2
12715 -1 12727 -1 -2
12431 -1 -2
12807 -1 12811 -1 -2
12339 -1 -2
12343 -1 34917 -1 34929 -1 35177 -1 -2
12807 -1 -2
12711 -1 -2
12355 -1 -2
34905 -1 -2
12815 -1 12827 -1 12895 -1 -2
12355 -1 12719 -1 -2
12587 -1 -2
33449 -1 33469 -1 35157 -1 -2
12563 -1 12579 -1 35153 -1 35165 -1 -2
12367 -1 12411 -1 12483 -1 12487 -1 12587 -1 12671 -1 12875 -1 -2
12587 -1 -2
12871 -1 -2
12675 -1 -2
10833 -1 10841 -1 10849 -1 12579 -1 12879 -1 12883 -1 12903 -1 34921 -1 34925 -1 34929 -1 -2
12563 -1 12583 -1 12595 -1 35169 -1 35177 -1 35181 -1 -2
18743 -1 18787 -1 18879 -1 -2
12703 -1 -2
12719 -1 -2
12621 -1 18831 -1 32205 -1 33449 -1 33469 -1 34885 -1 -2
12467 -1 12667 -1 12675 -1 -2
12495 -1 -2
18487 -1 -2
18683 -1 -2
12587 -1 -2
33449 -1 -2
33449 -1 -2
12883 -1 -2
12559 -1 -2
12711 -1 12715 -1 -2
18479 -1 35177 -1 35181 -1 35185 -1 35213 -1 -2
12579 -1 -2
35185 -1 -2
12723 -1 -2
35153 -1 -2
12351 -1 12355 -1 18683 -1 -2
12575 -1 12895 -1 -2
10343 -1 12859 -1 12883 -1 -2
10877 -1 12715 -1 -2
35177 -1 35185 -1 -2
12339 -1 -2
12299 -1 -2
12327 -1 -2
12679 -1 -2
12763 -1 -2
10877 -1 -2
12407 -1 -2
12715 -1 -2
10319 -1 10339 -1 12335 -1 12355 -1 18495 -1 18523 -1 18575 -1 20807 -1 -2
10877 -1 12579 -1 12583 -1 35157 -1 -2
34917 -1 -2
12711 -1 -2
12431 -1 -2
33449 -1 33469 -1 -2
12895 -1 -2
10315 -1 -2
32197 -1 -2
12431 -1 12603 -1 34929 -1 -2
10343 -1 12663 -1 12675 -1 35185 -1 -2
12299 -1 12443 -1 -2
18707 -1 -2
12711 -1 -2
10877 -1 12335 -1 -2
12695 -1 12703 -1 12815 -1 12827 -1 12867 -1 12895 -1 33453 -1 33469 -1 -2
10315 -1 -2
12327 -1 12343 -1 -2
12663 -1 12711 -1 12715 -1 12847 -1 18683 -1 18787 -1 18871 -1 -2
10307 -1 10311 -1 12567 -1 34893 -1 -2
10877 -1 -2
10295 -1 10303 -1 10307 -1 10311 -1 10315 -1 10881 -1 12547 -1 12551 -1 12803 -1 32205 -1 34921 -1 34925 -1 -2
12483 -1 12487 -1 -2
12479 -1 -2
10315 -1 -2
12663 -1 -2
10865 -1 10877 -1 12355 -1 -2
12621 -1 -2
12471 -1 12711 -1 -2
12551 -1 -2
33429 -1 33445 -1 34921 -1 -2
10315 -1 12595 -1 30295 -1 -2
12711 -1 12715 -1 12723 -1 12731 -1 12735 -1 12739 -1 12779 -1 -2
12883 -1 -2
34901 -1 -2
12719 -1 12763 -1 -2
35177 -1 35181 -1 35185 -1 -2
12523 -1 12531 -1 -2
12327 -1 -2
12367 -1 12395 -1 12431 -1 -2
12299 -1 12367 -1 12411 -1 12419 -1 -2
12507 -1 -2
12407 -1 12451 -1 12503 -1 12511 -1 12515 -1 12519 -1 33469 -1 -2
10865 -1 18683 -1 -2
12407 -1 18871 -1 -2
12355 -1 34921 -1 35181 -1 35213 -1 -2
33449 -1 -2
10315 -1 -2
12483 -1 12487 -1 -2
10829 -1 34921 -1 -2
35165 -1 -2
12483 -1 12487 -1 12551 -1 32205 -1 33449 -1 46293 -1 -2
10307 -1 12487 -1 35149 -1 -2
12675 -1 12723 -1 -2
33449 -1 33469 -1 -2
12439 -1 -2
33449 -1 -2
12687 -1 -2
12339 -1 12387 -1 12711 -1 -2
12715 -1 -2
12415 -1 12439 -1 -2
12547 -1 12555 -1 -2
34921 -1 34929 -1 -2
30295 -1 -2
33449 -1 -2
12299 -1 -2
12463 -1 12559 -1 -2
12723 -1 -2
12591 -1 -2
12515 -1 12723 -1 -2
18619 -1 -2
12399 -1 12447 -1 12451 -1 -2
12339 -1 12347 -1 12387 -1 -2
10881 -1 12343 -1 34921 -1 -2
12515 -1 -2
18559 -1 18611 -1 18787 -1 -2
10833 -1 -2
12567 -1 -2
12615 -1 -2
12895 -1 33469 -1 -2
12299 -1 12627 -1 18583 -1 -2
10877 -1 -2
12447 -1 -2
18863 -1 20807 -1 -2
10877 -1 12711 -1 12719 -1 12903 -1 32209 -1 34909 -1 -2
12711 -1 12723 -1 -2
33449 -1 -2
10877 -1 -2
18563 -1 -2
10841 -1 12483 -1 12703 -1 32213 -1 -2
10877 -1 10881 -1 -2
10299 -1 10307 -1 12831 -1 -2
12431 -1 -2
12439 -1 -2
35153 -1 35161 -1 35181 -1 35185 -1 -2
12523 -1 -2
20803 -1 20807 -1 -2
12643 -1 -2
12621 -1 -2
18487 -1 35157 -1 -2
12563 -1 12579 -1 12583 -1 12595 -1 -2
12783 -1 -2
18879 -1 -2
12299 -1 -2
12731 -1 -2
10841 -1 34909 -1 -2
12407 -1 12511 -1 -2
35149 -1 35153 -1 35157 -1 35161 -1 35169 -1 35177 -1 -2
12331 -1 12339 -1 12387 -1 35185 -1 -2
12495 -1 12647 -1 -2
12695 -1 12703 -1 32197 -1 32209 -1 -2
12431 -1 -2
12663 -1 -2
12343 -1 -2
12343 -1 -2
12339 -1 12411 -1 -2
34921 -1 -2
12431 -1 -2
10865 -1 12523 -1 12531 -1 -2
12407 -1 12427 -1 -2
12711 -1 12779 -1 18787 -1 -2
35169 -1 -2
10877 -1 -2
12895 -1 -2
12711 -1 12715 -1 -2
34925 -1 -2
12299 -1 12419 -1 -2
33449 -1 -2
12459 -1 12679 -1 -2
12339 -1 12723 -1 -2
12419 -1 -2
18523 -1 18831 -1 -2
12591 -1 -2
12643 -1 12659 -1 12663 -1 12811 -1 12863 -1 -2
12431 -1 -2
10315 -1 10339 -1 -2
33449 -1 -2
12763 -1 -2
12895 -1 -2
12483 -1 -2
12679 -1 -2
12487 -1 30307 -1 30331 -1 34893 -1 -2
12451 -1 -2
12487 -1 -2
33449 -1 -2
12351 -1 12355 -1 12547 -1 12551 -1 34917 -1 -2
12419 -1 35149 -1 -2
12567 -1 -2
10295 -1 12463 -1 12483 -1 12487 -1 12691 -1 12695 -1 12703 -1 12795 -1 12819 -1 12831 -1 -2
12343 -1 12431 -1 12883 -1 -2
12459 -1 12463 -1 12491 -1 12811 -1 12815 -1 12847 -1 12895 -1 12903 -1 12907 -1 -2
12331 -1 -2
10315 -1 10339 -1 18847 -1 33445 -1 34885 -1 34897 -1 34913 -1 34921 -1 35149 -1 35169 -1 -2
33449 -1 -2
33449 -1 -2
10857 -1 10861 -1 10865 -1 12715 -1 12739 -1 12763 -1 12779 -1 32201 -1 32205 -1 -2
12611 -1 12755 -1 -2
33469 -1 -2
12459 -1 12479 -1 -2
12507 -1 18671 -1 -2
12591 -1 35169 -1 -2
12703 -1 -2
12439 -1 12567 -1 12711 -1 -2
18639 -1 35169 -1 -2
10833 -1 12579 -1 35185 -1 -2
12723 -1 -2
12663 -1 12679 -1 -2
12723 -1 -2
12327 -1 12335 -1 34905 -1 -2
10877 -1 12339 -1 35185 -1 -2
12895 -1 -2
12483 -1 12487 -1 12527 -1 -2
12431 -1 -2
12875 -1 -2
12459 -1 -2
12763 -1 -2
33469 -1 -2
12787 -1 -2
10291 -1 10829 -1 12515 -1 12551 -1 12659 -1 12831 -1 -2
12787 -1 -2
12663 -1 12807 -1 12867 -1 -2
12611 -1 12783 -1 -2
18683 -1 -2
33469 -1 -2
12567 -1 18879 -1 -2
12483 -1 -2
18691 -1 -2
12343 -1 -2
12567 -1 18691 -1 -2
12679 -1 -2
12731 -1 -2
12431 -1 -2
10311 -1 -2
12579 -1 -2
12627 -1 -2
12567 -1 18563 -1 18587 -1 18815 -1 18827 -1 -2
12643 -1 12647 -1 12659 -1 12663 -1 -2
18663 -1 -2
10295 -1 10307 -1 10311 -1 -2
12515 -1 -2
10841 -1 10881 -1 12579 -1 12583 -1 -2
12799 -1 12843 -1 12855 -1 12903 -1 -2
12663 -1 -2
33469 -1 -2
18691 -1 -2
12531 -1 12535 -1 18879 -1 -2
12715 -1 12723 -1 -2
33449 -1 -2
10299 -1 10307 -1 -2
10295 -1 10311 -1 10315 -1 -2
12411 -1 -2
34913 -1 -2
12747 -1 12751 -1 12755 -1 34889 -1 -2
33469 -1 -2
10877 -1 12331 -1 12339 -1 -2
12411 -1 12515 -1 18787 -1 33437 -1 -2
12851 -1 -2
12339 -1 -2
10315 -1 -2
12407 -1 12411 -1 -2
12879 -1 -2
10307 -1 12787 -1 33469 -1 -2
12375 -1 12723 -1 -2
12299 -1 12627 -1 -2
10833 -1 12835 -1 -2
12867 -1 -2
18691 -1 18723 -1 18727 -1 18731 -1 27389 -1 -2
10307 -1 -2
10833 -1 -2
33449 -1 33469 -1 -2
12299 -1 12407 -1 12427 -1 12447 -1 35213 -1 -2
12459 -1 12835 -1 12863 -1 12883 -1 -2
10311 -1 12459 -1 12491 -1 12531 -1 33449 -1 -2
10315 -1 12471 -1 12479 -1 12491 -1 12523 -1 12527 -1 12627 -1 12643 -1 12667 -1 12671 -1 12683 -1 12687 -1 12691 -1 18695 -1 20807 -1 32213 -1 33449 -1 33469 -1 -2
33449 -1 -2
10833 -1 10849 -1 12675 -1 -2
10291 -1 12663 -1 12679 -1 12683 -1 12895 -1 -2
12419 -1 18627 -1 -2
10841 -1 10869 -1 -2
10833 -1 10849 -1 10861 -1 12347 -1 12355 -1 12431 -1 12783 -1 -2
12771 -1 -2
12431 -1 -2
18683 -1 33465 -1 -2
10877 -1 12343 -1 -2
12895 -1 33469 -1 -2
12883 -1 -2
33449 -1 33469 -1 -2
12467 -1 12663 -1 12667 -1 12675 -1 12839 -1 12851 -1 -2
10307 -1 -2
12343 -1 12355 -1 -2
12771 -1 -2
34889 -1 -2
12851 -1 -2
12471 -1 12583 -1 -2
12579 -1 12583 -1 -2
12675 -1 -2
12691 -1 -2
12487 -1 -2
12355 -1 12411 -1 12431 -1 12663 -1 12779 -1 12787 -1 -2
12575 -1 12855 -1 12879 -1 35181 -1 35185 -1 -2
10291 -1 10295 -1 10299 -1 10303 -1 10307 -1 10315 -1 10327 -1 10833 -1 12459 -1 12463 -1 12467 -1 12491 -1 12495 -1 12523 -1 12527 -1 12531 -1 12611 -1 12627 -1 12647 -1 12655 -1 12679 -1 12683 -1 12687 -1 12691 -1 12695 -1 12739 -1 12743 -1 12763 -1 12771 -1 12787 -1 32201 -1 32205 -1 32209 -1 32213 -1 32221 -1 33425 -1 33433 -1 33437 -1 33449 -1 33453 -1 33465 -1 33469 -1 46289 -1 -2
34909 -1 34917 -1 34921 -1 -2
12627 -1 -2
12663 -1 -2
33449 -1 -2
18707 -1 34909 -1 -2
35149 -1 -2
33449 -1 -2
12367 -1 12399 -1 12403 -1 -2
12627 -1 32197 -1 -2
12863 -1 12907 -1 -2
33449 -1 -2
33469 -1 -2
12483 -1 12703 -1 34893 -1 -2
10307 -1 12407 -1 18443 -1 35185 -1 -2
12399 -1 12407 -1 12411 -1 12427 -1 12439 -1 -2
12627 -1 -2
10295 -1 10307 -1 10311 -1 10315 -1 10339 -1 12483 -1 12487 -1 12607 -1 12643 -1 12679 -1 12691 -1 12715 -1 12723 -1 12759 -1 12771 -1 12831 -1 30323 -1 32197 -1 32201 -1 32205 -1 32213 -1 33425 -1 33433 -1 33449 -1 -2
12723 -1 -2
10295 -1 10303 -1 10307 -1 -2
33433 -1 33453 -1 -2
12323 -1 -2
12751 -1 12755 -1 -2
12895 -1 33449 -1 33469 -1 -2
12711 -1 12779 -1 -2
10307 -1 12735 -1 12739 -1 12759 -1 12767 -1 12771 -1 12779 -1 18691 -1 -2
12411 -1 12439 -1 -2
10881 -1 -2
12567 -1 -2
12627 -1 18675 -1 -2
12663 -1 -2
12883 -1 -2
10877 -1 12471 -1 12663 -1 12675 -1 12847 -1 -2
10881 -1 12327 -1 12331 -1 12339 -1 12583 -1 34921 -1 35185 -1 -2
12723 -1 -2
12515 -1 -2
12495 -1 -2
18507 -1 35177 -1 -2
12483 -1 12487 -1 12575 -1 12703 -1 -2
10877 -1 -2
12299 -1 12395 -1 12399 -1 12411 -1 12415 -1 -2
33433 -1 33469 -1 -2
12431 -1 -2
12299 -1 -2
12567 -1 18831 -1 -2
12603 -1 12621 -1 12627 -1 -2
10311 -1 10315 -1 12895 -1 33433 -1 33449 -1 33465 -1 33469 -1 -2
12883 -1 -2
10311 -1 12483 -1 12691 -1 -2
10877 -1 -2
12355 -1 -2
12571 -1 -2
33449 -1 -2
10877 -1 12643 -1 34921 -1 -2
35165 -1 -2
12479 -1 12487 -1 12621 -1 -2
10307 -1 10311 -1 12827 -1 -2
12591 -1 18879 -1 -2
12627 -1 12875 -1 12899 -1 -2
10295 -1 10315 -1 10849 -1 12463 -1 12479 -1 12567 -1 12687 -1 12691 -1 12795 -1 12819 -1 12871 -1 12875 -1 12895 -1 18439 -1 18523 -1 18595 -1 18787 -1 18863 -1 35149 -1 35201 -1 35213 -1 -2
10299 -1 10307 -1 10311 -1 10315 -1 -2
12659 -1 12883 -1 -2
10829 -1 10833 -1 10881 -1 12343 -1 -2
12819 -1 12831 -1 -2
10295 -1 10303 -1 10327 -1 10829 -1 10833 -1 10837 -1 10841 -1 10845 -1 10849 -1 10853 -1 10857 -1 10861 -1 10865 -1 10869 -1 10877 -1 10881 -1 12459 -1 12463 -1 12467 -1 12471 -1 12475 -1 12479 -1 12483 -1 12487 -1 12491 -1 12495 -1 12523 -1 12527 -1 12531 -1 12547 -1 12551 -1 12555 -1 12559 -1 12563 -1 12567 -1 12571 -1 12575 -1 12579 -1 12583 -1 12587 -1 12591 -1 12595 -1 12679 -1 12683 -1 12687 -1 12691 -1 12695 -1 12703 -1 12711 -1 12715 -1 12719 -1 12723 -1 12727 -1 12731 -1 12735 -1 12739 -1 12743 -1 12747 -1 12751 -1 12755 -1 12759 -1 12763 -1 12767 -1 12771 -1 12775 -1 12779 -1 12783 -1 12787 -1 12795 -1 12799 -1 12803 -1 12807 -1 12811 -1 12815 -1 12819 -1 12823 -1 12827 -1 12831 -1 12835 -1 12839 -1 12843 -1 12847 -1 12851 -1 12855 -1 12859 -1 12863 -1 12867 -1 12871 -1 12875 -1 12879 -1 12883 -1 12887 -1 12891 -1 12895 -1 12899 -1 12903 -1 12907 -1 18439 -1 18583 -1 18595 -1 18727 -1 32197 -1 32201 -1 32205 -1 32209 -1 32213 -1 32217 -1 32221 -1 -2
10291 -1 10299 -1 10307 -1 10311 -1 10315 -1 10829 -1 10877 -1 12351 -1 12355 -1 12403 -1 12411 -1 12427 -1 12431 -1 12439 -1 12447 -1 12451 -1 12479 -1 12483 -1 12495 -1 12515 -1 12547 -1 12555 -1 12559 -1 12567 -1 12575 -1 12621 -1 12627 -1 12663 -1 12675 -1 12679 -1 12687 -1 12715 -1 12723 -1 12727 -1 12731 -1 12759 -1 12771 -1 12775 -1 12783 -1 12787 -1 12795 -1 12827 -1 12831 -1 12835 -1 12847 -1 12875 -1 12895 -1 18427 -1 18447 -1 18547 -1 18599 -1 18603 -1 18619 -1 18635 -1 18659 -1 18675 -1 18691 -1 18707 -1 18723 -1 18727 -1 18787 -1 18831 -1 18863 -1 18871 -1 33429 -1 33433 -1 33437 -1 33441 -1 33445 -1 33449 -1 33453 -1 33457 -1 33465 -1 33469 -1 35149 -1 35153 -1 35157 -1 35161 -1 35165 -1 35169 -1 35173 -1 35177 -1 35181 -1 35185 -1 46281 -1 46285 -1 46289 -1 46293 -1 -2
12711 -1 -2
10295 -1 12479 -1 12621 -1 12627 -1 12691 -1 12695 -1 12743 -1 12763 -1 12767 -1 12819 -1 12831 -1 12895 -1 -2
12851 -1 -2
18603 -1 -2
12299 -1 12323 -1 12327 -1 12331 -1 12335 -1 12343 -1 12347 -1 12351 -1 12355 -1 12367 -1 12371 -1 12395 -1 12399 -1 12403 -1 12407 -1 12411 -1 12415 -1 12419 -1 12435 -1 12439 -1 12443 -1 12447 -1 12451 -1 12603 -1 12607 -1 12611 -1 12615 -1 12621 -1 12627 -1 12631 -1 12635 -1 12643 -1 12647 -1 12651 -1 12655 -1 12659 -1 12663 -1 12667 -1 12671 -1 18507 -1 18511 -1 18515 -1 18519 -1 18523 -1 18527 -1 -2
10295 -1 10307 -1 10311 -1 10315 -1 12571 -1 12611 -1 12799 -1 12819 -1 12831 -1 12875 -1 12895 -1 32201 -1 32213 -1 33449 -1 33469 -1 34885 -1 34905 -1 -2
10307 -1 12679 -1 12755 -1 12895 -1 18795 -1 -2
12299 -1 12323 -1 12327 -1 12331 -1 12335 -1 12339 -1 12343 -1 12347 -1 12351 -1 12355 -1 12367 -1 12371 -1 12375 -1 12395 -1 12399 -1 12403 -1 12407 -1 12411 -1 12415 -1 12419 -1 12423 -1 12427 -1 12431 -1 12435 -1 12439 -1 12443 -1 12447 -1 12451 -1 12627 -1 12631 -1 -2
12327 -1 35177 -1 35181 -1 -2
12835 -1 -2
33449 -1 33469 -1 -2
10307 -1 10311 -1 12479 -1 12483 -1 12487 -1 12615 -1 12759 -1 12767 -1 12771 -1 32197 -1 32205 -1 32209 -1 -2
12563 -1 12583 -1 12587 -1 12595 -1 34909 -1 34913 -1 35165 -1 -2
12567 -1 -2
12835 -1 12851 -1 18619 -1 18787 -1 -2
12659 -1 -2
35153 -1 35165 -1 35169 -1 35173 -1 35185 -1 -2
33469 -1 -2
12411 -1 -2
12483 -1 12723 -1 -2
10877 -1 12431 -1 -2
12715 -1 12719 -1 -2
10841 -1 -2
12711 -1 -2
12299 -1 -2
35177 -1 35181 -1 35185 -1 -2
12347 -1 12355 -1 12627 -1 12631 -1 -2
12895 -1 -2
12407 -1 12411 -1 12439 -1 -2
10307 -1 12875 -1 -2
12335 -1 12355 -1 12715 -1 -2
35153 -1 -2
18507 -1 18599 -1 35177 -1 -2
10291 -1 -2
12675 -1 12883 -1 -2
12495 -1 -2
12863 -1 -2
12819 -1 12851 -1 -2
10881 -1 12327 -1 12339 -1 -2
12431 -1 12807 -1 -2
35177 -1 35181 -1 -2
32201 -1 33449 -1 -2
12427 -1 12439 -1 12515 -1 -2
18815 -1 -2
18507 -1 35177 -1 -2
12683 -1 12795 -1 12831 -1 34889 -1 34901 -1 34905 -1 -2
12727 -1 -2
10877 -1 12447 -1 -2
10877 -1 12579 -1 -2
12719 -1 -2
12595 -1 -2
12807 -1 -2
10833 -1 10849 -1 12335 -1 12347 -1 12523 -1 34921 -1 -2
10877 -1 12339 -1 35185 -1 -2
10307 -1 12663 -1 33469 -1 -2
12907 -1 -2
12875 -1 -2
12483 -1 35185 -1 -2
12419 -1 -2
12675 -1 -2
12559 -1 12563 -1 12567 -1 -2
12831 -1 -2
12411 -1 -2
12587 -1 -2
12703 -1 32205 -1 32213 -1 -2
33449 -1 -2
33469 -1 -2
10881 -1 18511 -1 18695 -1 -2
12903 -1 -2
12723 -1 -2
35153 -1 -2
20807 -1 -2
34893 -1 -2
10841 -1 10881 -1 -2
12551 -1 -2
10877 -1 12339 -1 -2
12895 -1 33449 -1 33469 -1 -2
12335 -1 12355 -1 -2
33449 -1 -2
12411 -1 -2
10881 -1 12443 -1 18575 -1 -2
33469 -1 -2
12483 -1 -2
12819 -1 33449 -1 33469 -1 -2
12671 -1 -2
12715 -1 12719 -1 -2
12563 -1 12583 -1 12587 -1 12595 -1 35153 -1 35165 -1 35169 -1 -2
12407 -1 18487 -1 -2
12483 -1 -2
33449 -1 -2
12339 -1 12387 -1 12515 -1 -2
12659 -1 -2
12711 -1 -2
10841 -1 10881 -1 -2
46281 -1 -2
12347 -1 12355 -1 12371 -1 12395 -1 12463 -1 12479 -1 12483 -1 12487 -1 18635 -1 18639 -1 -2
12787 -1 -2
12875 -1 12895 -1 -2
12327 -1 12747 -1 12751 -1 12775 -1 33457 -1 -2
12339 -1 12411 -1 12447 -1 -2
34885 -1 -2
12483 -1 12487 -1 34893 -1 -2
12339 -1 -2
12715 -1 -2
12419 -1 18423 -1 18443 -1 18599 -1 18611 -1 18619 -1 18735 -1 18787 -1 -2
12555 -1 18571 -1 18735 -1 -2
10877 -1 12327 -1 -2
10877 -1 12339 -1 -2
12431 -1 -2
12727 -1 -2
12547 -1 -2
12355 -1 12895 -1 -2
12795 -1 12803 -1 12815 -1 12863 -1 32201 -1 33433 -1 33437 -1 33457 -1 33465 -1 34889 -1 -2
12723 -1 -2
12559 -1 -2
12567 -1 -2
12471 -1 18535 -1 34909 -1 -2
10877 -1 12431 -1 -2
12507 -1 -2
12323 -1 12331 -1 12567 -1 -2
10877 -1 -2
12431 -1 12447 -1 12567 -1 12827 -1 12895 -1 -2
33469 -1 -2
33449 -1 -2
10307 -1 12795 -1 -2
12487 -1 34893 -1 -2
12659 -1 -2
12407 -1 12411 -1 12447 -1 -2
12431 -1 12675 -1 -2
12407 -1 12431 -1 33469 -1 -2
12583 -1 -2
18423 -1 -2
34885 -1 -2
18691 -1 -2
12339 -1 12355 -1 12447 -1 -2
10315 -1 10339 -1 12551 -1 18787 -1 18831 -1 35149 -1 -2
12711 -1 -2
10295 -1 12679 -1 12875 -1 33425 -1 35149 -1 46285 -1 -2
33429 -1 33441 -1 34901 -1 -2
10303 -1 10311 -1 10315 -1 12643 -1 -2
12299 -1 12395 -1 12399 -1 12403 -1 -2
12551 -1 -2
12299 -1 12371 -1 12411 -1 -2
10307 -1 10833 -1 10841 -1 10857 -1 10865 -1 10877 -1 12479 -1 12487 -1 12747 -1 18495 -1 18499 -1 18619 -1 32201 -1 -2
12683 -1 12687 -1 12695 -1 33469 -1 35201 -1 -2
12875 -1 -2
12407 -1 -2
12407 -1 12411 -1 -2
10829 -1 10881 -1 -2
12887 -1 -2
12679 -1 -2
33445 -1 -2
12515 -1 -2
12883 -1 -2
12591 -1 12595 -1 12659 -1 18863 -1 -2
12471 -1 12715 -1 34909 -1 -2
10841 -1 12331 -1 12671 -1 -2
12487 -1 18547 -1 18847 -1 -2
12835 -1 -2
12299 -1 -2
12711 -1 12715 -1 18479 -1 18483 -1 18487 -1 -2
10881 -1 -2
12659 -1 12675 -1 -2
12335 -1 35149 -1 -2
35185 -1 -2
32209 -1 -2
12371 -1 12407 -1 12411 -1 12507 -1 12515 -1 12519 -1 -2
12715 -1 12719 -1 12723 -1 12727 -1 12731 -1 -2
12679 -1 32213 -1 -2
12723 -1 -2
12467 -1 12663 -1 20807 -1 -2
12403 -1 -2
12663 -1 -2
12867 -1 -2
12711 -1 12715 -1 12719 -1 12723 -1 12731 -1 12735 -1 -2
33433 -1 33469 -1 -2
10307 -1 -2
12591 -1 18819 -1 -2
12471 -1 34909 -1 -2
12575 -1 -2
12647 -1 12651 -1 12823 -1 12907 -1 -2
18467 -1 18471 -1 18499 -1 -2
10877 -1 10881 -1 12331 -1 12343 -1 34909 -1 -2
18787 -1 -2
12299 -1 -2
12487 -1 34893 -1 -2
12767 -1 -2
12559 -1 -2
12883 -1 -2
12331 -1 12671 -1 -2
12367 -1 12415 -1 12783 -1 -2
12335 -1 12339 -1 12355 -1 -2
12783 -1 -2
12299 -1 12367 -1 12451 -1 34913 -1 -2
12407 -1 12515 -1 -2
12407 -1 12439 -1 12515 -1 18831 -1 -2
12407 -1 12411 -1 12567 -1 -2
12487 -1 -2
12327 -1 12339 -1 12387 -1 -2
12683 -1 -2
12679 -1 -2
12567 -1 -2
32213 -1 -2
12727 -1 12767 -1 12787 -1 -2
12551 -1 -2
12431 -1 -2
10849 -1 -2
18627 -1 -2
18475 -1 -2
12663 -1 12687 -1 12691 -1 -2
12299 -1 12367 -1 12431 -1 -2
12483 -1 12487 -1 -2
12431 -1 12887 -1 -2
10881 -1 12327 -1 -2
10857 -1 12763 -1 33457 -1 -2
34909 -1 35177 -1 35181 -1 -2
12367 -1 12419 -1 -2
12483 -1 12875 -1 -2
12451 -1 -2
12587 -1 12591 -1 -2
12663 -1 12667 -1 -2
12711 -1 12883 -1 -2
18635 -1 -2
12859 -1 12883 -1 32217 -1 34885 -1 34889 -1 34901 -1 -2
12887 -1 -2
12711 -1 -2
12711 -1 -2
12411 -1 -2
12407 -1 35189 -1 35205 -1 35213 -1 -2
35185 -1 -2
18707 -1 -2
10877 -1 12331 -1 12335 -1 12339 -1 -2
12907 -1 -2
12339 -1 12411 -1 -2
10299 -1 10307 -1 12655 -1 12687 -1 12803 -1 12823 -1 -2
12439 -1 12447 -1 -2
12731 -1 -2
12431 -1 -2
12711 -1 12727 -1 -2
12871 -1 12879 -1 -2
10315 -1 10335 -1 12479 -1 12663 -1 12683 -1 33433 -1 33453 -1 33461 -1 34889 -1 34901 -1 -2
33469 -1 -2
12807 -1 12907 -1 -2
12659 -1 12763 -1 -2
34909 -1 -2
10339 -1 10845 -1 10877 -1 12763 -1 -2
12895 -1 -2
10339 -1 12483 -1 12487 -1 12875 -1 -2
12675 -1 -2
12711 -1 -2
12743 -1 -2
12735 -1 -2
12663 -1 12835 -1 -2
10869 -1 10877 -1 12411 -1 12515 -1 12771 -1 -2
12299 -1 12403 -1 -2
10295 -1 12299 -1 12367 -1 12443 -1 12547 -1 12687 -1 12695 -1 12703 -1 12819 -1 33453 -1 33469 -1 35153 -1 35161 -1 35165 -1 35205 -1 46281 -1 -2
18735 -1 33429 -1 -2
12367 -1 12395 -1 12403 -1 12427 -1 12431 -1 12621 -1 18671 -1 -2
12695 -1 12715 -1 -2
12751 -1 -2
12479 -1 12621 -1 12755 -1 18675 -1 30295 -1 34893 -1 35185 -1 -2
33429 -1 -2
12679 -1 12695 -1 12703 -1 12895 -1 -2
18787 -1 -2
12515 -1 -2
12327 -1 12691 -1 -2
12883 -1 -2
12399 -1 12415 -1 -2
12339 -1 35185 -1 -2
18523 -1 -2
10311 -1 -2
12903 -1 -2
12579 -1 -2
12595 -1 12875 -1 18423 -1 18439 -1 18595 -1 18599 -1 18855 -1 18863 -1 35181 -1 -2
12407 -1 12515 -1 35185 -1 35213 -1 -2
12431 -1 12467 -1 12839 -1 12867 -1 -2
33449 -1 33453 -1 33469 -1 -2
33465 -1 -2
12487 -1 34893 -1 -2
10833 -1 12603 -1 12627 -1 12687 -1 12703 -1 12783 -1 35153 -1 35157 -1 35169 -1 -2
12431 -1 -2
12299 -1 12419 -1 12431 -1 -2
12675 -1 12779 -1 12883 -1 -2
10307 -1 10311 -1 -2
12621 -1 -2
12463 -1 12491 -1 -2
12555 -1 12591 -1 12719 -1 12871 -1 18723 -1 33425 -1 34913 -1 -2
33449 -1 -2
12567 -1 -2
12299 -1 -2
32201 -1 -2
12491 -1 12843 -1 -2
10877 -1 12339 -1 12467 -1 12663 -1 12667 -1 35185 -1 -2
35149 -1 -2
12431 -1 -2
12487 -1 12575 -1 12679 -1 12695 -1 12703 -1 12895 -1 -2
10307 -1 12523 -1 12531 -1 12819 -1 -2
12551 -1 -2
12571 -1 12611 -1 12703 -1 12771 -1 -2
33433 -1 -2
12587 -1 -2
12431 -1 -2
12591 -1 -2
12339 -1 12547 -1 12555 -1 35149 -1 35153 -1 35157 -1 35161 -1 -2
10877 -1 10881 -1 12331 -1 -2
34901 -1 -2
12679 -1 -2
10877 -1 12603 -1 12621 -1 12627 -1 33461 -1 -2
32209 -1 -2
35153 -1 35161 -1 35169 -1 -2
12559 -1 12563 -1 12579 -1 12595 -1 35157 -1 35165 -1 35169 -1 -2
12459 -1 -2
12467 -1 12671 -1 12843 -1 12851 -1 12883 -1 -2
18547 -1 -2
12339 -1 12347 -1 12387 -1 12407 -1 12411 -1 12591 -1 -2
10845 -1 12471 -1 12659 -1 12883 -1 12887 -1 35185 -1 -2
10307 -1 12403 -1 12515 -1 18831 -1 -2
10849 -1 10861 -1 12395 -1 12415 -1 12419 -1 12511 -1 -2
12719 -1 -2
10311 -1 -2
10307 -1 -2
12483 -1 -2
12867 -1 -2
12339 -1 -2
12431 -1 -2
12655 -1 12803 -1 -2
12755 -1 -2
12695 -1 -2
12567 -1 12711 -1 12779 -1 18603 -1 18683 -1 18787 -1 -2
18475 -1 18479 -1 18483 -1 18487 -1 18491 -1 18499 -1 -2
10841 -1 10845 -1 10869 -1 10877 -1 10881 -1 12331 -1 12343 -1 35177 -1 35181 -1 -2
34913 -1 -2
12715 -1 -2
10311 -1 10841 -1 10881 -1 12483 -1 12551 -1 12555 -1 12575 -1 12591 -1 32213 -1 34929 -1 -2
12399 -1 12411 -1 12431 -1 12439 -1 12507 -1 -2
12627 -1 12715 -1 -2
12407 -1 12439 -1 12447 -1 12515 -1 18587 -1 -2
10295 -1 10311 -1 12655 -1 12691 -1 12695 -1 12703 -1 12895 -1 32201 -1 32205 -1 32213 -1 33433 -1 33449 -1 33469 -1 -2
12675 -1 12887 -1 35213 -1 -2
12471 -1 12475 -1 12483 -1 12487 -1 12571 -1 12575 -1 12875 -1 34893 -1 -2
12675 -1 12883 -1 -2
12715 -1 -2
12779 -1 -2
12523 -1 -2
12339 -1 12407 -1 12447 -1 35185 -1 -2
12795 -1 12907 -1 -2
18547 -1 18855 -1 -2
12335 -1 -2
33433 -1 33469 -1 -2
12367 -1 12407 -1 12411 -1 12431 -1 -2
12411 -1 -2
33449 -1 -2
12823 -1 30335 -1 -2
33449 -1 -2
12567 -1 -2
12591 -1 35177 -1 -2
12659 -1 12859 -1 12883 -1 -2
10877 -1 -2
12335 -1 12579 -1 -2
35165 -1 -2
12823 -1 12907 -1 -2
12431 -1 12531 -1 12863 -1 12895 -1 -2
10881 -1 12559 -1 -2
12723 -1 -2
12339 -1 12459 -1 12663 -1 -2
12467 -1 12491 -1 12495 -1 35185 -1 -2
12895 -1 -2
12751 -1 12775 -1 34897 -1 -2
10841 -1 10857 -1 12479 -1 12571 -1 34929 -1 -2
33449 -1 -2
12355 -1 12583 -1 -2
18731 -1 -2
34909 -1 -2
10295 -1 12621 -1 12819 -1 18707 -1 18775 -1 18855 -1 -2
33461 -1 -2
18871 -1 -2
33449 -1 33453 -1 33469 -1 -2
12883 -1 -2
12579 -1 -2
18811 -1 18839 -1 -2
12343 -1 12355 -1 12567 -1 -2
35149 -1 -2
12299 -1 12447 -1 -2
12483 -1 -2
12447 -1 18487 -1 18871 -1 -2
12783 -1 12787 -1 -2
10845 -1 10877 -1 12551 -1 12567 -1 12579 -1 -2
33449 -1 -2
12515 -1 -2
12523 -1 -2
12339 -1 12387 -1 12515 -1 -2
12811 -1 12907 -1 -2
33433 -1 33469 -1 -2
12431 -1 -2
10311 -1 33449 -1 33469 -1 -2
33433 -1 33453 -1 -2
12607 -1 -2
18847 -1 -2
10881 -1 34921 -1 -2
12567 -1 -2
10295 -1 10303 -1 10861 -1 12479 -1 12571 -1 12683 -1 12695 -1 12795 -1 12815 -1 12831 -1 12895 -1 32201 -1 33433 -1 33437 -1 33449 -1 34889 -1 -2
33461 -1 33465 -1 46281 -1 46293 -1 -2
12339 -1 12355 -1 12387 -1 12663 -1 12667 -1 12675 -1 -2
12867 -1 -2
12439 -1 -2
33445 -1 -2
18479 -1 18583 -1 -2
12783 -1 -2
12643 -1 12659 -1 -2
34901 -1 34905 -1 -2
10877 -1 -2
12711 -1 12715 -1 12731 -1 18423 -1 -2
10845 -1 12327 -1 12331 -1 -2
12339 -1 35185 -1 -2
12467 -1 12671 -1 12839 -1 -2
12795 -1 12895 -1 -2
12591 -1 -2
10339 -1 10877 -1 12299 -1 12355 -1 12579 -1 12583 -1 18467 -1 18471 -1 -2
33433 -1 33469 -1 -2
12735 -1 12815 -1 18787 -1 -2
33449 -1 33469 -1 -2
12451 -1 -2
10877 -1 12355 -1 -2
12515 -1 -2
10307 -1 -2
12691 -1 12823 -1 12839 -1 -2
12667 -1 12675 -1 -2
12299 -1 -2
10339 -1 12343 -1 12483 -1 12703 -1 32213 -1 35181 -1 -2
18431 -1 -2
34925 -1 34929 -1 -2
12323 -1 12339 -1 12431 -1 12475 -1 12711 -1 -2
12407 -1 12411 -1 12519 -1 -2
10841 -1 -2
12663 -1 12867 -1 -2
18427 -1 18439 -1 18563 -1 18715 -1 -2
10877 -1 -2
12571 -1 12575 -1 12591 -1 -2
12299 -1 -2
35149 -1 35153 -1 -2
10877 -1 12347 -1 18467 -1 18471 -1 18819 -1 -2
10881 -1 12711 -1 12715 -1 12727 -1 -2
12483 -1 34909 -1 -2
12339 -1 35185 -1 -2
12367 -1 12371 -1 12375 -1 12419 -1 12427 -1 12431 -1 18487 -1 -2
12483 -1 12487 -1 18839 -1 30303 -1 -2
12339 -1 12515 -1 12863 -1 12895 -1 -2
12299 -1 -2
12867 -1 -2
10339 -1 -2
10881 -1 12659 -1 12711 -1 -2
12355 -1 35177 -1 35185 -1 -2
12459 -1 12671 -1 12687 -1 12835 -1 12847 -1 12851 -1 -2
10295 -1 10307 -1 -2
12723 -1 -2
12483 -1 -2
12399 -1 12415 -1 -2
12735 -1 -2
12735 -1 -2
12399 -1 12407 -1 12411 -1 18487 -1 -2
12895 -1 18787 -1 -2
33449 -1 -2
18775 -1 -2
10853 -1 12355 -1 12659 -1 -2
12431 -1 12567 -1 -2
12407 -1 12431 -1 35213 -1 -2
12439 -1 -2
12399 -1 12415 -1 18487 -1 -2
10853 -1 12299 -1 12375 -1 12415 -1 12419 -1 12431 -1 12715 -1 12719 -1 12883 -1 12887 -1 -2
12727 -1 -2
12339 -1 12407 -1 12675 -1 35213 -1 -2
12339 -1 12351 -1 12387 -1 12583 -1 35153 -1 35165 -1 35169 -1 -2
12463 -1 12483 -1 12487 -1 12695 -1 34889 -1 34897 -1 -2
12299 -1 -2
10315 -1 -2
12595 -1 12723 -1 -2
12355 -1 12567 -1 12587 -1 12595 -1 -2
12483 -1 12679 -1 -2
34913 -1 -2
12467 -1 18471 -1 18479 -1 -2
12463 -1 -2
12571 -1 -2
35185 -1 -2
12711 -1 -2
12323 -1 12339 -1 12387 -1 -2
12887 -1 -2
12523 -1 -2
12471 -1 12659 -1 12711 -1 -2
12467 -1 12835 -1 -2
12567 -1 18787 -1 -2
12875 -1 -2
12879 -1 -2
12711 -1 12715 -1 12719 -1 -2
10841 -1 -2
12431 -1 12567 -1 12675 -1 -2
12487 -1 33449 -1 -2
12563 -1 -2
12415 -1 12451 -1 12515 -1 -2
10877 -1 12431 -1 -2
33469 -1 -2
12771 -1 -2
12335 -1 12343 -1 12355 -1 34921 -1 34925 -1 34929 -1 -2
12567 -1 -2
12323 -1 -2
12467 -1 12479 -1 12679 -1 12683 -1 12731 -1 34889 -1 -2
34905 -1 -2
12479 -1 12483 -1 -2
12755 -1 12771 -1 -2
12775 -1 33449 -1 -2
18707 -1 -2
12795 -1 -2
12399 -1 -2
12551 -1 -2
10833 -1 12883 -1 -2
18471 -1 -2
12695 -1 12703 -1 12795 -1 12831 -1 -2
12711 -1 -2
10877 -1 -2
33469 -1 -2
10865 -1 12551 -1 12907 -1 34921 -1 -2
12755 -1 35177 -1 -2
10881 -1 12339 -1 12387 -1 12583 -1 35185 -1 -2
12327 -1 12407 -1 12411 -1 -2
12487 -1 -2
12807 -1 -2
10869 -1 10877 -1 -2
12883 -1 -2
12767 -1 -2
33433 -1 33449 -1 33469 -1 -2
12487 -1 -2
12883 -1 12887 -1 -2
10307 -1 12679 -1 12715 -1 12727 -1 -2
12443 -1 18807 -1 -2
33449 -1 -2
10881 -1 -2
10833 -1 10849 -1 -2
12723 -1 12731 -1 12759 -1 33433 -1 33449 -1 -2
12355 -1 -2
12559 -1 -2
12711 -1 12715 -1 -2
12895 -1 -2
12355 -1 -2
10829 -1 12659 -1 -2
12675 -1 12715 -1 -2
12675 -1 12887 -1 -2
12339 -1 12823 -1 12867 -1 12907 -1 -2
12407 -1 12411 -1 12427 -1 -2
10877 -1 -2
12907 -1 -2
12751 -1 33449 -1 -2
10311 -1 12621 -1 12759 -1 12771 -1 12827 -1 -2
10877 -1 12355 -1 -2
12723 -1 -2
12431 -1 -2
10881 -1 12335 -1 12355 -1 12411 -1 -2
10869 -1 10877 -1 12355 -1 -2
33469 -1 -2
12439 -1 -2
12355 -1 12431 -1 12567 -1 -2
12399 -1 12403 -1 -2
18787 -1 -2
12407 -1 -2
12547 -1 12551 -1 -2
12439 -1 -2
10315 -1 -2
12407 -1 12447 -1 12515 -1 12519 -1 35213 -1 -2
10833 -1 10877 -1 12907 -1 -2
12479 -1 -2
12407 -1 12411 -1 18487 -1 -2
12687 -1 -2
10841 -1 -2
12715 -1 33449 -1 -2
12431 -1 -2
12663 -1 12675 -1 -2
10877 -1 -2
18587 -1 -2
12675 -1 34909 -1 -2
12731 -1 33433 -1 33453 -1 -2
12343 -1 35157 -1 -2
18787 -1 -2
10877 -1 12367 -1 12431 -1 12835 -1 12847 -1 -2
12335 -1 -2
12431 -1 -2
12411 -1 12839 -1 12867 -1 18863 -1 33469 -1 -2
12887 -1 -2
10877 -1 34913 -1 -2
12355 -1 -2
12299 -1 -2
18695 -1 32205 -1 33433 -1 33449 -1 33453 -1 33469 -1 -2
12611 -1 12755 -1 12759 -1 -2
18535 -1 18779 -1 20803 -1 20807 -1 -2
10303 -1 12603 -1 12627 -1 12715 -1 12723 -1 32197 -1 32205 -1 32217 -1 32221 -1 -2
12479 -1 12483 -1 12487 -1 -2
10877 -1 12355 -1 12431 -1 12559 -1 12579 -1 12595 -1 -2
33449 -1 -2
12587 -1 -2
33449 -1 -2
18431 -1 18635 -1 -2
12339 -1 12347 -1 12387 -1 35213 -1 -2
12715 -1 12731 -1 -2
12419 -1 12467 -1 12663 -1 12675 -1 -2
12355 -1 -2
12819 -1 -2
10299 -1 12779 -1 -2
12339 -1 12515 -1 -2
12515 -1 -2
18575 -1 18579 -1 18863 -1 20807 -1 -2
33469 -1 -2
12335 -1 12431 -1 12579 -1 12583 -1 -2
12483 -1 12487 -1 -2
12439 -1 12515 -1 -2
12387 -1 -2
33433 -1 33449 -1 -2
12407 -1 -2
12411 -1 -2
12483 -1 12875 -1 -2
12611 -1 -2
12695 -1 12703 -1 33449 -1 -2
12483 -1 -2
12723 -1 12767 -1 -2
12663 -1 -2
12531 -1 -2
12483 -1 -2
33441 -1 33449 -1 33469 -1 -2
12431 -1 -2
33429 -1 33449 -1 33469 -1 34905 -1 -2
12819 -1 -2
33449 -1 33469 -1 -2
10881 -1 12559 -1 -2
18479 -1 18487 -1 18495 -1 -2
10881 -1 12655 -1 12687 -1 12723 -1 12731 -1 12803 -1 12815 -1 12823 -1 12835 -1 -2
12515 -1 12567 -1 -2
12679 -1 12703 -1 32213 -1 -2
33469 -1 -2
12723 -1 -2
12567 -1 -2
12675 -1 -2
34905 -1 -2
12507 -1 12515 -1 -2
12787 -1 -2
10877 -1 12551 -1 -2
10877 -1 -2
12627 -1 12659 -1 -2
10877 -1 35149 -1 35157 -1 35165 -1 -2
12467 -1 12491 -1 -2
10877 -1 12339 -1 12407 -1 -2
12299 -1 -2
12451 -1 35185 -1 -2
18535 -1 -2
12675 -1 -2
12675 -1 -2
12411 -1 12503 -1 12511 -1 12515 -1 -2
18811 -1 -2
10311 -1 12487 -1 -2
12831 -1 -2
12355 -1 12579 -1 -2
35149 -1 -2
12299 -1 -2
35177 -1 35181 -1 35185 -1 -2
12679 -1 -2
12483 -1 34893 -1 -2
12407 -1 12427 -1 12503 -1 12515 -1 -2
12339 -1 18787 -1 18871 -1 -2
10877 -1 12339 -1 12355 -1 12431 -1 35185 -1 -2
10841 -1 10849 -1 12343 -1 12355 -1 34917 -1 34921 -1 34925 -1 -2
10841 -1 -2
12711 -1 12719 -1 12731 -1 12735 -1 -2
12723 -1 -2
10877 -1 12355 -1 -2
12783 -1 -2
12299 -1 12427 -1 35189 -1 35193 -1 35197 -1 35201 -1 -2
10303 -1 10865 -1 18419 -1 18627 -1 18635 -1 32201 -1 -2
18651 -1 -2
12467 -1 -2
10877 -1 12407 -1 12459 -1 12467 -1 12491 -1 12515 -1 12567 -1 12663 -1 12783 -1 35213 -1 -2
12835 -1 -2
12447 -1 18787 -1 35153 -1 35161 -1 35165 -1 35169 -1 35181 -1 -2
10877 -1 10881 -1 -2
12695 -1 12819 -1 32201 -1 32205 -1 32213 -1 33449 -1 -2
12431 -1 -2
12339 -1 35185 -1 -2
12591 -1 -2
12411 -1 -2
12779 -1 -2
12883 -1 -2
18871 -1 18879 -1 -2
12567 -1 -2
10833 -1 10877 -1 12331 -1 -2
12387 -1 18815 -1 -2
10877 -1 -2
18587 -1 -2
10307 -1 12895 -1 -2
12447 -1 -2
12431 -1 20807 -1 -2
12403 -1 12443 -1 12691 -1 35209 -1 -2
33449 -1 33469 -1 -2
12647 -1 12691 -1 33425 -1 33429 -1 34885 -1 -2
10315 -1 -2
18831 -1 -2
10295 -1 10315 -1 12527 -1 12627 -1 12691 -1 12739 -1 33449 -1 33469 -1 -2
12883 -1 -2
12771 -1 -2
12895 -1 -2
12407 -1 12435 -1 -2
12719 -1 -2
12711 -1 12715 -1 12719 -1 -2
12723 -1 -2
12439 -1 -2
33469 -1 -2
12299 -1 12403 -1 -2
33449 -1 -2
12591 -1 12595 -1 -2
12621 -1 -2
12567 -1 -2
18815 -1 -2
12411 -1 12779 -1 -2
12783 -1 -2
12587 -1 -2
10841 -1 10877 -1 10881 -1 -2
10311 -1 12403 -1 12447 -1 12451 -1 12795 -1 18831 -1 30299 -1 -2
12463 -1 12491 -1 34885 -1 34893 -1 34897 -1 -2
12339 -1 12487 -1 12895 -1 -2
12727 -1 -2
12411 -1 -2
18547 -1 -2
12711 -1 12715 -1 -2
10841 -1 10845 -1 10869 -1 10877 -1 10881 -1 12335 -1 12343 -1 -2
12483 -1 12487 -1 12875 -1 -2
10845 -1 10877 -1 12323 -1 12331 -1 12339 -1 12551 -1 -2
12339 -1 12387 -1 12459 -1 12467 -1 12667 -1 12671 -1 12835 -1 12839 -1 12851 -1 -2
12427 -1 12439 -1 12515 -1 -2
12895 -1 -2
12615 -1 -2
10881 -1 12327 -1 12331 -1 12583 -1 -2
12487 -1 -2
10833 -1 10877 -1 -2
10877 -1 -2
10829 -1 10833 -1 12675 -1 -2
12431 -1 -2
12743 -1 12807 -1 -2
12567 -1 18671 -1 -2
12891 -1 12895 -1 33453 -1 33469 -1 -2
10307 -1 10315 -1 12483 -1 12571 -1 12575 -1 18695 -1 34893 -1 -2
12411 -1 12451 -1 18487 -1 18587 -1 18671 -1 -2
12663 -1 12895 -1 -2
10877 -1 -2
12483 -1 -2
12431 -1 -2
12691 -1 33449 -1 34897 -1 -2
12439 -1 -2
12679 -1 12895 -1 -2
35181 -1 -2
12299 -1 12367 -1 12415 -1 12431 -1 -2
12323 -1 -2
10877 -1 -2
33449 -1 33469 -1 -2
12483 -1 12531 -1 -2
12299 -1 -2
18499 -1 -2
12339 -1 12387 -1 18651 -1 35185 -1 -2
10299 -1 -2
12783 -1 -2
18563 -1 -2
10307 -1 -2
12487 -1 -2
10295 -1 10307 -1 12483 -1 12487 -1 -2
10307 -1 -2
12339 -1 12567 -1 -2
12715 -1 12719 -1 12723 -1 -2
12895 -1 -2
12567 -1 -2
12771 -1 -2
33449 -1 -2
12551 -1 12555 -1 34917 -1 -2
12523 -1 12795 -1 12819 -1 12831 -1 -2
10877 -1 -2
12515 -1 -2
33469 -1 -2
12715 -1 -2
12507 -1 12559 -1 12563 -1 -2
10311 -1 12567 -1 -2
10877 -1 18839 -1 -2
33449 -1 33469 -1 -2
12503 -1 12519 -1 -2
12723 -1 12727 -1 12767 -1 33469 -1 -2
12763 -1 -2
12367 -1 12399 -1 12439 -1 -2
12407 -1 12419 -1 12443 -1 12447 -1 12451 -1 12731 -1 -2
12719 -1 -2
32205 -1 -2
12815 -1 12895 -1 33449 -1 33469 -1 -2
12431 -1 -2
33469 -1 -2
12551 -1 34909 -1 -2
10311 -1 10315 -1 12367 -1 12415 -1 -2
12887 -1 -2
10857 -1 10865 -1 -2
33449 -1 -2
12439 -1 12515 -1 -2
10307 -1 12471 -1 12659 -1 -2
33449 -1 -2
33449 -1 -2
12399 -1 12407 -1 12411 -1 -2
10877 -1 10881 -1 12431 -1 -2
12823 -1 -2
18487 -1 -2
12715 -1 18863 -1 -2
12875 -1 -2
10339 -1 -2
10339 -1 12371 -1 12399 -1 12407 -1 12419 -1 12447 -1 12711 -1 12715 -1 12719 -1 12759 -1 12763 -1 12803 -1 -2
10295 -1 10299 -1 10307 -1 10311 -1 12819 -1 18439 -1 33469 -1 -2
12815 -1 12895 -1 18691 -1 -2
33449 -1 -2
12339 -1 12407 -1 12411 -1 35213 -1 -2
33453 -1 33469 -1 -2
18527 -1 18703 -1 -2
12559 -1 35185 -1 -2
34917 -1 -2
18707 -1 -2
10857 -1 10861 -1 10865 -1 12735 -1 12739 -1 12743 -1 12763 -1 12779 -1 32197 -1 32201 -1 32205 -1 32209 -1 35153 -1 35157 -1 35165 -1 35169 -1 35173 -1 -2
33449 -1 -2
12759 -1 33449 -1 33469 -1 -2
12339 -1 12515 -1 -2
10307 -1 -2
34889 -1 34905 -1 -2
12411 -1 -2
10881 -1 35181 -1 -2
18703 -1 -2
12855 -1 -2
12795 -1 12815 -1 12831 -1 12895 -1 33449 -1 33469 -1 -2
12299 -1 -2
33469 -1 -2
10295 -1 10311 -1 10315 -1 12827 -1 12895 -1 -2
12595 -1 -2
12703 -1 -2
18703 -1 -2
12339 -1 -2
12355 -1 -2
46289 -1 -2
10307 -1 10311 -1 12483 -1 12875 -1 -2
12771 -1 -2
12831 -1 -2
12711 -1 -2
12431 -1 12515 -1 18871 -1 -2
10845 -1 12327 -1 12351 -1 -2
18703 -1 -2
33449 -1 -2
12483 -1 -2
12503 -1 12515 -1 12519 -1 -2
12703 -1 -2
12411 -1 12431 -1 35185 -1 -2
12351 -1 12355 -1 -2
10311 -1 12487 -1 12571 -1 12575 -1 12695 -1 12703 -1 32205 -1 32213 -1 -2
33449 -1 -2
33449 -1 -2
12439 -1 -2
18599 -1 -2
33469 -1 -2
35165 -1 -2
12483 -1 -2
10311 -1 12483 -1 12487 -1 -2
12483 -1 12487 -1 -2
33449 -1 33469 -1 -2
12711 -1 18787 -1 -2
12559 -1 -2
12675 -1 -2
33469 -1 -2
12559 -1 -2
33449 -1 -2
12355 -1 -2
18703 -1 -2
10295 -1 10307 -1 10311 -1 12715 -1 12723 -1 12795 -1 12831 -1 33449 -1 33469 -1 -2
10307 -1 12431 -1 -2
10877 -1 12339 -1 12427 -1 12559 -1 12567 -1 12675 -1 35185 -1 -2
12299 -1 12367 -1 12403 -1 12587 -1 -2
33449 -1 -2
12567 -1 -2
33449 -1 -2
33433 -1 33469 -1 -2
10877 -1 12355 -1 12519 -1 -2
12895 -1 -2
33449 -1 -2
10845 -1 10877 -1 12591 -1 34913 -1 34929 -1 35177 -1 -2
12507 -1 18487 -1 -2
10295 -1 10311 -1 -2
12715 -1 33469 -1 -2
10877 -1 12515 -1 12587 -1 -2
10315 -1 -2
33469 -1 -2
18855 -1 -2
12563 -1 12587 -1 -2
12659 -1 -2
33469 -1 -2
12407 -1 35189 -1 -2
33469 -1 -2
10877 -1 -2
33449 -1 -2
12675 -1 -2
12567 -1 -2
33449 -1 -2
12703 -1 -2
10311 -1 18723 -1 18787 -1 33449 -1 -2
12867 -1 -2
12815 -1 12895 -1 32209 -1 -2
33469 -1 -2
12879 -1 -2
12339 -1 12483 -1 12487 -1 12687 -1 12703 -1 12875 -1 30307 -1 34893 -1 35185 -1 -2
33433 -1 -2
12815 -1 12831 -1 12867 -1 12895 -1 33449 -1 33469 -1 -2
33433 -1 33453 -1 33469 -1 -2
33449 -1 -2
12299 -1 12371 -1 12411 -1 12415 -1 12419 -1 12439 -1 12447 -1 12507 -1 -2
33449 -1 -2
10877 -1 12339 -1 12559 -1 35177 -1 35185 -1 -2
12371 -1 12399 -1 12403 -1 -2
12751 -1 12755 -1 -2
12723 -1 -2
12339 -1 18675 -1 18787 -1 -2
12411 -1 -2
12483 -1 12567 -1 12595 -1 -2
10315 -1 -2
33449 -1 -2
35185 -1 -2
12339 -1 12387 -1 -2
12579 -1 12827 -1 -2
10833 -1 12687 -1 -2
18727 -1 -2
12723 -1 12727 -1 -2
12767 -1 -2
12343 -1 -2
12715 -1 -2
12679 -1 -2
12339 -1 12387 -1 12407 -1 12515 -1 35185 -1 -2
12563 -1 -2
12567 -1 -2
12867 -1 -2
10877 -1 12339 -1 12855 -1 12903 -1 35185 -1 -2
12895 -1 -2
12551 -1 -2
10311 -1 12663 -1 -2
10877 -1 12663 -1 -2
10319 -1 -2
12551 -1 -2
35157 -1 35181 -1 35185 -1 -2
12675 -1 12883 -1 -2
12411 -1 12507 -1 12519 -1 -2
12751 -1 12771 -1 18599 -1 -2
12563 -1 -2
12819 -1 20807 -1 -2
12727 -1 34921 -1 -2
12559 -1 -2
12463 -1 12527 -1 12535 -1 12803 -1 12815 -1 12823 -1 12867 -1 -2
12883 -1 -2
12439 -1 12515 -1 -2
12711 -1 -2
33469 -1 -2
35153 -1 -2
35153 -1 35169 -1 -2
35157 -1 35165 -1 35169 -1 -2
10841 -1 12327 -1 12339 -1 12387 -1 -2
35213 -1 -2
33469 -1 -2
12343 -1 -2
18627 -1 -2
12735 -1 -2
12655 -1 33449 -1 -2
33449 -1 33469 -1 -2
12339 -1 12343 -1 35185 -1 -2
10295 -1 10315 -1 12783 -1 -2
12567 -1 12719 -1 -2
33433 -1 33449 -1 33453 -1 33469 -1 -2
12547 -1 35165 -1 -2
10315 -1 -2
10849 -1 -2
12827 -1 12895 -1 -2
12551 -1 35181 -1 35213 -1 -2
12431 -1 12515 -1 -2
18727 -1 -2
35157 -1 -2
10877 -1 12331 -1 12339 -1 12351 -1 12407 -1 12411 -1 12579 -1 12595 -1 35169 -1 35185 -1 -2
12751 -1 -2
12567 -1 -2
12783 -1 12787 -1 18619 -1 -2
12431 -1 -2
12683 -1 -2
12795 -1 18583 -1 18675 -1 -2
33469 -1 -2
12627 -1 -2
12339 -1 -2
12719 -1 -2
12467 -1 12483 -1 -2
12327 -1 12339 -1 12351 -1 -2
12621 -1 12771 -1 -2
35165 -1 35169 -1 -2
35177 -1 35181 -1 -2
33469 -1 -2
12839 -1 12867 -1 -2
12327 -1 -2
12875 -1 -2
12655 -1 -2
12687 -1 -2
33469 -1 -2
12819 -1 -2
12451 -1 -2
12355 -1 -2
33469 -1 -2
33433 -1 33449 -1 33469 -1 -2
12795 -1 -2
12559 -1 12679 -1 32201 -1 -2
12627 -1 12683 -1 12807 -1 32205 -1 -2
12875 -1 -2
12339 -1 12355 -1 -2
33449 -1 46281 -1 -2
10877 -1 -2
10877 -1 -2
12339 -1 -2
12715 -1 12723 -1 12727 -1 12731 -1 -2
12567 -1 -2
18831 -1 -2
18635 -1 -2
12663 -1 -2
33429 -1 -2
18727 -1 34909 -1 34913 -1 34917 -1 35181 -1 -2
18547 -1 20807 -1 -2
12627 -1 -2
12723 -1 -2
12621 -1 12731 -1 -2
12711 -1 12715 -1 12719 -1 -2
12339 -1 12387 -1 12711 -1 35213 -1 -2
12567 -1 -2
12299 -1 12419 -1 -2
10861 -1 -2
10877 -1 12407 -1 12515 -1 -2
12611 -1 12735 -1 12759 -1 -2
12431 -1 -2
12419 -1 -2
12675 -1 -2
10877 -1 -2
12723 -1 -2
12459 -1 12687 -1 12751 -1 12783 -1 12787 -1 -2
10315 -1 12487 -1 12647 -1 33449 -1 33469 -1 -2
12807 -1 -2
10295 -1 -2
18475 -1 -2
10845 -1 10877 -1 10881 -1 12323 -1 12327 -1 12335 -1 12351 -1 -2
12531 -1 -2
12655 -1 12723 -1 12863 -1 -2
12347 -1 12799 -1 12867 -1 34921 -1 -2
33469 -1 -2
10877 -1 12347 -1 12363 -1 -2
33469 -1 -2
12895 -1 34905 -1 -2
33469 -1 -2
12339 -1 12347 -1 -2
10315 -1 -2
33449 -1 -2
12711 -1 35213 -1 -2
12711 -1 12723 -1 -2
12527 -1 -2
10877 -1 -2
12411 -1 -2
18691 -1 -2
18815 -1 18819 -1 -2
12787 -1 12839 -1 -2
12603 -1 -2
10877 -1 12579 -1 12595 -1 12907 -1 34921 -1 35213 -1 -2
12431 -1 -2
33469 -1 -2
35165 -1 35185 -1 -2
12323 -1 -2
12659 -1 12663 -1 12675 -1 12847 -1 -2
10877 -1 -2
33469 -1 -2
10311 -1 -2
33449 -1 33469 -1 -2
12483 -1 12487 -1 18575 -1 -2
10849 -1 -2
32197 -1 32201 -1 32205 -1 32209 -1 32221 -1 -2
33469 -1 -2
12687 -1 12691 -1 12819 -1 18423 -1 -2
12719 -1 -2
10307 -1 12607 -1 12687 -1 12703 -1 33449 -1 -2
12339 -1 12443 -1 35165 -1 35185 -1 -2
33469 -1 35153 -1 35157 -1 -2
12339 -1 12487 -1 12675 -1 12711 -1 12851 -1 12855 -1 12875 -1 35185 -1 -2
12411 -1 18587 -1 18671 -1 -2
12787 -1 -2
12723 -1 12727 -1 12731 -1 33469 -1 -2
10845 -1 12323 -1 12331 -1 -2
12343 -1 -2
10841 -1 10881 -1 12335 -1 12339 -1 12347 -1 12355 -1 12551 -1 34913 -1 34921 -1 34925 -1 -2
12331 -1 -2
33469 -1 -2
12411 -1 -2
18871 -1 -2
18595 -1 -2
10881 -1 -2
12907 -1 -2
12715 -1 -2
12621 -1 12715 -1 33449 -1 33469 -1 -2
12551 -1 18683 -1 18871 -1 -2
12715 -1 -2
12883 -1 -2
12299 -1 35157 -1 35189 -1 35193 -1 35197 -1 35209 -1 -2
12431 -1 -2
12467 -1 12895 -1 -2
33429 -1 -2
12711 -1 12723 -1 -2
12883 -1 -2
12339 -1 -2
10845 -1 -2
18795 -1 18799 -1 -2
18551 -1 35185 -1 -2
10877 -1 -2
10877 -1 -2
12875 -1 -2
12627 -1 -2
12559 -1 12563 -1 -2
33449 -1 33469 -1 -2
12531 -1 -2
10861 -1 10877 -1 12663 -1 -2
12431 -1 -2
33449 -1 -2
12299 -1 -2
33469 -1 -2
33437 -1 -2
33429 -1 -2
12411 -1 -2
12407 -1 12515 -1 -2
10877 -1 -2
12679 -1 -2
18683 -1 -2
35169 -1 -2
12711 -1 12719 -1 -2
34921 -1 34925 -1 -2
12335 -1 12675 -1 -2
12779 -1 -2
12611 -1 12621 -1 -2
12703 -1 32201 -1 32205 -1 32213 -1 33449 -1 33469 -1 -2
33433 -1 33469 -1 -2
12515 -1 12651 -1 -2
12715 -1 -2
34893 -1 34897 -1 -2
10295 -1 10299 -1 10307 -1 12571 -1 12583 -1 12663 -1 12667 -1 12671 -1 12759 -1 12847 -1 -2
33429 -1 -2
33433 -1 33449 -1 33453 -1 33465 -1 33469 -1 46281 -1 46289 -1 46293 -1 -2
33469 -1 -2
12643 -1 12659 -1 12663 -1 12847 -1 -2
10865 -1 12407 -1 12483 -1 12591 -1 -2
12299 -1 -2
12447 -1 35213 -1 -2
33449 -1 -2
12795 -1 -2
12339 -1 12579 -1 12583 -1 18807 -1 35153 -1 35169 -1 35185 -1 -2
12663 -1 12679 -1 -2
10307 -1 12875 -1 33449 -1 -2
18855 -1 -2
12323 -1 12383 -1 -2
35177 -1 -2
12727 -1 -2
12407 -1 12447 -1 12515 -1 -2
12431 -1 -2
12355 -1 12683 -1 18707 -1 32217 -1 34897 -1 34905 -1 34925 -1 35181 -1 -2
33449 -1 -2
12343 -1 12351 -1 12551 -1 -2
12431 -1 -2
12691 -1 -2
12343 -1 12347 -1 12547 -1 12551 -1 12555 -1 34925 -1 -2
10841 -1 -2
35149 -1 -2
10295 -1 10299 -1 10307 -1 10311 -1 12523 -1 12535 -1 12539 -1 12663 -1 12679 -1 12683 -1 12695 -1 12703 -1 12795 -1 12799 -1 12803 -1 12807 -1 12815 -1 12819 -1 12823 -1 12827 -1 12831 -1 12859 -1 12863 -1 12867 -1 12871 -1 12875 -1 12891 -1 12895 -1 46285 -1 -2
12483 -1 12487 -1 -2
10299 -1 12459 -1 12467 -1 12531 -1 12835 -1 -2
33461 -1 -2
34885 -1 34889 -1 34893 -1 34901 -1 -2
12339 -1 20807 -1 35185 -1 -2
12679 -1 12691 -1 -2
10303 -1 12743 -1 12755 -1 12759 -1 12767 -1 12771 -1 -2
12347 -1 12355 -1 -2
10877 -1 12355 -1 12559 -1 12563 -1 12659 -1 12875 -1 -2
10311 -1 12479 -1 12483 -1 12575 -1 -2
12895 -1 -2
12703 -1 -2
18583 -1 18815 -1 -2
33449 -1 -2
12431 -1 -2
12335 -1 12339 -1 12419 -1 -2
10291 -1 10295 -1 10299 -1 10303 -1 10307 -1 10315 -1 10327 -1 10331 -1 10335 -1 -2
10877 -1 12323 -1 12331 -1 12339 -1 12407 -1 12643 -1 12811 -1 18575 -1 18811 -1 -2
12551 -1 -2
35165 -1 -2
20807 -1 -2
12375 -1 -2
10315 -1 10339 -1 12483 -1 -2
33429 -1 -2
10845 -1 12331 -1 12587 -1 12591 -1 12595 -1 -2
12327 -1 12335 -1 -2
10881 -1 12331 -1 12391 -1 -2
12343 -1 12607 -1 -2
12715 -1 12735 -1 12759 -1 -2
10881 -1 -2
12695 -1 12703 -1 -2
12355 -1 12475 -1 12659 -1 -2
12715 -1 12719 -1 -2
18547 -1 -2
20807 -1 -2
10315 -1 -2
12743 -1 -2
12611 -1 12767 -1 -2
10877 -1 -2
35185 -1 -2
10881 -1 -2
12883 -1 -2
18575 -1 -2
10877 -1 12407 -1 -2
12375 -1 12431 -1 -2
12339 -1 12347 -1 12387 -1 -2
12663 -1 -2
12587 -1 12843 -1 -2
18619 -1 -2
18439 -1 18443 -1 18451 -1 18459 -1 18855 -1 -2
10845 -1 -2
10311 -1 12571 -1 12575 -1 32213 -1 -2
12687 -1 12691 -1 12703 -1 34925 -1 34929 -1 -2
12467 -1 -2
10295 -1 10311 -1 10315 -1 12479 -1 12483 -1 12487 -1 12575 -1 12683 -1 12695 -1 12703 -1 32213 -1 34893 -1 -2
12675 -1 12835 -1 -2
12339 -1 12347 -1 12351 -1 12763 -1 18871 -1 -2
10877 -1 -2
12783 -1 -2
18655 -1 -2
12735 -1 -2
12895 -1 12907 -1 -2
10311 -1 12703 -1 -2
10841 -1 -2
12431 -1 -2
12875 -1 -2
10307 -1 -2
12679 -1 46289 -1 -2
10877 -1 12299 -1 12371 -1 12431 -1 12471 -1 12659 -1 12883 -1 33469 -1 -2
12835 -1 -2
12687 -1 12691 -1 12855 -1 -2
18707 -1 -2
10877 -1 12591 -1 -2
35149 -1 35161 -1 35165 -1 -2
10857 -1 12715 -1 12835 -1 12839 -1 -2
12407 -1 -2
10307 -1 -2
12711 -1 12723 -1 12727 -1 12731 -1 -2
10339 -1 12475 -1 18471 -1 18479 -1 18483 -1 18523 -1 18575 -1 18807 -1 18811 -1 18815 -1 18819 -1 18839 -1 35213 -1 -2
10833 -1 12459 -1 12663 -1 12667 -1 12671 -1 12675 -1 -2
12783 -1 -2
18563 -1 18675 -1 18855 -1 -2
12467 -1 12491 -1 12839 -1 12843 -1 12855 -1 33449 -1 33469 -1 -2
33449 -1 -2
35177 -1 -2
10291 -1 10295 -1 10311 -1 10315 -1 12483 -1 12487 -1 12621 -1 12627 -1 12631 -1 12647 -1 12655 -1 12667 -1 12687 -1 12691 -1 12695 -1 12739 -1 12771 -1 12807 -1 12819 -1 12823 -1 12907 -1 32197 -1 32201 -1 32205 -1 32209 -1 32213 -1 32221 -1 33437 -1 33449 -1 33469 -1 34885 -1 34889 -1 34893 -1 34897 -1 34901 -1 34905 -1 46281 -1 46293 -1 -2
12747 -1 -2
10339 -1 -2
18871 -1 -2
12851 -1 -2
12875 -1 -2
12847 -1 30335 -1 -2
12751 -1 -2
12531 -1 12719 -1 12855 -1 -2
12723 -1 -2
12655 -1 12867 -1 -2
12675 -1 -2
12407 -1 35213 -1 -2
12431 -1 -2
33469 -1 -2
34925 -1 -2
10881 -1 12323 -1 -2
33449 -1 33469 -1 -2
18619 -1 -2
10877 -1 12331 -1 12339 -1 12387 -1 35185 -1 -2
12371 -1 12431 -1 35153 -1 35161 -1 -2
10833 -1 10849 -1 -2
12567 -1 -2
12787 -1 -2
12627 -1 -2
32205 -1 -2
10865 -1 12523 -1 12535 -1 12539 -1 12621 -1 12859 -1 12883 -1 32217 -1 -2
12451 -1 -2
12847 -1 -2
12355 -1 12399 -1 12411 -1 12447 -1 12567 -1 12583 -1 12591 -1 -2
12621 -1 18787 -1 20807 -1 -2
33449 -1 -2
12731 -1 -2
12527 -1 -2
10295 -1 -2
10299 -1 10315 -1 12691 -1 12831 -1 33465 -1 -2
12339 -1 12347 -1 12387 -1 35185 -1 -2
12547 -1 12559 -1 -2
12663 -1 12679 -1 12683 -1 -2
12407 -1 12439 -1 12515 -1 -2
34905 -1 -2
33453 -1 33469 -1 -2
18551 -1 -2
12763 -1 32201 -1 -2
12475 -1 -2
10295 -1 10307 -1 10311 -1 -2
10311 -1 10857 -1 10861 -1 10865 -1 -2
12487 -1 12711 -1 -2
33469 -1 -2
12895 -1 -2
10877 -1 -2
12531 -1 -2
12895 -1 -2
12567 -1 12583 -1 12591 -1 18683 -1 18787 -1 -2
12663 -1 12667 -1 -2
10877 -1 -2
12691 -1 12895 -1 -2
12323 -1 12327 -1 12339 -1 -2
10877 -1 -2
12575 -1 12611 -1 12615 -1 12683 -1 12691 -1 12711 -1 12823 -1 12827 -1 12907 -1 32205 -1 33449 -1 33469 -1 34885 -1 -2
18651 -1 18879 -1 -2
12827 -1 12831 -1 12871 -1 12879 -1 12891 -1 -2
12339 -1 35185 -1 -2
10295 -1 10307 -1 10311 -1 12483 -1 12875 -1 -2
18599 -1 35149 -1 -2
12355 -1 12431 -1 -2
12555 -1 -2
12327 -1 12419 -1 12675 -1 -2
12299 -1 12411 -1 12419 -1 12443 -1 12507 -1 18587 -1 -2
18547 -1 -2
12783 -1 -2
33449 -1 -2
10877 -1 12347 -1 12551 -1 34925 -1 34929 -1 -2
12299 -1 12399 -1 -2
12691 -1 -2
10877 -1 12339 -1 -2
33449 -1 -2
12747 -1 12779 -1 12787 -1 18635 -1 -2
34901 -1 -2
12407 -1 18487 -1 18523 -1 -2
12439 -1 -2
12659 -1 -2
12407 -1 -2
12355 -1 -2
10295 -1 10307 -1 12819 -1 -2
33437 -1 33453 -1 -2
18727 -1 -2
12723 -1 35177 -1 -2
18787 -1 -2
12843 -1 12879 -1 18427 -1 18863 -1 33469 -1 -2
12895 -1 -2
10295 -1 12515 -1 12751 -1 12819 -1 12827 -1 12895 -1 18831 -1 33449 -1 -2
10307 -1 18695 -1 -2
12751 -1 -2
12719 -1 12723 -1 12731 -1 12763 -1 -2
18691 -1 -2
12419 -1 -2
10845 -1 10877 -1 12559 -1 -2
12783 -1 -2
12819 -1 -2
10833 -1 -2
12555 -1 -2
12755 -1 12771 -1 -2
10307 -1 12795 -1 12819 -1 12831 -1 12895 -1 32201 -1 -2
33457 -1 -2
10311 -1 12483 -1 12487 -1 -2
10291 -1 33433 -1 33453 -1 33469 -1 34905 -1 -2
33469 -1 -2
10307 -1 -2
32213 -1 -2
12339 -1 12407 -1 -2
10841 -1 10877 -1 10881 -1 12339 -1 12347 -1 12355 -1 12551 -1 34925 -1 -2
12551 -1 12559 -1 12567 -1 35149 -1 35153 -1 35165 -1 35169 -1 -2
18655 -1 -2
12515 -1 -2
18723 -1 18727 -1 -2
12763 -1 -2
10307 -1 12603 -1 -2
32197 -1 32213 -1 32221 -1 -2
10841 -1 10877 -1 10881 -1 -2
35161 -1 35169 -1 -2
10315 -1 -2
35153 -1 35169 -1 -2
12835 -1 12895 -1 -2
33469 -1 -2
12627 -1 12631 -1 35213 -1 -2
12559 -1 -2
10845 -1 10877 -1 12607 -1 18871 -1 35177 -1 -2
12467 -1 -2
18827 -1 -2
12779 -1 -2
10857 -1 10865 -1 12575 -1 12743 -1 12763 -1 -2
12559 -1 12563 -1 12591 -1 35149 -1 35157 -1 35165 -1 35169 -1 35173 -1 35177 -1 35181 -1 -2
33445 -1 -2
12407 -1 12411 -1 12511 -1 12515 -1 -2
12827 -1 12895 -1 -2
12411 -1 -2
18487 -1 -2
12527 -1 12535 -1 12823 -1 -2
18635 -1 -2
12803 -1 12867 -1 -2
12367 -1 12395 -1 12403 -1 12411 -1 -2
18787 -1 -2
12355 -1 12719 -1 -2
18691 -1 18787 -1 -2
12367 -1 12395 -1 12431 -1 -2
18427 -1 -2
10877 -1 12339 -1 -2
33457 -1 46293 -1 -2
12479 -1 18831 -1 -2
18547 -1 -2
35161 -1 -2
10877 -1 -2
12695 -1 -2
12679 -1 34921 -1 34925 -1 34929 -1 46281 -1 -2
32221 -1 -2
33449 -1 33469 -1 -2
12823 -1 12907 -1 -2
12621 -1 18779 -1 20803 -1 20807 -1 -2
12567 -1 -2
33469 -1 -2
12875 -1 -2
12747 -1 12775 -1 18787 -1 -2
10881 -1 -2
12867 -1 -2
12479 -1 12715 -1 12719 -1 12819 -1 12907 -1 32209 -1 -2
12895 -1 -2
35149 -1 -2
10877 -1 -2
10291 -1 12483 -1 -2
34905 -1 -2
12299 -1 -2
12395 -1 12459 -1 12487 -1 -2
18787 -1 -2
12839 -1 -2
10307 -1 18855 -1 -2
12679 -1 12895 -1 -2
33469 -1 -2
35185 -1 35213 -1 -2
12299 -1 -2
12835 -1 -2
12783 -1 12787 -1 -2
10833 -1 10877 -1 12335 -1 12339 -1 -2
10307 -1 12759 -1 32201 -1 32209 -1 -2
12703 -1 -2
12715 -1 20807 -1 -2
12627 -1 18507 -1 35177 -1 -2
10869 -1 10877 -1 12439 -1 -2
12407 -1 12621 -1 12747 -1 12775 -1 12783 -1 18871 -1 -2
12367 -1 12403 -1 12411 -1 -2
10841 -1 10881 -1 -2
33469 -1 -2
12515 -1 -2
12439 -1 12515 -1 -2
12895 -1 -2
12723 -1 -2
35157 -1 35165 -1 35185 -1 -2
12339 -1 -2
18695 -1 18727 -1 -2
12339 -1 35185 -1 -2
33449 -1 33469 -1 -2
10877 -1 -2
12483 -1 12487 -1 -2
12411 -1 -2
34917 -1 -2
33429 -1 33449 -1 -2
12431 -1 -2
18691 -1 18695 -1 33449 -1 -2
12611 -1 -2
12755 -1 33449 -1 -2
10841 -1 -2
12571 -1 -2
33469 -1 -2
12771 -1 -2
33449 -1 -2
33469 -1 -2
12487 -1 -2
12323 -1 12339 -1 12651 -1 12663 -1 12671 -1 12795 -1 18575 -1 34889 -1 34905 -1 -2
12407 -1 12411 -1 12427 -1 -2
12339 -1 -2
10315 -1 12819 -1 12827 -1 12895 -1 33429 -1 33449 -1 33453 -1 33469 -1 -2
10303 -1 10307 -1 10311 -1 10315 -1 12611 -1 12621 -1 12735 -1 12755 -1 12771 -1 32201 -1 32209 -1 -2
12491 -1 12683 -1 12691 -1 12763 -1 33429 -1 -2
12299 -1 -2
12603 -1 12635 -1 18603 -1 -2
12843 -1 -2
10295 -1 10307 -1 10311 -1 -2
32209 -1 33449 -1 33453 -1 33469 -1 -2
18847 -1 35149 -1 -2
10311 -1 10315 -1 10339 -1 12487 -1 12703 -1 32213 -1 -2
12743 -1 -2
10877 -1 12331 -1 12431 -1 -2
10311 -1 12751 -1 -2
12691 -1 12795 -1 12819 -1 -2
18799 -1 -2
12559 -1 12867 -1 18831 -1 -2
12675 -1 -2
12895 -1 33469 -1 -2
12567 -1 12711 -1 -2
33449 -1 -2
12679 -1 -2
12551 -1 12555 -1 35165 -1 -2
10877 -1 12551 -1 12907 -1 -2
12483 -1 -2
12579 -1 -2
10295 -1 10307 -1 10315 -1 12463 -1 12479 -1 12523 -1 12831 -1 12855 -1 12903 -1 33449 -1 -2
12567 -1 -2
34901 -1 -2
10315 -1 10849 -1 12427 -1 12743 -1 12755 -1 12835 -1 18703 -1 34921 -1 -2
12735 -1 -2
12299 -1 12371 -1 12411 -1 18587 -1 -2
12339 -1 35185 -1 -2
12907 -1 -2
12567 -1 35181 -1 -2
12783 -1 12787 -1 18619 -1 -2
33469 -1 -2
10857 -1 10865 -1 34893 -1 -2
10311 -1 12551 -1 -2
33449 -1 33469 -1 -2
12715 -1 12727 -1 32205 -1 -2
10881 -1 12339 -1 12387 -1 35185 -1 -2
35157 -1 35161 -1 35169 -1 35173 -1 35181 -1 35185 -1 -2
12831 -1 -2
10829 -1 12571 -1 12575 -1 32213 -1 34893 -1 -2
12747 -1 12783 -1 -2
12515 -1 -2
12827 -1 -2
10311 -1 -2
12355 -1 35161 -1 -2
12895 -1 -2
12795 -1 12819 -1 -2
10311 -1 -2
12907 -1 -2
10295 -1 10307 -1 10315 -1 12687 -1 32205 -1 32213 -1 -2
10291 -1 10295 -1 10299 -1 10307 -1 10327 -1 10331 -1 10335 -1 12479 -1 12523 -1 12527 -1 12531 -1 12627 -1 12631 -1 12643 -1 12647 -1 12651 -1 12659 -1 12663 -1 12667 -1 12671 -1 12679 -1 12683 -1 12687 -1 12691 -1 12695 -1 12795 -1 12803 -1 12815 -1 12819 -1 12831 -1 12895 -1 33425 -1 33429 -1 33433 -1 33437 -1 33441 -1 33449 -1 33453 -1 33457 -1 33461 -1 33465 -1 33469 -1 34889 -1 34901 -1 34905 -1 46281 -1 46285 -1 46289 -1 46293 -1 -2
10295 -1 10303 -1 10311 -1 12735 -1 12875 -1 18831 -1 -2
10881 -1 12431 -1 12627 -1 -2
12703 -1 -2
34909 -1 -2
12663 -1 12783 -1 -2
12339 -1 -2
12399 -1 -2
33449 -1 -2
10311 -1 -2
10307 -1 -2
33433 -1 33457 -1 -2
18879 -1 -2
10295 -1 10311 -1 12483 -1 12487 -1 12875 -1 -2
34921 -1 34925 -1 -2
12611 -1 12767 -1 -2
35153 -1 35157 -1 35165 -1 35169 -1 -2
12323 -1 -2
12447 -1 12559 -1 12711 -1 -2
12621 -1 -2
12747 -1 12751 -1 12783 -1 -2
12439 -1 -2
12867 -1 -2
10295 -1 10315 -1 12755 -1 18659 -1 -2
18847 -1 -2
34929 -1 -2
12515 -1 18487 -1 -2
10877 -1 12431 -1 12439 -1 12515 -1 35165 -1 -2
12691 -1 12907 -1 33449 -1 -2
18675 -1 -2
12863 -1 33465 -1 -2
10881 -1 12775 -1 -2
18847 -1 -2
12783 -1 -2
18815 -1 -2
12847 -1 -2
34921 -1 34925 -1 -2
18579 -1 -2
12627 -1 -2
12895 -1 -2
12515 -1 18691 -1 -2
12775 -1 -2
12843 -1 -2
12483 -1 -2
12819 -1 33465 -1 -2
12739 -1 12763 -1 -2
12471 -1 -2
35185 -1 -2
10311 -1 12551 -1 12621 -1 12875 -1 18499 -1 18659 -1 18871 -1 -2
12807 -1 -2
12675 -1 12847 -1 -2
46285 -1 -2
12627 -1 12899 -1 -2
12663 -1 -2
12807 -1 -2
33449 -1 33469 -1 -2
10845 -1 12323 -1 12351 -1 -2
10339 -1 12587 -1 18839 -1 -2
33469 -1 -2
12671 -1 -2
33469 -1 -2
18423 -1 18547 -1 -2
12559 -1 -2
12895 -1 34905 -1 -2
12731 -1 -2
34925 -1 34929 -1 -2
35165 -1 35177 -1 -2
33425 -1 -2
12627 -1 -2
12851 -1 -2
12621 -1 -2
12583 -1 12691 -1 34889 -1 -2
33469 -1 -2
12591 -1 35149 -1 35153 -1 35161 -1 35165 -1 35169 -1 -2
18707 -1 -2
12483 -1 12487 -1 -2
12603 -1 12607 -1 12611 -1 12621 -1 12627 -1 12631 -1 -2
10877 -1 12339 -1 12447 -1 12515 -1 12567 -1 -2
12339 -1 -2
12407 -1 12511 -1 12515 -1 -2
12883 -1 -2
12411 -1 -2
12551 -1 -2
10865 -1 -2
12627 -1 12899 -1 -2
12583 -1 12595 -1 35185 -1 -2
33449 -1 33469 -1 -2
12371 -1 12415 -1 12419 -1 -2
12439 -1 12451 -1 12515 -1 -2
18683 -1 -2
12879 -1 -2
12715 -1 -2
12783 -1 -2
12299 -1 12395 -1 12419 -1 -2
12603 -1 12611 -1 12731 -1 -2
12835 -1 -2
35165 -1 35181 -1 35185 -1 -2
12559 -1 -2
12711 -1 -2
12823 -1 -2
12621 -1 -2
33449 -1 33469 -1 -2
32201 -1 -2
12439 -1 33449 -1 -2
12795 -1 -2
10307 -1 12479 -1 12483 -1 12679 -1 12895 -1 -2
12575 -1 35201 -1 -2
33449 -1 -2
12679 -1 -2
18707 -1 -2
33469 -1 -2
34901 -1 -2
12299 -1 -2
12483 -1 12711 -1 12719 -1 -2
12621 -1 12627 -1 12635 -1 18675 -1 -2
12583 -1 12883 -1 -2
12567 -1 -2
33449 -1 -2
10857 -1 12487 -1 12531 -1 12627 -1 12831 -1 32205 -1 34885 -1 -2
33453 -1 34901 -1 -2
10307 -1 12763 -1 -2
33469 -1 -2
12571 -1 -2
12621 -1 -2
33469 -1 -2
12411 -1 -2
10849 -1 10853 -1 -2
10311 -1 -2
12779 -1 33449 -1 -2
12567 -1 -2
12339 -1 12387 -1 -2
32209 -1 -2
33469 -1 -2
12835 -1 -2
10315 -1 -2
10877 -1 12451 -1 -2
12651 -1 -2
12723 -1 -2
12515 -1 -2
12431 -1 -2
12431 -1 34921 -1 34925 -1 -2
18471 -1 18483 -1 18811 -1 18819 -1 -2
12427 -1 12483 -1 -2
33469 -1 -2
12323 -1 -2
33449 -1 -2
12663 -1 12715 -1 12723 -1 -2
12603 -1 12621 -1 -2
12723 -1 -2
12715 -1 12719 -1 -2
12431 -1 -2
12867 -1 12875 -1 -2
33469 -1 -2
12483 -1 -2
10311 -1 12703 -1 12875 -1 34893 -1 -2
10307 -1 -2
18879 -1 -2
10841 -1 10877 -1 34925 -1 -2
10291 -1 12621 -1 12735 -1 12739 -1 12743 -1 12759 -1 12783 -1 12787 -1 -2
12679 -1 12711 -1 12811 -1 -2
12571 -1 -2
12339 -1 35185 -1 -2
12835 -1 12839 -1 12851 -1 -2
10853 -1 10869 -1 10877 -1 12355 -1 12795 -1 12819 -1 12831 -1 18423 -1 18431 -1 18459 -1 18479 -1 18483 -1 18511 -1 18527 -1 18675 -1 18703 -1 18715 -1 18787 -1 18871 -1 32201 -1 34889 -1 34921 -1 -2
12831 -1 -2
18487 -1 34929 -1 -2
12407 -1 12411 -1 12431 -1 -2
12431 -1 -2
12603 -1 12621 -1 -2
33441 -1 -2
12515 -1 -2
12621 -1 12815 -1 12895 -1 33449 -1 -2
33449 -1 -2
33449 -1 -2
34905 -1 -2
12621 -1 -2
12451 -1 -2
10295 -1 12571 -1 12695 -1 -2
33449 -1 33469 -1 -2
12679 -1 -2
12323 -1 12583 -1 -2
10315 -1 12875 -1 12895 -1 -2
33469 -1 -2
12751 -1 -2
10295 -1 10315 -1 -2
12823 -1 -2
10833 -1 12675 -1 12883 -1 12887 -1 -2
12299 -1 -2
12647 -1 12651 -1 -2
12347 -1 12551 -1 12555 -1 12567 -1 12571 -1 12575 -1 34929 -1 -2
32201 -1 32221 -1 -2
10877 -1 12399 -1 -2
12407 -1 12451 -1 12723 -1 12727 -1 12731 -1 18487 -1 18523 -1 18543 -1 18567 -1 18583 -1 18587 -1 18603 -1 18671 -1 35213 -1 -2
12415 -1 12419 -1 12851 -1 18559 -1 18567 -1 -2
10877 -1 -2
12679 -1 12683 -1 12703 -1 -2
33469 -1 -2
12883 -1 -2
12863 -1 -2
12355 -1 35161 -1 -2
12483 -1 12487 -1 12547 -1 12563 -1 12875 -1 -2
12339 -1 12407 -1 -2
10311 -1 12483 -1 12621 -1 32205 -1 32213 -1 33425 -1 -2
12787 -1 -2
18635 -1 18639 -1 18643 -1 -2
12431 -1 -2
12867 -1 -2
12835 -1 12847 -1 -2
12299 -1 12367 -1 12407 -1 12411 -1 12419 -1 12423 -1 12439 -1 -2
33469 -1 -2
12335 -1 12347 -1 12355 -1 -2
12479 -1 12815 -1 12819 -1 12835 -1 12907 -1 -2
33469 -1 -2
18483 -1 -2
33433 -1 33449 -1 33453 -1 33469 -1 -2
12487 -1 32213 -1 -2
18559 -1 -2
33449 -1 -2
12679 -1 -2
12611 -1 12615 -1 12621 -1 12627 -1 12723 -1 12731 -1 12747 -1 12755 -1 -2
12883 -1 -2
33449 -1 -2
12679 -1 18795 -1 -2
12807 -1 -2
10311 -1 -2
33433 -1 33453 -1 33469 -1 -2
12419 -1 -2
12463 -1 -2
12463 -1 -2
10295 -1 10311 -1 12487 -1 12495 -1 12627 -1 12807 -1 12895 -1 32201 -1 32205 -1 32213 -1 32217 -1 33425 -1 33429 -1 33449 -1 33469 -1 34885 -1 -2
34905 -1 -2
12771 -1 -2
12895 -1 -2
12711 -1 12723 -1 -2
10307 -1 -2
12895 -1 -2
12621 -1 -2
33449 -1 -2
18547 -1 -2
12483 -1 12487 -1 -2
10295 -1 12819 -1 -2
12831 -1 -2
18479 -1 18487 -1 18703 -1 18715 -1 34901 -1 -2
12895 -1 -2
12747 -1 -2
34893 -1 -2
12611 -1 12621 -1 12771 -1 33469 -1 -2
33469 -1 -2
12559 -1 -2
12711 -1 -2
12431 -1 -2
12411 -1 12419 -1 -2
18587 -1 -2
12463 -1 12487 -1 33437 -1 -2
35157 -1 35161 -1 35169 -1 -2
12875 -1 -2
12567 -1 -2
12695 -1 33469 -1 -2
10303 -1 -2
12355 -1 -2
35165 -1 35173 -1 -2
12407 -1 12447 -1 12887 -1 35213 -1 -2
12483 -1 12703 -1 -2
10311 -1 12483 -1 12687 -1 12795 -1 18691 -1 18727 -1 -2
12655 -1 -2
12431 -1 -2
12691 -1 -2
18719 -1 18847 -1 -2
12551 -1 -2
12695 -1 -2
32209 -1 -2
12819 -1 12907 -1 33437 -1 33469 -1 46285 -1 -2
33449 -1 33469 -1 -2
12675 -1 12883 -1 -2
33449 -1 -2
10315 -1 10339 -1 -2
12727 -1 -2
12431 -1 -2
12715 -1 -2
12483 -1 12487 -1 12491 -1 12527 -1 12795 -1 12831 -1 32201 -1 33449 -1 33469 -1 -2
12339 -1 -2
12895 -1 -2
12895 -1 -2
12727 -1 -2
33469 -1 -2
12815 -1 -2
10877 -1 12331 -1 -2
33449 -1 -2
12895 -1 -2
10311 -1 -2
35181 -1 -2
10865 -1 34929 -1 -2
33449 -1 33469 -1 -2
12403 -1 12411 -1 12719 -1 -2
12635 -1 -2
12483 -1 12487 -1 12495 -1 -2
12407 -1 12411 -1 -2
18483 -1 18819 -1 -2
12467 -1 12847 -1 12883 -1 -2
12655 -1 -2
12787 -1 35161 -1 -2
12551 -1 12567 -1 -2
12691 -1 12871 -1 33469 -1 -2
10877 -1 12339 -1 -2
12579 -1 -2
12339 -1 12407 -1 12411 -1 -2
12447 -1 -2
12515 -1 12675 -1 30291 -1 -2
10877 -1 -2
10295 -1 10331 -1 10335 -1 12491 -1 12495 -1 -2
12339 -1 12411 -1 -2
12407 -1 12411 -1 -2
12399 -1 12407 -1 12431 -1 12439 -1 12451 -1 12515 -1 12519 -1 35213 -1 -2
12787 -1 -2
10877 -1 12883 -1 -2
12551 -1 -2
12339 -1 12387 -1 35185 -1 -2
10877 -1 35185 -1 35213 -1 -2
10877 -1 12339 -1 12347 -1 12387 -1 12407 -1 12411 -1 12503 -1 12515 -1 35185 -1 -2
10311 -1 12483 -1 12487 -1 12571 -1 12575 -1 12703 -1 12875 -1 32213 -1 34893 -1 -2
12715 -1 -2
12483 -1 12487 -1 -2
12675 -1 12883 -1 -2
12399 -1 12447 -1 12567 -1 18487 -1 18587 -1 18651 -1 18723 -1 18871 -1 -2
12459 -1 12527 -1 12531 -1 12671 -1 -2
20803 -1 20807 -1 -2
12327 -1 12343 -1 -2
33449 -1 33469 -1 -2
12547 -1 12595 -1 18683 -1 -2
18619 -1 -2
12663 -1 12667 -1 12671 -1 -2
12431 -1 35185 -1 -2
12515 -1 -2
10841 -1 12331 -1 12487 -1 12659 -1 -2
12883 -1 -2
12807 -1 -2
12551 -1 12675 -1 -2
33469 -1 -2
10877 -1 12507 -1 -2
12355 -1 -2
35153 -1 -2
12407 -1 12411 -1 35185 -1 35213 -1 -2
12727 -1 33449 -1 -2
35181 -1 -2
12887 -1 -2
12431 -1 -2
10869 -1 10877 -1 -2
10881 -1 34921 -1 -2
33449 -1 -2
12355 -1 -2
12883 -1 -2
12567 -1 -2
10877 -1 -2
12675 -1 12835 -1 -2
12579 -1 -2
12339 -1 -2
12407 -1 12411 -1 -2
12621 -1 -2
10877 -1 12515 -1 -2
12323 -1 12439 -1 -2
12335 -1 12347 -1 -2
10319 -1 10331 -1 12691 -1 -2
12615 -1 -2
12607 -1 12775 -1 18595 -1 -2
20807 -1 -2
33449 -1 -2
12567 -1 -2
34901 -1 -2
35185 -1 -2
10845 -1 12335 -1 35177 -1 35181 -1 -2
12759 -1 33449 -1 -2
12559 -1 -2
12339 -1 12567 -1 12675 -1 12883 -1 -2
33449 -1 -2
12407 -1 12411 -1 -2
10877 -1 -2
12779 -1 12787 -1 -2
12847 -1 -2
12667 -1 -2
12323 -1 12395 -1 12415 -1 12423 -1 18423 -1 -2
12883 -1 -2
12731 -1 12771 -1 -2
10877 -1 -2
12711 -1 12715 -1 -2
10877 -1 12339 -1 34909 -1 35185 -1 -2
12491 -1 12835 -1 12847 -1 12851 -1 12855 -1 -2
33445 -1 -2
12483 -1 -2
10865 -1 -2
12567 -1 -2
12711 -1 -2
10829 -1 10853 -1 12475 -1 12659 -1 12899 -1 -2
10319 -1 -2
12715 -1 12723 -1 12727 -1 12739 -1 12743 -1 -2
35177 -1 -2
10877 -1 18479 -1 18487 -1 18811 -1 -2
10877 -1 -2
10319 -1 -2
12731 -1 12787 -1 18831 -1 -2
10319 -1 -2
12323 -1 12895 -1 34885 -1 34901 -1 34909 -1 34921 -1 34929 -1 -2
12703 -1 12875 -1 -2
12679 -1 -2
12407 -1 12411 -1 12427 -1 12515 -1 -2
12883 -1 -2
33449 -1 33469 -1 -2
12883 -1 -2
10877 -1 12407 -1 35213 -1 -2
10877 -1 10881 -1 -2
10833 -1 10877 -1 12339 -1 12355 -1 12675 -1 -2
12327 -1 12331 -1 12391 -1 12407 -1 -2
10841 -1 12731 -1 12843 -1 12859 -1 -2
10877 -1 -2
12355 -1 12551 -1 18619 -1 35173 -1 -2
10303 -1 10857 -1 12615 -1 12621 -1 12743 -1 12747 -1 12751 -1 12755 -1 12763 -1 30299 -1 -2
12587 -1 -2
12847 -1 -2
10877 -1 12339 -1 12347 -1 12387 -1 12431 -1 -2
12459 -1 12479 -1 12643 -1 12647 -1 12679 -1 12683 -1 12687 -1 -2
12491 -1 12835 -1 12851 -1 -2
12687 -1 12783 -1 -2
12711 -1 -2
12555 -1 -2
10303 -1 10865 -1 12603 -1 12611 -1 12621 -1 12735 -1 12739 -1 12759 -1 12779 -1 32201 -1 32205 -1 34893 -1 -2
12339 -1 12387 -1 12411 -1 -2
35181 -1 -2
12711 -1 -2
10303 -1 10307 -1 10315 -1 18707 -1 32209 -1 -2
12831 -1 -2
10829 -1 10833 -1 10837 -1 10869 -1 12679 -1 -2
12621 -1 12739 -1 12747 -1 12763 -1 -2
10857 -1 -2
12563 -1 12579 -1 35157 -1 -2
12323 -1 12331 -1 12339 -1 12467 -1 -2
12603 -1 -2
12883 -1 -2
10877 -1 12431 -1 -2
10877 -1 10881 -1 12331 -1 18487 -1 -2
18691 -1 -2
12591 -1 -2
35157 -1 35169 -1 -2
12547 -1 -2
10877 -1 12299 -1 -2
10845 -1 -2
12823 -1 12867 -1 -2
12567 -1 -2
10299 -1 12527 -1 -2
12803 -1 -2
12407 -1 -2
10303 -1 10307 -1 10315 -1 10861 -1 12627 -1 12691 -1 12735 -1 12739 -1 12763 -1 18427 -1 18799 -1 32197 -1 32201 -1 32209 -1 34885 -1 -2
12339 -1 12355 -1 12387 -1 12515 -1 12519 -1 35161 -1 -2
10881 -1 12331 -1 -2
12411 -1 35213 -1 -2
12591 -1 18627 -1 -2
12819 -1 12875 -1 18583 -1 34893 -1 -2
12903 -1 -2
10869 -1 10877 -1 -2
10877 -1 12431 -1 -2
12679 -1 -2
10877 -1 12663 -1 -2
12339 -1 -2
35177 -1 -2
10881 -1 12343 -1 -2
12399 -1 -2
12723 -1 -2
12327 -1 -2
12883 -1 -2
10877 -1 12715 -1 12719 -1 -2
10339 -1 10833 -1 10877 -1 12355 -1 -2
12663 -1 -2
12675 -1 12883 -1 12907 -1 -2
10877 -1 -2
12371 -1 12419 -1 -2
12431 -1 -2
12567 -1 -2
10877 -1 12515 -1 12883 -1 -2
12355 -1 12551 -1 -2
12347 -1 12475 -1 -2
10295 -1 10299 -1 10307 -1 10311 -1 10315 -1 12483 -1 12487 -1 12679 -1 12683 -1 12687 -1 12691 -1 12695 -1 12703 -1 12827 -1 12895 -1 18723 -1 33425 -1 33429 -1 33449 -1 33469 -1 -2
10877 -1 -2
18787 -1 -2
12559 -1 12563 -1 18787 -1 33469 -1 -2
12663 -1 -2
10877 -1 12483 -1 12675 -1 12803 -1 12815 -1 12819 -1 12823 -1 12835 -1 12839 -1 12883 -1 -2
12643 -1 -2
12579 -1 -2
12895 -1 -2
12339 -1 -2
10829 -1 10841 -1 10881 -1 12343 -1 35185 -1 -2
10841 -1 10845 -1 10877 -1 10881 -1 -2
10877 -1 -2
12335 -1 12339 -1 12347 -1 12355 -1 34929 -1 -2
18847 -1 -2
12715 -1 -2
33449 -1 -2
12703 -1 -2
10315 -1 10339 -1 -2
12355 -1 12431 -1 -2
12399 -1 12411 -1 -2
12463 -1 12815 -1 12819 -1 -2
10877 -1 12335 -1 12355 -1 -2
12339 -1 12407 -1 12567 -1 -2
12655 -1 12803 -1 -2
12679 -1 -2
10877 -1 12555 -1 -2
10877 -1 -2
10877 -1 12831 -1 18511 -1 -2
12339 -1 -2
12339 -1 35185 -1 -2
12327 -1 -2
18423 -1 18691 -1 18855 -1 -2
12551 -1 -2
12399 -1 12595 -1 34909 -1 -2
10877 -1 -2
10841 -1 10861 -1 10865 -1 10877 -1 12327 -1 12339 -1 12515 -1 -2
10877 -1 -2
12431 -1 -2
10877 -1 12339 -1 12407 -1 12411 -1 12483 -1 12515 -1 35185 -1 35213 -1 -2
12703 -1 -2
12483 -1 18787 -1 -2
10877 -1 35177 -1 -2
12883 -1 -2
12663 -1 34909 -1 35153 -1 -2
35185 -1 -2
12483 -1 12491 -1 12495 -1 32209 -1 32213 -1 -2
10841 -1 12339 -1 18443 -1 -2
12723 -1 12727 -1 12731 -1 18619 -1 -2
12347 -1 12355 -1 18519 -1 -2
12331 -1 35181 -1 -2
12755 -1 12771 -1 32201 -1 -2
12483 -1 12487 -1 32205 -1 -2
10877 -1 -2
10877 -1 12327 -1 12555 -1 35173 -1 35177 -1 35185 -1 -2
12339 -1 12387 -1 35185 -1 35213 -1 -2
12339 -1 12407 -1 -2
10877 -1 -2
33469 -1 -2
12687 -1 12691 -1 12795 -1 12803 -1 12831 -1 34905 -1 -2
12887 -1 -2
12327 -1 -2
10877 -1 12299 -1 12339 -1 12471 -1 12567 -1 12643 -1 12679 -1 12811 -1 12847 -1 18647 -1 18787 -1 -2
12339 -1 -2
12895 -1 -2
33429 -1 -2
12567 -1 -2
12711 -1 12719 -1 12735 -1 -2
10841 -1 10845 -1 10877 -1 10881 -1 12327 -1 12343 -1 12355 -1 35181 -1 -2
12723 -1 -2
10829 -1 10833 -1 10853 -1 10877 -1 12339 -1 12347 -1 12355 -1 12363 -1 12551 -1 -2
35185 -1 -2
12487 -1 18731 -1 -2
10845 -1 12339 -1 12387 -1 18863 -1 35185 -1 35213 -1 -2
10877 -1 12327 -1 -2
12579 -1 -2
10877 -1 -2
12327 -1 12335 -1 12347 -1 12355 -1 35177 -1 35181 -1 -2
12339 -1 -2
12559 -1 -2
35149 -1 -2
10877 -1 12355 -1 12675 -1 12715 -1 12847 -1 18583 -1 -2
12339 -1 35185 -1 -2
12339 -1 35185 -1 -2
12339 -1 12411 -1 12439 -1 35213 -1 -2
12895 -1 -2
35181 -1 35185 -1 -2
10841 -1 10881 -1 12343 -1 12355 -1 12483 -1 12487 -1 12711 -1 -2
10881 -1 12351 -1 35153 -1 35165 -1 35177 -1 -2
10833 -1 10869 -1 10877 -1 -2
10877 -1 12659 -1 -2
10877 -1 -2
10291 -1 12467 -1 12523 -1 12663 -1 12667 -1 12687 -1 -2
12803 -1 12895 -1 -2
10877 -1 18487 -1 -2
12431 -1 -2
12591 -1 12595 -1 -2
12723 -1 -2
12331 -1 12895 -1 -2
33449 -1 33469 -1 34893 -1 34897 -1 34913 -1 34925 -1 35149 -1 35161 -1 35189 -1 35193 -1 35197 -1 35201 -1 35205 -1 35209 -1 35213 -1 46281 -1 46285 -1 46289 -1 46293 -1 -2
12823 -1 -2
12807 -1 12907 -1 -2
12299 -1 12367 -1 12371 -1 12411 -1 12427 -1 12451 -1 -2
10881 -1 12567 -1 -2
12859 -1 12883 -1 -2
12355 -1 12395 -1 12571 -1 12575 -1 -2
12887 -1 -2
12495 -1 12651 -1 12895 -1 -2
10307 -1 -2
12431 -1 -2
10877 -1 12327 -1 12335 -1 12355 -1 12431 -1 12551 -1 12559 -1 12659 -1 -2
34905 -1 -2
12555 -1 -2
12327 -1 -2
12339 -1 12387 -1 12715 -1 18487 -1 35157 -1 35185 -1 -2
10339 -1 12659 -1 12715 -1 18483 -1 -2
10881 -1 12335 -1 12355 -1 -2
18627 -1 -2
12555 -1 12571 -1 12575 -1 -2
12483 -1 12487 -1 12703 -1 32213 -1 34893 -1 -2
10299 -1 10307 -1 10829 -1 12463 -1 34889 -1 -2
12355 -1 -2
12583 -1 12591 -1 12711 -1 -2
10877 -1 12515 -1 12519 -1 12883 -1 -2
12327 -1 12547 -1 12559 -1 12563 -1 35149 -1 35181 -1 -2
33449 -1 -2
10877 -1 12887 -1 -2
10881 -1 12327 -1 12335 -1 -2
18511 -1 18515 -1 18691 -1 18703 -1 -2
12663 -1 -2
10877 -1 12411 -1 12483 -1 18555 -1 -2
12775 -1 -2
10299 -1 12531 -1 12671 -1 12835 -1 -2
12875 -1 -2
34921 -1 -2
12471 -1 12659 -1 -2
12327 -1 -2
10833 -1 12339 -1 -2
12875 -1 -2
12739 -1 12759 -1 -2
12431 -1 12711 -1 -2
10841 -1 10877 -1 12343 -1 12551 -1 12711 -1 -2
10877 -1 12483 -1 12487 -1 12875 -1 -2
12559 -1 -2
10881 -1 12431 -1 12595 -1 -2
12715 -1 -2
12451 -1 -2
12851 -1 -2
35161 -1 -2
12339 -1 12387 -1 12447 -1 12675 -1 18815 -1 -2
12691 -1 12819 -1 -2
10845 -1 12591 -1 35153 -1 -2
10877 -1 12515 -1 -2
33469 -1 -2
10877 -1 -2
12723 -1 -2
33449 -1 -2
12339 -1 -2
10861 -1 12571 -1 -2
12299 -1 -2
10877 -1 12339 -1 -2
35161 -1 -2
12487 -1 -2
12775 -1 33449 -1 33469 -1 -2
12459 -1 12479 -1 12687 -1 12819 -1 -2
10877 -1 12331 -1 -2
34905 -1 -2
12627 -1 12883 -1 -2
12579 -1 -2
34917 -1 -2
12443 -1 -2
10877 -1 12403 -1 12515 -1 12663 -1 12847 -1 -2
10299 -1 10833 -1 10877 -1 12467 -1 12591 -1 12687 -1 12855 -1 -2
12407 -1 12411 -1 -2
10877 -1 12431 -1 12559 -1 -2
33433 -1 33469 -1 -2
10869 -1 10877 -1 -2
10877 -1 12431 -1 12515 -1 12519 -1 -2
12723 -1 35185 -1 -2
10881 -1 -2
12655 -1 -2
12439 -1 12451 -1 -2
10311 -1 10315 -1 -2
10861 -1 32201 -1 -2
12403 -1 -2
12823 -1 -2
12595 -1 12851 -1 -2
12547 -1 12551 -1 12555 -1 -2
12715 -1 12723 -1 18547 -1 33449 -1 33469 -1 -2
10877 -1 12323 -1 12339 -1 -2
12719 -1 -2
12571 -1 12875 -1 34893 -1 -2
12567 -1 -2
12483 -1 12675 -1 -2
12867 -1 12895 -1 -2
12459 -1 12687 -1 -2
33469 -1 -2
33469 -1 -2
12339 -1 12883 -1 12887 -1 -2
33449 -1 -2
12399 -1 12407 -1 12411 -1 18831 -1 34909 -1 -2
10877 -1 -2
12431 -1 12563 -1 -2
12339 -1 35185 -1 -2
12895 -1 -2
12399 -1 12415 -1 -2
12863 -1 -2
12339 -1 -2
12483 -1 34909 -1 34913 -1 -2
12339 -1 12515 -1 35185 -1 -2
12735 -1 -2
33449 -1 33469 -1 46281 -1 -2
12339 -1 12483 -1 -2
10877 -1 -2
12355 -1 -2
12483 -1 -2
12327 -1 -2
35185 -1 -2
12399 -1 12411 -1 -2
10877 -1 12339 -1 35185 -1 -2
10877 -1 12339 -1 12843 -1 12879 -1 12903 -1 -2
35177 -1 35181 -1 -2
10841 -1 10845 -1 10877 -1 10881 -1 12883 -1 -2
10315 -1 10339 -1 -2
12299 -1 12339 -1 12483 -1 12567 -1 12643 -1 18871 -1 -2
12603 -1 12621 -1 -2
12679 -1 12895 -1 -2
10877 -1 12339 -1 12387 -1 12407 -1 12447 -1 12515 -1 12719 -1 -2
10877 -1 18471 -1 -2
10833 -1 12367 -1 12431 -1 12551 -1 -2
12411 -1 12447 -1 12511 -1 12515 -1 12519 -1 -2
12559 -1 12563 -1 35169 -1 -2
34909 -1 -2
10319 -1 10339 -1 -2
33449 -1 33469 -1 -2
12431 -1 -2
12483 -1 -2
33449 -1 -2
18787 -1 -2
10841 -1 10849 -1 12679 -1 12691 -1 12803 -1 12815 -1 12895 -1 34917 -1 -2
10877 -1 12439 -1 12495 -1 18831 -1 -2
12627 -1 12679 -1 12683 -1 12691 -1 12795 -1 12819 -1 12831 -1 34889 -1 -2
10841 -1 10877 -1 12339 -1 -2
12299 -1 -2
10841 -1 10881 -1 12355 -1 -2
10877 -1 -2
12567 -1 -2
12339 -1 12387 -1 12515 -1 -2
18831 -1 -2
12355 -1 -2
12351 -1 46281 -1 -2
10877 -1 12675 -1 -2
18871 -1 -2
12339 -1 12431 -1 -2
12647 -1 -2
32201 -1 -2
10877 -1 -2
33449 -1 33469 -1 -2
10877 -1 12411 -1 12547 -1 35169 -1 -2
12727 -1 -2
34909 -1 -2
35185 -1 -2
12399 -1 12403 -1 12411 -1 -2
12711 -1 -2
10877 -1 12335 -1 -2
10877 -1 -2
12351 -1 12551 -1 35149 -1 35165 -1 35169 -1 -2
12327 -1 35161 -1 35169 -1 -2
12339 -1 -2
12563 -1 12675 -1 18879 -1 -2
12327 -1 12335 -1 -2
10877 -1 -2
32213 -1 -2
12495 -1 18583 -1 -2
12339 -1 12343 -1 12431 -1 -2
10841 -1 10877 -1 10881 -1 12327 -1 35185 -1 -2
20807 -1 -2
12563 -1 12579 -1 12595 -1 18547 -1 18787 -1 35149 -1 35153 -1 35157 -1 35165 -1 35169 -1 -2
12507 -1 12675 -1 18487 -1 -2
12883 -1 -2
10841 -1 10845 -1 12331 -1 12431 -1 -2
12621 -1 -2
12411 -1 -2
33469 -1 -2
12431 -1 -2
10877 -1 12431 -1 -2
12411 -1 -2
10877 -1 12431 -1 -2
10841 -1 10881 -1 -2
12407 -1 12435 -1 12439 -1 12507 -1 12511 -1 12679 -1 12823 -1 12887 -1 12907 -1 35173 -1 -2
12567 -1 -2
10295 -1 -2
12559 -1 35157 -1 35169 -1 35173 -1 35177 -1 35181 -1 -2
12335 -1 12347 -1 -2
10311 -1 12483 -1 12487 -1 12571 -1 12703 -1 32213 -1 -2
12735 -1 -2
12575 -1 -2
18675 -1 20803 -1 20807 -1 -2
12567 -1 -2
10841 -1 -2
12771 -1 -2
10877 -1 -2
12483 -1 12487 -1 12659 -1 -2
12355 -1 12675 -1 12883 -1 -2
12571 -1 12575 -1 -2
33469 -1 -2
10315 -1 -2
10307 -1 -2
12867 -1 -2
10841 -1 12327 -1 12339 -1 35177 -1 35181 -1 35185 -1 -2
12339 -1 12387 -1 -2
10833 -1 10869 -1 -2
10303 -1 12459 -1 12479 -1 12487 -1 12495 -1 12523 -1 12531 -1 12643 -1 12663 -1 12667 -1 12671 -1 12687 -1 12779 -1 12799 -1 12843 -1 12879 -1 -2
12867 -1 18787 -1 -2
12711 -1 -2
12431 -1 12659 -1 12883 -1 12887 -1 -2
10877 -1 18639 -1 -2
10877 -1 -2
10877 -1 -2
12631 -1 -2
12399 -1 12431 -1 -2
10877 -1 12339 -1 12859 -1 18787 -1 34925 -1 34929 -1 -2
32197 -1 32209 -1 -2
12483 -1 12487 -1 -2
12355 -1 12471 -1 12887 -1 35153 -1 -2
12631 -1 12779 -1 32197 -1 -2
12735 -1 -2
12323 -1 12621 -1 12783 -1 18603 -1 -2
12431 -1 12711 -1 -2
12723 -1 12727 -1 -2
34901 -1 -2
12627 -1 -2
12299 -1 -2
12299 -1 12367 -1 12395 -1 12403 -1 -2
12323 -1 12331 -1 -2
10877 -1 12515 -1 -2
12567 -1 -2
10869 -1 12883 -1 -2
10877 -1 -2
12387 -1 12727 -1 -2
12575 -1 -2
12551 -1 12563 -1 35165 -1 35181 -1 35197 -1 35205 -1 -2
12571 -1 12575 -1 -2
12663 -1 -2
35209 -1 -2
12431 -1 -2
10315 -1 12495 -1 33449 -1 -2
12339 -1 12615 -1 35185 -1 -2
12355 -1 -2
12335 -1 12355 -1 12363 -1 -2
12371 -1 12415 -1 12447 -1 12503 -1 -2
32213 -1 -2
33469 -1 -2
18683 -1 -2
10841 -1 10845 -1 10881 -1 -2
18507 -1 35177 -1 -2
10877 -1 -2
12407 -1 12427 -1 12431 -1 12503 -1 12511 -1 12515 -1 12519 -1 35213 -1 -2
10319 -1 -2
12355 -1 -2
12399 -1 12403 -1 12411 -1 -2
10877 -1 -2
18691 -1 -2
10877 -1 12431 -1 -2
10877 -1 12515 -1 -2
10877 -1 -2
12331 -1 -2
33449 -1 -2
12343 -1 -2
12343 -1 12559 -1 12595 -1 34925 -1 35157 -1 35165 -1 -2
33449 -1 33469 -1 -2
12567 -1 -2
12475 -1 12659 -1 12675 -1 12719 -1 12887 -1 -2
12355 -1 -2
12483 -1 -2
10877 -1 12835 -1 12851 -1 -2
12723 -1 -2
10829 -1 10837 -1 12471 -1 12655 -1 12815 -1 12859 -1 12883 -1 12887 -1 33445 -1 -2
12879 -1 -2
34889 -1 -2
10881 -1 -2
32213 -1 46285 -1 -2
12679 -1 -2
10841 -1 10877 -1 12331 -1 12431 -1 -2
12339 -1 12407 -1 35185 -1 35213 -1 -2
10877 -1 12763 -1 35165 -1 35185 -1 -2
10877 -1 12299 -1 12399 -1 -2
33429 -1 -2
12723 -1 -2
12675 -1 12883 -1 -2
33449 -1 -2
12783 -1 -2
33449 -1 -2
12447 -1 -2
12459 -1 -2
12299 -1 35193 -1 -2
12487 -1 -2
12895 -1 -2
10877 -1 -2
12299 -1 12419 -1 -2
10877 -1 12327 -1 12331 -1 12335 -1 12343 -1 12559 -1 34909 -1 34913 -1 34925 -1 35177 -1 35181 -1 -2
12299 -1 -2
12487 -1 12621 -1 46281 -1 -2
12907 -1 -2
12719 -1 -2
12771 -1 -2
12439 -1 -2
33469 -1 -2
10877 -1 -2
34925 -1 -2
12419 -1 12443 -1 33449 -1 -2
12327 -1 -2
12395 -1 12399 -1 12403 -1 12407 -1 18487 -1 -2
12567 -1 -2
12567 -1 -2
10311 -1 12487 -1 12547 -1 12551 -1 12875 -1 18579 -1 18879 -1 -2
12411 -1 -2
12547 -1 12559 -1 -2
12411 -1 -2
10877 -1 12367 -1 12431 -1 -2
12907 -1 -2
12771 -1 -2
12603 -1 12611 -1 12627 -1 12835 -1 12847 -1 -2
12375 -1 12575 -1 -2
12723 -1 -2
10833 -1 10849 -1 10877 -1 12347 -1 12483 -1 12487 -1 12547 -1 12551 -1 12555 -1 12563 -1 12591 -1 12675 -1 34917 -1 -2
12411 -1 12419 -1 -2
12727 -1 -2
12411 -1 -2
10833 -1 12675 -1 -2
12715 -1 -2
12411 -1 -2
12807 -1 12907 -1 -2
12515 -1 -2
33425 -1 -2
10877 -1 12339 -1 12663 -1 35181 -1 35185 -1 -2
12339 -1 -2
12595 -1 -2
33449 -1 33469 -1 -2
10841 -1 12675 -1 -2
35185 -1 -2
12419 -1 -2
12367 -1 12431 -1 -2
12367 -1 12419 -1 -2
12807 -1 12907 -1 -2
12327 -1 35177 -1 35181 -1 -2
10877 -1 -2
12399 -1 12411 -1 12547 -1 12555 -1 -2
10295 -1 10315 -1 32201 -1 32209 -1 -2
33469 -1 -2
10833 -1 10849 -1 10877 -1 12551 -1 12727 -1 12827 -1 12895 -1 -2
12299 -1 12419 -1 -2
12451 -1 12883 -1 12887 -1 -2
33469 -1 -2
12771 -1 -2
12883 -1 -2
10307 -1 12679 -1 12823 -1 12895 -1 12907 -1 32201 -1 32205 -1 -2
12667 -1 -2
12687 -1 -2
12487 -1 -2
12875 -1 -2
12895 -1 -2
33449 -1 33469 -1 -2
10841 -1 12335 -1 -2
33449 -1 33469 -1 -2
12567 -1 18627 -1 -2
12663 -1 -2
12687 -1 -2
10311 -1 12571 -1 12703 -1 12875 -1 34885 -1 34893 -1 -2
12779 -1 12787 -1 -2
12659 -1 -2
12375 -1 18487 -1 -2
33433 -1 33449 -1 -2
12495 -1 -2
33449 -1 -2
33449 -1 33469 -1 -2
12723 -1 12795 -1 -2
12407 -1 12439 -1 -2
12567 -1 -2
12339 -1 -2
35153 -1 -2
35153 -1 -2
12339 -1 -2
10877 -1 12339 -1 12451 -1 12663 -1 12835 -1 35185 -1 35213 -1 -2
12323 -1 -2
12723 -1 12783 -1 -2
10877 -1 12331 -1 12339 -1 12351 -1 12387 -1 12391 -1 12559 -1 12583 -1 -2
12775 -1 -2
10877 -1 12711 -1 12723 -1 -2
12703 -1 32213 -1 -2
32209 -1 33449 -1 33469 -1 -2
33433 -1 33449 -1 33469 -1 -2
33449 -1 -2
33449 -1 -2
12343 -1 -2
10315 -1 -2
12787 -1 33449 -1 -2
35181 -1 -2
33449 -1 33469 -1 -2
12895 -1 -2
12515 -1 12519 -1 35165 -1 35185 -1 -2
33449 -1 33469 -1 -2
12375 -1 12431 -1 12439 -1 -2
12895 -1 -2
33449 -1 -2
10877 -1 -2
33469 -1 -2
33449 -1 -2
10857 -1 -2
12819 -1 -2
33449 -1 -2
33469 -1 -2
12327 -1 12339 -1 12343 -1 12595 -1 -2
10307 -1 -2
10311 -1 32213 -1 -2
10877 -1 12887 -1 -2
18703 -1 -2
10857 -1 12735 -1 -2
33449 -1 33469 -1 -2
12567 -1 -2
12663 -1 -2
10307 -1 12527 -1 12787 -1 33449 -1 -2
33449 -1 -2
12775 -1 -2
12431 -1 -2
33469 -1 -2
33449 -1 33469 -1 -2
12399 -1 -2
33449 -1 -2
10877 -1 12475 -1 12659 -1 12711 -1 12719 -1 12723 -1 -2
18703 -1 -2
10841 -1 -2
12535 -1 12621 -1 -2
12431 -1 -2
10841 -1 -2
33433 -1 33449 -1 -2
33449 -1 -2
12471 -1 12659 -1 12883 -1 -2
10877 -1 -2
12875 -1 -2
12411 -1 -2
33469 -1 -2
18563 -1 -2
12339 -1 12347 -1 12387 -1 -2
12815 -1 12895 -1 -2
33449 -1 -2
33469 -1 -2
34893 -1 -2
33469 -1 -2
12831 -1 -2
10877 -1 -2
10315 -1 10877 -1 12339 -1 12523 -1 12527 -1 12531 -1 12551 -1 12555 -1 12579 -1 12583 -1 12621 -1 12679 -1 12819 -1 12823 -1 12895 -1 35185 -1 -2
33469 -1 -2
35177 -1 -2
12723 -1 -2
12895 -1 -2
12875 -1 -2
10877 -1 -2
12663 -1 -2
12523 -1 -2
33433 -1 33449 -1 33465 -1 33469 -1 -2
12555 -1 -2
33449 -1 33469 -1 -2
12335 -1 -2
33469 -1 -2
12727 -1 -2
12875 -1 34893 -1 -2
12715 -1 -2
10857 -1 10861 -1 12895 -1 -2
12779 -1 12787 -1 -2
10877 -1 18871 -1 -2
10833 -1 10869 -1 10877 -1 -2
32205 -1 32209 -1 -2
10877 -1 12339 -1 12883 -1 -2
32213 -1 -2
10845 -1 12331 -1 12335 -1 12339 -1 -2
12687 -1 46289 -1 -2
12711 -1 -2
12831 -1 -2
10319 -1 -2
12327 -1 -2
12859 -1 -2
12339 -1 -2
12687 -1 12787 -1 18443 -1 18447 -1 18595 -1 18611 -1 18619 -1 18707 -1 18863 -1 20807 -1 -2
12795 -1 -2
35181 -1 -2
12339 -1 -2
10849 -1 -2
10877 -1 12299 -1 12339 -1 12407 -1 12519 -1 18487 -1 -2
35181 -1 -2
12367 -1 12431 -1 -2
12327 -1 12339 -1 12407 -1 35213 -1 -2
12339 -1 -2
12567 -1 -2
10841 -1 10881 -1 -2
12327 -1 12335 -1 12339 -1 -2
12679 -1 -2
33449 -1 33469 -1 -2
33437 -1 -2
10869 -1 10877 -1 12355 -1 -2
12695 -1 -2
12507 -1 -2
12675 -1 -2
34913 -1 34929 -1 -2
10841 -1 10881 -1 -2
10877 -1 12467 -1 12663 -1 12807 -1 12855 -1 12903 -1 -2
10877 -1 12339 -1 12387 -1 12407 -1 12719 -1 -2
10311 -1 -2
18879 -1 -2
10877 -1 12567 -1 12663 -1 12679 -1 12711 -1 -2
12711 -1 12723 -1 -2
10877 -1 -2
12447 -1 12627 -1 -2
12407 -1 12727 -1 35213 -1 -2
10315 -1 -2
10877 -1 -2
12555 -1 -2
10877 -1 12711 -1 -2
10881 -1 12323 -1 12327 -1 12331 -1 12335 -1 12339 -1 12351 -1 12355 -1 12551 -1 12783 -1 34929 -1 35157 -1 35165 -1 35169 -1 -2
12327 -1 -2
12595 -1 -2
12815 -1 12895 -1 -2
12595 -1 35157 -1 -2
10833 -1 12355 -1 12515 -1 12675 -1 12883 -1 -2
33469 -1 -2
33433 -1 33449 -1 -2
12327 -1 12627 -1 -2
33433 -1 33469 -1 -2
12621 -1 -2
12819 -1 34889 -1 -2
10877 -1 -2
35185 -1 -2
32201 -1 32205 -1 32213 -1 32217 -1 32221 -1 -2
10833 -1 12675 -1 12883 -1 -2
35157 -1 35169 -1 -2
10315 -1 12679 -1 -2
33449 -1 -2
12663 -1 12679 -1 -2
30327 -1 30331 -1 -2
10877 -1 12687 -1 -2
12591 -1 18547 -1 -2
10833 -1 12331 -1 12511 -1 12883 -1 -2
12759 -1 12779 -1 18787 -1 -2
12887 -1 -2
18847 -1 -2
12339 -1 12355 -1 12387 -1 12551 -1 -2
10877 -1 -2
35185 -1 -2
12807 -1 -2
12431 -1 -2
12431 -1 -2
12595 -1 18871 -1 -2
10311 -1 -2
33449 -1 -2
10829 -1 12551 -1 -2
12715 -1 33469 -1 -2
12547 -1 12567 -1 -2
12567 -1 -2
12467 -1 12663 -1 12671 -1 -2
12807 -1 12907 -1 -2
10881 -1 -2
33449 -1 -2
12907 -1 -2
35181 -1 -2
33425 -1 -2
12331 -1 -2
10881 -1 12407 -1 12423 -1 12431 -1 35177 -1 35181 -1 -2
12483 -1 -2
12551 -1 -2
12743 -1 -2
12407 -1 18519 -1 -2
12339 -1 -2
10877 -1 -2
10307 -1 -2
10877 -1 12339 -1 12487 -1 12615 -1 12667 -1 12755 -1 12767 -1 12779 -1 12783 -1 12787 -1 12851 -1 34893 -1 35185 -1 -2
33449 -1 -2
10877 -1 12507 -1 12583 -1 18487 -1 -2
12711 -1 -2
12711 -1 12723 -1 12727 -1 -2
33449 -1 33469 -1 -2
12703 -1 32205 -1 32213 -1 -2
33449 -1 -2
10295 -1 10307 -1 33433 -1 33449 -1 33469 -1 -2
12299 -1 12367 -1 12403 -1 12715 -1 -2
12767 -1 -2
12659 -1 12887 -1 -2
12663 -1 34885 -1 34893 -1 34909 -1 34921 -1 34929 -1 -2
12339 -1 12551 -1 35185 -1 -2
12679 -1 -2
12459 -1 -2
12339 -1 12551 -1 12723 -1 -2
12723 -1 12727 -1 -2
10841 -1 10845 -1 -2
33469 -1 -2
12495 -1 12867 -1 -2
12731 -1 12759 -1 -2
12339 -1 12355 -1 12579 -1 -2
10877 -1 12355 -1 12431 -1 12551 -1 12559 -1 -2
12327 -1 -2
12675 -1 12883 -1 -2
12579 -1 18819 -1 -2
12407 -1 12447 -1 -2
12647 -1 12667 -1 -2
12407 -1 12411 -1 -2
10303 -1 10311 -1 10339 -1 12487 -1 12703 -1 32213 -1 34893 -1 -2
10845 -1 10881 -1 35177 -1 -2
12835 -1 -2
10877 -1 12331 -1 -2
10307 -1 12679 -1 12735 -1 -2
10881 -1 12355 -1 12491 -1 12579 -1 12583 -1 12643 -1 12647 -1 12799 -1 34905 -1 34913 -1 34921 -1 35181 -1 -2
10877 -1 -2
12299 -1 12407 -1 12439 -1 12451 -1 12515 -1 12519 -1 -2
12663 -1 12679 -1 -2
10833 -1 12715 -1 12883 -1 -2
10841 -1 10881 -1 12343 -1 -2
10833 -1 10877 -1 12675 -1 -2
12895 -1 -2
10881 -1 -2
34913 -1 -2
12447 -1 -2
10877 -1 12355 -1 12679 -1 -2
12675 -1 -2
18423 -1 18691 -1 18855 -1 20807 -1 -2
10877 -1 10881 -1 12559 -1 12579 -1 12875 -1 34921 -1 35177 -1 35181 -1 -2
10877 -1 12579 -1 35181 -1 35185 -1 -2
34889 -1 -2
10841 -1 10877 -1 12339 -1 12907 -1 -2
10877 -1 -2
12371 -1 12403 -1 12603 -1 12611 -1 -2
12343 -1 -2
12575 -1 -2
18487 -1 35213 -1 -2
12339 -1 12355 -1 12387 -1 35157 -1 35185 -1 35213 -1 -2
10877 -1 12663 -1 -2
10877 -1 12711 -1 -2
12327 -1 12339 -1 -2
12835 -1 -2
12475 -1 -2
34925 -1 35165 -1 -2
12835 -1 -2
10339 -1 10877 -1 12339 -1 12387 -1 12407 -1 12483 -1 12591 -1 35185 -1 -2
12431 -1 -2
12875 -1 -2
12783 -1 -2
12335 -1 34909 -1 35153 -1 -2
10845 -1 10877 -1 12579 -1 35169 -1 -2
10881 -1 12339 -1 12507 -1 12515 -1 12519 -1 -2
12355 -1 -2
12339 -1 12431 -1 12515 -1 -2
10881 -1 12323 -1 12327 -1 12339 -1 -2
10881 -1 12475 -1 12659 -1 34913 -1 34917 -1 -2
33433 -1 33453 -1 33469 -1 -2
10877 -1 12679 -1 -2
34889 -1 -2
12867 -1 -2
12763 -1 12855 -1 12871 -1 12903 -1 33425 -1 33429 -1 33449 -1 -2
12327 -1 12335 -1 12339 -1 12675 -1 -2
10877 -1 12339 -1 12355 -1 12591 -1 12675 -1 35185 -1 -2
18423 -1 -2
12711 -1 12719 -1 -2
12715 -1 -2
10877 -1 12559 -1 -2
12711 -1 12715 -1 -2
12299 -1 12327 -1 12335 -1 12339 -1 12407 -1 -2
12551 -1 -2
12463 -1 -2
10845 -1 10877 -1 10881 -1 12323 -1 -2
12355 -1 -2
33449 -1 -2
12323 -1 12339 -1 12351 -1 12359 -1 12363 -1 12563 -1 12743 -1 12747 -1 12763 -1 12779 -1 18631 -1 18787 -1 18811 -1 35153 -1 35157 -1 35165 -1 35169 -1 35173 -1 35181 -1 35185 -1 -2
18527 -1 18871 -1 18879 -1 -2
10833 -1 12299 -1 12371 -1 12375 -1 12675 -1 -2
10877 -1 10881 -1 12323 -1 12331 -1 12343 -1 -2
10841 -1 12335 -1 12339 -1 -2
12467 -1 -2
12339 -1 12387 -1 12503 -1 12511 -1 -2
12547 -1 12559 -1 -2
12447 -1 -2
12331 -1 12339 -1 -2
12355 -1 12783 -1 18595 -1 -2
33449 -1 -2
12355 -1 -2
10877 -1 12327 -1 -2
10841 -1 10845 -1 10877 -1 10881 -1 12339 -1 12347 -1 12387 -1 35177 -1 -2
10845 -1 10877 -1 12595 -1 35177 -1 -2
10877 -1 -2
10841 -1 10881 -1 12343 -1 12355 -1 12367 -1 12399 -1 12403 -1 12411 -1 12555 -1 35157 -1 35169 -1 35177 -1 -2
10877 -1 -2
12627 -1 -2
12851 -1 -2
12723 -1 -2
12335 -1 34921 -1 34925 -1 -2
12339 -1 12419 -1 12431 -1 -2
10877 -1 -2
10877 -1 -2
33433 -1 33469 -1 -2
12895 -1 -2
12679 -1 12703 -1 -2
33449 -1 -2
12419 -1 -2
12431 -1 12523 -1 12663 -1 -2
33449 -1 -2
12579 -1 12595 -1 12851 -1 -2
12819 -1 -2
18595 -1 -2
12371 -1 12667 -1 -2
12627 -1 -2
12403 -1 -2
12339 -1 12407 -1 35185 -1 35213 -1 -2
12463 -1 -2
10841 -1 -2
12515 -1 -2
33469 -1 -2
12895 -1 -2
12403 -1 -2
12407 -1 -2
12431 -1 -2
12431 -1 -2
12659 -1 12887 -1 34913 -1 -2
10315 -1 -2
10339 -1 12483 -1 12643 -1 12843 -1 12855 -1 12871 -1 12879 -1 12903 -1 32209 -1 33425 -1 33429 -1 -2
18439 -1 -2
12399 -1 -2
18707 -1 33449 -1 -2
12367 -1 12375 -1 12419 -1 -2
12887 -1 18487 -1 -2
12679 -1 -2
12907 -1 -2
10833 -1 10877 -1 12663 -1 -2
12859 -1 -2
10877 -1 -2
10877 -1 -2
18807 -1 -2
12771 -1 -2
10881 -1 12339 -1 35185 -1 -2
12659 -1 12883 -1 -2
10849 -1 32213 -1 33433 -1 33449 -1 33469 -1 -2
12355 -1 -2
12451 -1 -2
12463 -1 -2
12327 -1 12463 -1 -2
12779 -1 -2
12347 -1 12355 -1 12731 -1 -2
12859 -1 -2
10877 -1 12331 -1 12335 -1 34909 -1 34913 -1 34917 -1 -2
12459 -1 12467 -1 -2
10841 -1 10877 -1 12567 -1 35213 -1 -2
12775 -1 -2
12411 -1 -2
10877 -1 34929 -1 -2
10877 -1 34909 -1 34913 -1 34921 -1 -2
10877 -1 12331 -1 12351 -1 12579 -1 12595 -1 -2
12367 -1 -2
10307 -1 -2
12339 -1 12563 -1 12587 -1 35185 -1 35213 -1 -2
10869 -1 12339 -1 12407 -1 -2
12723 -1 -2
12483 -1 12575 -1 12703 -1 -2
12691 -1 -2
12723 -1 12727 -1 12731 -1 -2
10315 -1 -2
12483 -1 -2
12547 -1 -2
12843 -1 12855 -1 12871 -1 12879 -1 12903 -1 -2
12807 -1 -2
10291 -1 10295 -1 10311 -1 12687 -1 12703 -1 -2
33449 -1 33469 -1 -2
18627 -1 -2
12367 -1 12415 -1 -2
12343 -1 -2
12715 -1 -2
10877 -1 12327 -1 -2
10877 -1 12399 -1 12403 -1 12407 -1 12439 -1 -2
33449 -1 33469 -1 -2
35181 -1 -2
12299 -1 12371 -1 -2
12503 -1 12507 -1 -2
12407 -1 12431 -1 12515 -1 12559 -1 18487 -1 -2
12735 -1 -2
12439 -1 -2
12595 -1 -2
10877 -1 -2
12779 -1 -2
12621 -1 -2
12339 -1 -2
12703 -1 12875 -1 -2
12463 -1 12487 -1 -2
33449 -1 33469 -1 -2
33449 -1 -2
12631 -1 -2
33469 -1 -2
33449 -1 33469 -1 -2
10841 -1 -2
12659 -1 12847 -1 12875 -1 34909 -1 35185 -1 35213 -1 -2
12467 -1 -2
35177 -1 -2
10877 -1 12339 -1 12343 -1 12387 -1 35185 -1 -2
10877 -1 12323 -1 12327 -1 12339 -1 12431 -1 -2
32205 -1 33469 -1 -2
12735 -1 -2
10869 -1 10877 -1 12663 -1 12675 -1 -2
18551 -1 18775 -1 20807 -1 -2
10877 -1 12483 -1 12787 -1 18871 -1 -2
12339 -1 -2
12463 -1 -2
10841 -1 10877 -1 10881 -1 12335 -1 -2
12795 -1 12819 -1 -2
10311 -1 34885 -1 34893 -1 34897 -1 -2
10877 -1 12327 -1 12339 -1 12591 -1 -2
12327 -1 -2
33449 -1 33469 -1 -2
10833 -1 10849 -1 -2
12339 -1 12407 -1 12411 -1 12503 -1 -2
10877 -1 12407 -1 12515 -1 -2
10869 -1 10877 -1 -2
12483 -1 -2
12775 -1 -2
18831 -1 -2
33449 -1 -2
10869 -1 10877 -1 12883 -1 -2
10307 -1 12663 -1 33469 -1 -2
12695 -1 -2
33449 -1 33469 -1 -2
10877 -1 12339 -1 35177 -1 -2
12823 -1 12907 -1 -2
12551 -1 -2
12795 -1 12831 -1 18635 -1 18831 -1 -2
12483 -1 -2
12895 -1 33433 -1 33453 -1 33469 -1 -2
12715 -1 -2
12495 -1 12567 -1 12719 -1 -2
10869 -1 10877 -1 18647 -1 -2
33469 -1 -2
12487 -1 12621 -1 -2
12663 -1 12671 -1 12835 -1 -2
12463 -1 -2
10841 -1 12343 -1 34925 -1 -2
10307 -1 12463 -1 12479 -1 -2
10343 -1 12551 -1 12663 -1 12675 -1 -2
18795 -1 18847 -1 -2
12431 -1 -2
33437 -1 -2
12715 -1 -2
33449 -1 -2
12727 -1 -2
10845 -1 12323 -1 -2
12751 -1 -2
10881 -1 -2
12819 -1 -2
12299 -1 12399 -1 -2
10877 -1 -2
12411 -1 12451 -1 12515 -1 12519 -1 -2
10295 -1 12487 -1 12527 -1 33449 -1 46281 -1 46285 -1 -2
12675 -1 12851 -1 -2
12559 -1 -2
18599 -1 -2
12431 -1 12711 -1 -2
10877 -1 12399 -1 -2
18831 -1 -2
12299 -1 12407 -1 12559 -1 12579 -1 35185 -1 35213 -1 -2
12883 -1 -2
12663 -1 12675 -1 12887 -1 -2
12299 -1 12339 -1 12427 -1 12439 -1 12663 -1 -2
10295 -1 10311 -1 12819 -1 -2
12471 -1 12659 -1 12811 -1 -2
34921 -1 34925 -1 34929 -1 -2
10845 -1 12323 -1 -2
12299 -1 -2
12431 -1 -2
12659 -1 -2
35149 -1 35213 -1 -2
12487 -1 -2
12299 -1 -2
12487 -1 -2
10877 -1 12327 -1 12431 -1 -2
10841 -1 10845 -1 10881 -1 12331 -1 18575 -1 18707 -1 -2
10869 -1 10877 -1 -2
12611 -1 12643 -1 12667 -1 12771 -1 12827 -1 34885 -1 -2
12515 -1 -2
12471 -1 12475 -1 12627 -1 12659 -1 -2
33449 -1 -2
10877 -1 -2
12483 -1 18471 -1 34893 -1 -2
35181 -1 -2
12591 -1 -2
10877 -1 12447 -1 12515 -1 -2
12343 -1 35213 -1 -2
12339 -1 12387 -1 12407 -1 12579 -1 -2
12355 -1 12767 -1 -2
18723 -1 -2
10877 -1 -2
12703 -1 -2
33449 -1 -2
12339 -1 35177 -1 35181 -1 35185 -1 -2
12335 -1 34913 -1 35181 -1 35213 -1 -2
12835 -1 -2
33449 -1 -2
33469 -1 -2
33469 -1 -2
33449 -1 -2
12551 -1 -2
33449 -1 -2
12691 -1 -2
33449 -1 33453 -1 33469 -1 -2
12407 -1 -2
12851 -1 -2
10295 -1 12895 -1 -2
33449 -1 33469 -1 -2
18447 -1 -2
12723 -1 -2
12495 -1 12907 -1 -2
33449 -1 -2
12431 -1 -2
33469 -1 -2
12431 -1 -2
12431 -1 12443 -1 12823 -1 30335 -1 -2
12431 -1 -2
12875 -1 12895 -1 18603 -1 18643 -1 18671 -1 -2
12723 -1 -2
12403 -1 12621 -1 12775 -1 12787 -1 -2
12603 -1 12611 -1 12703 -1 12747 -1 12751 -1 12755 -1 12815 -1 12827 -1 12895 -1 34885 -1 -2
12815 -1 12819 -1 -2
12339 -1 12387 -1 12399 -1 12411 -1 12439 -1 12515 -1 12555 -1 12559 -1 12675 -1 18479 -1 35173 -1 35181 -1 35185 -1 35201 -1 -2
12483 -1 -2
12471 -1 12475 -1 12659 -1 12887 -1 12899 -1 -2
33469 -1 -2
10881 -1 12355 -1 34921 -1 34925 -1 34929 -1 -2
35177 -1 -2
12807 -1 -2
12663 -1 -2
10339 -1 12487 -1 12571 -1 -2
12621 -1 -2
12879 -1 -2
12467 -1 12807 -1 12867 -1 -2
12595 -1 -2
12895 -1 -2
12407 -1 -2
12407 -1 -2
33469 -1 -2
12895 -1 -2
12351 -1 -2
33449 -1 -2
12551 -1 -2
12907 -1 -2
12907 -1 -2
12523 -1 -2
12711 -1 -2
10845 -1 10877 -1 12355 -1 12571 -1 12575 -1 12875 -1 -2
10877 -1 12423 -1 12427 -1 12435 -1 -2
10295 -1 10303 -1 -2
10865 -1 -2
12463 -1 -2
33449 -1 -2
12327 -1 12515 -1 -2
12907 -1 -2
32213 -1 -2
12339 -1 35185 -1 -2
12479 -1 12571 -1 12895 -1 33433 -1 33449 -1 33465 -1 33469 -1 -2
12411 -1 -2
10315 -1 18447 -1 -2
18691 -1 18855 -1 18863 -1 -2
10881 -1 12331 -1 35185 -1 -2
12895 -1 -2
12411 -1 -2
12663 -1 -2
12899 -1 -2
12895 -1 35173 -1 -2
10841 -1 10845 -1 10877 -1 10881 -1 12327 -1 -2
10311 -1 10315 -1 -2
10877 -1 12431 -1 -2
12735 -1 12759 -1 32197 -1 32205 -1 -2
12727 -1 -2
12339 -1 35185 -1 -2
12339 -1 -2
10877 -1 12567 -1 -2
12663 -1 12867 -1 -2
33449 -1 -2
12323 -1 12331 -1 12407 -1 12411 -1 12431 -1 12451 -1 35213 -1 -2
12339 -1 35153 -1 35161 -1 35173 -1 -2
12407 -1 12411 -1 -2
10845 -1 12323 -1 12331 -1 12335 -1 -2
12831 -1 33449 -1 33469 -1 -2
12479 -1 12571 -1 12895 -1 32197 -1 33437 -1 33453 -1 -2
33469 -1 -2
10877 -1 -2
33449 -1 -2
12339 -1 -2
10877 -1 10881 -1 12323 -1 12331 -1 -2
18727 -1 -2
33449 -1 33469 -1 -2
10877 -1 10881 -1 12323 -1 12355 -1 34909 -1 35153 -1 35177 -1 -2
12355 -1 -2
10833 -1 12779 -1 12843 -1 12883 -1 -2
12327 -1 12335 -1 12355 -1 12359 -1 35169 -1 35173 -1 35181 -1 -2
33469 -1 -2
10307 -1 12663 -1 -2
10877 -1 12339 -1 12343 -1 12351 -1 12515 -1 35185 -1 -2
10877 -1 -2
12895 -1 -2
12679 -1 12695 -1 12703 -1 12795 -1 12895 -1 33425 -1 33429 -1 34889 -1 34901 -1 -2
12843 -1 -2
12779 -1 -2
33449 -1 -2
10311 -1 12703 -1 32213 -1 -2
10315 -1 -2
35177 -1 -2
10869 -1 10877 -1 -2
12443 -1 12483 -1 -2
12355 -1 12431 -1 12471 -1 -2
12679 -1 -2
12431 -1 -2
10877 -1 34909 -1 -2
12875 -1 -2
12691 -1 -2
12515 -1 -2
12407 -1 -2
12463 -1 -2
12367 -1 12551 -1 18727 -1 18731 -1 18735 -1 27385 -1 27389 -1 -2
10877 -1 12487 -1 12711 -1 -2
12607 -1 -2
12411 -1 -2
12751 -1 -2
12483 -1 12703 -1 30307 -1 30331 -1 34893 -1 -2
18787 -1 -2
34889 -1 34905 -1 -2
18727 -1 -2
12567 -1 12571 -1 12575 -1 -2
12431 -1 -2
18863 -1 -2
12703 -1 30307 -1 30331 -1 32213 -1 34893 -1 -2
35153 -1 -2
33469 -1 -2
18487 -1 -2
12595 -1 -2
33469 -1 -2
10877 -1 -2
10841 -1 -2
12603 -1 12621 -1 12747 -1 12751 -1 12783 -1 -2
12559 -1 12563 -1 -2
12483 -1 -2
33449 -1 -2
33469 -1 -2
10295 -1 10311 -1 -2
12783 -1 -2
10881 -1 12483 -1 -2
33449 -1 -2
33449 -1 34885 -1 -2
12895 -1 -2
12299 -1 12431 -1 -2
30255 -1 -2
10315 -1 12679 -1 12819 -1 -2
12747 -1 18547 -1 35185 -1 -2
10307 -1 12611 -1 12621 -1 12679 -1 12683 -1 12687 -1 12691 -1 12695 -1 -2
10307 -1 -2
12327 -1 12335 -1 -2
12583 -1 12595 -1 12627 -1 34913 -1 34929 -1 35169 -1 -2
12431 -1 -2
34929 -1 -2
12487 -1 12711 -1 -2
10877 -1 12571 -1 35181 -1 -2
12747 -1 12751 -1 12755 -1 12771 -1 18787 -1 34901 -1 -2
10307 -1 12487 -1 12495 -1 12575 -1 12687 -1 12831 -1 12875 -1 -2
12339 -1 -2
18727 -1 -2
33449 -1 33469 -1 -2
10841 -1 10845 -1 10877 -1 30255 -1 -2
12895 -1 -2
12831 -1 33449 -1 -2
12659 -1 -2
10845 -1 -2
12611 -1 18691 -1 18847 -1 -2
33449 -1 -2
33469 -1 -2
10877 -1 12335 -1 12355 -1 -2
12527 -1 12895 -1 18831 -1 33449 -1 33453 -1 -2
12355 -1 -2
12483 -1 -2
10877 -1 -2
12663 -1 -2
12327 -1 12335 -1 12339 -1 12347 -1 12355 -1 35185 -1 -2
10857 -1 10865 -1 12621 -1 12775 -1 12787 -1 -2
12399 -1 12411 -1 12587 -1 -2
10845 -1 10877 -1 12339 -1 -2
10877 -1 -2
12891 -1 -2
10307 -1 12431 -1 12439 -1 12647 -1 12655 -1 12691 -1 32201 -1 33433 -1 33453 -1 -2
18511 -1 18787 -1 -2
12559 -1 -2
10869 -1 10877 -1 12355 -1 -2
12339 -1 12883 -1 -2
33449 -1 -2
10877 -1 -2
10861 -1 -2
12579 -1 35161 -1 35169 -1 -2
12831 -1 12883 -1 -2
10877 -1 -2
10845 -1 10881 -1 12407 -1 12431 -1 12443 -1 35213 -1 -2
12567 -1 -2
33449 -1 -2
12559 -1 -2
10877 -1 -2
12659 -1 12883 -1 -2
10339 -1 12483 -1 -2
12355 -1 18575 -1 18807 -1 -2
12563 -1 -2
35185 -1 -2
33469 -1 -2
12747 -1 18603 -1 -2
10845 -1 10869 -1 10877 -1 10881 -1 -2
12523 -1 12875 -1 32213 -1 33449 -1 -2
10869 -1 12487 -1 12687 -1 12827 -1 18471 -1 35177 -1 -2
12351 -1 12355 -1 -2
12483 -1 12703 -1 -2
10291 -1 10327 -1 12687 -1 12831 -1 34905 -1 -2
33449 -1 -2
12663 -1 -2
12679 -1 12703 -1 33449 -1 -2
12743 -1 -2
12679 -1 12683 -1 12695 -1 12703 -1 12775 -1 33469 -1 -2
33469 -1 -2
12683 -1 12867 -1 -2
33449 -1 -2
32209 -1 -2
12483 -1 -2
12567 -1 -2
12751 -1 -2
12787 -1 -2
12343 -1 -2
12747 -1 12751 -1 12787 -1 -2
33449 -1 -2
10881 -1 -2
12339 -1 12387 -1 -2
12527 -1 -2
10833 -1 12675 -1 -2
10877 -1 10881 -1 -2
12723 -1 -2
10311 -1 12571 -1 -2
12567 -1 18795 -1 18799 -1 33425 -1 34885 -1 34893 -1 34897 -1 34901 -1 34905 -1 -2
10881 -1 -2
10877 -1 -2
10877 -1 12663 -1 -2
10881 -1 12471 -1 12475 -1 12655 -1 12659 -1 35213 -1 -2
33449 -1 -2
10877 -1 -2
12407 -1 -2
12459 -1 -2
12719 -1 -2
12479 -1 -2
12621 -1 12723 -1 -2
10877 -1 12447 -1 12551 -1 12663 -1 12679 -1 12895 -1 -2
10881 -1 -2
12339 -1 12347 -1 12387 -1 12407 -1 12507 -1 35185 -1 35213 -1 -2
12479 -1 12483 -1 12487 -1 32205 -1 -2
12675 -1 12887 -1 -2
12731 -1 -2
12339 -1 12431 -1 12579 -1 -2
12483 -1 12679 -1 -2
10877 -1 12847 -1 35185 -1 35213 -1 -2
10841 -1 -2
12399 -1 12407 -1 12451 -1 -2
33449 -1 -2
12847 -1 -2
12895 -1 -2
12723 -1 -2
18547 -1 -2
18691 -1 -2
10881 -1 -2
12883 -1 -2
10857 -1 -2
12679 -1 33449 -1 -2
12347 -1 12355 -1 -2
10841 -1 -2
33449 -1 -2
12355 -1 12679 -1 -2
12299 -1 12407 -1 12431 -1 12443 -1 -2
12703 -1 18691 -1 18787 -1 33449 -1 -2
10877 -1 -2
10307 -1 12679 -1 12683 -1 12691 -1 -2
10307 -1 -2
12831 -1 18787 -1 -2
12723 -1 -2
10841 -1 10877 -1 10881 -1 12339 -1 12387 -1 12487 -1 -2
12419 -1 12591 -1 -2
33449 -1 33469 -1 -2
18871 -1 -2
18787 -1 -2
12659 -1 12663 -1 12675 -1 -2
12627 -1 -2
12471 -1 12655 -1 -2
18727 -1 -2
34925 -1 -2
10841 -1 10881 -1 12479 -1 -2
46293 -1 -2
12675 -1 12883 -1 -2
35177 -1 35181 -1 -2
12775 -1 -2
33469 -1 -2
10315 -1 -2
18691 -1 -2
10881 -1 -2
33469 -1 -2
12299 -1 12407 -1 12431 -1 -2
10877 -1 -2
12403 -1 12431 -1 12551 -1 -2
10841 -1 10877 -1 12547 -1 -2
10307 -1 10315 -1 10339 -1 12771 -1 -2
10295 -1 10315 -1 33449 -1 33469 -1 -2
12715 -1 -2
33449 -1 33469 -1 -2
10877 -1 12331 -1 -2
10877 -1 -2
12559 -1 12595 -1 12675 -1 35165 -1 35169 -1 -2
10877 -1 -2
12439 -1 -2
12399 -1 -2
10833 -1 10861 -1 12567 -1 -2
33433 -1 33469 -1 -2
12339 -1 -2
12339 -1 -2
12811 -1 -2
12663 -1 12807 -1 12867 -1 -2
12663 -1 -2
12559 -1 -2
12299 -1 12407 -1 12431 -1 12443 -1 -2
12431 -1 -2
12431 -1 -2
12579 -1 -2
12351 -1 12355 -1 12359 -1 18423 -1 18847 -1 -2
10877 -1 12515 -1 -2
12459 -1 12495 -1 12679 -1 12695 -1 12875 -1 33429 -1 -2
12339 -1 -2
12595 -1 35165 -1 35177 -1 35181 -1 35185 -1 35213 -1 -2
12587 -1 12595 -1 -2
10877 -1 -2
12407 -1 -2
12819 -1 -2
18675 -1 -2
33469 -1 -2
12703 -1 12875 -1 32213 -1 34893 -1 -2
33433 -1 33453 -1 33465 -1 33469 -1 -2
12483 -1 -2
10307 -1 33425 -1 -2
33469 -1 -2
33449 -1 33469 -1 46289 -1 -2
33449 -1 -2
46289 -1 -2
10877 -1 12411 -1 12507 -1 -2
12835 -1 -2
10877 -1 12579 -1 12583 -1 -2
12459 -1 12467 -1 12491 -1 12495 -1 12647 -1 12655 -1 12663 -1 12683 -1 12703 -1 12807 -1 -2
12323 -1 12339 -1 -2
33469 -1 -2
10877 -1 12903 -1 12907 -1 -2
12339 -1 12387 -1 12711 -1 34913 -1 35185 -1 -2
33449 -1 -2
12323 -1 12339 -1 12387 -1 -2
12431 -1 -2
33449 -1 -2
12483 -1 12703 -1 -2
12395 -1 33441 -1 -2
10295 -1 10307 -1 10311 -1 10315 -1 12815 -1 12827 -1 12831 -1 12895 -1 18831 -1 -2
10877 -1 -2
12663 -1 -2
12339 -1 12387 -1 12411 -1 12475 -1 -2
12343 -1 12551 -1 -2
12343 -1 12551 -1 -2
12411 -1 12567 -1 -2
10841 -1 10877 -1 -2
12695 -1 -2
10877 -1 12407 -1 -2
10833 -1 12839 -1 -2
12771 -1 -2
33449 -1 33469 -1 -2
10877 -1 -2
12483 -1 12487 -1 12567 -1 -2
10303 -1 10865 -1 12663 -1 12671 -1 12779 -1 -2
10845 -1 12323 -1 -2
12755 -1 33469 -1 -2
10295 -1 10307 -1 12463 -1 12495 -1 12683 -1 12691 -1 12831 -1 33433 -1 33449 -1 33453 -1 33457 -1 33465 -1 33469 -1 -2
35177 -1 -2
12691 -1 12843 -1 33429 -1 34885 -1 -2
12559 -1 -2
10877 -1 -2
12339 -1 12407 -1 -2
10877 -1 12339 -1 -2
12795 -1 -2
10877 -1 -2
12703 -1 -2
10877 -1 12355 -1 -2
12675 -1 -2
12555 -1 -2
12523 -1 12691 -1 12695 -1 12819 -1 12823 -1 12875 -1 12895 -1 33433 -1 33449 -1 33469 -1 -2
12339 -1 12355 -1 18871 -1 35169 -1 35173 -1 35177 -1 35181 -1 35185 -1 -2
12331 -1 12883 -1 -2
12675 -1 12715 -1 -2
12895 -1 -2
33429 -1 33449 -1 33469 -1 -2
12327 -1 12335 -1 12339 -1 12715 -1 34917 -1 -2
10303 -1 18691 -1 -2
12515 -1 18871 -1 18879 -1 -2
12771 -1 -2
10877 -1 -2
10829 -1 12483 -1 -2
10877 -1 -2
12511 -1 -2
12459 -1 12487 -1 12675 -1 12875 -1 -2
12731 -1 35177 -1 -2
10841 -1 10845 -1 10849 -1 10857 -1 10869 -1 10877 -1 10881 -1 12327 -1 12335 -1 12431 -1 12547 -1 12559 -1 12563 -1 12903 -1 34921 -1 -2
33449 -1 -2
18675 -1 -2
12819 -1 -2
10833 -1 12887 -1 -2
12355 -1 -2
12711 -1 -2
33469 -1 -2
12579 -1 35213 -1 -2
12587 -1 -2
10877 -1 -2
10307 -1 10877 -1 12431 -1 12483 -1 -2
10841 -1 -2
10877 -1 -2
12471 -1 12675 -1 -2
12467 -1 12711 -1 -2
12331 -1 12347 -1 12351 -1 12355 -1 35213 -1 -2
12555 -1 12575 -1 12579 -1 12591 -1 12595 -1 12783 -1 12787 -1 18619 -1 18871 -1 35149 -1 35153 -1 35157 -1 35161 -1 35169 -1 35177 -1 -2
12851 -1 12903 -1 -2
10307 -1 12611 -1 12621 -1 12679 -1 12691 -1 -2
12895 -1 -2
12751 -1 -2
12471 -1 12659 -1 12887 -1 34917 -1 34921 -1 34925 -1 -2
33449 -1 -2
12327 -1 -2
20807 -1 -2
12775 -1 33469 -1 -2
12775 -1 -2
33469 -1 -2
10295 -1 10307 -1 10311 -1 12663 -1 -2
12299 -1 12515 -1 12579 -1 12583 -1 35157 -1 35169 -1 35173 -1 -2
12795 -1 -2
12339 -1 12531 -1 -2
12335 -1 -2
12783 -1 12787 -1 12895 -1 -2
12559 -1 -2
12327 -1 12343 -1 12579 -1 -2
12871 -1 12895 -1 -2
12621 -1 -2
35169 -1 -2
12339 -1 12407 -1 12411 -1 12447 -1 35185 -1 -2
12331 -1 12339 -1 35177 -1 -2
33449 -1 -2
10877 -1 -2
12803 -1 -2
12355 -1 -2
12323 -1 35181 -1 -2
12339 -1 -2
12339 -1 35185 -1 -2
10307 -1 12483 -1 18723 -1 -2
12875 -1 -2
12399 -1 12411 -1 12467 -1 12663 -1 12835 -1 12859 -1 12907 -1 -2
12567 -1 -2
12327 -1 12627 -1 -2
12411 -1 12559 -1 -2
12827 -1 12895 -1 18727 -1 -2
10291 -1 33469 -1 -2
12815 -1 12827 -1 12895 -1 33449 -1 -2
18575 -1 18651 -1 -2
12795 -1 12815 -1 12895 -1 20807 -1 -2
35153 -1 35177 -1 35181 -1 -2
12715 -1 -2
12771 -1 -2
35185 -1 -2
35173 -1 35185 -1 -2
12339 -1 12559 -1 34921 -1 35181 -1 35185 -1 -2
18423 -1 -2
12747 -1 -2
12411 -1 12439 -1 35213 -1 -2
12895 -1 18787 -1 -2
12695 -1 12895 -1 34889 -1 -2
12463 -1 12663 -1 12679 -1 -2
12431 -1 12659 -1 12859 -1 34913 -1 -2
12339 -1 12387 -1 34913 -1 35177 -1 35185 -1 -2
12567 -1 12591 -1 35185 -1 -2
10877 -1 -2
12743 -1 -2
12663 -1 12667 -1 -2
12803 -1 -2
33449 -1 33469 -1 -2
10877 -1 -2
12735 -1 12743 -1 -2
12679 -1 -2
33469 -1 -2
10877 -1 10881 -1 12663 -1 34905 -1 -2
12567 -1 -2
10307 -1 12491 -1 12691 -1 12695 -1 12703 -1 34885 -1 34889 -1 34893 -1 34897 -1 -2
12335 -1 12351 -1 12355 -1 12359 -1 -2
12727 -1 -2
10315 -1 -2
12463 -1 12475 -1 33449 -1 -2
10877 -1 -2
12855 -1 32205 -1 32213 -1 33425 -1 -2
12835 -1 12843 -1 12847 -1 -2
12479 -1 12571 -1 12895 -1 33437 -1 33449 -1 33453 -1 33469 -1 -2
12815 -1 12895 -1 -2
12679 -1 12683 -1 -2
33449 -1 -2
12407 -1 12447 -1 12503 -1 12507 -1 12511 -1 12519 -1 -2
10833 -1 12675 -1 -2
12679 -1 -2
12627 -1 12675 -1 -2
10315 -1 12487 -1 -2
12355 -1 35169 -1 -2
12743 -1 -2
12567 -1 12621 -1 -2
12727 -1 -2
12691 -1 -2
10311 -1 12479 -1 12483 -1 12491 -1 35169 -1 -2
12299 -1 -2
12827 -1 -2
12907 -1 -2
10291 -1 10299 -1 12527 -1 12687 -1 12835 -1 -2
10881 -1 12327 -1 -2
12883 -1 -2
12411 -1 -2
12527 -1 34901 -1 -2
10841 -1 10881 -1 -2
10881 -1 -2
10295 -1 10307 -1 10311 -1 10315 -1 12463 -1 12479 -1 12483 -1 12487 -1 12523 -1 12535 -1 12539 -1 12683 -1 12695 -1 12703 -1 12795 -1 12827 -1 12831 -1 12867 -1 12875 -1 12895 -1 12907 -1 33433 -1 33449 -1 33453 -1 33469 -1 -2
12779 -1 12783 -1 12787 -1 -2
12715 -1 -2
10291 -1 10295 -1 10327 -1 10331 -1 12691 -1 12735 -1 12759 -1 12763 -1 12779 -1 18467 -1 18471 -1 18499 -1 18671 -1 18675 -1 32205 -1 32209 -1 33425 -1 33465 -1 34885 -1 34889 -1 34897 -1 34905 -1 -2
12567 -1 18815 -1 -2
12891 -1 12895 -1 -2
12327 -1 -2
10877 -1 -2
10877 -1 12327 -1 -2
12339 -1 12347 -1 12387 -1 12559 -1 12567 -1 12595 -1 -2
12339 -1 12387 -1 35153 -1 35169 -1 -2
33449 -1 33469 -1 -2
12747 -1 -2
12907 -1 -2
12703 -1 32213 -1 -2
33469 -1 -2
10315 -1 -2
10881 -1 -2
33449 -1 -2
12355 -1 -2
12355 -1 12579 -1 34921 -1 -2
10311 -1 12679 -1 12703 -1 -2
12663 -1 32205 -1 -2
32197 -1 -2
12771 -1 -2
10877 -1 12335 -1 12731 -1 12859 -1 12883 -1 12887 -1 -2
33449 -1 -2
12715 -1 33449 -1 -2
10877 -1 -2
33449 -1 33469 -1 -2
12483 -1 12487 -1 34893 -1 34897 -1 -2
33449 -1 -2
12407 -1 12447 -1 35213 -1 -2
12663 -1 -2
12843 -1 -2
12675 -1 -2
34905 -1 -2
12551 -1 12675 -1 12779 -1 -2
12727 -1 12895 -1 -2
10877 -1 -2
12895 -1 -2
18871 -1 35185 -1 35213 -1 -2
10841 -1 34929 -1 -2
33469 -1 -2
10307 -1 12621 -1 18483 -1 18547 -1 -2
10841 -1 12339 -1 12347 -1 12363 -1 12451 -1 12503 -1 12515 -1 12519 -1 35161 -1 35185 -1 -2
18707 -1 -2
12675 -1 -2
12747 -1 -2
12327 -1 -2
33449 -1 -2
10877 -1 -2
33449 -1 33469 -1 -2
10315 -1 -2
12487 -1 -2
12567 -1 -2
12859 -1 12883 -1 12887 -1 -2
12723 -1 -2
12831 -1 -2
12715 -1 -2
10881 -1 12621 -1 12783 -1 12787 -1 18719 -1 18787 -1 20807 -1 -2
12875 -1 -2
12343 -1 -2
12751 -1 -2
10877 -1 12355 -1 12467 -1 -2
33449 -1 -2
12819 -1 -2
34921 -1 34929 -1 -2
12615 -1 12719 -1 12731 -1 -2
18703 -1 -2
12887 -1 -2
12691 -1 -2
12503 -1 12515 -1 12519 -1 -2
12323 -1 12331 -1 12339 -1 -2
10877 -1 12355 -1 12427 -1 12431 -1 -2
12515 -1 12519 -1 -2
10869 -1 10877 -1 12339 -1 12343 -1 12387 -1 12587 -1 -2
18727 -1 -2
12555 -1 -2
12335 -1 -2
35177 -1 35181 -1 -2
34885 -1 34897 -1 -2
12691 -1 -2
18439 -1 -2
12711 -1 -2
33449 -1 -2
12567 -1 -2
12779 -1 33441 -1 -2
12787 -1 -2
10295 -1 33469 -1 -2
33469 -1 -2
12647 -1 12651 -1 12851 -1 -2
12627 -1 -2
10315 -1 -2
12603 -1 -2
10307 -1 -2
18547 -1 -2
35153 -1 -2
10307 -1 -2
10315 -1 12895 -1 18787 -1 -2
10841 -1 10845 -1 12355 -1 35153 -1 -2
12659 -1 -2
12679 -1 -2
12551 -1 -2
33449 -1 -2
12531 -1 -2
12579 -1 -2
12323 -1 -2
12779 -1 -2
12627 -1 -2
33469 -1 -2
33469 -1 -2
12483 -1 -2
12895 -1 33449 -1 -2
12375 -1 -2
12627 -1 32209 -1 -2
33469 -1 -2
12323 -1 12331 -1 12339 -1 12387 -1 12407 -1 12515 -1 12519 -1 -2
12715 -1 -2
33433 -1 33449 -1 -2
34905 -1 -2
10881 -1 12323 -1 12383 -1 -2
10877 -1 -2
12731 -1 -2
33469 -1 -2
12471 -1 12659 -1 -2
32213 -1 -2
33469 -1 -2
12835 -1 -2
10339 -1 12643 -1 -2
12835 -1 -2
12343 -1 -2
10857 -1 12663 -1 12735 -1 12739 -1 12759 -1 12763 -1 12835 -1 12847 -1 12895 -1 -2
12667 -1 -2
33449 -1 33469 -1 -2
12727 -1 -2
10877 -1 12347 -1 -2
18727 -1 -2
12743 -1 12779 -1 -2
10315 -1 -2
12771 -1 -2
12895 -1 -2
33433 -1 33469 -1 -2
33469 -1 -2
12411 -1 -2
12367 -1 12403 -1 12439 -1 12463 -1 12487 -1 -2
12299 -1 12407 -1 12415 -1 12419 -1 12423 -1 -2
33449 -1 -2
12339 -1 -2
18707 -1 -2
12735 -1 12743 -1 -2
12663 -1 12667 -1 -2
12611 -1 12621 -1 12715 -1 12723 -1 33449 -1 -2
10311 -1 12483 -1 12487 -1 12703 -1 12875 -1 32213 -1 -2
12715 -1 -2
12743 -1 12759 -1 12771 -1 -2
12299 -1 -2
12571 -1 12575 -1 12703 -1 -2
33469 -1 -2
33433 -1 33449 -1 -2
33449 -1 33453 -1 33469 -1 -2
10295 -1 10307 -1 10311 -1 12679 -1 12695 -1 12703 -1 12827 -1 12895 -1 -2
12679 -1 -2
10315 -1 12735 -1 12779 -1 -2
12875 -1 34893 -1 -2
12663 -1 12679 -1 12687 -1 12695 -1 12831 -1 12895 -1 33429 -1 33437 -1 33449 -1 33469 -1 -2
12895 -1 -2
12815 -1 12827 -1 12895 -1 33449 -1 33469 -1 -2
33433 -1 33449 -1 33469 -1 -2
12355 -1 -2
35185 -1 -2
12843 -1 -2
33433 -1 33449 -1 -2
33449 -1 33469 -1 -2
12483 -1 -2
33449 -1 -2
12695 -1 12703 -1 -2
12407 -1 -2
12339 -1 12407 -1 12551 -1 12621 -1 -2
12839 -1 -2
12731 -1 -2
12483 -1 12711 -1 -2
12339 -1 -2
10881 -1 -2
33469 -1 -2
12367 -1 12415 -1 -2
12447 -1 12451 -1 -2
33469 -1 -2
12711 -1 12723 -1 12727 -1 -2
18703 -1 -2
10315 -1 30295 -1 -2
12339 -1 12715 -1 12723 -1 12731 -1 -2
18727 -1 -2
10295 -1 10303 -1 10311 -1 10315 -1 12459 -1 12463 -1 12495 -1 12523 -1 12683 -1 12715 -1 12723 -1 32213 -1 33449 -1 -2
12895 -1 -2
12483 -1 -2
12679 -1 -2
33469 -1 -2
33469 -1 -2
10315 -1 -2
10833 -1 10869 -1 10877 -1 -2
18787 -1 -2
33449 -1 -2
18703 -1 -2
12563 -1 -2
12407 -1 34889 -1 34905 -1 35213 -1 -2
10865 -1 32209 -1 33453 -1 -2
10311 -1 12483 -1 -2
12695 -1 34889 -1 -2
12339 -1 12515 -1 -2
33449 -1 -2
18547 -1 -2
33469 -1 -2
10315 -1 -2
10841 -1 10877 -1 12327 -1 12407 -1 35177 -1 -2
18879 -1 -2
12335 -1 12355 -1 -2
18703 -1 -2
12339 -1 -2
34901 -1 34905 -1 -2
10295 -1 10303 -1 10307 -1 10311 -1 10315 -1 12479 -1 12491 -1 12647 -1 12655 -1 12715 -1 12775 -1 12779 -1 12823 -1 12827 -1 12895 -1 32201 -1 32205 -1 32209 -1 33433 -1 33449 -1 33453 -1 33465 -1 33469 -1 34885 -1 34889 -1 34893 -1 -2
10315 -1 12823 -1 -2
10315 -1 -2
33449 -1 33469 -1 -2
12823 -1 -2
33469 -1 -2
33449 -1 -2
33449 -1 -2
12407 -1 12439 -1 12587 -1 -2
12467 -1 -2
33433 -1 33449 -1 33469 -1 -2
12487 -1 -2
10315 -1 33449 -1 33453 -1 33469 -1 -2
33449 -1 33469 -1 -2
33449 -1 33469 -1 -2
12559 -1 -2
12715 -1 -2
33449 -1 33469 -1 -2
33449 -1 33469 -1 -2
10311 -1 10315 -1 12483 -1 -2
12691 -1 12723 -1 12727 -1 33449 -1 33469 -1 -2
33433 -1 33449 -1 -2
18827 -1 -2
10307 -1 10315 -1 12611 -1 12615 -1 12663 -1 12679 -1 12755 -1 12767 -1 12771 -1 12795 -1 -2
33449 -1 33469 -1 -2
33469 -1 -2
12351 -1 -2
10315 -1 12711 -1 12723 -1 -2
12299 -1 12371 -1 12415 -1 12419 -1 12439 -1 12511 -1 12515 -1 -2
10877 -1 12339 -1 12467 -1 12655 -1 12799 -1 12807 -1 12859 -1 12867 -1 12883 -1 18619 -1 -2
33433 -1 33449 -1 33469 -1 -2
12351 -1 -2
12531 -1 12691 -1 12695 -1 -2
12355 -1 12559 -1 -2
33469 -1 -2
33449 -1 -2
12723 -1 -2
18703 -1 -2
33469 -1 -2
10303 -1 12779 -1 12787 -1 -2
33433 -1 33449 -1 33453 -1 33469 -1 34893 -1 -2
33449 -1 33469 -1 -2
12667 -1 33453 -1 33469 -1 -2
10877 -1 -2
33433 -1 33469 -1 -2
10877 -1 -2
33449 -1 -2
33449 -1 -2
33449 -1 -2
12895 -1 -2
12875 -1 -2
33469 -1 -2
33437 -1 33469 -1 -2
12487 -1 12875 -1 18447 -1 -2
33469 -1 -2
18787 -1 33469 -1 -2
12703 -1 -2
10291 -1 10303 -1 10307 -1 -2
33433 -1 33449 -1 33453 -1 33469 -1 -2
10295 -1 10307 -1 12463 -1 12775 -1 12795 -1 12819 -1 12895 -1 -2
12831 -1 33469 -1 -2
10319 -1 30295 -1 33449 -1 -2
33469 -1 -2
12407 -1 12431 -1 12451 -1 18547 -1 18587 -1 18627 -1 -2
12607 -1 -2
12355 -1 -2
12659 -1 12663 -1 -2
32205 -1 -2
12567 -1 -2
10307 -1 -2
12695 -1 12831 -1 -2
12559 -1 12787 -1 -2
32205 -1 32209 -1 33433 -1 33449 -1 33469 -1 -2
12711 -1 12719 -1 -2
12687 -1 -2
33469 -1 -2
12371 -1 -2
12487 -1 12675 -1 12835 -1 -2
33449 -1 -2
33469 -1 -2
33449 -1 -2
10841 -1 10881 -1 12327 -1 12331 -1 12343 -1 -2
12447 -1 -2
12723 -1 -2
12775 -1 -2
12327 -1 12775 -1 -2
12703 -1 -2
10877 -1 -2
12695 -1 12827 -1 12895 -1 33433 -1 33449 -1 33469 -1 34893 -1 -2
12431 -1 -2
10315 -1 12747 -1 12895 -1 -2
10311 -1 33449 -1 -2
12299 -1 -2
12711 -1 -2
18611 -1 -2
12579 -1 35165 -1 35185 -1 -2
12759 -1 12887 -1 12895 -1 32209 -1 -2
35177 -1 -2
12387 -1 -2
33469 -1 -2
10295 -1 10299 -1 10307 -1 10311 -1 -2
33469 -1 -2
12431 -1 -2
10319 -1 12339 -1 12387 -1 12475 -1 12515 -1 12659 -1 12691 -1 12795 -1 12819 -1 12831 -1 12899 -1 34905 -1 35185 -1 -2
12783 -1 -2
10295 -1 10307 -1 12655 -1 32209 -1 33433 -1 -2
12803 -1 -2
12447 -1 -2
12339 -1 12407 -1 35185 -1 -2
12323 -1 12339 -1 -2
12895 -1 33449 -1 -2
10295 -1 10315 -1 12759 -1 12763 -1 12895 -1 33449 -1 33453 -1 33469 -1 -2
33469 -1 -2
33453 -1 33469 -1 46289 -1 -2
33437 -1 -2
12663 -1 -2
12715 -1 -2
33449 -1 33469 -1 -2
33437 -1 34901 -1 34905 -1 -2
10877 -1 -2
12819 -1 12895 -1 -2
12495 -1 35177 -1 35185 -1 -2
33449 -1 33469 -1 -2
33469 -1 -2
12431 -1 -2
33449 -1 33469 -1 -2
12715 -1 12727 -1 -2
33449 -1 33453 -1 -2
12895 -1 -2
12827 -1 12855 -1 12895 -1 12903 -1 34885 -1 -2
12747 -1 12751 -1 12787 -1 -2
12643 -1 12647 -1 12783 -1 18707 -1 33449 -1 -2
46281 -1 -2
33449 -1 -2
10877 -1 12339 -1 12663 -1 12883 -1 35185 -1 -2
12691 -1 -2
12895 -1 -2
33453 -1 33469 -1 -2
33449 -1 -2
10315 -1 10339 -1 -2
12443 -1 -2
33449 -1 -2
12731 -1 -2
12659 -1 -2
10833 -1 12343 -1 12355 -1 12467 -1 12675 -1 12839 -1 12851 -1 12883 -1 12907 -1 -2
33469 -1 -2
32209 -1 33449 -1 33469 -1 -2
12339 -1 -2
12743 -1 -2
12375 -1 -2
12711 -1 12719 -1 -2
33449 -1 -2
12411 -1 -2
18691 -1 -2
33433 -1 33449 -1 33469 -1 -2
12343 -1 12355 -1 -2
33433 -1 33453 -1 33457 -1 33469 -1 46281 -1 -2
12691 -1 12695 -1 12703 -1 -2
12723 -1 -2
33449 -1 33469 -1 -2
12715 -1 -2
12875 -1 33449 -1 -2
12827 -1 18787 -1 -2
12907 -1 -2
32197 -1 -2
33449 -1 33469 -1 -2
33449 -1 -2
10315 -1 12567 -1 12795 -1 12815 -1 12827 -1 12831 -1 12895 -1 33433 -1 33449 -1 33469 -1 -2
12711 -1 -2
18727 -1 -2
33449 -1 33469 -1 46289 -1 -2
33449 -1 -2
12755 -1 12767 -1 -2
12479 -1 12491 -1 12687 -1 34901 -1 46285 -1 -2
12739 -1 12807 -1 12819 -1 -2
12711 -1 12715 -1 -2
33453 -1 33469 -1 -2
12327 -1 -2
34909 -1 -2
12443 -1 -2
12475 -1 -2
12663 -1 12835 -1 -2
12339 -1 35185 -1 -2
12355 -1 12647 -1 12671 -1 12851 -1 -2
10295 -1 10311 -1 12483 -1 12679 -1 12759 -1 -2
12299 -1 12327 -1 12595 -1 -2
12575 -1 12831 -1 -2
12411 -1 -2
32205 -1 -2
12663 -1 12687 -1 34889 -1 34901 -1 -2
12759 -1 12779 -1 12787 -1 -2
12663 -1 12667 -1 12671 -1 12847 -1 -2
33433 -1 33469 -1 -2
12567 -1 12579 -1 -2
10869 -1 10877 -1 12559 -1 -2
35149 -1 -2
12823 -1 12831 -1 -2
12895 -1 -2
18427 -1 -2
12567 -1 -2
12711 -1 -2
12427 -1 12483 -1 12515 -1 -2
12663 -1 -2
18795 -1 -2
20807 -1 -2
33469 -1 -2
12659 -1 -2
33449 -1 -2
33433 -1 33449 -1 33469 -1 46289 -1 -2
18635 -1 18855 -1 -2
33449 -1 33469 -1 -2
10311 -1 -2
10295 -1 10307 -1 10311 -1 10315 -1 12479 -1 12495 -1 12575 -1 12627 -1 12795 -1 12831 -1 34889 -1 34905 -1 -2
12491 -1 12495 -1 12627 -1 12647 -1 12655 -1 12667 -1 32221 -1 -2
18619 -1 -2
12327 -1 12335 -1 -2
12863 -1 12867 -1 12895 -1 -2
12607 -1 33469 -1 -2
10841 -1 10877 -1 12327 -1 -2
33469 -1 -2
10877 -1 -2
12375 -1 -2
10877 -1 12339 -1 35185 -1 -2
10291 -1 10849 -1 12621 -1 12655 -1 12715 -1 12759 -1 12847 -1 18459 -1 32201 -1 32213 -1 32221 -1 33437 -1 33441 -1 33449 -1 33453 -1 33461 -1 33469 -1 46293 -1 -2
12719 -1 -2
12367 -1 12395 -1 -2
12487 -1 12571 -1 12575 -1 -2
12339 -1 -2
12715 -1 -2
12647 -1 -2
33469 -1 -2
10877 -1 12547 -1 12551 -1 12559 -1 35185 -1 -2
12715 -1 12723 -1 12731 -1 -2
34897 -1 34901 -1 -2
10849 -1 -2
12327 -1 12783 -1 -2
33449 -1 33469 -1 -2
10295 -1 -2
12779 -1 -2
12659 -1 -2
12807 -1 12811 -1 -2
12695 -1 12703 -1 32209 -1 33453 -1 33469 -1 -2
10311 -1 10315 -1 12343 -1 12463 -1 12655 -1 12679 -1 12695 -1 12895 -1 -2
10311 -1 12483 -1 12487 -1 12875 -1 -2
10877 -1 10881 -1 12327 -1 12335 -1 -2
10841 -1 -2
12907 -1 -2
18683 -1 -2
12339 -1 -2
12835 -1 18447 -1 18619 -1 -2
12859 -1 12887 -1 18879 -1 -2
10299 -1 12527 -1 12531 -1 12843 -1 -2
