1 -1 #SUP: 1301
3 -1 #SUP: 1693
8 -1 #SUP: 4651
11 -1 #SUP: 792
12 -1 #SUP: 375
14 -1 #SUP: 3260
17 -1 #SUP: 3026
18 -1 #SUP: 4326
19 -1 #SUP: 831
20 -1 #SUP: 1475
21 -1 #SUP: 2467
23 -1 #SUP: 686
25 -1 #SUP: 529
26 -1 #SUP: 722
27 -1 #SUP: 491
29 -1 #SUP: 2898
30 -1 #SUP: 1582
31 -1 #SUP: 355
33 -1 #SUP: 467
36 -1 #SUP: 637
39 -1 #SUP: 1430
40 -1 #SUP: 1916
45 -1 #SUP: 319
50 -1 #SUP: 505
51 -1 #SUP: 411
52 -1 #SUP: 1723
53 -1 #SUP: 383
54 -1 #SUP: 862
63 -1 #SUP: 803
64 -1 #SUP: 345
71 -1 #SUP: 3383
74 -1 #SUP: 559
75 -1 #SUP: 652
80 -1 #SUP: 318
92 -1 #SUP: 1422
96 -1 #SUP: 1538
97 -1 #SUP: 299
101 -1 #SUP: 371
103 -1 #SUP: 1371
117 -1 #SUP: 320
122 -1 #SUP: 991
124 -1 #SUP: 1183
125 -1 #SUP: 323
126 -1 #SUP: 460
145 -1 #SUP: 308
147 -1 #SUP: 325
160 -1 #SUP: 507
161 -1 #SUP: 386
174 -1 #SUP: 335
175 -1 #SUP: 459
186 -1 #SUP: 568
188 -1 #SUP: 416
193 -1 #SUP: 349
197 -1 #SUP: 685
206 -1 #SUP: 766
209 -1 #SUP: 423
212 -1 #SUP: 753
219 -1 #SUP: 1135
224 -1 #SUP: 628
225 -1 #SUP: 344
227 -1 #SUP: 1001
229 -1 #SUP: 444
234 -1 #SUP: 518
262 -1 #SUP: 293
265 -1 #SUP: 1030
266 -1 #SUP: 542
274 -1 #SUP: 412
290 -1 #SUP: 1715
292 -1 #SUP: 828
293 -1 #SUP: 345
299 -1 #SUP: 541
306 -1 #SUP: 451
307 -1 #SUP: 535
310 -1 #SUP: 810
318 -1 #SUP: 890
319 -1 #SUP: 397
347 -1 #SUP: 587
381 -1 #SUP: 340
388 -1 #SUP: 427
436 -1 #SUP: 408
591 -1 #SUP: 311
604 -1 #SUP: 304
632 -1 #SUP: 507
759 -1 #SUP: 305
810 -1 #SUP: 332
2672 -1 #SUP: 450
1 -1 1 -1 #SUP: 1219
1 -1 3 -1 #SUP: 383
1 -1 8 -1 #SUP: 1007
1 -1 14 -1 #SUP: 695
1 -1 17 -1 #SUP: 717
1 -1 18 -1 #SUP: 1021
1 -1 20 -1 #SUP: 332
1 -1 21 -1 #SUP: 533
1 -1 29 -1 #SUP: 585
1 -1 30 -1 #SUP: 316
1 -1 40 -1 #SUP: 459
1 -1 52 -1 #SUP: 339
1 -1 71 -1 #SUP: 714
1 -1 92 -1 #SUP: 382
1 -1 96 -1 #SUP: 319
1 -1 290 -1 #SUP: 360
3 -1 3 -1 #SUP: 492
3 -1 8 -1 #SUP: 1139
8 -1 3 -1 #SUP: 1103
3 -1 14 -1 #SUP: 725
14 -1 3 -1 #SUP: 733
3 -1 17 -1 #SUP: 514
17 -1 3 -1 #SUP: 729
3 -1 18 -1 #SUP: 1013
18 -1 3 -1 #SUP: 970
3 -1 20 -1 #SUP: 319
20 -1 3 -1 #SUP: 307
3 -1 21 -1 #SUP: 451
21 -1 3 -1 #SUP: 526
3 -1 29 -1 #SUP: 528
29 -1 3 -1 #SUP: 738
3 -1 30 -1 #SUP: 293
30 -1 3 -1 #SUP: 370
39 -1 3 -1 #SUP: 343
3 -1 40 -1 #SUP: 354
40 -1 3 -1 #SUP: 446
3 -1 52 -1 #SUP: 297
52 -1 3 -1 #SUP: 398
3 -1 71 -1 #SUP: 731
71 -1 3 -1 #SUP: 764
3 -1 92 -1 #SUP: 374
92 -1 3 -1 #SUP: 327
3 -1 96 -1 #SUP: 372
96 -1 3 -1 #SUP: 372
124 -1 3 -1 #SUP: 299
3 -1 290 -1 #SUP: 329
290 -1 3 -1 #SUP: 440
8 -1 8 -1 #SUP: 3289
8 -1 11 -1 #SUP: 562
11 -1 8 -1 #SUP: 484
8 -1 14 -1 #SUP: 2301
14 -1 8 -1 #SUP: 2154
8 -1 17 -1 #SUP: 1794
17 -1 8 -1 #SUP: 2052
8 -1 18 -1 #SUP: 3522
18 -1 8 -1 #SUP: 3085
8 -1 19 -1 #SUP: 450
19 -1 8 -1 #SUP: 495
8 -1 20 -1 #SUP: 925
20 -1 8 -1 #SUP: 973
8 -1 21 -1 #SUP: 1564
21 -1 8 -1 #SUP: 1812
8 -1 23 -1 #SUP: 463
23 -1 8 -1 #SUP: 392
25 -1 8 -1 #SUP: 356
26 -1 8 -1 #SUP: 507
27 -1 8 -1 #SUP: 342
8 -1 29 -1 #SUP: 1736
29 -1 8 -1 #SUP: 2013
8 -1 30 -1 #SUP: 905
30 -1 8 -1 #SUP: 999
8 -1 33 -1 #SUP: 299
36 -1 8 -1 #SUP: 517
8 -1 39 -1 #SUP: 907
39 -1 8 -1 #SUP: 913
8 -1 40 -1 #SUP: 1138
40 -1 8 -1 #SUP: 1206
50 -1 8 -1 #SUP: 314
8 -1 52 -1 #SUP: 1021
52 -1 8 -1 #SUP: 1045
8 -1 54 -1 #SUP: 516
54 -1 8 -1 #SUP: 558
8 -1 63 -1 #SUP: 471
63 -1 8 -1 #SUP: 507
8 -1 71 -1 #SUP: 2231
71 -1 8 -1 #SUP: 2248
8 -1 74 -1 #SUP: 316
74 -1 8 -1 #SUP: 337
8 -1 75 -1 #SUP: 438
75 -1 8 -1 #SUP: 473
8 -1 92 -1 #SUP: 953
92 -1 8 -1 #SUP: 822
8 -1 96 -1 #SUP: 995
96 -1 8 -1 #SUP: 1048
8 -1 103 -1 #SUP: 749
103 -1 8 -1 #SUP: 954
8 -1 122 -1 #SUP: 697
122 -1 8 -1 #SUP: 525
8 -1 124 -1 #SUP: 665
124 -1 8 -1 #SUP: 745
8 -1 126 -1 #SUP: 438
8 -1 160 -1 #SUP: 358
160 -1 8 -1 #SUP: 333
175 -1 8 -1 #SUP: 297
8 -1 186 -1 #SUP: 411
186 -1 8 -1 #SUP: 322
8 -1 188 -1 #SUP: 359
8 -1 197 -1 #SUP: 319
197 -1 8 -1 #SUP: 419
8 -1 206 -1 #SUP: 453
206 -1 8 -1 #SUP: 468
8 -1 212 -1 #SUP: 422
212 -1 8 -1 #SUP: 432
8 -1 219 -1 #SUP: 702
219 -1 8 -1 #SUP: 681
8 -1 224 -1 #SUP: 406
224 -1 8 -1 #SUP: 390
8 -1 227 -1 #SUP: 727
227 -1 8 -1 #SUP: 556
229 -1 8 -1 #SUP: 366
234 -1 8 -1 #SUP: 367
8 -1 265 -1 #SUP: 611
265 -1 8 -1 #SUP: 638
266 -1 8 -1 #SUP: 410
8 -1 290 -1 #SUP: 1060
290 -1 8 -1 #SUP: 1032
8 -1 292 -1 #SUP: 533
292 -1 8 -1 #SUP: 605
8 -1 299 -1 #SUP: 351
299 -1 8 -1 #SUP: 355
306 -1 8 -1 #SUP: 300
8 -1 307 -1 #SUP: 371
310 -1 8 -1 #SUP: 683
8 -1 318 -1 #SUP: 654
318 -1 8 -1 #SUP: 489
8 -1 347 -1 #SUP: 328
347 -1 8 -1 #SUP: 340
388 -1 8 -1 #SUP: 328
632 -1 8 -1 #SUP: 376
8 -1 2672 -1 #SUP: 357
11 -1 14 -1 #SUP: 372
14 -1 11 -1 #SUP: 313
17 -1 11 -1 #SUP: 294
11 -1 18 -1 #SUP: 402
18 -1 11 -1 #SUP: 563
29 -1 11 -1 #SUP: 388
11 -1 71 -1 #SUP: 374
71 -1 11 -1 #SUP: 375
14 -1 14 -1 #SUP: 1461
14 -1 17 -1 #SUP: 1011
17 -1 14 -1 #SUP: 1317
14 -1 18 -1 #SUP: 1975
18 -1 14 -1 #SUP: 2056
19 -1 14 -1 #SUP: 359
14 -1 20 -1 #SUP: 653
20 -1 14 -1 #SUP: 655
14 -1 21 -1 #SUP: 1033
21 -1 14 -1 #SUP: 1167
14 -1 23 -1 #SUP: 336
26 -1 14 -1 #SUP: 332
14 -1 29 -1 #SUP: 1076
29 -1 14 -1 #SUP: 1383
14 -1 30 -1 #SUP: 574
30 -1 14 -1 #SUP: 658
36 -1 14 -1 #SUP: 358
14 -1 39 -1 #SUP: 538
39 -1 14 -1 #SUP: 572
14 -1 40 -1 #SUP: 667
40 -1 14 -1 #SUP: 853
14 -1 52 -1 #SUP: 649
52 -1 14 -1 #SUP: 594
14 -1 54 -1 #SUP: 369
54 -1 14 -1 #SUP: 411
14 -1 63 -1 #SUP: 311
63 -1 14 -1 #SUP: 333
14 -1 71 -1 #SUP: 1487
71 -1 14 -1 #SUP: 1524
14 -1 92 -1 #SUP: 551
92 -1 14 -1 #SUP: 512
14 -1 96 -1 #SUP: 579
96 -1 14 -1 #SUP: 666
14 -1 103 -1 #SUP: 473
103 -1 14 -1 #SUP: 601
14 -1 122 -1 #SUP: 475
122 -1 14 -1 #SUP: 411
14 -1 124 -1 #SUP: 473
124 -1 14 -1 #SUP: 553
206 -1 14 -1 #SUP: 389
14 -1 219 -1 #SUP: 478
219 -1 14 -1 #SUP: 501
14 -1 227 -1 #SUP: 520
227 -1 14 -1 #SUP: 465
14 -1 265 -1 #SUP: 374
265 -1 14 -1 #SUP: 420
14 -1 290 -1 #SUP: 670
290 -1 14 -1 #SUP: 712
14 -1 292 -1 #SUP: 363
292 -1 14 -1 #SUP: 386
310 -1 14 -1 #SUP: 443
14 -1 318 -1 #SUP: 470
318 -1 14 -1 #SUP: 363
17 -1 17 -1 #SUP: 1095
17 -1 18 -1 #SUP: 1859
18 -1 17 -1 #SUP: 1515
17 -1 19 -1 #SUP: 323
19 -1 17 -1 #SUP: 354
17 -1 20 -1 #SUP: 565
20 -1 17 -1 #SUP: 443
17 -1 21 -1 #SUP: 986
21 -1 17 -1 #SUP: 799
26 -1 17 -1 #SUP: 341
17 -1 29 -1 #SUP: 1179
29 -1 17 -1 #SUP: 1333
17 -1 30 -1 #SUP: 581
30 -1 17 -1 #SUP: 800
36 -1 17 -1 #SUP: 350
17 -1 39 -1 #SUP: 628
39 -1 17 -1 #SUP: 434
17 -1 40 -1 #SUP: 857
40 -1 17 -1 #SUP: 698
17 -1 52 -1 #SUP: 784
52 -1 17 -1 #SUP: 480
17 -1 54 -1 #SUP: 345
17 -1 71 -1 #SUP: 1559
71 -1 17 -1 #SUP: 1081
17 -1 92 -1 #SUP: 628
92 -1 17 -1 #SUP: 475
17 -1 96 -1 #SUP: 612
96 -1 17 -1 #SUP: 737
17 -1 103 -1 #SUP: 468
103 -1 17 -1 #SUP: 486
17 -1 122 -1 #SUP: 444
17 -1 124 -1 #SUP: 311
197 -1 17 -1 #SUP: 351
17 -1 212 -1 #SUP: 393
17 -1 219 -1 #SUP: 326
17 -1 227 -1 #SUP: 332
17 -1 265 -1 #SUP: 383
265 -1 17 -1 #SUP: 394
17 -1 290 -1 #SUP: 644
290 -1 17 -1 #SUP: 509
17 -1 292 -1 #SUP: 321
310 -1 17 -1 #SUP: 415
17 -1 318 -1 #SUP: 307
18 -1 18 -1 #SUP: 2547
18 -1 19 -1 #SUP: 419
19 -1 18 -1 #SUP: 466
18 -1 20 -1 #SUP: 843
20 -1 18 -1 #SUP: 879
18 -1 21 -1 #SUP: 1367
21 -1 18 -1 #SUP: 1535
18 -1 23 -1 #SUP: 415
23 -1 18 -1 #SUP: 397
25 -1 18 -1 #SUP: 292
26 -1 18 -1 #SUP: 453
27 -1 18 -1 #SUP: 307
18 -1 29 -1 #SUP: 1483
29 -1 18 -1 #SUP: 1794
18 -1 30 -1 #SUP: 792
30 -1 18 -1 #SUP: 882
36 -1 18 -1 #SUP: 474
18 -1 39 -1 #SUP: 835
39 -1 18 -1 #SUP: 848
18 -1 40 -1 #SUP: 1038
40 -1 18 -1 #SUP: 1204
18 -1 52 -1 #SUP: 891
52 -1 18 -1 #SUP: 951
18 -1 54 -1 #SUP: 480
54 -1 18 -1 #SUP: 495
18 -1 63 -1 #SUP: 419
63 -1 18 -1 #SUP: 443
18 -1 71 -1 #SUP: 1971
71 -1 18 -1 #SUP: 1933
18 -1 74 -1 #SUP: 297
74 -1 18 -1 #SUP: 316
18 -1 75 -1 #SUP: 368
75 -1 18 -1 #SUP: 384
18 -1 92 -1 #SUP: 854
92 -1 18 -1 #SUP: 795
18 -1 96 -1 #SUP: 894
96 -1 18 -1 #SUP: 897
18 -1 103 -1 #SUP: 666
103 -1 18 -1 #SUP: 811
18 -1 122 -1 #SUP: 661
122 -1 18 -1 #SUP: 459
18 -1 124 -1 #SUP: 620
124 -1 18 -1 #SUP: 679
18 -1 186 -1 #SUP: 324
186 -1 18 -1 #SUP: 310
197 -1 18 -1 #SUP: 420
18 -1 206 -1 #SUP: 463
206 -1 18 -1 #SUP: 454
18 -1 212 -1 #SUP: 381
212 -1 18 -1 #SUP: 421
18 -1 219 -1 #SUP: 610
219 -1 18 -1 #SUP: 599
18 -1 224 -1 #SUP: 366
224 -1 18 -1 #SUP: 358
18 -1 227 -1 #SUP: 705
227 -1 18 -1 #SUP: 477
229 -1 18 -1 #SUP: 320
234 -1 18 -1 #SUP: 312
18 -1 265 -1 #SUP: 503
265 -1 18 -1 #SUP: 519
266 -1 18 -1 #SUP: 331
18 -1 290 -1 #SUP: 928
290 -1 18 -1 #SUP: 947
18 -1 292 -1 #SUP: 466
292 -1 18 -1 #SUP: 512
299 -1 18 -1 #SUP: 298
18 -1 307 -1 #SUP: 321
310 -1 18 -1 #SUP: 628
18 -1 318 -1 #SUP: 609
318 -1 18 -1 #SUP: 409
18 -1 347 -1 #SUP: 324
347 -1 18 -1 #SUP: 342
388 -1 18 -1 #SUP: 348
632 -1 18 -1 #SUP: 339
19 -1 29 -1 #SUP: 298
29 -1 19 -1 #SUP: 315
40 -1 19 -1 #SUP: 436
19 -1 71 -1 #SUP: 426
71 -1 19 -1 #SUP: 305
20 -1 20 -1 #SUP: 390
20 -1 21 -1 #SUP: 515
21 -1 20 -1 #SUP: 476
20 -1 29 -1 #SUP: 429
29 -1 20 -1 #SUP: 545
20 -1 30 -1 #SUP: 297
30 -1 20 -1 #SUP: 292
20 -1 40 -1 #SUP: 413
40 -1 20 -1 #SUP: 367
52 -1 20 -1 #SUP: 311
20 -1 71 -1 #SUP: 685
71 -1 20 -1 #SUP: 680
74 -1 20 -1 #SUP: 349
20 -1 92 -1 #SUP: 314
96 -1 20 -1 #SUP: 295
290 -1 20 -1 #SUP: 357
21 -1 21 -1 #SUP: 828
21 -1 29 -1 #SUP: 825
29 -1 21 -1 #SUP: 1015
21 -1 30 -1 #SUP: 438
30 -1 21 -1 #SUP: 460
21 -1 39 -1 #SUP: 475
39 -1 21 -1 #SUP: 425
21 -1 40 -1 #SUP: 612
40 -1 21 -1 #SUP: 579
21 -1 52 -1 #SUP: 484
52 -1 21 -1 #SUP: 485
21 -1 54 -1 #SUP: 301
54 -1 21 -1 #SUP: 292
21 -1 71 -1 #SUP: 1101
71 -1 21 -1 #SUP: 990
21 -1 92 -1 #SUP: 500
92 -1 21 -1 #SUP: 397
21 -1 96 -1 #SUP: 474
96 -1 21 -1 #SUP: 520
21 -1 103 -1 #SUP: 344
103 -1 21 -1 #SUP: 379
21 -1 122 -1 #SUP: 396
21 -1 124 -1 #SUP: 322
124 -1 21 -1 #SUP: 367
21 -1 219 -1 #SUP: 362
219 -1 21 -1 #SUP: 324
21 -1 227 -1 #SUP: 395
227 -1 21 -1 #SUP: 299
21 -1 290 -1 #SUP: 499
290 -1 21 -1 #SUP: 516
310 -1 21 -1 #SUP: 407
21 -1 318 -1 #SUP: 297
23 -1 71 -1 #SUP: 292
71 -1 23 -1 #SUP: 319
26 -1 29 -1 #SUP: 335
26 -1 71 -1 #SUP: 364
29 -1 29 -1 #SUP: 1056
29 -1 30 -1 #SUP: 611
30 -1 29 -1 #SUP: 650
36 -1 29 -1 #SUP: 319
29 -1 39 -1 #SUP: 596
39 -1 29 -1 #SUP: 496
29 -1 40 -1 #SUP: 730
40 -1 29 -1 #SUP: 655
29 -1 52 -1 #SUP: 752
52 -1 29 -1 #SUP: 561
29 -1 54 -1 #SUP: 344
54 -1 29 -1 #SUP: 315
29 -1 63 -1 #SUP: 369
29 -1 71 -1 #SUP: 1528
71 -1 29 -1 #SUP: 1108
29 -1 75 -1 #SUP: 303
29 -1 92 -1 #SUP: 600
92 -1 29 -1 #SUP: 391
29 -1 96 -1 #SUP: 685
96 -1 29 -1 #SUP: 489
29 -1 103 -1 #SUP: 466
103 -1 29 -1 #SUP: 470
29 -1 122 -1 #SUP: 462
29 -1 124 -1 #SUP: 467
124 -1 29 -1 #SUP: 352
29 -1 206 -1 #SUP: 294
29 -1 212 -1 #SUP: 301
29 -1 219 -1 #SUP: 464
219 -1 29 -1 #SUP: 419
29 -1 227 -1 #SUP: 476
29 -1 265 -1 #SUP: 453
265 -1 29 -1 #SUP: 428
29 -1 290 -1 #SUP: 731
290 -1 29 -1 #SUP: 537
29 -1 292 -1 #SUP: 346
310 -1 29 -1 #SUP: 425
29 -1 318 -1 #SUP: 439
318 -1 29 -1 #SUP: 292
30 -1 30 -1 #SUP: 391
30 -1 40 -1 #SUP: 414
40 -1 30 -1 #SUP: 414
30 -1 52 -1 #SUP: 387
52 -1 30 -1 #SUP: 334
30 -1 71 -1 #SUP: 806
71 -1 30 -1 #SUP: 651
30 -1 92 -1 #SUP: 338
30 -1 290 -1 #SUP: 460
290 -1 30 -1 #SUP: 319
36 -1 71 -1 #SUP: 396
39 -1 40 -1 #SUP: 365
40 -1 39 -1 #SUP: 361
39 -1 52 -1 #SUP: 320
52 -1 39 -1 #SUP: 700
39 -1 71 -1 #SUP: 651
71 -1 39 -1 #SUP: 613
96 -1 39 -1 #SUP: 294
290 -1 39 -1 #SUP: 317
40 -1 40 -1 #SUP: 644
40 -1 52 -1 #SUP: 420
52 -1 40 -1 #SUP: 391
40 -1 71 -1 #SUP: 946
71 -1 40 -1 #SUP: 801
40 -1 92 -1 #SUP: 502
92 -1 40 -1 #SUP: 375
40 -1 96 -1 #SUP: 378
96 -1 40 -1 #SUP: 378
40 -1 103 -1 #SUP: 292
103 -1 40 -1 #SUP: 346
40 -1 122 -1 #SUP: 360
40 -1 265 -1 #SUP: 309
40 -1 290 -1 #SUP: 428
290 -1 40 -1 #SUP: 404
52 -1 52 -1 #SUP: 327
52 -1 71 -1 #SUP: 871
71 -1 52 -1 #SUP: 638
52 -1 92 -1 #SUP: 310
96 -1 52 -1 #SUP: 367
124 -1 52 -1 #SUP: 302
219 -1 52 -1 #SUP: 320
52 -1 290 -1 #SUP: 374
290 -1 52 -1 #SUP: 375
54 -1 71 -1 #SUP: 397
71 -1 54 -1 #SUP: 375
63 -1 71 -1 #SUP: 413
71 -1 63 -1 #SUP: 338
71 -1 71 -1 #SUP: 1712
75 -1 71 -1 #SUP: 318
71 -1 92 -1 #SUP: 709
92 -1 71 -1 #SUP: 650
71 -1 96 -1 #SUP: 608
96 -1 71 -1 #SUP: 751
71 -1 103 -1 #SUP: 531
103 -1 71 -1 #SUP: 626
71 -1 122 -1 #SUP: 542
122 -1 71 -1 #SUP: 436
71 -1 124 -1 #SUP: 388
124 -1 71 -1 #SUP: 608
186 -1 71 -1 #SUP: 294
197 -1 71 -1 #SUP: 310
71 -1 206 -1 #SUP: 312
206 -1 71 -1 #SUP: 431
212 -1 71 -1 #SUP: 353
71 -1 219 -1 #SUP: 468
219 -1 71 -1 #SUP: 575
224 -1 71 -1 #SUP: 310
71 -1 227 -1 #SUP: 536
227 -1 71 -1 #SUP: 423
234 -1 71 -1 #SUP: 301
71 -1 265 -1 #SUP: 470
265 -1 71 -1 #SUP: 561
266 -1 71 -1 #SUP: 296
71 -1 290 -1 #SUP: 948
290 -1 71 -1 #SUP: 813
71 -1 292 -1 #SUP: 355
292 -1 71 -1 #SUP: 369
71 -1 307 -1 #SUP: 322
310 -1 71 -1 #SUP: 472
71 -1 318 -1 #SUP: 526
318 -1 71 -1 #SUP: 373
632 -1 71 -1 #SUP: 300
92 -1 92 -1 #SUP: 391
96 -1 92 -1 #SUP: 311
92 -1 290 -1 #SUP: 292
290 -1 92 -1 #SUP: 390
103 -1 96 -1 #SUP: 303
96 -1 290 -1 #SUP: 359
103 -1 290 -1 #SUP: 307
265 -1 122 -1 #SUP: 314
219 -1 124 -1 #SUP: 305
219 -1 219 -1 #SUP: 335
219 -1 227 -1 #SUP: 326
265 -1 265 -1 #SUP: 303
290 -1 290 -1 #SUP: 435
1 -1 1 -1 1 -1 #SUP: 1209
1 -1 1 -1 3 -1 #SUP: 374
1 -1 1 -1 8 -1 #SUP: 960
1 -1 1 -1 14 -1 #SUP: 660
1 -1 1 -1 17 -1 #SUP: 695
1 -1 1 -1 18 -1 #SUP: 985
1 -1 1 -1 20 -1 #SUP: 325
1 -1 1 -1 21 -1 #SUP: 517
1 -1 1 -1 29 -1 #SUP: 555
1 -1 1 -1 30 -1 #SUP: 307
1 -1 1 -1 40 -1 #SUP: 447
1 -1 1 -1 52 -1 #SUP: 318
1 -1 1 -1 71 -1 #SUP: 688
1 -1 1 -1 92 -1 #SUP: 374
1 -1 1 -1 96 -1 #SUP: 305
1 -1 1 -1 290 -1 #SUP: 351
1 -1 8 -1 8 -1 #SUP: 732
1 -1 8 -1 14 -1 #SUP: 516
1 -1 8 -1 17 -1 #SUP: 428
1 -1 8 -1 18 -1 #SUP: 826
1 -1 8 -1 21 -1 #SUP: 346
1 -1 8 -1 29 -1 #SUP: 363
1 -1 8 -1 71 -1 #SUP: 480
1 -1 14 -1 8 -1 #SUP: 458
1 -1 14 -1 14 -1 #SUP: 311
1 -1 14 -1 18 -1 #SUP: 431
1 -1 14 -1 71 -1 #SUP: 307
1 -1 17 -1 8 -1 #SUP: 482
1 -1 17 -1 14 -1 #SUP: 324
1 -1 17 -1 18 -1 #SUP: 470
1 -1 17 -1 71 -1 #SUP: 369
1 -1 18 -1 8 -1 #SUP: 737
1 -1 18 -1 14 -1 #SUP: 495
1 -1 18 -1 17 -1 #SUP: 410
1 -1 18 -1 18 -1 #SUP: 649
1 -1 18 -1 21 -1 #SUP: 341
1 -1 18 -1 29 -1 #SUP: 336
1 -1 18 -1 71 -1 #SUP: 469
1 -1 21 -1 8 -1 #SUP: 404
1 -1 21 -1 18 -1 #SUP: 356
1 -1 29 -1 8 -1 #SUP: 423
1 -1 29 -1 14 -1 #SUP: 292
1 -1 29 -1 17 -1 #SUP: 292
1 -1 29 -1 18 -1 #SUP: 399
1 -1 29 -1 71 -1 #SUP: 321
1 -1 40 -1 8 -1 #SUP: 323
1 -1 40 -1 18 -1 #SUP: 319
1 -1 71 -1 8 -1 #SUP: 507
1 -1 71 -1 14 -1 #SUP: 346
1 -1 71 -1 18 -1 #SUP: 441
1 -1 71 -1 71 -1 #SUP: 371
3 -1 3 -1 8 -1 #SUP: 320
3 -1 8 -1 8 -1 #SUP: 699
3 -1 8 -1 14 -1 #SUP: 480
3 -1 8 -1 17 -1 #SUP: 322
3 -1 8 -1 18 -1 #SUP: 824
3 -1 8 -1 21 -1 #SUP: 305
3 -1 8 -1 29 -1 #SUP: 309
3 -1 8 -1 71 -1 #SUP: 460
8 -1 3 -1 8 -1 #SUP: 727
8 -1 3 -1 14 -1 #SUP: 424
8 -1 3 -1 18 -1 #SUP: 613
8 -1 3 -1 29 -1 #SUP: 311
8 -1 3 -1 71 -1 #SUP: 446
3 -1 14 -1 8 -1 #SUP: 451
3 -1 14 -1 14 -1 #SUP: 294
3 -1 14 -1 18 -1 #SUP: 410
3 -1 14 -1 71 -1 #SUP: 313
14 -1 3 -1 8 -1 #SUP: 467
14 -1 3 -1 18 -1 #SUP: 411
3 -1 17 -1 8 -1 #SUP: 306
17 -1 3 -1 8 -1 #SUP: 458
17 -1 3 -1 18 -1 #SUP: 383
3 -1 18 -1 8 -1 #SUP: 646
3 -1 18 -1 14 -1 #SUP: 420
3 -1 18 -1 18 -1 #SUP: 490
3 -1 18 -1 71 -1 #SUP: 380
18 -1 3 -1 8 -1 #SUP: 627
18 -1 3 -1 14 -1 #SUP: 374
18 -1 3 -1 18 -1 #SUP: 531
18 -1 3 -1 71 -1 #SUP: 384
3 -1 21 -1 8 -1 #SUP: 305
21 -1 3 -1 8 -1 #SUP: 350
21 -1 3 -1 18 -1 #SUP: 297
3 -1 29 -1 8 -1 #SUP: 323
29 -1 3 -1 8 -1 #SUP: 471
29 -1 3 -1 14 -1 #SUP: 301
29 -1 3 -1 18 -1 #SUP: 402
3 -1 71 -1 8 -1 #SUP: 444
3 -1 71 -1 18 -1 #SUP: 353
3 -1 71 -1 71 -1 #SUP: 307
71 -1 3 -1 8 -1 #SUP: 459
71 -1 3 -1 18 -1 #SUP: 394
71 -1 3 -1 71 -1 #SUP: 301
8 -1 8 -1 3 -1 #SUP: 650
8 -1 8 -1 8 -1 #SUP: 2114
8 -1 8 -1 11 -1 #SUP: 353
8 -1 8 -1 14 -1 #SUP: 1467
8 -1 8 -1 17 -1 #SUP: 990
8 -1 8 -1 18 -1 #SUP: 2257
8 -1 8 -1 20 -1 #SUP: 546
8 -1 8 -1 21 -1 #SUP: 935
8 -1 8 -1 29 -1 #SUP: 1002
8 -1 8 -1 30 -1 #SUP: 532
8 -1 8 -1 39 -1 #SUP: 535
8 -1 8 -1 40 -1 #SUP: 618
8 -1 8 -1 52 -1 #SUP: 557
8 -1 8 -1 54 -1 #SUP: 315
8 -1 8 -1 71 -1 #SUP: 1366
8 -1 8 -1 92 -1 #SUP: 564
8 -1 8 -1 96 -1 #SUP: 604
8 -1 8 -1 103 -1 #SUP: 431
8 -1 8 -1 122 -1 #SUP: 418
8 -1 8 -1 124 -1 #SUP: 380
8 -1 8 -1 219 -1 #SUP: 416
8 -1 8 -1 227 -1 #SUP: 464
8 -1 8 -1 265 -1 #SUP: 363
8 -1 8 -1 290 -1 #SUP: 600
8 -1 8 -1 292 -1 #SUP: 312
8 -1 8 -1 318 -1 #SUP: 407
8 -1 11 -1 8 -1 #SUP: 319
11 -1 8 -1 18 -1 #SUP: 326
8 -1 14 -1 3 -1 #SUP: 496
8 -1 14 -1 8 -1 #SUP: 1552
8 -1 14 -1 14 -1 #SUP: 1003
8 -1 14 -1 17 -1 #SUP: 637
8 -1 14 -1 18 -1 #SUP: 1409
8 -1 14 -1 20 -1 #SUP: 440
8 -1 14 -1 21 -1 #SUP: 690
8 -1 14 -1 29 -1 #SUP: 693
8 -1 14 -1 30 -1 #SUP: 367
8 -1 14 -1 39 -1 #SUP: 333
8 -1 14 -1 40 -1 #SUP: 448
8 -1 14 -1 52 -1 #SUP: 399
8 -1 14 -1 71 -1 #SUP: 1004
8 -1 14 -1 92 -1 #SUP: 355
8 -1 14 -1 96 -1 #SUP: 380
8 -1 14 -1 103 -1 #SUP: 328
8 -1 14 -1 122 -1 #SUP: 322
8 -1 14 -1 219 -1 #SUP: 316
8 -1 14 -1 227 -1 #SUP: 387
8 -1 14 -1 290 -1 #SUP: 447
8 -1 14 -1 318 -1 #SUP: 331
14 -1 8 -1 3 -1 #SUP: 402
14 -1 8 -1 8 -1 #SUP: 1305
14 -1 8 -1 14 -1 #SUP: 910
14 -1 8 -1 17 -1 #SUP: 575
14 -1 8 -1 18 -1 #SUP: 1465
14 -1 8 -1 20 -1 #SUP: 339
14 -1 8 -1 21 -1 #SUP: 567
14 -1 8 -1 29 -1 #SUP: 604
14 -1 8 -1 30 -1 #SUP: 296
14 -1 8 -1 40 -1 #SUP: 373
14 -1 8 -1 71 -1 #SUP: 810
14 -1 8 -1 92 -1 #SUP: 327
14 -1 8 -1 96 -1 #SUP: 363
14 -1 8 -1 227 -1 #SUP: 295
14 -1 8 -1 290 -1 #SUP: 382
8 -1 17 -1 3 -1 #SUP: 409
8 -1 17 -1 8 -1 #SUP: 1170
8 -1 17 -1 14 -1 #SUP: 709
8 -1 17 -1 17 -1 #SUP: 554
8 -1 17 -1 18 -1 #SUP: 1007
8 -1 17 -1 20 -1 #SUP: 302
8 -1 17 -1 21 -1 #SUP: 545
8 -1 17 -1 29 -1 #SUP: 564
8 -1 17 -1 30 -1 #SUP: 302
8 -1 17 -1 39 -1 #SUP: 325
8 -1 17 -1 40 -1 #SUP: 421
8 -1 17 -1 52 -1 #SUP: 420
8 -1 17 -1 71 -1 #SUP: 841
8 -1 17 -1 92 -1 #SUP: 315
8 -1 17 -1 96 -1 #SUP: 305
8 -1 17 -1 290 -1 #SUP: 314
17 -1 8 -1 3 -1 #SUP: 413
17 -1 8 -1 8 -1 #SUP: 1221
17 -1 8 -1 14 -1 #SUP: 871
17 -1 8 -1 17 -1 #SUP: 678
17 -1 8 -1 18 -1 #SUP: 1423
17 -1 8 -1 20 -1 #SUP: 328
17 -1 8 -1 21 -1 #SUP: 558
17 -1 8 -1 29 -1 #SUP: 645
17 -1 8 -1 30 -1 #SUP: 328
17 -1 8 -1 39 -1 #SUP: 331
17 -1 8 -1 40 -1 #SUP: 407
17 -1 8 -1 52 -1 #SUP: 323
17 -1 8 -1 71 -1 #SUP: 796
17 -1 8 -1 92 -1 #SUP: 375
17 -1 8 -1 96 -1 #SUP: 396
17 -1 8 -1 290 -1 #SUP: 363
8 -1 18 -1 3 -1 #SUP: 740
8 -1 18 -1 8 -1 #SUP: 2482
8 -1 18 -1 11 -1 #SUP: 474
8 -1 18 -1 14 -1 #SUP: 1615
8 -1 18 -1 17 -1 #SUP: 1136
8 -1 18 -1 18 -1 #SUP: 1972
8 -1 18 -1 19 -1 #SUP: 319
8 -1 18 -1 20 -1 #SUP: 631
8 -1 18 -1 21 -1 #SUP: 1063
8 -1 18 -1 23 -1 #SUP: 326
8 -1 18 -1 29 -1 #SUP: 1163
8 -1 18 -1 30 -1 #SUP: 604
8 -1 18 -1 39 -1 #SUP: 636
8 -1 18 -1 40 -1 #SUP: 788
8 -1 18 -1 52 -1 #SUP: 662
8 -1 18 -1 54 -1 #SUP: 373
8 -1 18 -1 63 -1 #SUP: 319
8 -1 18 -1 71 -1 #SUP: 1523
8 -1 18 -1 75 -1 #SUP: 292
8 -1 18 -1 92 -1 #SUP: 640
8 -1 18 -1 96 -1 #SUP: 691
8 -1 18 -1 103 -1 #SUP: 522
8 -1 18 -1 122 -1 #SUP: 533
8 -1 18 -1 124 -1 #SUP: 447
8 -1 18 -1 206 -1 #SUP: 344
8 -1 18 -1 219 -1 #SUP: 478
8 -1 18 -1 227 -1 #SUP: 572
8 -1 18 -1 265 -1 #SUP: 393
8 -1 18 -1 290 -1 #SUP: 700
8 -1 18 -1 292 -1 #SUP: 353
8 -1 18 -1 318 -1 #SUP: 505
18 -1 8 -1 3 -1 #SUP: 602
18 -1 8 -1 8 -1 #SUP: 1945
18 -1 8 -1 11 -1 #SUP: 319
18 -1 8 -1 14 -1 #SUP: 1375
18 -1 8 -1 17 -1 #SUP: 925
18 -1 8 -1 18 -1 #SUP: 2131
18 -1 8 -1 20 -1 #SUP: 529
18 -1 8 -1 21 -1 #SUP: 895
18 -1 8 -1 29 -1 #SUP: 931
18 -1 8 -1 30 -1 #SUP: 484
18 -1 8 -1 39 -1 #SUP: 513
18 -1 8 -1 40 -1 #SUP: 617
18 -1 8 -1 52 -1 #SUP: 520
18 -1 8 -1 71 -1 #SUP: 1278
18 -1 8 -1 92 -1 #SUP: 544
18 -1 8 -1 96 -1 #SUP: 586
18 -1 8 -1 103 -1 #SUP: 403
18 -1 8 -1 122 -1 #SUP: 391
18 -1 8 -1 124 -1 #SUP: 368
18 -1 8 -1 219 -1 #SUP: 394
18 -1 8 -1 227 -1 #SUP: 442
18 -1 8 -1 265 -1 #SUP: 321
18 -1 8 -1 290 -1 #SUP: 579
18 -1 8 -1 292 -1 #SUP: 305
18 -1 8 -1 318 -1 #SUP: 366
19 -1 8 -1 18 -1 #SUP: 337
8 -1 20 -1 8 -1 #SUP: 601
8 -1 20 -1 14 -1 #SUP: 386
8 -1 20 -1 18 -1 #SUP: 522
8 -1 20 -1 21 -1 #SUP: 298
8 -1 20 -1 71 -1 #SUP: 395
20 -1 8 -1 8 -1 #SUP: 597
20 -1 8 -1 14 -1 #SUP: 413
20 -1 8 -1 18 -1 #SUP: 672
20 -1 8 -1 71 -1 #SUP: 381
8 -1 21 -1 8 -1 #SUP: 1120
8 -1 21 -1 14 -1 #SUP: 671
8 -1 21 -1 17 -1 #SUP: 406
8 -1 21 -1 18 -1 #SUP: 907
8 -1 21 -1 21 -1 #SUP: 473
8 -1 21 -1 29 -1 #SUP: 447
8 -1 21 -1 40 -1 #SUP: 335
8 -1 21 -1 71 -1 #SUP: 621
21 -1 8 -1 3 -1 #SUP: 368
21 -1 8 -1 8 -1 #SUP: 1184
21 -1 8 -1 14 -1 #SUP: 826
21 -1 8 -1 17 -1 #SUP: 545
21 -1 8 -1 18 -1 #SUP: 1277
21 -1 8 -1 20 -1 #SUP: 306
21 -1 8 -1 21 -1 #SUP: 588
21 -1 8 -1 29 -1 #SUP: 520
21 -1 8 -1 39 -1 #SUP: 304
21 -1 8 -1 40 -1 #SUP: 357
21 -1 8 -1 52 -1 #SUP: 301
21 -1 8 -1 71 -1 #SUP: 733
21 -1 8 -1 92 -1 #SUP: 303
21 -1 8 -1 96 -1 #SUP: 346
21 -1 8 -1 290 -1 #SUP: 320
26 -1 8 -1 8 -1 #SUP: 317
26 -1 8 -1 18 -1 #SUP: 346
8 -1 29 -1 3 -1 #SUP: 381
8 -1 29 -1 8 -1 #SUP: 1149
8 -1 29 -1 14 -1 #SUP: 736
8 -1 29 -1 17 -1 #SUP: 749
8 -1 29 -1 18 -1 #SUP: 968
8 -1 29 -1 21 -1 #SUP: 532
8 -1 29 -1 29 -1 #SUP: 538
8 -1 29 -1 30 -1 #SUP: 336
8 -1 29 -1 40 -1 #SUP: 370
8 -1 29 -1 52 -1 #SUP: 360
8 -1 29 -1 71 -1 #SUP: 838
8 -1 29 -1 92 -1 #SUP: 307
8 -1 29 -1 96 -1 #SUP: 361
8 -1 29 -1 290 -1 #SUP: 379
29 -1 8 -1 3 -1 #SUP: 415
29 -1 8 -1 8 -1 #SUP: 1278
29 -1 8 -1 14 -1 #SUP: 915
29 -1 8 -1 17 -1 #SUP: 667
29 -1 8 -1 18 -1 #SUP: 1417
29 -1 8 -1 20 -1 #SUP: 317
29 -1 8 -1 21 -1 #SUP: 614
29 -1 8 -1 29 -1 #SUP: 677
29 -1 8 -1 30 -1 #SUP: 323
29 -1 8 -1 39 -1 #SUP: 327
29 -1 8 -1 40 -1 #SUP: 423
29 -1 8 -1 52 -1 #SUP: 370
29 -1 8 -1 71 -1 #SUP: 848
29 -1 8 -1 92 -1 #SUP: 356
29 -1 8 -1 96 -1 #SUP: 378
29 -1 8 -1 227 -1 #SUP: 308
29 -1 8 -1 290 -1 #SUP: 381
8 -1 30 -1 8 -1 #SUP: 522
8 -1 30 -1 14 -1 #SUP: 332
8 -1 30 -1 17 -1 #SUP: 392
8 -1 30 -1 18 -1 #SUP: 435
8 -1 30 -1 71 -1 #SUP: 401
30 -1 8 -1 8 -1 #SUP: 598
30 -1 8 -1 14 -1 #SUP: 411
30 -1 8 -1 18 -1 #SUP: 692
30 -1 8 -1 29 -1 #SUP: 322
30 -1 8 -1 71 -1 #SUP: 416
36 -1 8 -1 8 -1 #SUP: 377
36 -1 8 -1 18 -1 #SUP: 391
8 -1 39 -1 8 -1 #SUP: 589
8 -1 39 -1 14 -1 #SUP: 334
8 -1 39 -1 18 -1 #SUP: 531
8 -1 39 -1 71 -1 #SUP: 389
39 -1 8 -1 8 -1 #SUP: 546
39 -1 8 -1 14 -1 #SUP: 354
39 -1 8 -1 18 -1 #SUP: 628
39 -1 8 -1 71 -1 #SUP: 331
8 -1 40 -1 8 -1 #SUP: 672
8 -1 40 -1 14 -1 #SUP: 434
8 -1 40 -1 17 -1 #SUP: 331
8 -1 40 -1 18 -1 #SUP: 665
8 -1 40 -1 21 -1 #SUP: 307
8 -1 40 -1 29 -1 #SUP: 341
8 -1 40 -1 40 -1 #SUP: 323
8 -1 40 -1 71 -1 #SUP: 485
40 -1 8 -1 8 -1 #SUP: 745
40 -1 8 -1 14 -1 #SUP: 501
40 -1 8 -1 17 -1 #SUP: 367
40 -1 8 -1 18 -1 #SUP: 826
40 -1 8 -1 21 -1 #SUP: 296
40 -1 8 -1 29 -1 #SUP: 356
40 -1 8 -1 40 -1 #SUP: 329
40 -1 8 -1 71 -1 #SUP: 498
8 -1 52 -1 8 -1 #SUP: 599
8 -1 52 -1 14 -1 #SUP: 317
8 -1 52 -1 18 -1 #SUP: 543
8 -1 52 -1 39 -1 #SUP: 396
8 -1 52 -1 71 -1 #SUP: 467
52 -1 8 -1 8 -1 #SUP: 644
52 -1 8 -1 14 -1 #SUP: 375
52 -1 8 -1 18 -1 #SUP: 709
52 -1 8 -1 29 -1 #SUP: 308
52 -1 8 -1 39 -1 #SUP: 312
52 -1 8 -1 71 -1 #SUP: 416
8 -1 54 -1 8 -1 #SUP: 317
54 -1 8 -1 8 -1 #SUP: 336
54 -1 8 -1 18 -1 #SUP: 387
8 -1 63 -1 8 -1 #SUP: 292
63 -1 8 -1 8 -1 #SUP: 309
63 -1 8 -1 18 -1 #SUP: 342
8 -1 71 -1 3 -1 #SUP: 469
8 -1 71 -1 8 -1 #SUP: 1453
8 -1 71 -1 14 -1 #SUP: 946
8 -1 71 -1 17 -1 #SUP: 595
8 -1 71 -1 18 -1 #SUP: 1197
8 -1 71 -1 20 -1 #SUP: 416
8 -1 71 -1 21 -1 #SUP: 598
8 -1 71 -1 29 -1 #SUP: 645
8 -1 71 -1 30 -1 #SUP: 383
8 -1 71 -1 39 -1 #SUP: 350
8 -1 71 -1 40 -1 #SUP: 443
8 -1 71 -1 52 -1 #SUP: 368
8 -1 71 -1 71 -1 #SUP: 1045
8 -1 71 -1 92 -1 #SUP: 425
8 -1 71 -1 96 -1 #SUP: 366
8 -1 71 -1 103 -1 #SUP: 333
8 -1 71 -1 122 -1 #SUP: 327
8 -1 71 -1 227 -1 #SUP: 358
8 -1 71 -1 290 -1 #SUP: 603
8 -1 71 -1 318 -1 #SUP: 349
71 -1 8 -1 3 -1 #SUP: 433
71 -1 8 -1 8 -1 #SUP: 1370
71 -1 8 -1 14 -1 #SUP: 958
71 -1 8 -1 17 -1 #SUP: 653
71 -1 8 -1 18 -1 #SUP: 1551
71 -1 8 -1 20 -1 #SUP: 395
71 -1 8 -1 21 -1 #SUP: 616
71 -1 8 -1 29 -1 #SUP: 658
71 -1 8 -1 30 -1 #SUP: 347
71 -1 8 -1 39 -1 #SUP: 356
71 -1 8 -1 40 -1 #SUP: 449
71 -1 8 -1 52 -1 #SUP: 357
71 -1 8 -1 71 -1 #SUP: 1023
71 -1 8 -1 92 -1 #SUP: 415
71 -1 8 -1 96 -1 #SUP: 415
71 -1 8 -1 103 -1 #SUP: 295
71 -1 8 -1 122 -1 #SUP: 314
71 -1 8 -1 227 -1 #SUP: 300
71 -1 8 -1 290 -1 #SUP: 428
71 -1 8 -1 318 -1 #SUP: 293
8 -1 75 -1 8 -1 #SUP: 300
75 -1 8 -1 8 -1 #SUP: 311
75 -1 8 -1 18 -1 #SUP: 328
8 -1 92 -1 8 -1 #SUP: 564
8 -1 92 -1 14 -1 #SUP: 328
8 -1 92 -1 18 -1 #SUP: 537
8 -1 92 -1 71 -1 #SUP: 405
92 -1 8 -1 8 -1 #SUP: 470
92 -1 8 -1 14 -1 #SUP: 309
92 -1 8 -1 18 -1 #SUP: 539
92 -1 8 -1 71 -1 #SUP: 336
8 -1 96 -1 8 -1 #SUP: 666
8 -1 96 -1 14 -1 #SUP: 404
8 -1 96 -1 17 -1 #SUP: 433
8 -1 96 -1 18 -1 #SUP: 556
8 -1 96 -1 21 -1 #SUP: 314
8 -1 96 -1 71 -1 #SUP: 450
96 -1 8 -1 8 -1 #SUP: 622
96 -1 8 -1 14 -1 #SUP: 439
96 -1 8 -1 17 -1 #SUP: 300
96 -1 8 -1 18 -1 #SUP: 711
96 -1 8 -1 71 -1 #SUP: 420
8 -1 103 -1 8 -1 #SUP: 494
8 -1 103 -1 18 -1 #SUP: 412
8 -1 103 -1 71 -1 #SUP: 293
103 -1 8 -1 8 -1 #SUP: 593
103 -1 8 -1 14 -1 #SUP: 400
103 -1 8 -1 18 -1 #SUP: 654
103 -1 8 -1 71 -1 #SUP: 389
8 -1 122 -1 8 -1 #SUP: 351
8 -1 122 -1 18 -1 #SUP: 299
122 -1 8 -1 8 -1 #SUP: 292
122 -1 8 -1 18 -1 #SUP: 351
8 -1 124 -1 8 -1 #SUP: 413
8 -1 124 -1 14 -1 #SUP: 293
8 -1 124 -1 18 -1 #SUP: 368
8 -1 124 -1 71 -1 #SUP: 318
124 -1 8 -1 8 -1 #SUP: 435
124 -1 8 -1 14 -1 #SUP: 320
124 -1 8 -1 18 -1 #SUP: 518
206 -1 8 -1 18 -1 #SUP: 339
8 -1 219 -1 8 -1 #SUP: 408
8 -1 219 -1 18 -1 #SUP: 349
8 -1 219 -1 71 -1 #SUP: 322
219 -1 8 -1 8 -1 #SUP: 417
219 -1 8 -1 18 -1 #SUP: 473
8 -1 227 -1 8 -1 #SUP: 387
8 -1 227 -1 14 -1 #SUP: 326
8 -1 227 -1 18 -1 #SUP: 331
227 -1 8 -1 8 -1 #SUP: 317
227 -1 8 -1 18 -1 #SUP: 376
8 -1 265 -1 8 -1 #SUP: 365
8 -1 265 -1 71 -1 #SUP: 298
265 -1 8 -1 8 -1 #SUP: 368
265 -1 8 -1 18 -1 #SUP: 374
8 -1 290 -1 8 -1 #SUP: 622
8 -1 290 -1 14 -1 #SUP: 431
8 -1 290 -1 18 -1 #SUP: 554
8 -1 290 -1 29 -1 #SUP: 309
8 -1 290 -1 71 -1 #SUP: 470
290 -1 8 -1 8 -1 #SUP: 634
290 -1 8 -1 14 -1 #SUP: 412
290 -1 8 -1 17 -1 #SUP: 316
290 -1 8 -1 18 -1 #SUP: 709
290 -1 8 -1 71 -1 #SUP: 400
8 -1 292 -1 8 -1 #SUP: 387
8 -1 292 -1 18 -1 #SUP: 313
292 -1 8 -1 8 -1 #SUP: 361
292 -1 8 -1 18 -1 #SUP: 424
310 -1 8 -1 8 -1 #SUP: 503
310 -1 8 -1 14 -1 #SUP: 370
310 -1 8 -1 18 -1 #SUP: 527
310 -1 8 -1 71 -1 #SUP: 342
8 -1 318 -1 8 -1 #SUP: 364
318 -1 8 -1 18 -1 #SUP: 315
18 -1 11 -1 8 -1 #SUP: 316
14 -1 14 -1 3 -1 #SUP: 298
14 -1 14 -1 8 -1 #SUP: 899
14 -1 14 -1 14 -1 #SUP: 621
14 -1 14 -1 17 -1 #SUP: 362
14 -1 14 -1 18 -1 #SUP: 806
14 -1 14 -1 21 -1 #SUP: 425
14 -1 14 -1 29 -1 #SUP: 387
14 -1 14 -1 71 -1 #SUP: 600
14 -1 17 -1 8 -1 #SUP: 614
14 -1 17 -1 14 -1 #SUP: 389
14 -1 17 -1 18 -1 #SUP: 514
14 -1 17 -1 71 -1 #SUP: 457
17 -1 14 -1 8 -1 #SUP: 812
17 -1 14 -1 14 -1 #SUP: 496
17 -1 14 -1 17 -1 #SUP: 420
17 -1 14 -1 18 -1 #SUP: 713
17 -1 14 -1 21 -1 #SUP: 370
17 -1 14 -1 29 -1 #SUP: 398
17 -1 14 -1 71 -1 #SUP: 545
14 -1 18 -1 3 -1 #SUP: 354
14 -1 18 -1 8 -1 #SUP: 1265
14 -1 18 -1 14 -1 #SUP: 827
14 -1 18 -1 17 -1 #SUP: 483
14 -1 18 -1 18 -1 #SUP: 942
14 -1 18 -1 20 -1 #SUP: 326
14 -1 18 -1 21 -1 #SUP: 495
14 -1 18 -1 29 -1 #SUP: 543
14 -1 18 -1 40 -1 #SUP: 338
14 -1 18 -1 71 -1 #SUP: 707
14 -1 18 -1 92 -1 #SUP: 294
14 -1 18 -1 96 -1 #SUP: 308
14 -1 18 -1 227 -1 #SUP: 300
14 -1 18 -1 290 -1 #SUP: 336
18 -1 14 -1 3 -1 #SUP: 429
18 -1 14 -1 8 -1 #SUP: 1332
18 -1 14 -1 14 -1 #SUP: 854
18 -1 14 -1 17 -1 #SUP: 547
18 -1 14 -1 18 -1 #SUP: 1224
18 -1 14 -1 20 -1 #SUP: 374
18 -1 14 -1 21 -1 #SUP: 607
18 -1 14 -1 29 -1 #SUP: 592
18 -1 14 -1 30 -1 #SUP: 334
18 -1 14 -1 39 -1 #SUP: 312
18 -1 14 -1 40 -1 #SUP: 386
18 -1 14 -1 52 -1 #SUP: 359
18 -1 14 -1 71 -1 #SUP: 883
18 -1 14 -1 92 -1 #SUP: 329
18 -1 14 -1 96 -1 #SUP: 334
18 -1 14 -1 227 -1 #SUP: 321
18 -1 14 -1 290 -1 #SUP: 408
14 -1 20 -1 8 -1 #SUP: 400
14 -1 20 -1 18 -1 #SUP: 356
20 -1 14 -1 8 -1 #SUP: 399
20 -1 14 -1 18 -1 #SUP: 360
14 -1 21 -1 8 -1 #SUP: 701
14 -1 21 -1 14 -1 #SUP: 446
14 -1 21 -1 18 -1 #SUP: 571
14 -1 21 -1 21 -1 #SUP: 299
14 -1 21 -1 71 -1 #SUP: 392
21 -1 14 -1 8 -1 #SUP: 753
21 -1 14 -1 14 -1 #SUP: 495
21 -1 14 -1 17 -1 #SUP: 298
21 -1 14 -1 18 -1 #SUP: 684
21 -1 14 -1 21 -1 #SUP: 402
21 -1 14 -1 29 -1 #SUP: 339
21 -1 14 -1 71 -1 #SUP: 496
14 -1 29 -1 8 -1 #SUP: 671
14 -1 29 -1 14 -1 #SUP: 456
14 -1 29 -1 17 -1 #SUP: 430
14 -1 29 -1 18 -1 #SUP: 557
14 -1 29 -1 21 -1 #SUP: 308
14 -1 29 -1 29 -1 #SUP: 312
14 -1 29 -1 71 -1 #SUP: 473
29 -1 14 -1 3 -1 #SUP: 307
29 -1 14 -1 8 -1 #SUP: 851
29 -1 14 -1 14 -1 #SUP: 567
29 -1 14 -1 17 -1 #SUP: 396
29 -1 14 -1 18 -1 #SUP: 757
29 -1 14 -1 21 -1 #SUP: 395
29 -1 14 -1 29 -1 #SUP: 459
29 -1 14 -1 71 -1 #SUP: 592
14 -1 30 -1 8 -1 #SUP: 327
30 -1 14 -1 8 -1 #SUP: 390
30 -1 14 -1 18 -1 #SUP: 359
14 -1 39 -1 8 -1 #SUP: 328
14 -1 39 -1 18 -1 #SUP: 297
39 -1 14 -1 8 -1 #SUP: 356
39 -1 14 -1 18 -1 #SUP: 315
14 -1 40 -1 8 -1 #SUP: 367
14 -1 40 -1 18 -1 #SUP: 382
40 -1 14 -1 8 -1 #SUP: 533
40 -1 14 -1 14 -1 #SUP: 341
40 -1 14 -1 18 -1 #SUP: 493
40 -1 14 -1 71 -1 #SUP: 383
14 -1 52 -1 8 -1 #SUP: 350
14 -1 52 -1 18 -1 #SUP: 322
52 -1 14 -1 8 -1 #SUP: 366
52 -1 14 -1 18 -1 #SUP: 324
14 -1 71 -1 8 -1 #SUP: 900
14 -1 71 -1 14 -1 #SUP: 617
14 -1 71 -1 17 -1 #SUP: 337
14 -1 71 -1 18 -1 #SUP: 738
14 -1 71 -1 21 -1 #SUP: 372
14 -1 71 -1 29 -1 #SUP: 395
14 -1 71 -1 71 -1 #SUP: 650
14 -1 71 -1 290 -1 #SUP: 380
71 -1 14 -1 3 -1 #SUP: 294
71 -1 14 -1 8 -1 #SUP: 938
71 -1 14 -1 14 -1 #SUP: 606
71 -1 14 -1 17 -1 #SUP: 374
71 -1 14 -1 18 -1 #SUP: 862
71 -1 14 -1 21 -1 #SUP: 441
71 -1 14 -1 29 -1 #SUP: 425
71 -1 14 -1 71 -1 #SUP: 758
71 -1 14 -1 290 -1 #SUP: 309
92 -1 14 -1 8 -1 #SUP: 316
14 -1 96 -1 8 -1 #SUP: 362
14 -1 96 -1 18 -1 #SUP: 305
96 -1 14 -1 8 -1 #SUP: 398
96 -1 14 -1 18 -1 #SUP: 374
103 -1 14 -1 8 -1 #SUP: 368
103 -1 14 -1 18 -1 #SUP: 332
124 -1 14 -1 8 -1 #SUP: 335
124 -1 14 -1 18 -1 #SUP: 310
219 -1 14 -1 8 -1 #SUP: 294
14 -1 290 -1 8 -1 #SUP: 346
14 -1 290 -1 18 -1 #SUP: 314
290 -1 14 -1 8 -1 #SUP: 437
290 -1 14 -1 18 -1 #SUP: 402
310 -1 14 -1 8 -1 #SUP: 304
17 -1 17 -1 8 -1 #SUP: 637
17 -1 17 -1 14 -1 #SUP: 401
17 -1 17 -1 17 -1 #SUP: 315
17 -1 17 -1 18 -1 #SUP: 555
17 -1 17 -1 29 -1 #SUP: 308
17 -1 17 -1 71 -1 #SUP: 488
17 -1 18 -1 3 -1 #SUP: 357
17 -1 18 -1 8 -1 #SUP: 1198
17 -1 18 -1 14 -1 #SUP: 774
17 -1 18 -1 17 -1 #SUP: 555
17 -1 18 -1 18 -1 #SUP: 918
17 -1 18 -1 20 -1 #SUP: 295
17 -1 18 -1 21 -1 #SUP: 472
17 -1 18 -1 29 -1 #SUP: 564
17 -1 18 -1 39 -1 #SUP: 301
17 -1 18 -1 40 -1 #SUP: 364
17 -1 18 -1 52 -1 #SUP: 303
17 -1 18 -1 71 -1 #SUP: 686
17 -1 18 -1 92 -1 #SUP: 323
17 -1 18 -1 96 -1 #SUP: 340
17 -1 18 -1 290 -1 #SUP: 314
18 -1 17 -1 3 -1 #SUP: 322
18 -1 17 -1 8 -1 #SUP: 965
18 -1 17 -1 14 -1 #SUP: 607
18 -1 17 -1 17 -1 #SUP: 454
18 -1 17 -1 18 -1 #SUP: 875
18 -1 17 -1 21 -1 #SUP: 437
18 -1 17 -1 29 -1 #SUP: 473
18 -1 17 -1 40 -1 #SUP: 374
18 -1 17 -1 52 -1 #SUP: 340
18 -1 17 -1 71 -1 #SUP: 719
17 -1 20 -1 8 -1 #SUP: 344
17 -1 20 -1 18 -1 #SUP: 304
17 -1 21 -1 8 -1 #SUP: 686
17 -1 21 -1 14 -1 #SUP: 404
17 -1 21 -1 18 -1 #SUP: 548
17 -1 21 -1 21 -1 #SUP: 312
17 -1 21 -1 71 -1 #SUP: 392
21 -1 17 -1 8 -1 #SUP: 510
21 -1 17 -1 14 -1 #SUP: 318
21 -1 17 -1 18 -1 #SUP: 447
21 -1 17 -1 71 -1 #SUP: 368
17 -1 29 -1 8 -1 #SUP: 757
17 -1 29 -1 14 -1 #SUP: 478
17 -1 29 -1 17 -1 #SUP: 535
17 -1 29 -1 18 -1 #SUP: 659
17 -1 29 -1 21 -1 #SUP: 342
17 -1 29 -1 29 -1 #SUP: 362
17 -1 29 -1 71 -1 #SUP: 546
29 -1 17 -1 3 -1 #SUP: 309
29 -1 17 -1 8 -1 #SUP: 857
29 -1 17 -1 14 -1 #SUP: 542
29 -1 17 -1 17 -1 #SUP: 450
29 -1 17 -1 18 -1 #SUP: 745
29 -1 17 -1 21 -1 #SUP: 404
29 -1 17 -1 29 -1 #SUP: 442
29 -1 17 -1 40 -1 #SUP: 328
29 -1 17 -1 52 -1 #SUP: 318
29 -1 17 -1 71 -1 #SUP: 706
17 -1 30 -1 8 -1 #SUP: 321
30 -1 17 -1 8 -1 #SUP: 526
30 -1 17 -1 14 -1 #SUP: 321
30 -1 17 -1 18 -1 #SUP: 469
30 -1 17 -1 29 -1 #SUP: 334
30 -1 17 -1 71 -1 #SUP: 400
17 -1 39 -1 8 -1 #SUP: 385
17 -1 39 -1 18 -1 #SUP: 346
17 -1 40 -1 8 -1 #SUP: 500
17 -1 40 -1 14 -1 #SUP: 345
17 -1 40 -1 18 -1 #SUP: 515
17 -1 40 -1 71 -1 #SUP: 353
40 -1 17 -1 8 -1 #SUP: 430
40 -1 17 -1 18 -1 #SUP: 381
40 -1 17 -1 71 -1 #SUP: 351
17 -1 52 -1 8 -1 #SUP: 449
17 -1 52 -1 18 -1 #SUP: 400
17 -1 52 -1 39 -1 #SUP: 318
17 -1 52 -1 71 -1 #SUP: 361
17 -1 71 -1 3 -1 #SUP: 334
17 -1 71 -1 8 -1 #SUP: 1001
17 -1 71 -1 14 -1 #SUP: 626
17 -1 71 -1 17 -1 #SUP: 484
17 -1 71 -1 18 -1 #SUP: 817
17 -1 71 -1 21 -1 #SUP: 417
17 -1 71 -1 29 -1 #SUP: 451
17 -1 71 -1 40 -1 #SUP: 336
17 -1 71 -1 71 -1 #SUP: 729
17 -1 71 -1 92 -1 #SUP: 314
17 -1 71 -1 290 -1 #SUP: 434
71 -1 17 -1 8 -1 #SUP: 633
71 -1 17 -1 14 -1 #SUP: 387
71 -1 17 -1 17 -1 #SUP: 298
71 -1 17 -1 18 -1 #SUP: 556
71 -1 17 -1 29 -1 #SUP: 311
71 -1 17 -1 71 -1 #SUP: 564
17 -1 92 -1 8 -1 #SUP: 332
17 -1 92 -1 18 -1 #SUP: 323
17 -1 96 -1 8 -1 #SUP: 393
17 -1 96 -1 17 -1 #SUP: 299
17 -1 96 -1 18 -1 #SUP: 317
96 -1 17 -1 8 -1 #SUP: 469
96 -1 17 -1 18 -1 #SUP: 419
96 -1 17 -1 71 -1 #SUP: 351
17 -1 103 -1 8 -1 #SUP: 304
103 -1 17 -1 8 -1 #SUP: 310
17 -1 290 -1 8 -1 #SUP: 341
17 -1 290 -1 18 -1 #SUP: 308
290 -1 17 -1 8 -1 #SUP: 296
310 -1 17 -1 8 -1 #SUP: 300
18 -1 18 -1 3 -1 #SUP: 459
18 -1 18 -1 8 -1 #SUP: 1632
18 -1 18 -1 14 -1 #SUP: 1074
18 -1 18 -1 17 -1 #SUP: 660
18 -1 18 -1 18 -1 #SUP: 1317
18 -1 18 -1 20 -1 #SUP: 419
18 -1 18 -1 21 -1 #SUP: 666
18 -1 18 -1 29 -1 #SUP: 716
18 -1 18 -1 30 -1 #SUP: 372
18 -1 18 -1 39 -1 #SUP: 385
18 -1 18 -1 40 -1 #SUP: 522
18 -1 18 -1 52 -1 #SUP: 386
18 -1 18 -1 71 -1 #SUP: 992
18 -1 18 -1 92 -1 #SUP: 435
18 -1 18 -1 96 -1 #SUP: 446
18 -1 18 -1 103 -1 #SUP: 322
18 -1 18 -1 122 -1 #SUP: 370
18 -1 18 -1 219 -1 #SUP: 321
18 -1 18 -1 227 -1 #SUP: 401
18 -1 18 -1 290 -1 #SUP: 426
18 -1 18 -1 318 -1 #SUP: 328
18 -1 20 -1 8 -1 #SUP: 531
18 -1 20 -1 14 -1 #SUP: 342
18 -1 20 -1 18 -1 #SUP: 461
18 -1 20 -1 71 -1 #SUP: 373
20 -1 18 -1 8 -1 #SUP: 569
20 -1 18 -1 14 -1 #SUP: 355
20 -1 18 -1 18 -1 #SUP: 405
20 -1 18 -1 71 -1 #SUP: 327
18 -1 21 -1 8 -1 #SUP: 955
18 -1 21 -1 14 -1 #SUP: 590
18 -1 21 -1 17 -1 #SUP: 337
18 -1 21 -1 18 -1 #SUP: 781
18 -1 21 -1 21 -1 #SUP: 403
18 -1 21 -1 29 -1 #SUP: 372
18 -1 21 -1 71 -1 #SUP: 543
21 -1 18 -1 8 -1 #SUP: 1027
21 -1 18 -1 14 -1 #SUP: 682
21 -1 18 -1 17 -1 #SUP: 414
21 -1 18 -1 18 -1 #SUP: 799
21 -1 18 -1 21 -1 #SUP: 452
21 -1 18 -1 29 -1 #SUP: 422
21 -1 18 -1 40 -1 #SUP: 293
21 -1 18 -1 71 -1 #SUP: 608
26 -1 18 -1 8 -1 #SUP: 327
18 -1 29 -1 3 -1 #SUP: 316
18 -1 29 -1 8 -1 #SUP: 961
18 -1 29 -1 14 -1 #SUP: 610
18 -1 29 -1 17 -1 #SUP: 621
18 -1 29 -1 18 -1 #SUP: 822
18 -1 29 -1 21 -1 #SUP: 469
18 -1 29 -1 29 -1 #SUP: 457
18 -1 29 -1 40 -1 #SUP: 310
18 -1 29 -1 52 -1 #SUP: 312
18 -1 29 -1 71 -1 #SUP: 708
18 -1 29 -1 96 -1 #SUP: 313
18 -1 29 -1 290 -1 #SUP: 327
29 -1 18 -1 3 -1 #SUP: 346
29 -1 18 -1 8 -1 #SUP: 1164
29 -1 18 -1 14 -1 #SUP: 783
29 -1 18 -1 17 -1 #SUP: 530
29 -1 18 -1 18 -1 #SUP: 924
29 -1 18 -1 21 -1 #SUP: 494
29 -1 18 -1 29 -1 #SUP: 575
29 -1 18 -1 39 -1 #SUP: 301
29 -1 18 -1 40 -1 #SUP: 372
29 -1 18 -1 52 -1 #SUP: 312
29 -1 18 -1 71 -1 #SUP: 732
29 -1 18 -1 92 -1 #SUP: 292
29 -1 18 -1 96 -1 #SUP: 310
29 -1 18 -1 227 -1 #SUP: 303
29 -1 18 -1 290 -1 #SUP: 327
18 -1 30 -1 8 -1 #SUP: 451
18 -1 30 -1 14 -1 #SUP: 295
18 -1 30 -1 17 -1 #SUP: 321
18 -1 30 -1 18 -1 #SUP: 382
18 -1 30 -1 71 -1 #SUP: 351
30 -1 18 -1 8 -1 #SUP: 544
30 -1 18 -1 14 -1 #SUP: 336
30 -1 18 -1 18 -1 #SUP: 413
30 -1 18 -1 71 -1 #SUP: 340
36 -1 18 -1 8 -1 #SUP: 342
18 -1 39 -1 8 -1 #SUP: 507
18 -1 39 -1 14 -1 #SUP: 292
18 -1 39 -1 18 -1 #SUP: 484
18 -1 39 -1 71 -1 #SUP: 363
39 -1 18 -1 8 -1 #SUP: 549
39 -1 18 -1 14 -1 #SUP: 323
39 -1 18 -1 18 -1 #SUP: 399
39 -1 18 -1 71 -1 #SUP: 298
18 -1 40 -1 8 -1 #SUP: 612
18 -1 40 -1 14 -1 #SUP: 403
18 -1 40 -1 17 -1 #SUP: 300
18 -1 40 -1 18 -1 #SUP: 621
18 -1 40 -1 29 -1 #SUP: 303
18 -1 40 -1 40 -1 #SUP: 299
18 -1 40 -1 71 -1 #SUP: 423
40 -1 18 -1 8 -1 #SUP: 788
40 -1 18 -1 14 -1 #SUP: 489
40 -1 18 -1 17 -1 #SUP: 342
40 -1 18 -1 18 -1 #SUP: 628
40 -1 18 -1 21 -1 #SUP: 295
40 -1 18 -1 29 -1 #SUP: 359
40 -1 18 -1 40 -1 #SUP: 318
40 -1 18 -1 71 -1 #SUP: 483
18 -1 52 -1 8 -1 #SUP: 513
18 -1 52 -1 18 -1 #SUP: 459
18 -1 52 -1 39 -1 #SUP: 351
18 -1 52 -1 71 -1 #SUP: 414
52 -1 18 -1 8 -1 #SUP: 613
52 -1 18 -1 14 -1 #SUP: 336
52 -1 18 -1 18 -1 #SUP: 493
52 -1 18 -1 71 -1 #SUP: 359
18 -1 54 -1 8 -1 #SUP: 294
54 -1 18 -1 8 -1 #SUP: 300
18 -1 71 -1 3 -1 #SUP: 413
18 -1 71 -1 8 -1 #SUP: 1278
18 -1 71 -1 14 -1 #SUP: 822
18 -1 71 -1 17 -1 #SUP: 507
18 -1 71 -1 18 -1 #SUP: 1060
18 -1 71 -1 20 -1 #SUP: 359
18 -1 71 -1 21 -1 #SUP: 522
18 -1 71 -1 29 -1 #SUP: 545
18 -1 71 -1 30 -1 #SUP: 323
18 -1 71 -1 39 -1 #SUP: 337
18 -1 71 -1 40 -1 #SUP: 390
18 -1 71 -1 52 -1 #SUP: 300
18 -1 71 -1 71 -1 #SUP: 913
18 -1 71 -1 92 -1 #SUP: 376
18 -1 71 -1 96 -1 #SUP: 328
18 -1 71 -1 103 -1 #SUP: 297
18 -1 71 -1 227 -1 #SUP: 314
18 -1 71 -1 290 -1 #SUP: 508
18 -1 71 -1 318 -1 #SUP: 303
71 -1 18 -1 3 -1 #SUP: 353
71 -1 18 -1 8 -1 #SUP: 1244
71 -1 18 -1 14 -1 #SUP: 800
71 -1 18 -1 17 -1 #SUP: 516
71 -1 18 -1 18 -1 #SUP: 948
71 -1 18 -1 20 -1 #SUP: 333
71 -1 18 -1 21 -1 #SUP: 498
71 -1 18 -1 29 -1 #SUP: 538
71 -1 18 -1 39 -1 #SUP: 306
71 -1 18 -1 40 -1 #SUP: 371
71 -1 18 -1 71 -1 #SUP: 815
71 -1 18 -1 92 -1 #SUP: 346
71 -1 18 -1 96 -1 #SUP: 324
71 -1 18 -1 122 -1 #SUP: 300
71 -1 18 -1 227 -1 #SUP: 313
71 -1 18 -1 290 -1 #SUP: 347
18 -1 92 -1 8 -1 #SUP: 463
18 -1 92 -1 18 -1 #SUP: 464
18 -1 92 -1 71 -1 #SUP: 361
92 -1 18 -1 8 -1 #SUP: 477
92 -1 18 -1 14 -1 #SUP: 306
92 -1 18 -1 18 -1 #SUP: 365
92 -1 18 -1 71 -1 #SUP: 318
18 -1 96 -1 8 -1 #SUP: 591
18 -1 96 -1 14 -1 #SUP: 347
18 -1 96 -1 17 -1 #SUP: 390
18 -1 96 -1 18 -1 #SUP: 497
18 -1 96 -1 71 -1 #SUP: 391
96 -1 18 -1 8 -1 #SUP: 579
96 -1 18 -1 14 -1 #SUP: 372
96 -1 18 -1 18 -1 #SUP: 435
96 -1 18 -1 71 -1 #SUP: 325
18 -1 103 -1 8 -1 #SUP: 433
18 -1 103 -1 18 -1 #SUP: 368
103 -1 18 -1 8 -1 #SUP: 518
103 -1 18 -1 14 -1 #SUP: 335
103 -1 18 -1 18 -1 #SUP: 403
103 -1 18 -1 71 -1 #SUP: 311
18 -1 122 -1 8 -1 #SUP: 326
18 -1 124 -1 8 -1 #SUP: 378
18 -1 124 -1 18 -1 #SUP: 330
18 -1 124 -1 71 -1 #SUP: 299
124 -1 18 -1 8 -1 #SUP: 428
124 -1 18 -1 18 -1 #SUP: 355
18 -1 219 -1 8 -1 #SUP: 331
219 -1 18 -1 8 -1 #SUP: 380
219 -1 18 -1 18 -1 #SUP: 303
18 -1 227 -1 8 -1 #SUP: 357
18 -1 227 -1 14 -1 #SUP: 301
18 -1 227 -1 18 -1 #SUP: 313
227 -1 18 -1 8 -1 #SUP: 294
18 -1 265 -1 8 -1 #SUP: 292
265 -1 18 -1 8 -1 #SUP: 319
18 -1 290 -1 8 -1 #SUP: 531
18 -1 290 -1 14 -1 #SUP: 362
18 -1 290 -1 18 -1 #SUP: 478
18 -1 290 -1 71 -1 #SUP: 415
290 -1 18 -1 8 -1 #SUP: 616
290 -1 18 -1 14 -1 #SUP: 369
290 -1 18 -1 18 -1 #SUP: 469
290 -1 18 -1 71 -1 #SUP: 349
18 -1 292 -1 8 -1 #SUP: 330
292 -1 18 -1 8 -1 #SUP: 318
310 -1 18 -1 8 -1 #SUP: 470
310 -1 18 -1 14 -1 #SUP: 327
310 -1 18 -1 18 -1 #SUP: 387
310 -1 18 -1 71 -1 #SUP: 297
18 -1 318 -1 8 -1 #SUP: 354
20 -1 21 -1 8 -1 #SUP: 359
21 -1 20 -1 8 -1 #SUP: 299
29 -1 20 -1 8 -1 #SUP: 334
29 -1 20 -1 18 -1 #SUP: 294
20 -1 71 -1 8 -1 #SUP: 414
20 -1 71 -1 18 -1 #SUP: 338
20 -1 71 -1 71 -1 #SUP: 306
71 -1 20 -1 8 -1 #SUP: 409
71 -1 20 -1 18 -1 #SUP: 368
71 -1 20 -1 71 -1 #SUP: 309
21 -1 21 -1 8 -1 #SUP: 560
21 -1 21 -1 14 -1 #SUP: 339
21 -1 21 -1 18 -1 #SUP: 456
21 -1 21 -1 71 -1 #SUP: 308
21 -1 29 -1 8 -1 #SUP: 539
21 -1 29 -1 14 -1 #SUP: 367
21 -1 29 -1 17 -1 #SUP: 341
21 -1 29 -1 18 -1 #SUP: 446
21 -1 29 -1 71 -1 #SUP: 393
29 -1 21 -1 8 -1 #SUP: 707
29 -1 21 -1 14 -1 #SUP: 463
29 -1 21 -1 18 -1 #SUP: 576
29 -1 21 -1 21 -1 #SUP: 319
29 -1 21 -1 29 -1 #SUP: 318
29 -1 21 -1 71 -1 #SUP: 432
30 -1 21 -1 8 -1 #SUP: 299
21 -1 39 -1 8 -1 #SUP: 304
21 -1 40 -1 8 -1 #SUP: 370
21 -1 40 -1 18 -1 #SUP: 365
40 -1 21 -1 8 -1 #SUP: 388
40 -1 21 -1 18 -1 #SUP: 323
52 -1 21 -1 8 -1 #SUP: 333
21 -1 71 -1 8 -1 #SUP: 685
21 -1 71 -1 14 -1 #SUP: 452
21 -1 71 -1 18 -1 #SUP: 569
21 -1 71 -1 71 -1 #SUP: 487
71 -1 21 -1 8 -1 #SUP: 655
71 -1 21 -1 14 -1 #SUP: 401
71 -1 21 -1 18 -1 #SUP: 544
71 -1 21 -1 21 -1 #SUP: 304
71 -1 21 -1 71 -1 #SUP: 436
21 -1 96 -1 8 -1 #SUP: 315
96 -1 21 -1 8 -1 #SUP: 369
290 -1 21 -1 8 -1 #SUP: 333
310 -1 21 -1 8 -1 #SUP: 318
29 -1 29 -1 8 -1 #SUP: 654
29 -1 29 -1 14 -1 #SUP: 409
29 -1 29 -1 17 -1 #SUP: 440
29 -1 29 -1 18 -1 #SUP: 539
29 -1 29 -1 21 -1 #SUP: 317
29 -1 29 -1 29 -1 #SUP: 323
29 -1 29 -1 71 -1 #SUP: 488
29 -1 30 -1 8 -1 #SUP: 325
30 -1 29 -1 8 -1 #SUP: 420
30 -1 29 -1 18 -1 #SUP: 361
30 -1 29 -1 71 -1 #SUP: 311
29 -1 39 -1 8 -1 #SUP: 367
29 -1 39 -1 18 -1 #SUP: 329
39 -1 29 -1 8 -1 #SUP: 310
29 -1 40 -1 8 -1 #SUP: 412
29 -1 40 -1 18 -1 #SUP: 413
29 -1 40 -1 71 -1 #SUP: 330
40 -1 29 -1 8 -1 #SUP: 406
40 -1 29 -1 18 -1 #SUP: 362
40 -1 29 -1 71 -1 #SUP: 327
29 -1 52 -1 8 -1 #SUP: 444
29 -1 52 -1 18 -1 #SUP: 403
29 -1 52 -1 71 -1 #SUP: 353
52 -1 29 -1 8 -1 #SUP: 334
29 -1 71 -1 3 -1 #SUP: 335
29 -1 71 -1 8 -1 #SUP: 957
29 -1 71 -1 14 -1 #SUP: 644
29 -1 71 -1 17 -1 #SUP: 445
29 -1 71 -1 18 -1 #SUP: 806
29 -1 71 -1 21 -1 #SUP: 427
29 -1 71 -1 29 -1 #SUP: 472
29 -1 71 -1 40 -1 #SUP: 330
29 -1 71 -1 71 -1 #SUP: 696
29 -1 71 -1 290 -1 #SUP: 396
71 -1 29 -1 8 -1 #SUP: 689
71 -1 29 -1 14 -1 #SUP: 454
71 -1 29 -1 17 -1 #SUP: 457
71 -1 29 -1 18 -1 #SUP: 588
71 -1 29 -1 21 -1 #SUP: 326
71 -1 29 -1 29 -1 #SUP: 330
71 -1 29 -1 71 -1 #SUP: 556
29 -1 92 -1 8 -1 #SUP: 329
29 -1 92 -1 18 -1 #SUP: 309
29 -1 96 -1 8 -1 #SUP: 430
29 -1 96 -1 17 -1 #SUP: 325
29 -1 96 -1 18 -1 #SUP: 348
29 -1 96 -1 71 -1 #SUP: 314
96 -1 29 -1 8 -1 #SUP: 311
29 -1 290 -1 8 -1 #SUP: 389
29 -1 290 -1 14 -1 #SUP: 293
29 -1 290 -1 18 -1 #SUP: 353
29 -1 290 -1 71 -1 #SUP: 313
290 -1 29 -1 8 -1 #SUP: 333
310 -1 29 -1 8 -1 #SUP: 307
30 -1 71 -1 8 -1 #SUP: 512
30 -1 71 -1 14 -1 #SUP: 326
30 -1 71 -1 18 -1 #SUP: 413
30 -1 71 -1 71 -1 #SUP: 379
71 -1 30 -1 8 -1 #SUP: 352
71 -1 30 -1 18 -1 #SUP: 303
71 -1 30 -1 71 -1 #SUP: 297
52 -1 39 -1 8 -1 #SUP: 435
52 -1 39 -1 18 -1 #SUP: 415
52 -1 39 -1 71 -1 #SUP: 320
39 -1 71 -1 8 -1 #SUP: 387
39 -1 71 -1 18 -1 #SUP: 306
71 -1 39 -1 8 -1 #SUP: 376
71 -1 39 -1 18 -1 #SUP: 335
71 -1 39 -1 71 -1 #SUP: 303
40 -1 40 -1 8 -1 #SUP: 349
40 -1 40 -1 18 -1 #SUP: 348
40 -1 71 -1 8 -1 #SUP: 611
40 -1 71 -1 14 -1 #SUP: 393
40 -1 71 -1 18 -1 #SUP: 492
40 -1 71 -1 71 -1 #SUP: 470
71 -1 40 -1 8 -1 #SUP: 450
71 -1 40 -1 14 -1 #SUP: 299
71 -1 40 -1 18 -1 #SUP: 445
71 -1 40 -1 71 -1 #SUP: 366
40 -1 92 -1 8 -1 #SUP: 295
52 -1 71 -1 8 -1 #SUP: 521
52 -1 71 -1 14 -1 #SUP: 314
52 -1 71 -1 18 -1 #SUP: 421
52 -1 71 -1 71 -1 #SUP: 412
71 -1 52 -1 8 -1 #SUP: 333
71 -1 52 -1 18 -1 #SUP: 300
71 -1 52 -1 71 -1 #SUP: 324
71 -1 71 -1 3 -1 #SUP: 315
71 -1 71 -1 8 -1 #SUP: 1029
71 -1 71 -1 14 -1 #SUP: 694
71 -1 71 -1 17 -1 #SUP: 444
71 -1 71 -1 18 -1 #SUP: 853
71 -1 71 -1 21 -1 #SUP: 450
71 -1 71 -1 29 -1 #SUP: 474
71 -1 71 -1 40 -1 #SUP: 333
71 -1 71 -1 71 -1 #SUP: 795
71 -1 71 -1 92 -1 #SUP: 313
71 -1 71 -1 290 -1 #SUP: 438
71 -1 92 -1 8 -1 #SUP: 374
71 -1 92 -1 18 -1 #SUP: 356
71 -1 92 -1 71 -1 #SUP: 326
92 -1 71 -1 8 -1 #SUP: 369
92 -1 71 -1 18 -1 #SUP: 302
71 -1 96 -1 8 -1 #SUP: 378
71 -1 96 -1 18 -1 #SUP: 312
71 -1 96 -1 71 -1 #SUP: 303
96 -1 71 -1 8 -1 #SUP: 466
96 -1 71 -1 14 -1 #SUP: 294
96 -1 71 -1 18 -1 #SUP: 380
96 -1 71 -1 71 -1 #SUP: 329
71 -1 103 -1 8 -1 #SUP: 325
103 -1 71 -1 8 -1 #SUP: 378
103 -1 71 -1 18 -1 #SUP: 303
124 -1 71 -1 8 -1 #SUP: 351
124 -1 71 -1 18 -1 #SUP: 306
219 -1 71 -1 8 -1 #SUP: 333
265 -1 71 -1 8 -1 #SUP: 318
71 -1 290 -1 8 -1 #SUP: 526
71 -1 290 -1 14 -1 #SUP: 377
71 -1 290 -1 18 -1 #SUP: 482
71 -1 290 -1 71 -1 #SUP: 439
290 -1 71 -1 8 -1 #SUP: 503
290 -1 71 -1 14 -1 #SUP: 327
290 -1 71 -1 18 -1 #SUP: 416
290 -1 71 -1 71 -1 #SUP: 349
310 -1 71 -1 8 -1 #SUP: 336
310 -1 71 -1 18 -1 #SUP: 305
1 -1 1 -1 1 -1 3 -1 #SUP: 374
1 -1 1 -1 1 -1 8 -1 #SUP: 956
1 -1 1 -1 1 -1 14 -1 #SUP: 656
1 -1 1 -1 1 -1 17 -1 #SUP: 694
1 -1 1 -1 1 -1 18 -1 #SUP: 981
1 -1 1 -1 1 -1 20 -1 #SUP: 323
1 -1 1 -1 1 -1 21 -1 #SUP: 515
1 -1 1 -1 1 -1 29 -1 #SUP: 554
1 -1 1 -1 1 -1 30 -1 #SUP: 306
1 -1 1 -1 1 -1 40 -1 #SUP: 444
1 -1 1 -1 1 -1 52 -1 #SUP: 318
1 -1 1 -1 1 -1 71 -1 #SUP: 685
1 -1 1 -1 1 -1 92 -1 #SUP: 373
1 -1 1 -1 1 -1 96 -1 #SUP: 304
1 -1 1 -1 1 -1 290 -1 #SUP: 348
1 -1 1 -1 8 -1 8 -1 #SUP: 704
1 -1 1 -1 8 -1 14 -1 #SUP: 498
1 -1 1 -1 8 -1 17 -1 #SUP: 416
1 -1 1 -1 8 -1 18 -1 #SUP: 795
1 -1 1 -1 8 -1 21 -1 #SUP: 337
1 -1 1 -1 8 -1 29 -1 #SUP: 348
1 -1 1 -1 8 -1 71 -1 #SUP: 464
1 -1 1 -1 14 -1 8 -1 #SUP: 441
1 -1 1 -1 14 -1 14 -1 #SUP: 301
1 -1 1 -1 14 -1 18 -1 #SUP: 422
1 -1 1 -1 14 -1 71 -1 #SUP: 298
1 -1 1 -1 17 -1 8 -1 #SUP: 467
1 -1 1 -1 17 -1 14 -1 #SUP: 316
1 -1 1 -1 17 -1 18 -1 #SUP: 459
1 -1 1 -1 17 -1 71 -1 #SUP: 361
1 -1 1 -1 18 -1 8 -1 #SUP: 714
1 -1 1 -1 18 -1 14 -1 #SUP: 483
1 -1 1 -1 18 -1 17 -1 #SUP: 403
1 -1 1 -1 18 -1 18 -1 #SUP: 637
1 -1 1 -1 18 -1 21 -1 #SUP: 334
1 -1 1 -1 18 -1 29 -1 #SUP: 328
1 -1 1 -1 18 -1 71 -1 #SUP: 456
1 -1 1 -1 21 -1 8 -1 #SUP: 389
1 -1 1 -1 21 -1 18 -1 #SUP: 347
1 -1 1 -1 29 -1 8 -1 #SUP: 404
1 -1 1 -1 29 -1 18 -1 #SUP: 386
1 -1 1 -1 29 -1 71 -1 #SUP: 311
1 -1 1 -1 40 -1 8 -1 #SUP: 316
1 -1 1 -1 40 -1 18 -1 #SUP: 313
1 -1 1 -1 71 -1 8 -1 #SUP: 491
1 -1 1 -1 71 -1 14 -1 #SUP: 338
1 -1 1 -1 71 -1 18 -1 #SUP: 434
1 -1 1 -1 71 -1 71 -1 #SUP: 362
1 -1 8 -1 8 -1 8 -1 #SUP: 479
1 -1 8 -1 8 -1 14 -1 #SUP: 354
1 -1 8 -1 8 -1 18 -1 #SUP: 527
1 -1 8 -1 8 -1 71 -1 #SUP: 309
1 -1 8 -1 14 -1 8 -1 #SUP: 354
1 -1 8 -1 14 -1 18 -1 #SUP: 333
1 -1 8 -1 17 -1 8 -1 #SUP: 293
1 -1 8 -1 18 -1 8 -1 #SUP: 576
1 -1 8 -1 18 -1 14 -1 #SUP: 388
1 -1 8 -1 18 -1 17 -1 #SUP: 293
1 -1 8 -1 18 -1 18 -1 #SUP: 486
1 -1 8 -1 18 -1 71 -1 #SUP: 349
1 -1 8 -1 71 -1 8 -1 #SUP: 332
1 -1 14 -1 8 -1 18 -1 #SUP: 327
1 -1 17 -1 8 -1 8 -1 #SUP: 294
1 -1 17 -1 8 -1 18 -1 #SUP: 353
1 -1 18 -1 8 -1 8 -1 #SUP: 479
1 -1 18 -1 8 -1 14 -1 #SUP: 342
1 -1 18 -1 8 -1 18 -1 #SUP: 544
1 -1 18 -1 8 -1 71 -1 #SUP: 314
1 -1 18 -1 14 -1 8 -1 #SUP: 320
1 -1 18 -1 14 -1 18 -1 #SUP: 309
1 -1 18 -1 18 -1 8 -1 #SUP: 423
1 -1 18 -1 18 -1 18 -1 #SUP: 365
1 -1 18 -1 71 -1 8 -1 #SUP: 323
1 -1 21 -1 8 -1 18 -1 #SUP: 300
1 -1 29 -1 8 -1 18 -1 #SUP: 326
1 -1 71 -1 8 -1 8 -1 #SUP: 312
1 -1 71 -1 8 -1 18 -1 #SUP: 358
3 -1 8 -1 8 -1 8 -1 #SUP: 417
3 -1 8 -1 8 -1 18 -1 #SUP: 437
3 -1 8 -1 14 -1 8 -1 #SUP: 321
3 -1 8 -1 18 -1 8 -1 #SUP: 531
3 -1 8 -1 18 -1 14 -1 #SUP: 339
3 -1 8 -1 18 -1 18 -1 #SUP: 389
3 -1 8 -1 18 -1 71 -1 #SUP: 314
3 -1 8 -1 71 -1 8 -1 #SUP: 294
8 -1 3 -1 8 -1 8 -1 #SUP: 415
8 -1 3 -1 8 -1 18 -1 #SUP: 486
8 -1 3 -1 18 -1 8 -1 #SUP: 382
3 -1 14 -1 8 -1 18 -1 #SUP: 303
14 -1 3 -1 8 -1 18 -1 #SUP: 322
17 -1 3 -1 8 -1 18 -1 #SUP: 312
3 -1 18 -1 8 -1 8 -1 #SUP: 364
3 -1 18 -1 8 -1 18 -1 #SUP: 400
3 -1 18 -1 18 -1 8 -1 #SUP: 303
18 -1 3 -1 8 -1 8 -1 #SUP: 351
18 -1 3 -1 8 -1 18 -1 #SUP: 430
18 -1 3 -1 18 -1 8 -1 #SUP: 318
29 -1 3 -1 8 -1 18 -1 #SUP: 330
3 -1 71 -1 8 -1 18 -1 #SUP: 299
71 -1 3 -1 8 -1 18 -1 #SUP: 308
8 -1 8 -1 3 -1 8 -1 #SUP: 415
8 -1 8 -1 3 -1 18 -1 #SUP: 343
8 -1 8 -1 8 -1 3 -1 #SUP: 356
8 -1 8 -1 8 -1 8 -1 #SUP: 1247
8 -1 8 -1 8 -1 14 -1 #SUP: 895
8 -1 8 -1 8 -1 17 -1 #SUP: 521
8 -1 8 -1 8 -1 18 -1 #SUP: 1361
8 -1 8 -1 8 -1 20 -1 #SUP: 307
8 -1 8 -1 8 -1 21 -1 #SUP: 565
8 -1 8 -1 8 -1 29 -1 #SUP: 523
8 -1 8 -1 8 -1 40 -1 #SUP: 326
8 -1 8 -1 8 -1 71 -1 #SUP: 767
8 -1 8 -1 8 -1 92 -1 #SUP: 294
8 -1 8 -1 8 -1 96 -1 #SUP: 348
8 -1 8 -1 8 -1 227 -1 #SUP: 306
8 -1 8 -1 8 -1 290 -1 #SUP: 345
8 -1 8 -1 14 -1 3 -1 #SUP: 298
8 -1 8 -1 14 -1 8 -1 #SUP: 971
8 -1 8 -1 14 -1 14 -1 #SUP: 603
8 -1 8 -1 14 -1 17 -1 #SUP: 360
8 -1 8 -1 14 -1 18 -1 #SUP: 881
8 -1 8 -1 14 -1 21 -1 #SUP: 420
8 -1 8 -1 14 -1 29 -1 #SUP: 417
8 -1 8 -1 14 -1 71 -1 #SUP: 619
8 -1 8 -1 17 -1 8 -1 #SUP: 640
8 -1 8 -1 17 -1 14 -1 #SUP: 368
8 -1 8 -1 17 -1 18 -1 #SUP: 540
8 -1 8 -1 17 -1 71 -1 #SUP: 438
8 -1 8 -1 18 -1 3 -1 #SUP: 424
8 -1 8 -1 18 -1 8 -1 #SUP: 1493
8 -1 8 -1 18 -1 11 -1 #SUP: 293
8 -1 8 -1 18 -1 14 -1 #SUP: 956
8 -1 8 -1 18 -1 17 -1 #SUP: 570
8 -1 8 -1 18 -1 18 -1 #SUP: 1125
8 -1 8 -1 18 -1 20 -1 #SUP: 348
8 -1 8 -1 18 -1 21 -1 #SUP: 594
8 -1 8 -1 18 -1 29 -1 #SUP: 618
8 -1 8 -1 18 -1 30 -1 #SUP: 327
8 -1 8 -1 18 -1 39 -1 #SUP: 326
8 -1 8 -1 18 -1 40 -1 #SUP: 418
8 -1 8 -1 18 -1 52 -1 #SUP: 323
8 -1 8 -1 18 -1 71 -1 #SUP: 832
8 -1 8 -1 18 -1 92 -1 #SUP: 343
8 -1 8 -1 18 -1 96 -1 #SUP: 375
8 -1 8 -1 18 -1 122 -1 #SUP: 308
8 -1 8 -1 18 -1 227 -1 #SUP: 362
8 -1 8 -1 18 -1 290 -1 #SUP: 364
8 -1 8 -1 18 -1 318 -1 #SUP: 293
8 -1 8 -1 20 -1 8 -1 #SUP: 351
8 -1 8 -1 20 -1 18 -1 #SUP: 292
8 -1 8 -1 21 -1 8 -1 #SUP: 662
8 -1 8 -1 21 -1 14 -1 #SUP: 408
8 -1 8 -1 21 -1 18 -1 #SUP: 510
8 -1 8 -1 21 -1 71 -1 #SUP: 341
8 -1 8 -1 29 -1 8 -1 #SUP: 657
8 -1 8 -1 29 -1 14 -1 #SUP: 410
8 -1 8 -1 29 -1 17 -1 #SUP: 396
8 -1 8 -1 29 -1 18 -1 #SUP: 532
8 -1 8 -1 29 -1 21 -1 #SUP: 301
8 -1 8 -1 29 -1 71 -1 #SUP: 449
8 -1 8 -1 30 -1 8 -1 #SUP: 308
8 -1 8 -1 39 -1 8 -1 #SUP: 347
8 -1 8 -1 39 -1 18 -1 #SUP: 300
8 -1 8 -1 40 -1 8 -1 #SUP: 345
8 -1 8 -1 40 -1 18 -1 #SUP: 348
8 -1 8 -1 52 -1 8 -1 #SUP: 315
8 -1 8 -1 71 -1 8 -1 #SUP: 869
8 -1 8 -1 71 -1 14 -1 #SUP: 538
8 -1 8 -1 71 -1 17 -1 #SUP: 300
8 -1 8 -1 71 -1 18 -1 #SUP: 680
8 -1 8 -1 71 -1 21 -1 #SUP: 347
8 -1 8 -1 71 -1 29 -1 #SUP: 356
8 -1 8 -1 71 -1 71 -1 #SUP: 598
8 -1 8 -1 71 -1 290 -1 #SUP: 346
8 -1 8 -1 92 -1 8 -1 #SUP: 324
8 -1 8 -1 92 -1 18 -1 #SUP: 294
8 -1 8 -1 96 -1 8 -1 #SUP: 399
8 -1 8 -1 96 -1 18 -1 #SUP: 319
8 -1 8 -1 290 -1 8 -1 #SUP: 330
8 -1 14 -1 3 -1 8 -1 #SUP: 320
8 -1 14 -1 8 -1 8 -1 #SUP: 907
8 -1 14 -1 8 -1 14 -1 #SUP: 643
8 -1 14 -1 8 -1 17 -1 #SUP: 376
8 -1 14 -1 8 -1 18 -1 #SUP: 1036
8 -1 14 -1 8 -1 21 -1 #SUP: 391
8 -1 14 -1 8 -1 29 -1 #SUP: 404
8 -1 14 -1 8 -1 71 -1 #SUP: 563
8 -1 14 -1 14 -1 8 -1 #SUP: 625
8 -1 14 -1 14 -1 14 -1 #SUP: 409
8 -1 14 -1 14 -1 18 -1 #SUP: 556
8 -1 14 -1 14 -1 71 -1 #SUP: 399
8 -1 14 -1 17 -1 8 -1 #SUP: 383
8 -1 14 -1 17 -1 18 -1 #SUP: 317
8 -1 14 -1 18 -1 8 -1 #SUP: 900
8 -1 14 -1 18 -1 14 -1 #SUP: 586
8 -1 14 -1 18 -1 17 -1 #SUP: 305
8 -1 14 -1 18 -1 18 -1 #SUP: 652
8 -1 14 -1 18 -1 21 -1 #SUP: 338
8 -1 14 -1 18 -1 29 -1 #SUP: 373
8 -1 14 -1 18 -1 71 -1 #SUP: 490
8 -1 14 -1 21 -1 8 -1 #SUP: 479
8 -1 14 -1 21 -1 14 -1 #SUP: 299
8 -1 14 -1 21 -1 18 -1 #SUP: 379
8 -1 14 -1 29 -1 8 -1 #SUP: 441
8 -1 14 -1 29 -1 14 -1 #SUP: 295
8 -1 14 -1 29 -1 18 -1 #SUP: 366
8 -1 14 -1 29 -1 71 -1 #SUP: 309
8 -1 14 -1 71 -1 8 -1 #SUP: 630
8 -1 14 -1 71 -1 14 -1 #SUP: 419
8 -1 14 -1 71 -1 18 -1 #SUP: 494
8 -1 14 -1 71 -1 71 -1 #SUP: 451
14 -1 8 -1 8 -1 8 -1 #SUP: 726
14 -1 8 -1 8 -1 14 -1 #SUP: 532
14 -1 8 -1 8 -1 17 -1 #SUP: 292
14 -1 8 -1 8 -1 18 -1 #SUP: 801
14 -1 8 -1 8 -1 21 -1 #SUP: 302
14 -1 8 -1 8 -1 29 -1 #SUP: 311
14 -1 8 -1 8 -1 71 -1 #SUP: 434
14 -1 8 -1 14 -1 8 -1 #SUP: 572
14 -1 8 -1 14 -1 14 -1 #SUP: 383
14 -1 8 -1 14 -1 18 -1 #SUP: 520
14 -1 8 -1 14 -1 71 -1 #SUP: 360
14 -1 8 -1 17 -1 8 -1 #SUP: 359
14 -1 8 -1 18 -1 8 -1 #SUP: 938
14 -1 8 -1 18 -1 14 -1 #SUP: 588
14 -1 8 -1 18 -1 17 -1 #SUP: 333
14 -1 8 -1 18 -1 18 -1 #SUP: 678
14 -1 8 -1 18 -1 21 -1 #SUP: 354
14 -1 8 -1 18 -1 29 -1 #SUP: 384
14 -1 8 -1 18 -1 71 -1 #SUP: 499
14 -1 8 -1 21 -1 8 -1 #SUP: 388
14 -1 8 -1 29 -1 8 -1 #SUP: 373
14 -1 8 -1 29 -1 18 -1 #SUP: 295
14 -1 8 -1 71 -1 8 -1 #SUP: 497
14 -1 8 -1 71 -1 14 -1 #SUP: 323
14 -1 8 -1 71 -1 18 -1 #SUP: 398
14 -1 8 -1 71 -1 71 -1 #SUP: 342
8 -1 17 -1 8 -1 8 -1 #SUP: 651
8 -1 17 -1 8 -1 14 -1 #SUP: 456
8 -1 17 -1 8 -1 17 -1 #SUP: 329
8 -1 17 -1 8 -1 18 -1 #SUP: 776
8 -1 17 -1 8 -1 71 -1 #SUP: 398
8 -1 17 -1 14 -1 8 -1 #SUP: 437
8 -1 17 -1 14 -1 18 -1 #SUP: 388
8 -1 17 -1 17 -1 8 -1 #SUP: 318
8 -1 17 -1 18 -1 8 -1 #SUP: 623
8 -1 17 -1 18 -1 14 -1 #SUP: 383
8 -1 17 -1 18 -1 18 -1 #SUP: 462
8 -1 17 -1 18 -1 71 -1 #SUP: 331
8 -1 17 -1 21 -1 8 -1 #SUP: 383
8 -1 17 -1 29 -1 8 -1 #SUP: 342
8 -1 17 -1 71 -1 8 -1 #SUP: 541
8 -1 17 -1 71 -1 14 -1 #SUP: 325
8 -1 17 -1 71 -1 18 -1 #SUP: 424
8 -1 17 -1 71 -1 71 -1 #SUP: 372
17 -1 8 -1 8 -1 8 -1 #SUP: 731
17 -1 8 -1 8 -1 14 -1 #SUP: 487
17 -1 8 -1 8 -1 17 -1 #SUP: 355
17 -1 8 -1 8 -1 18 -1 #SUP: 781
17 -1 8 -1 8 -1 21 -1 #SUP: 307
17 -1 8 -1 8 -1 29 -1 #SUP: 321
17 -1 8 -1 8 -1 71 -1 #SUP: 425
17 -1 8 -1 14 -1 8 -1 #SUP: 559
17 -1 8 -1 14 -1 14 -1 #SUP: 334
17 -1 8 -1 14 -1 18 -1 #SUP: 500
17 -1 8 -1 14 -1 71 -1 #SUP: 346
17 -1 8 -1 17 -1 8 -1 #SUP: 410
17 -1 8 -1 17 -1 18 -1 #SUP: 356
17 -1 8 -1 17 -1 71 -1 #SUP: 293
17 -1 8 -1 18 -1 8 -1 #SUP: 915
17 -1 8 -1 18 -1 14 -1 #SUP: 597
17 -1 8 -1 18 -1 17 -1 #SUP: 409
17 -1 8 -1 18 -1 18 -1 #SUP: 670
17 -1 8 -1 18 -1 21 -1 #SUP: 364
17 -1 8 -1 18 -1 29 -1 #SUP: 423
17 -1 8 -1 18 -1 71 -1 #SUP: 504
17 -1 8 -1 21 -1 8 -1 #SUP: 377
17 -1 8 -1 21 -1 18 -1 #SUP: 293
17 -1 8 -1 29 -1 8 -1 #SUP: 374
17 -1 8 -1 29 -1 18 -1 #SUP: 314
17 -1 8 -1 71 -1 8 -1 #SUP: 483
17 -1 8 -1 71 -1 18 -1 #SUP: 386
17 -1 8 -1 71 -1 71 -1 #SUP: 334
8 -1 18 -1 3 -1 8 -1 #SUP: 480
8 -1 18 -1 3 -1 18 -1 #SUP: 401
8 -1 18 -1 8 -1 3 -1 #SUP: 453
8 -1 18 -1 8 -1 8 -1 #SUP: 1541
8 -1 18 -1 8 -1 14 -1 #SUP: 1083
8 -1 18 -1 8 -1 17 -1 #SUP: 690
8 -1 18 -1 8 -1 18 -1 #SUP: 1648
8 -1 18 -1 8 -1 20 -1 #SUP: 403
8 -1 18 -1 8 -1 21 -1 #SUP: 684
8 -1 18 -1 8 -1 29 -1 #SUP: 707
8 -1 18 -1 8 -1 30 -1 #SUP: 369
8 -1 18 -1 8 -1 39 -1 #SUP: 399
8 -1 18 -1 8 -1 40 -1 #SUP: 431
8 -1 18 -1 8 -1 52 -1 #SUP: 390
8 -1 18 -1 8 -1 71 -1 #SUP: 989
8 -1 18 -1 8 -1 92 -1 #SUP: 402
8 -1 18 -1 8 -1 96 -1 #SUP: 441
8 -1 18 -1 8 -1 103 -1 #SUP: 317
8 -1 18 -1 8 -1 122 -1 #SUP: 308
8 -1 18 -1 8 -1 219 -1 #SUP: 303
8 -1 18 -1 8 -1 227 -1 #SUP: 361
8 -1 18 -1 8 -1 290 -1 #SUP: 438
8 -1 18 -1 14 -1 3 -1 #SUP: 332
8 -1 18 -1 14 -1 8 -1 #SUP: 1068
8 -1 18 -1 14 -1 14 -1 #SUP: 674
8 -1 18 -1 14 -1 17 -1 #SUP: 413
8 -1 18 -1 14 -1 18 -1 #SUP: 969
8 -1 18 -1 14 -1 21 -1 #SUP: 474
8 -1 18 -1 14 -1 29 -1 #SUP: 456
8 -1 18 -1 14 -1 71 -1 #SUP: 695
8 -1 18 -1 14 -1 290 -1 #SUP: 305
8 -1 18 -1 17 -1 8 -1 #SUP: 743
8 -1 18 -1 17 -1 14 -1 #SUP: 455
8 -1 18 -1 17 -1 17 -1 #SUP: 323
8 -1 18 -1 17 -1 18 -1 #SUP: 672
8 -1 18 -1 17 -1 21 -1 #SUP: 338
8 -1 18 -1 17 -1 29 -1 #SUP: 355
8 -1 18 -1 17 -1 71 -1 #SUP: 532
8 -1 18 -1 18 -1 3 -1 #SUP: 350
8 -1 18 -1 18 -1 8 -1 #SUP: 1261
8 -1 18 -1 18 -1 14 -1 #SUP: 832
8 -1 18 -1 18 -1 17 -1 #SUP: 476
8 -1 18 -1 18 -1 18 -1 #SUP: 1003
8 -1 18 -1 18 -1 20 -1 #SUP: 323
8 -1 18 -1 18 -1 21 -1 #SUP: 501
8 -1 18 -1 18 -1 29 -1 #SUP: 535
8 -1 18 -1 18 -1 40 -1 #SUP: 373
8 -1 18 -1 18 -1 71 -1 #SUP: 721
8 -1 18 -1 18 -1 92 -1 #SUP: 319
8 -1 18 -1 18 -1 96 -1 #SUP: 337
8 -1 18 -1 18 -1 227 -1 #SUP: 331
8 -1 18 -1 18 -1 290 -1 #SUP: 319
8 -1 18 -1 20 -1 8 -1 #SUP: 402
8 -1 18 -1 20 -1 18 -1 #SUP: 343
8 -1 18 -1 21 -1 8 -1 #SUP: 746
8 -1 18 -1 21 -1 14 -1 #SUP: 456
8 -1 18 -1 21 -1 18 -1 #SUP: 591
8 -1 18 -1 21 -1 21 -1 #SUP: 305
8 -1 18 -1 21 -1 71 -1 #SUP: 416
8 -1 18 -1 29 -1 8 -1 #SUP: 761
8 -1 18 -1 29 -1 14 -1 #SUP: 473
8 -1 18 -1 29 -1 17 -1 #SUP: 472
8 -1 18 -1 29 -1 18 -1 #SUP: 642
8 -1 18 -1 29 -1 21 -1 #SUP: 362
8 -1 18 -1 29 -1 29 -1 #SUP: 346
8 -1 18 -1 29 -1 71 -1 #SUP: 551
8 -1 18 -1 30 -1 8 -1 #SUP: 349
8 -1 18 -1 30 -1 18 -1 #SUP: 294
8 -1 18 -1 39 -1 8 -1 #SUP: 402
8 -1 18 -1 39 -1 18 -1 #SUP: 379
8 -1 18 -1 40 -1 8 -1 #SUP: 458
8 -1 18 -1 40 -1 18 -1 #SUP: 468
8 -1 18 -1 40 -1 71 -1 #SUP: 314
8 -1 18 -1 52 -1 8 -1 #SUP: 391
8 -1 18 -1 52 -1 18 -1 #SUP: 349
8 -1 18 -1 52 -1 71 -1 #SUP: 305
8 -1 18 -1 71 -1 3 -1 #SUP: 297
8 -1 18 -1 71 -1 8 -1 #SUP: 981
8 -1 18 -1 71 -1 14 -1 #SUP: 631
8 -1 18 -1 71 -1 17 -1 #SUP: 353
8 -1 18 -1 71 -1 18 -1 #SUP: 808
8 -1 18 -1 71 -1 21 -1 #SUP: 400
8 -1 18 -1 71 -1 29 -1 #SUP: 401
8 -1 18 -1 71 -1 71 -1 #SUP: 690
8 -1 18 -1 71 -1 290 -1 #SUP: 390
8 -1 18 -1 92 -1 8 -1 #SUP: 365
8 -1 18 -1 92 -1 18 -1 #SUP: 351
8 -1 18 -1 96 -1 8 -1 #SUP: 456
8 -1 18 -1 96 -1 18 -1 #SUP: 394
8 -1 18 -1 96 -1 71 -1 #SUP: 293
8 -1 18 -1 103 -1 8 -1 #SUP: 336
8 -1 18 -1 227 -1 8 -1 #SUP: 292
8 -1 18 -1 290 -1 8 -1 #SUP: 404
8 -1 18 -1 290 -1 18 -1 #SUP: 363
8 -1 18 -1 290 -1 71 -1 #SUP: 304
18 -1 8 -1 3 -1 8 -1 #SUP: 388
18 -1 8 -1 3 -1 18 -1 #SUP: 319
18 -1 8 -1 8 -1 3 -1 #SUP: 331
18 -1 8 -1 8 -1 8 -1 #SUP: 1157
18 -1 8 -1 8 -1 14 -1 #SUP: 808
18 -1 8 -1 8 -1 17 -1 #SUP: 479
18 -1 8 -1 8 -1 18 -1 #SUP: 1281
18 -1 8 -1 8 -1 21 -1 #SUP: 506
18 -1 8 -1 8 -1 29 -1 #SUP: 496
18 -1 8 -1 8 -1 40 -1 #SUP: 332
18 -1 8 -1 8 -1 71 -1 #SUP: 719
18 -1 8 -1 8 -1 96 -1 #SUP: 336
18 -1 8 -1 8 -1 290 -1 #SUP: 311
18 -1 8 -1 14 -1 8 -1 #SUP: 900
18 -1 8 -1 14 -1 14 -1 #SUP: 558
18 -1 8 -1 14 -1 17 -1 #SUP: 332
18 -1 8 -1 14 -1 18 -1 #SUP: 841
18 -1 8 -1 14 -1 21 -1 #SUP: 378
18 -1 8 -1 14 -1 29 -1 #SUP: 384
18 -1 8 -1 14 -1 71 -1 #SUP: 554
18 -1 8 -1 17 -1 8 -1 #SUP: 593
18 -1 8 -1 17 -1 14 -1 #SUP: 340
18 -1 8 -1 17 -1 18 -1 #SUP: 519
18 -1 8 -1 17 -1 71 -1 #SUP: 415
18 -1 8 -1 18 -1 3 -1 #SUP: 390
18 -1 8 -1 18 -1 8 -1 #SUP: 1400
18 -1 8 -1 18 -1 14 -1 #SUP: 885
18 -1 8 -1 18 -1 17 -1 #SUP: 541
18 -1 8 -1 18 -1 18 -1 #SUP: 1071
18 -1 8 -1 18 -1 20 -1 #SUP: 321
18 -1 8 -1 18 -1 21 -1 #SUP: 547
18 -1 8 -1 18 -1 29 -1 #SUP: 589
18 -1 8 -1 18 -1 30 -1 #SUP: 299
18 -1 8 -1 18 -1 39 -1 #SUP: 313
18 -1 8 -1 18 -1 40 -1 #SUP: 422
18 -1 8 -1 18 -1 52 -1 #SUP: 303
18 -1 8 -1 18 -1 71 -1 #SUP: 794
18 -1 8 -1 18 -1 92 -1 #SUP: 341
18 -1 8 -1 18 -1 96 -1 #SUP: 375
18 -1 8 -1 18 -1 122 -1 #SUP: 301
18 -1 8 -1 18 -1 227 -1 #SUP: 335
18 -1 8 -1 18 -1 290 -1 #SUP: 343
18 -1 8 -1 20 -1 8 -1 #SUP: 335
18 -1 8 -1 21 -1 8 -1 #SUP: 634
18 -1 8 -1 21 -1 14 -1 #SUP: 376
18 -1 8 -1 21 -1 18 -1 #SUP: 501
18 -1 8 -1 21 -1 71 -1 #SUP: 330
18 -1 8 -1 29 -1 8 -1 #SUP: 582
18 -1 8 -1 29 -1 14 -1 #SUP: 366
18 -1 8 -1 29 -1 17 -1 #SUP: 377
18 -1 8 -1 29 -1 18 -1 #SUP: 489
18 -1 8 -1 29 -1 71 -1 #SUP: 421
18 -1 8 -1 39 -1 8 -1 #SUP: 320
18 -1 8 -1 40 -1 8 -1 #SUP: 348
18 -1 8 -1 40 -1 18 -1 #SUP: 351
18 -1 8 -1 71 -1 8 -1 #SUP: 819
18 -1 8 -1 71 -1 14 -1 #SUP: 503
18 -1 8 -1 71 -1 17 -1 #SUP: 294
18 -1 8 -1 71 -1 18 -1 #SUP: 661
18 -1 8 -1 71 -1 21 -1 #SUP: 327
18 -1 8 -1 71 -1 29 -1 #SUP: 326
18 -1 8 -1 71 -1 71 -1 #SUP: 556
18 -1 8 -1 71 -1 290 -1 #SUP: 324
18 -1 8 -1 92 -1 8 -1 #SUP: 297
18 -1 8 -1 92 -1 18 -1 #SUP: 292
18 -1 8 -1 96 -1 8 -1 #SUP: 380
18 -1 8 -1 96 -1 18 -1 #SUP: 318
18 -1 8 -1 290 -1 8 -1 #SUP: 319
8 -1 20 -1 8 -1 8 -1 #SUP: 340
8 -1 20 -1 8 -1 18 -1 #SUP: 391
8 -1 20 -1 18 -1 8 -1 #SUP: 327
20 -1 8 -1 8 -1 8 -1 #SUP: 339
20 -1 8 -1 8 -1 18 -1 #SUP: 363
20 -1 8 -1 18 -1 8 -1 #SUP: 429
20 -1 8 -1 18 -1 18 -1 #SUP: 296
8 -1 21 -1 8 -1 8 -1 #SUP: 667
8 -1 21 -1 8 -1 14 -1 #SUP: 459
8 -1 21 -1 8 -1 18 -1 #SUP: 751
8 -1 21 -1 8 -1 21 -1 #SUP: 329
8 -1 21 -1 8 -1 71 -1 #SUP: 401
8 -1 21 -1 14 -1 8 -1 #SUP: 417
8 -1 21 -1 14 -1 18 -1 #SUP: 387
8 -1 21 -1 18 -1 8 -1 #SUP: 576
8 -1 21 -1 18 -1 14 -1 #SUP: 363
8 -1 21 -1 18 -1 18 -1 #SUP: 423
8 -1 21 -1 18 -1 71 -1 #SUP: 315
8 -1 21 -1 21 -1 8 -1 #SUP: 310
8 -1 21 -1 71 -1 8 -1 #SUP: 374
8 -1 21 -1 71 -1 18 -1 #SUP: 294
21 -1 8 -1 8 -1 8 -1 #SUP: 705
21 -1 8 -1 8 -1 14 -1 #SUP: 495
21 -1 8 -1 8 -1 17 -1 #SUP: 297
21 -1 8 -1 8 -1 18 -1 #SUP: 765
21 -1 8 -1 8 -1 21 -1 #SUP: 331
21 -1 8 -1 8 -1 29 -1 #SUP: 296
21 -1 8 -1 8 -1 71 -1 #SUP: 435
21 -1 8 -1 14 -1 8 -1 #SUP: 547
21 -1 8 -1 14 -1 14 -1 #SUP: 339
21 -1 8 -1 14 -1 18 -1 #SUP: 490
21 -1 8 -1 14 -1 71 -1 #SUP: 330
21 -1 8 -1 17 -1 8 -1 #SUP: 358
21 -1 8 -1 17 -1 18 -1 #SUP: 301
21 -1 8 -1 18 -1 8 -1 #SUP: 867
21 -1 8 -1 18 -1 14 -1 #SUP: 554
21 -1 8 -1 18 -1 17 -1 #SUP: 328
21 -1 8 -1 18 -1 18 -1 #SUP: 658
21 -1 8 -1 18 -1 21 -1 #SUP: 363
21 -1 8 -1 18 -1 29 -1 #SUP: 337
21 -1 8 -1 18 -1 71 -1 #SUP: 486
21 -1 8 -1 21 -1 8 -1 #SUP: 408
21 -1 8 -1 21 -1 18 -1 #SUP: 317
21 -1 8 -1 29 -1 8 -1 #SUP: 338
21 -1 8 -1 71 -1 8 -1 #SUP: 461
21 -1 8 -1 71 -1 14 -1 #SUP: 293
21 -1 8 -1 71 -1 18 -1 #SUP: 360
21 -1 8 -1 71 -1 71 -1 #SUP: 302
8 -1 29 -1 8 -1 8 -1 #SUP: 674
8 -1 29 -1 8 -1 14 -1 #SUP: 468
8 -1 29 -1 8 -1 17 -1 #SUP: 322
8 -1 29 -1 8 -1 18 -1 #SUP: 739
8 -1 29 -1 8 -1 21 -1 #SUP: 294
8 -1 29 -1 8 -1 29 -1 #SUP: 331
8 -1 29 -1 8 -1 71 -1 #SUP: 428
8 -1 29 -1 14 -1 8 -1 #SUP: 466
8 -1 29 -1 14 -1 18 -1 #SUP: 390
8 -1 29 -1 14 -1 71 -1 #SUP: 295
8 -1 29 -1 17 -1 8 -1 #SUP: 472
8 -1 29 -1 17 -1 14 -1 #SUP: 292
8 -1 29 -1 17 -1 18 -1 #SUP: 411
8 -1 29 -1 17 -1 71 -1 #SUP: 379
8 -1 29 -1 18 -1 8 -1 #SUP: 596
8 -1 29 -1 18 -1 14 -1 #SUP: 384
8 -1 29 -1 18 -1 18 -1 #SUP: 452
8 -1 29 -1 18 -1 29 -1 #SUP: 297
8 -1 29 -1 18 -1 71 -1 #SUP: 337
8 -1 29 -1 21 -1 8 -1 #SUP: 361
8 -1 29 -1 29 -1 8 -1 #SUP: 337
8 -1 29 -1 71 -1 8 -1 #SUP: 522
8 -1 29 -1 71 -1 14 -1 #SUP: 324
8 -1 29 -1 71 -1 18 -1 #SUP: 424
8 -1 29 -1 71 -1 71 -1 #SUP: 356
29 -1 8 -1 8 -1 8 -1 #SUP: 759
29 -1 8 -1 8 -1 14 -1 #SUP: 521
29 -1 8 -1 8 -1 17 -1 #SUP: 333
29 -1 8 -1 8 -1 18 -1 #SUP: 830
29 -1 8 -1 8 -1 21 -1 #SUP: 343
29 -1 8 -1 8 -1 29 -1 #SUP: 372
29 -1 8 -1 8 -1 71 -1 #SUP: 477
29 -1 8 -1 14 -1 8 -1 #SUP: 592
29 -1 8 -1 14 -1 14 -1 #SUP: 374
29 -1 8 -1 14 -1 18 -1 #SUP: 525
29 -1 8 -1 14 -1 29 -1 #SUP: 299
29 -1 8 -1 14 -1 71 -1 #SUP: 378
29 -1 8 -1 17 -1 8 -1 #SUP: 430
29 -1 8 -1 17 -1 18 -1 #SUP: 355
29 -1 8 -1 17 -1 71 -1 #SUP: 321
29 -1 8 -1 18 -1 8 -1 #SUP: 927
29 -1 8 -1 18 -1 14 -1 #SUP: 609
29 -1 8 -1 18 -1 17 -1 #SUP: 407
29 -1 8 -1 18 -1 18 -1 #SUP: 724
29 -1 8 -1 18 -1 21 -1 #SUP: 401
29 -1 8 -1 18 -1 29 -1 #SUP: 443
29 -1 8 -1 18 -1 40 -1 #SUP: 303
29 -1 8 -1 18 -1 71 -1 #SUP: 571
29 -1 8 -1 21 -1 8 -1 #SUP: 424
29 -1 8 -1 21 -1 18 -1 #SUP: 330
29 -1 8 -1 29 -1 8 -1 #SUP: 436
29 -1 8 -1 29 -1 18 -1 #SUP: 343
29 -1 8 -1 29 -1 71 -1 #SUP: 319
29 -1 8 -1 71 -1 8 -1 #SUP: 536
29 -1 8 -1 71 -1 14 -1 #SUP: 339
29 -1 8 -1 71 -1 18 -1 #SUP: 425
29 -1 8 -1 71 -1 71 -1 #SUP: 369
8 -1 30 -1 8 -1 18 -1 #SUP: 338
30 -1 8 -1 8 -1 8 -1 #SUP: 342
30 -1 8 -1 8 -1 18 -1 #SUP: 383
30 -1 8 -1 18 -1 8 -1 #SUP: 433
30 -1 8 -1 18 -1 18 -1 #SUP: 315
8 -1 39 -1 8 -1 8 -1 #SUP: 336
8 -1 39 -1 8 -1 18 -1 #SUP: 391
8 -1 39 -1 18 -1 8 -1 #SUP: 333
39 -1 8 -1 8 -1 18 -1 #SUP: 339
39 -1 8 -1 18 -1 8 -1 #SUP: 397
8 -1 40 -1 8 -1 8 -1 #SUP: 397
8 -1 40 -1 8 -1 18 -1 #SUP: 438
8 -1 40 -1 18 -1 8 -1 #SUP: 432
8 -1 40 -1 18 -1 18 -1 #SUP: 319
8 -1 40 -1 71 -1 8 -1 #SUP: 309
40 -1 8 -1 8 -1 8 -1 #SUP: 421
40 -1 8 -1 8 -1 18 -1 #SUP: 459
40 -1 8 -1 14 -1 8 -1 #SUP: 316
40 -1 8 -1 18 -1 8 -1 #SUP: 529
40 -1 8 -1 18 -1 14 -1 #SUP: 324
40 -1 8 -1 18 -1 18 -1 #SUP: 383
40 -1 8 -1 18 -1 71 -1 #SUP: 305
40 -1 8 -1 71 -1 8 -1 #SUP: 315
8 -1 52 -1 8 -1 8 -1 #SUP: 342
8 -1 52 -1 8 -1 18 -1 #SUP: 395
8 -1 52 -1 18 -1 8 -1 #SUP: 321
52 -1 8 -1 8 -1 8 -1 #SUP: 349
52 -1 8 -1 8 -1 18 -1 #SUP: 391
52 -1 8 -1 18 -1 8 -1 #SUP: 463
52 -1 8 -1 18 -1 18 -1 #SUP: 343
8 -1 71 -1 8 -1 8 -1 #SUP: 821
8 -1 71 -1 8 -1 14 -1 #SUP: 571
8 -1 71 -1 8 -1 17 -1 #SUP: 347
8 -1 71 -1 8 -1 18 -1 #SUP: 956
8 -1 71 -1 8 -1 21 -1 #SUP: 361
8 -1 71 -1 8 -1 29 -1 #SUP: 365
8 -1 71 -1 8 -1 71 -1 #SUP: 623
8 -1 71 -1 14 -1 8 -1 #SUP: 578
8 -1 71 -1 14 -1 14 -1 #SUP: 348
8 -1 71 -1 14 -1 18 -1 #SUP: 515
8 -1 71 -1 14 -1 71 -1 #SUP: 471
8 -1 71 -1 17 -1 8 -1 #SUP: 329
8 -1 71 -1 18 -1 8 -1 #SUP: 750
8 -1 71 -1 18 -1 14 -1 #SUP: 469
8 -1 71 -1 18 -1 18 -1 #SUP: 539
8 -1 71 -1 18 -1 29 -1 #SUP: 304
8 -1 71 -1 18 -1 71 -1 #SUP: 479
8 -1 71 -1 21 -1 8 -1 #SUP: 397
8 -1 71 -1 21 -1 18 -1 #SUP: 311
8 -1 71 -1 29 -1 8 -1 #SUP: 378
8 -1 71 -1 29 -1 18 -1 #SUP: 320
8 -1 71 -1 29 -1 71 -1 #SUP: 312
8 -1 71 -1 71 -1 8 -1 #SUP: 617
8 -1 71 -1 71 -1 14 -1 #SUP: 396
8 -1 71 -1 71 -1 18 -1 #SUP: 489
8 -1 71 -1 71 -1 71 -1 #SUP: 433
8 -1 71 -1 290 -1 8 -1 #SUP: 317
71 -1 8 -1 8 -1 8 -1 #SUP: 807
71 -1 8 -1 8 -1 14 -1 #SUP: 539
71 -1 8 -1 8 -1 17 -1 #SUP: 325
71 -1 8 -1 8 -1 18 -1 #SUP: 867
71 -1 8 -1 8 -1 21 -1 #SUP: 337
71 -1 8 -1 8 -1 29 -1 #SUP: 341
71 -1 8 -1 8 -1 71 -1 #SUP: 564
71 -1 8 -1 14 -1 8 -1 #SUP: 623
71 -1 8 -1 14 -1 14 -1 #SUP: 376
71 -1 8 -1 14 -1 18 -1 #SUP: 565
71 -1 8 -1 14 -1 71 -1 #SUP: 447
71 -1 8 -1 17 -1 8 -1 #SUP: 401
71 -1 8 -1 17 -1 18 -1 #SUP: 328
71 -1 8 -1 17 -1 71 -1 #SUP: 326
71 -1 8 -1 18 -1 8 -1 #SUP: 1006
71 -1 8 -1 18 -1 14 -1 #SUP: 607
71 -1 8 -1 18 -1 17 -1 #SUP: 377
71 -1 8 -1 18 -1 18 -1 #SUP: 752
71 -1 8 -1 18 -1 21 -1 #SUP: 399
71 -1 8 -1 18 -1 29 -1 #SUP: 417
71 -1 8 -1 18 -1 40 -1 #SUP: 300
71 -1 8 -1 18 -1 71 -1 #SUP: 633
71 -1 8 -1 21 -1 8 -1 #SUP: 424
71 -1 8 -1 21 -1 18 -1 #SUP: 331
71 -1 8 -1 29 -1 8 -1 #SUP: 404
71 -1 8 -1 29 -1 18 -1 #SUP: 318
71 -1 8 -1 29 -1 71 -1 #SUP: 318
71 -1 8 -1 71 -1 8 -1 #SUP: 646
71 -1 8 -1 71 -1 14 -1 #SUP: 401
71 -1 8 -1 71 -1 18 -1 #SUP: 506
71 -1 8 -1 71 -1 71 -1 #SUP: 452
8 -1 92 -1 8 -1 8 -1 #SUP: 319
8 -1 92 -1 8 -1 18 -1 #SUP: 358
8 -1 92 -1 18 -1 8 -1 #SUP: 331
92 -1 8 -1 18 -1 8 -1 #SUP: 329
8 -1 96 -1 8 -1 8 -1 #SUP: 367
8 -1 96 -1 8 -1 18 -1 #SUP: 437
8 -1 96 -1 18 -1 8 -1 #SUP: 353
96 -1 8 -1 8 -1 8 -1 #SUP: 349
96 -1 8 -1 8 -1 18 -1 #SUP: 398
96 -1 8 -1 18 -1 8 -1 #SUP: 448
96 -1 8 -1 18 -1 18 -1 #SUP: 337
8 -1 103 -1 8 -1 18 -1 #SUP: 323
103 -1 8 -1 8 -1 8 -1 #SUP: 332
103 -1 8 -1 8 -1 18 -1 #SUP: 377
103 -1 8 -1 18 -1 8 -1 #SUP: 418
103 -1 8 -1 18 -1 18 -1 #SUP: 312
124 -1 8 -1 18 -1 8 -1 #SUP: 320
219 -1 8 -1 18 -1 8 -1 #SUP: 311
8 -1 290 -1 8 -1 8 -1 #SUP: 377
8 -1 290 -1 8 -1 18 -1 #SUP: 413
8 -1 290 -1 18 -1 8 -1 #SUP: 357
290 -1 8 -1 8 -1 8 -1 #SUP: 349
290 -1 8 -1 8 -1 18 -1 #SUP: 390
290 -1 8 -1 18 -1 8 -1 #SUP: 452
290 -1 8 -1 18 -1 18 -1 #SUP: 337
310 -1 8 -1 8 -1 8 -1 #SUP: 335
310 -1 8 -1 8 -1 18 -1 #SUP: 346
310 -1 8 -1 18 -1 8 -1 #SUP: 386
310 -1 8 -1 18 -1 18 -1 #SUP: 302
14 -1 14 -1 8 -1 8 -1 #SUP: 503
14 -1 14 -1 8 -1 14 -1 #SUP: 358
14 -1 14 -1 8 -1 18 -1 #SUP: 589
14 -1 14 -1 8 -1 71 -1 #SUP: 304
14 -1 14 -1 14 -1 8 -1 #SUP: 379
14 -1 14 -1 14 -1 18 -1 #SUP: 355
14 -1 14 -1 18 -1 8 -1 #SUP: 496
14 -1 14 -1 18 -1 14 -1 #SUP: 337
14 -1 14 -1 18 -1 18 -1 #SUP: 356
14 -1 14 -1 71 -1 8 -1 #SUP: 359
14 -1 14 -1 71 -1 18 -1 #SUP: 293
14 -1 17 -1 8 -1 8 -1 #SUP: 303
14 -1 17 -1 8 -1 18 -1 #SUP: 378
14 -1 17 -1 18 -1 8 -1 #SUP: 308
17 -1 14 -1 8 -1 8 -1 #SUP: 463
17 -1 14 -1 8 -1 14 -1 #SUP: 306
17 -1 14 -1 8 -1 18 -1 #SUP: 538
17 -1 14 -1 14 -1 8 -1 #SUP: 314
17 -1 14 -1 18 -1 8 -1 #SUP: 460
17 -1 14 -1 18 -1 18 -1 #SUP: 318
17 -1 14 -1 71 -1 8 -1 #SUP: 320
14 -1 18 -1 8 -1 8 -1 #SUP: 687
14 -1 18 -1 8 -1 14 -1 #SUP: 510
14 -1 18 -1 8 -1 18 -1 #SUP: 763
14 -1 18 -1 8 -1 21 -1 #SUP: 296
14 -1 18 -1 8 -1 29 -1 #SUP: 308
14 -1 18 -1 8 -1 71 -1 #SUP: 424
14 -1 18 -1 14 -1 8 -1 #SUP: 508
14 -1 18 -1 14 -1 14 -1 #SUP: 341
14 -1 18 -1 14 -1 18 -1 #SUP: 457
14 -1 18 -1 14 -1 71 -1 #SUP: 327
14 -1 18 -1 17 -1 8 -1 #SUP: 305
14 -1 18 -1 18 -1 8 -1 #SUP: 560
14 -1 18 -1 18 -1 14 -1 #SUP: 386
14 -1 18 -1 18 -1 18 -1 #SUP: 430
14 -1 18 -1 18 -1 71 -1 #SUP: 309
14 -1 18 -1 21 -1 8 -1 #SUP: 324
14 -1 18 -1 29 -1 8 -1 #SUP: 345
14 -1 18 -1 71 -1 8 -1 #SUP: 441
14 -1 18 -1 71 -1 18 -1 #SUP: 341
14 -1 18 -1 71 -1 71 -1 #SUP: 304
18 -1 14 -1 8 -1 8 -1 #SUP: 761
18 -1 14 -1 8 -1 14 -1 #SUP: 532
18 -1 14 -1 8 -1 17 -1 #SUP: 315
18 -1 14 -1 8 -1 18 -1 #SUP: 884
18 -1 14 -1 8 -1 21 -1 #SUP: 329
18 -1 14 -1 8 -1 29 -1 #SUP: 336
18 -1 14 -1 8 -1 71 -1 #SUP: 472
18 -1 14 -1 14 -1 8 -1 #SUP: 533
18 -1 14 -1 14 -1 14 -1 #SUP: 351
18 -1 14 -1 14 -1 18 -1 #SUP: 484
18 -1 14 -1 14 -1 71 -1 #SUP: 335
18 -1 14 -1 17 -1 8 -1 #SUP: 326
18 -1 14 -1 18 -1 8 -1 #SUP: 782
18 -1 14 -1 18 -1 14 -1 #SUP: 499
18 -1 14 -1 18 -1 18 -1 #SUP: 584
18 -1 14 -1 18 -1 29 -1 #SUP: 332
18 -1 14 -1 18 -1 71 -1 #SUP: 439
18 -1 14 -1 21 -1 8 -1 #SUP: 406
18 -1 14 -1 21 -1 18 -1 #SUP: 323
18 -1 14 -1 29 -1 8 -1 #SUP: 359
18 -1 14 -1 29 -1 18 -1 #SUP: 298
18 -1 14 -1 71 -1 8 -1 #SUP: 539
18 -1 14 -1 71 -1 14 -1 #SUP: 354
18 -1 14 -1 71 -1 18 -1 #SUP: 429
18 -1 14 -1 71 -1 71 -1 #SUP: 386
14 -1 21 -1 8 -1 8 -1 #SUP: 411
14 -1 21 -1 8 -1 18 -1 #SUP: 468
14 -1 21 -1 18 -1 8 -1 #SUP: 365
21 -1 14 -1 8 -1 8 -1 #SUP: 445
21 -1 14 -1 8 -1 14 -1 #SUP: 299
21 -1 14 -1 8 -1 18 -1 #SUP: 499
21 -1 14 -1 14 -1 8 -1 #SUP: 306
21 -1 14 -1 18 -1 8 -1 #SUP: 428
21 -1 14 -1 18 -1 18 -1 #SUP: 317
21 -1 14 -1 71 -1 8 -1 #SUP: 292
14 -1 29 -1 8 -1 8 -1 #SUP: 374
14 -1 29 -1 8 -1 18 -1 #SUP: 411
14 -1 29 -1 18 -1 8 -1 #SUP: 329
29 -1 14 -1 8 -1 8 -1 #SUP: 473
29 -1 14 -1 8 -1 14 -1 #SUP: 324
29 -1 14 -1 8 -1 18 -1 #SUP: 547
29 -1 14 -1 8 -1 71 -1 #SUP: 292
29 -1 14 -1 14 -1 8 -1 #SUP: 344
29 -1 14 -1 14 -1 18 -1 #SUP: 295
29 -1 14 -1 18 -1 8 -1 #SUP: 457
29 -1 14 -1 18 -1 18 -1 #SUP: 334
29 -1 14 -1 71 -1 8 -1 #SUP: 337
40 -1 14 -1 8 -1 8 -1 #SUP: 306
40 -1 14 -1 8 -1 18 -1 #SUP: 356
40 -1 14 -1 18 -1 8 -1 #SUP: 309
14 -1 71 -1 8 -1 8 -1 #SUP: 484
14 -1 71 -1 8 -1 14 -1 #SUP: 356
14 -1 71 -1 8 -1 18 -1 #SUP: 584
14 -1 71 -1 8 -1 71 -1 #SUP: 349
14 -1 71 -1 14 -1 8 -1 #SUP: 353
14 -1 71 -1 14 -1 18 -1 #SUP: 319
14 -1 71 -1 18 -1 8 -1 #SUP: 443
14 -1 71 -1 18 -1 18 -1 #SUP: 314
14 -1 71 -1 71 -1 8 -1 #SUP: 345
14 -1 71 -1 71 -1 18 -1 #SUP: 292
71 -1 14 -1 8 -1 8 -1 #SUP: 520
71 -1 14 -1 8 -1 14 -1 #SUP: 326
71 -1 14 -1 8 -1 18 -1 #SUP: 624
71 -1 14 -1 8 -1 71 -1 #SUP: 364
71 -1 14 -1 14 -1 8 -1 #SUP: 368
71 -1 14 -1 14 -1 18 -1 #SUP: 338
71 -1 14 -1 18 -1 8 -1 #SUP: 539
71 -1 14 -1 18 -1 14 -1 #SUP: 314
71 -1 14 -1 18 -1 18 -1 #SUP: 375
71 -1 14 -1 18 -1 71 -1 #SUP: 310
71 -1 14 -1 21 -1 8 -1 #SUP: 298
71 -1 14 -1 71 -1 8 -1 #SUP: 441
71 -1 14 -1 71 -1 14 -1 #SUP: 295
71 -1 14 -1 71 -1 18 -1 #SUP: 342
71 -1 14 -1 71 -1 71 -1 #SUP: 336
17 -1 17 -1 8 -1 8 -1 #SUP: 351
17 -1 17 -1 8 -1 18 -1 #SUP: 417
17 -1 17 -1 18 -1 8 -1 #SUP: 332
17 -1 18 -1 8 -1 8 -1 #SUP: 667
17 -1 18 -1 8 -1 14 -1 #SUP: 479
17 -1 18 -1 8 -1 17 -1 #SUP: 335
17 -1 18 -1 8 -1 18 -1 #SUP: 743
17 -1 18 -1 8 -1 21 -1 #SUP: 295
17 -1 18 -1 8 -1 29 -1 #SUP: 306
17 -1 18 -1 8 -1 71 -1 #SUP: 416
17 -1 18 -1 14 -1 8 -1 #SUP: 478
17 -1 18 -1 14 -1 18 -1 #SUP: 433
17 -1 18 -1 14 -1 71 -1 #SUP: 313
17 -1 18 -1 17 -1 8 -1 #SUP: 328
17 -1 18 -1 17 -1 18 -1 #SUP: 304
17 -1 18 -1 18 -1 8 -1 #SUP: 572
17 -1 18 -1 18 -1 14 -1 #SUP: 347
17 -1 18 -1 18 -1 18 -1 #SUP: 432
17 -1 18 -1 18 -1 71 -1 #SUP: 319
17 -1 18 -1 21 -1 8 -1 #SUP: 314
17 -1 18 -1 29 -1 8 -1 #SUP: 339
17 -1 18 -1 29 -1 18 -1 #SUP: 293
17 -1 18 -1 71 -1 8 -1 #SUP: 421
17 -1 18 -1 71 -1 18 -1 #SUP: 343
18 -1 17 -1 8 -1 8 -1 #SUP: 538
18 -1 17 -1 8 -1 14 -1 #SUP: 375
18 -1 17 -1 8 -1 18 -1 #SUP: 659
18 -1 17 -1 8 -1 71 -1 #SUP: 329
18 -1 17 -1 14 -1 8 -1 #SUP: 371
18 -1 17 -1 14 -1 18 -1 #SUP: 330
18 -1 17 -1 18 -1 8 -1 #SUP: 529
18 -1 17 -1 18 -1 14 -1 #SUP: 318
18 -1 17 -1 18 -1 18 -1 #SUP: 398
18 -1 17 -1 21 -1 8 -1 #SUP: 302
18 -1 17 -1 71 -1 8 -1 #SUP: 462
18 -1 17 -1 71 -1 14 -1 #SUP: 293
18 -1 17 -1 71 -1 18 -1 #SUP: 369
18 -1 17 -1 71 -1 71 -1 #SUP: 316
17 -1 21 -1 8 -1 8 -1 #SUP: 420
17 -1 21 -1 8 -1 18 -1 #SUP: 464
17 -1 21 -1 18 -1 8 -1 #SUP: 366
21 -1 17 -1 8 -1 18 -1 #SUP: 333
17 -1 29 -1 8 -1 8 -1 #SUP: 437
17 -1 29 -1 8 -1 14 -1 #SUP: 293
17 -1 29 -1 8 -1 18 -1 #SUP: 496
17 -1 29 -1 14 -1 8 -1 #SUP: 292
17 -1 29 -1 17 -1 8 -1 #SUP: 316
17 -1 29 -1 18 -1 8 -1 #SUP: 407
17 -1 29 -1 71 -1 8 -1 #SUP: 334
29 -1 17 -1 8 -1 8 -1 #SUP: 472
29 -1 17 -1 8 -1 14 -1 #SUP: 331
29 -1 17 -1 8 -1 18 -1 #SUP: 555
29 -1 17 -1 8 -1 71 -1 #SUP: 307
29 -1 17 -1 14 -1 8 -1 #SUP: 318
29 -1 17 -1 18 -1 8 -1 #SUP: 455
29 -1 17 -1 18 -1 14 -1 #SUP: 295
29 -1 17 -1 18 -1 18 -1 #SUP: 347
29 -1 17 -1 71 -1 8 -1 #SUP: 424
29 -1 17 -1 71 -1 18 -1 #SUP: 351
29 -1 17 -1 71 -1 71 -1 #SUP: 298
30 -1 17 -1 8 -1 8 -1 #SUP: 317
30 -1 17 -1 8 -1 18 -1 #SUP: 365
30 -1 17 -1 18 -1 8 -1 #SUP: 298
17 -1 40 -1 8 -1 18 -1 #SUP: 330
17 -1 40 -1 18 -1 8 -1 #SUP: 330
17 -1 52 -1 8 -1 18 -1 #SUP: 293
17 -1 71 -1 8 -1 8 -1 #SUP: 551
17 -1 71 -1 8 -1 14 -1 #SUP: 382
17 -1 71 -1 8 -1 18 -1 #SUP: 658
17 -1 71 -1 8 -1 71 -1 #SUP: 414
17 -1 71 -1 14 -1 8 -1 #SUP: 387
17 -1 71 -1 14 -1 18 -1 #SUP: 342
17 -1 71 -1 14 -1 71 -1 #SUP: 303
17 -1 71 -1 18 -1 8 -1 #SUP: 523
17 -1 71 -1 18 -1 14 -1 #SUP: 322
17 -1 71 -1 18 -1 18 -1 #SUP: 376
17 -1 71 -1 18 -1 71 -1 #SUP: 323
17 -1 71 -1 71 -1 8 -1 #SUP: 423
17 -1 71 -1 71 -1 18 -1 #SUP: 351
17 -1 71 -1 71 -1 71 -1 #SUP: 306
71 -1 17 -1 8 -1 8 -1 #SUP: 332
71 -1 17 -1 8 -1 18 -1 #SUP: 418
71 -1 17 -1 18 -1 8 -1 #SUP: 342
71 -1 17 -1 71 -1 8 -1 #SUP: 326
96 -1 17 -1 8 -1 18 -1 #SUP: 317
18 -1 18 -1 8 -1 3 -1 #SUP: 292
18 -1 18 -1 8 -1 8 -1 #SUP: 955
18 -1 18 -1 8 -1 14 -1 #SUP: 702
18 -1 18 -1 8 -1 17 -1 #SUP: 386
18 -1 18 -1 8 -1 18 -1 #SUP: 1065
18 -1 18 -1 8 -1 21 -1 #SUP: 406
18 -1 18 -1 8 -1 29 -1 #SUP: 425
18 -1 18 -1 8 -1 71 -1 #SUP: 617
18 -1 18 -1 14 -1 8 -1 #SUP: 674
18 -1 18 -1 14 -1 14 -1 #SUP: 431
18 -1 18 -1 14 -1 18 -1 #SUP: 647
18 -1 18 -1 14 -1 71 -1 #SUP: 440
18 -1 18 -1 17 -1 8 -1 #SUP: 419
18 -1 18 -1 17 -1 18 -1 #SUP: 380
18 -1 18 -1 17 -1 71 -1 #SUP: 292
18 -1 18 -1 18 -1 8 -1 #SUP: 845
18 -1 18 -1 18 -1 14 -1 #SUP: 555
18 -1 18 -1 18 -1 17 -1 #SUP: 293
18 -1 18 -1 18 -1 18 -1 #SUP: 657
18 -1 18 -1 18 -1 21 -1 #SUP: 315
18 -1 18 -1 18 -1 29 -1 #SUP: 346
18 -1 18 -1 18 -1 71 -1 #SUP: 465
18 -1 18 -1 21 -1 8 -1 #SUP: 443
18 -1 18 -1 21 -1 18 -1 #SUP: 374
18 -1 18 -1 29 -1 8 -1 #SUP: 449
18 -1 18 -1 29 -1 14 -1 #SUP: 302
18 -1 18 -1 29 -1 18 -1 #SUP: 395
18 -1 18 -1 29 -1 71 -1 #SUP: 337
18 -1 18 -1 40 -1 8 -1 #SUP: 294
18 -1 18 -1 40 -1 18 -1 #SUP: 297
18 -1 18 -1 71 -1 8 -1 #SUP: 596
18 -1 18 -1 71 -1 14 -1 #SUP: 399
18 -1 18 -1 71 -1 18 -1 #SUP: 499
18 -1 18 -1 71 -1 71 -1 #SUP: 418
18 -1 20 -1 8 -1 8 -1 #SUP: 293
18 -1 20 -1 8 -1 18 -1 #SUP: 359
20 -1 18 -1 8 -1 18 -1 #SUP: 320
18 -1 21 -1 8 -1 8 -1 #SUP: 565
18 -1 21 -1 8 -1 14 -1 #SUP: 393
18 -1 21 -1 8 -1 18 -1 #SUP: 647
18 -1 21 -1 8 -1 71 -1 #SUP: 343
18 -1 21 -1 14 -1 8 -1 #SUP: 360
18 -1 21 -1 14 -1 18 -1 #SUP: 348
18 -1 21 -1 18 -1 8 -1 #SUP: 501
18 -1 21 -1 18 -1 14 -1 #SUP: 313
18 -1 21 -1 18 -1 18 -1 #SUP: 378
18 -1 21 -1 71 -1 8 -1 #SUP: 311
21 -1 18 -1 8 -1 8 -1 #SUP: 620
21 -1 18 -1 8 -1 14 -1 #SUP: 443
21 -1 18 -1 8 -1 18 -1 #SUP: 654
21 -1 18 -1 8 -1 71 -1 #SUP: 384
21 -1 18 -1 14 -1 8 -1 #SUP: 439
21 -1 18 -1 14 -1 18 -1 #SUP: 402
21 -1 18 -1 18 -1 8 -1 #SUP: 504
21 -1 18 -1 18 -1 14 -1 #SUP: 337
21 -1 18 -1 18 -1 18 -1 #SUP: 388
21 -1 18 -1 21 -1 8 -1 #SUP: 316
21 -1 18 -1 71 -1 8 -1 #SUP: 383
21 -1 18 -1 71 -1 18 -1 #SUP: 304
18 -1 29 -1 8 -1 8 -1 #SUP: 552
18 -1 29 -1 8 -1 14 -1 #SUP: 382
18 -1 29 -1 8 -1 18 -1 #SUP: 612
18 -1 29 -1 8 -1 71 -1 #SUP: 343
18 -1 29 -1 14 -1 8 -1 #SUP: 378
18 -1 29 -1 14 -1 18 -1 #SUP: 322
18 -1 29 -1 17 -1 8 -1 #SUP: 387
18 -1 29 -1 17 -1 18 -1 #SUP: 352
18 -1 29 -1 17 -1 71 -1 #SUP: 313
18 -1 29 -1 18 -1 8 -1 #SUP: 516
18 -1 29 -1 18 -1 14 -1 #SUP: 322
18 -1 29 -1 18 -1 18 -1 #SUP: 398
18 -1 29 -1 21 -1 8 -1 #SUP: 303
18 -1 29 -1 71 -1 8 -1 #SUP: 439
18 -1 29 -1 71 -1 18 -1 #SUP: 351
18 -1 29 -1 71 -1 71 -1 #SUP: 299
29 -1 18 -1 8 -1 8 -1 #SUP: 647
29 -1 18 -1 8 -1 14 -1 #SUP: 478
29 -1 18 -1 8 -1 17 -1 #SUP: 301
29 -1 18 -1 8 -1 18 -1 #SUP: 726
29 -1 18 -1 8 -1 21 -1 #SUP: 305
29 -1 18 -1 8 -1 29 -1 #SUP: 329
29 -1 18 -1 8 -1 71 -1 #SUP: 426
29 -1 18 -1 14 -1 8 -1 #SUP: 478
29 -1 18 -1 14 -1 14 -1 #SUP: 302
29 -1 18 -1 14 -1 18 -1 #SUP: 446
29 -1 18 -1 14 -1 71 -1 #SUP: 315
29 -1 18 -1 17 -1 8 -1 #SUP: 334
29 -1 18 -1 17 -1 18 -1 #SUP: 294
29 -1 18 -1 18 -1 8 -1 #SUP: 562
29 -1 18 -1 18 -1 14 -1 #SUP: 343
29 -1 18 -1 18 -1 18 -1 #SUP: 427
29 -1 18 -1 18 -1 71 -1 #SUP: 318
29 -1 18 -1 21 -1 8 -1 #SUP: 325
29 -1 18 -1 29 -1 8 -1 #SUP: 358
29 -1 18 -1 29 -1 18 -1 #SUP: 305
29 -1 18 -1 71 -1 8 -1 #SUP: 444
29 -1 18 -1 71 -1 14 -1 #SUP: 292
29 -1 18 -1 71 -1 18 -1 #SUP: 366
29 -1 18 -1 71 -1 71 -1 #SUP: 324
18 -1 30 -1 8 -1 18 -1 #SUP: 293
30 -1 18 -1 8 -1 18 -1 #SUP: 318
18 -1 39 -1 8 -1 18 -1 #SUP: 344
18 -1 39 -1 18 -1 8 -1 #SUP: 294
39 -1 18 -1 8 -1 18 -1 #SUP: 324
18 -1 40 -1 8 -1 8 -1 #SUP: 361
18 -1 40 -1 8 -1 18 -1 #SUP: 419
18 -1 40 -1 18 -1 8 -1 #SUP: 399
18 -1 40 -1 18 -1 18 -1 #SUP: 297
40 -1 18 -1 8 -1 8 -1 #SUP: 434
40 -1 18 -1 8 -1 14 -1 #SUP: 302
40 -1 18 -1 8 -1 18 -1 #SUP: 487
40 -1 18 -1 8 -1 71 -1 #SUP: 299
40 -1 18 -1 14 -1 8 -1 #SUP: 301
40 -1 18 -1 18 -1 8 -1 #SUP: 379
40 -1 18 -1 18 -1 18 -1 #SUP: 298
40 -1 18 -1 71 -1 8 -1 #SUP: 304
18 -1 52 -1 8 -1 8 -1 #SUP: 293
18 -1 52 -1 8 -1 18 -1 #SUP: 337
52 -1 18 -1 8 -1 8 -1 #SUP: 346
52 -1 18 -1 8 -1 18 -1 #SUP: 378
52 -1 18 -1 18 -1 8 -1 #SUP: 305
18 -1 71 -1 8 -1 8 -1 #SUP: 715
18 -1 71 -1 8 -1 14 -1 #SUP: 504
18 -1 71 -1 8 -1 17 -1 #SUP: 297
18 -1 71 -1 8 -1 18 -1 #SUP: 853
18 -1 71 -1 8 -1 21 -1 #SUP: 305
18 -1 71 -1 8 -1 29 -1 #SUP: 300
18 -1 71 -1 8 -1 71 -1 #SUP: 532
18 -1 71 -1 14 -1 8 -1 #SUP: 498
18 -1 71 -1 14 -1 18 -1 #SUP: 448
18 -1 71 -1 14 -1 71 -1 #SUP: 383
18 -1 71 -1 18 -1 8 -1 #SUP: 657
18 -1 71 -1 18 -1 14 -1 #SUP: 408
18 -1 71 -1 18 -1 18 -1 #SUP: 490
18 -1 71 -1 18 -1 71 -1 #SUP: 418
18 -1 71 -1 21 -1 8 -1 #SUP: 349
18 -1 71 -1 29 -1 8 -1 #SUP: 336
18 -1 71 -1 71 -1 8 -1 #SUP: 530
18 -1 71 -1 71 -1 14 -1 #SUP: 347
18 -1 71 -1 71 -1 18 -1 #SUP: 419
18 -1 71 -1 71 -1 71 -1 #SUP: 374
71 -1 18 -1 8 -1 8 -1 #SUP: 693
71 -1 18 -1 8 -1 14 -1 #SUP: 482
71 -1 18 -1 8 -1 18 -1 #SUP: 762
71 -1 18 -1 8 -1 21 -1 #SUP: 303
71 -1 18 -1 8 -1 29 -1 #SUP: 292
71 -1 18 -1 8 -1 71 -1 #SUP: 482
71 -1 18 -1 14 -1 8 -1 #SUP: 506
71 -1 18 -1 14 -1 14 -1 #SUP: 314
71 -1 18 -1 14 -1 18 -1 #SUP: 458
71 -1 18 -1 14 -1 71 -1 #SUP: 361
71 -1 18 -1 17 -1 8 -1 #SUP: 313
71 -1 18 -1 18 -1 8 -1 #SUP: 585
71 -1 18 -1 18 -1 14 -1 #SUP: 373
71 -1 18 -1 18 -1 18 -1 #SUP: 446
71 -1 18 -1 18 -1 71 -1 #SUP: 335
71 -1 18 -1 21 -1 8 -1 #SUP: 335
71 -1 18 -1 29 -1 8 -1 #SUP: 330
71 -1 18 -1 71 -1 8 -1 #SUP: 503
71 -1 18 -1 71 -1 14 -1 #SUP: 316
71 -1 18 -1 71 -1 18 -1 #SUP: 394
71 -1 18 -1 71 -1 71 -1 #SUP: 371
18 -1 92 -1 8 -1 18 -1 #SUP: 300
18 -1 96 -1 8 -1 8 -1 #SUP: 331
18 -1 96 -1 8 -1 18 -1 #SUP: 399
18 -1 96 -1 18 -1 8 -1 #SUP: 324
96 -1 18 -1 8 -1 8 -1 #SUP: 299
96 -1 18 -1 8 -1 18 -1 #SUP: 347
18 -1 103 -1 8 -1 18 -1 #SUP: 299
103 -1 18 -1 8 -1 8 -1 #SUP: 321
103 -1 18 -1 8 -1 18 -1 #SUP: 331
18 -1 290 -1 8 -1 8 -1 #SUP: 306
18 -1 290 -1 8 -1 18 -1 #SUP: 352
18 -1 290 -1 18 -1 8 -1 #SUP: 298
290 -1 18 -1 8 -1 8 -1 #SUP: 327
290 -1 18 -1 8 -1 18 -1 #SUP: 371
310 -1 18 -1 8 -1 8 -1 #SUP: 305
310 -1 18 -1 8 -1 18 -1 #SUP: 327
21 -1 21 -1 8 -1 8 -1 #SUP: 325
21 -1 21 -1 8 -1 18 -1 #SUP: 365
21 -1 21 -1 18 -1 8 -1 #SUP: 293
21 -1 29 -1 8 -1 8 -1 #SUP: 313
21 -1 29 -1 8 -1 18 -1 #SUP: 334
29 -1 21 -1 8 -1 8 -1 #SUP: 431
29 -1 21 -1 8 -1 14 -1 #SUP: 310
29 -1 21 -1 8 -1 18 -1 #SUP: 483
29 -1 21 -1 18 -1 8 -1 #SUP: 363
21 -1 71 -1 8 -1 8 -1 #SUP: 384
21 -1 71 -1 8 -1 18 -1 #SUP: 434
21 -1 71 -1 18 -1 8 -1 #SUP: 359
71 -1 21 -1 8 -1 8 -1 #SUP: 391
71 -1 21 -1 8 -1 18 -1 #SUP: 446
71 -1 21 -1 18 -1 8 -1 #SUP: 343
29 -1 29 -1 8 -1 8 -1 #SUP: 366
29 -1 29 -1 8 -1 18 -1 #SUP: 405
29 -1 29 -1 18 -1 8 -1 #SUP: 325
29 -1 71 -1 8 -1 8 -1 #SUP: 518
29 -1 71 -1 8 -1 14 -1 #SUP: 379
29 -1 71 -1 8 -1 18 -1 #SUP: 636
29 -1 71 -1 8 -1 71 -1 #SUP: 386
29 -1 71 -1 14 -1 8 -1 #SUP: 379
29 -1 71 -1 14 -1 18 -1 #SUP: 348
29 -1 71 -1 14 -1 71 -1 #SUP: 301
29 -1 71 -1 18 -1 8 -1 #SUP: 496
29 -1 71 -1 18 -1 14 -1 #SUP: 318
29 -1 71 -1 18 -1 18 -1 #SUP: 379
29 -1 71 -1 18 -1 71 -1 #SUP: 314
29 -1 71 -1 71 -1 8 -1 #SUP: 393
29 -1 71 -1 71 -1 18 -1 #SUP: 325
29 -1 71 -1 71 -1 71 -1 #SUP: 312
71 -1 29 -1 8 -1 8 -1 #SUP: 397
71 -1 29 -1 8 -1 18 -1 #SUP: 445
71 -1 29 -1 18 -1 8 -1 #SUP: 357
71 -1 29 -1 71 -1 8 -1 #SUP: 335
30 -1 71 -1 8 -1 18 -1 #SUP: 330
52 -1 39 -1 8 -1 18 -1 #SUP: 296
40 -1 71 -1 8 -1 8 -1 #SUP: 327
40 -1 71 -1 8 -1 18 -1 #SUP: 387
40 -1 71 -1 18 -1 8 -1 #SUP: 313
71 -1 40 -1 8 -1 18 -1 #SUP: 300
52 -1 71 -1 8 -1 18 -1 #SUP: 331
71 -1 71 -1 8 -1 8 -1 #SUP: 561
71 -1 71 -1 8 -1 14 -1 #SUP: 395
71 -1 71 -1 8 -1 18 -1 #SUP: 668
71 -1 71 -1 8 -1 71 -1 #SUP: 437
71 -1 71 -1 14 -1 8 -1 #SUP: 405
71 -1 71 -1 14 -1 18 -1 #SUP: 378
71 -1 71 -1 14 -1 71 -1 #SUP: 342
71 -1 71 -1 18 -1 8 -1 #SUP: 511
71 -1 71 -1 18 -1 14 -1 #SUP: 339
71 -1 71 -1 18 -1 18 -1 #SUP: 380
71 -1 71 -1 18 -1 71 -1 #SUP: 341
71 -1 71 -1 71 -1 8 -1 #SUP: 446
71 -1 71 -1 71 -1 14 -1 #SUP: 299
71 -1 71 -1 71 -1 18 -1 #SUP: 370
71 -1 71 -1 71 -1 71 -1 #SUP: 332
96 -1 71 -1 8 -1 18 -1 #SUP: 309
71 -1 290 -1 8 -1 8 -1 #SUP: 298
71 -1 290 -1 8 -1 18 -1 #SUP: 348
71 -1 290 -1 18 -1 8 -1 #SUP: 303
290 -1 71 -1 8 -1 18 -1 #SUP: 319
1 -1 1 -1 1 -1 8 -1 8 -1 #SUP: 702
1 -1 1 -1 1 -1 8 -1 14 -1 #SUP: 496
1 -1 1 -1 1 -1 8 -1 17 -1 #SUP: 415
1 -1 1 -1 1 -1 8 -1 18 -1 #SUP: 792
1 -1 1 -1 1 -1 8 -1 21 -1 #SUP: 337
1 -1 1 -1 1 -1 8 -1 29 -1 #SUP: 348
1 -1 1 -1 1 -1 8 -1 71 -1 #SUP: 463
1 -1 1 -1 1 -1 14 -1 8 -1 #SUP: 438
1 -1 1 -1 1 -1 14 -1 14 -1 #SUP: 297
1 -1 1 -1 1 -1 14 -1 18 -1 #SUP: 419
1 -1 1 -1 1 -1 14 -1 71 -1 #SUP: 297
1 -1 1 -1 1 -1 17 -1 8 -1 #SUP: 467
1 -1 1 -1 1 -1 17 -1 14 -1 #SUP: 316
1 -1 1 -1 1 -1 17 -1 18 -1 #SUP: 459
1 -1 1 -1 1 -1 17 -1 71 -1 #SUP: 360
1 -1 1 -1 1 -1 18 -1 8 -1 #SUP: 712
1 -1 1 -1 1 -1 18 -1 14 -1 #SUP: 481
1 -1 1 -1 1 -1 18 -1 17 -1 #SUP: 403
1 -1 1 -1 1 -1 18 -1 18 -1 #SUP: 636
1 -1 1 -1 1 -1 18 -1 21 -1 #SUP: 334
1 -1 1 -1 1 -1 18 -1 29 -1 #SUP: 328
1 -1 1 -1 1 -1 18 -1 71 -1 #SUP: 456
1 -1 1 -1 1 -1 21 -1 8 -1 #SUP: 388
1 -1 1 -1 1 -1 21 -1 18 -1 #SUP: 346
1 -1 1 -1 1 -1 29 -1 8 -1 #SUP: 403
1 -1 1 -1 1 -1 29 -1 18 -1 #SUP: 385
1 -1 1 -1 1 -1 29 -1 71 -1 #SUP: 311
1 -1 1 -1 1 -1 40 -1 8 -1 #SUP: 315
1 -1 1 -1 1 -1 40 -1 18 -1 #SUP: 311
1 -1 1 -1 1 -1 71 -1 8 -1 #SUP: 489
1 -1 1 -1 1 -1 71 -1 14 -1 #SUP: 336
1 -1 1 -1 1 -1 71 -1 18 -1 #SUP: 432
1 -1 1 -1 1 -1 71 -1 71 -1 #SUP: 362
1 -1 1 -1 8 -1 8 -1 8 -1 #SUP: 462
1 -1 1 -1 8 -1 8 -1 14 -1 #SUP: 343
1 -1 1 -1 8 -1 8 -1 18 -1 #SUP: 513
1 -1 1 -1 8 -1 8 -1 71 -1 #SUP: 300
1 -1 1 -1 8 -1 14 -1 8 -1 #SUP: 344
1 -1 1 -1 8 -1 14 -1 18 -1 #SUP: 327
1 -1 1 -1 8 -1 18 -1 8 -1 #SUP: 559
1 -1 1 -1 8 -1 18 -1 14 -1 #SUP: 378
1 -1 1 -1 8 -1 18 -1 18 -1 #SUP: 475
1 -1 1 -1 8 -1 18 -1 71 -1 #SUP: 339
1 -1 1 -1 8 -1 71 -1 8 -1 #SUP: 325
1 -1 1 -1 14 -1 8 -1 18 -1 #SUP: 318
1 -1 1 -1 17 -1 8 -1 18 -1 #SUP: 343
1 -1 1 -1 18 -1 8 -1 8 -1 #SUP: 466
1 -1 1 -1 18 -1 8 -1 14 -1 #SUP: 335
1 -1 1 -1 18 -1 8 -1 18 -1 #SUP: 533
1 -1 1 -1 18 -1 8 -1 71 -1 #SUP: 307
1 -1 1 -1 18 -1 14 -1 8 -1 #SUP: 313
1 -1 1 -1 18 -1 14 -1 18 -1 #SUP: 303
1 -1 1 -1 18 -1 18 -1 8 -1 #SUP: 417
1 -1 1 -1 18 -1 18 -1 18 -1 #SUP: 359
1 -1 1 -1 18 -1 71 -1 8 -1 #SUP: 316
1 -1 1 -1 21 -1 8 -1 18 -1 #SUP: 293
1 -1 1 -1 29 -1 8 -1 18 -1 #SUP: 314
1 -1 1 -1 71 -1 8 -1 8 -1 #SUP: 303
1 -1 1 -1 71 -1 8 -1 18 -1 #SUP: 351
1 -1 8 -1 8 -1 8 -1 8 -1 #SUP: 304
1 -1 8 -1 8 -1 8 -1 18 -1 #SUP: 317
1 -1 8 -1 8 -1 18 -1 8 -1 #SUP: 356
1 -1 8 -1 8 -1 18 -1 18 -1 #SUP: 303
1 -1 8 -1 18 -1 8 -1 8 -1 #SUP: 369
1 -1 8 -1 18 -1 8 -1 18 -1 #SUP: 401
1 -1 8 -1 18 -1 18 -1 8 -1 #SUP: 324
1 -1 18 -1 8 -1 8 -1 8 -1 #SUP: 296
1 -1 18 -1 8 -1 8 -1 18 -1 #SUP: 325
1 -1 18 -1 8 -1 18 -1 8 -1 #SUP: 364
1 -1 18 -1 8 -1 18 -1 18 -1 #SUP: 293
3 -1 8 -1 18 -1 8 -1 8 -1 #SUP: 300
3 -1 8 -1 18 -1 8 -1 18 -1 #SUP: 319
8 -1 3 -1 8 -1 18 -1 8 -1 #SUP: 309
8 -1 8 -1 8 -1 8 -1 8 -1 #SUP: 751
8 -1 8 -1 8 -1 8 -1 14 -1 #SUP: 507
8 -1 8 -1 8 -1 8 -1 18 -1 #SUP: 768
8 -1 8 -1 8 -1 8 -1 21 -1 #SUP: 297
8 -1 8 -1 8 -1 8 -1 71 -1 #SUP: 435
8 -1 8 -1 8 -1 14 -1 8 -1 #SUP: 571
8 -1 8 -1 8 -1 14 -1 14 -1 #SUP: 345
8 -1 8 -1 8 -1 14 -1 18 -1 #SUP: 524
8 -1 8 -1 8 -1 14 -1 71 -1 #SUP: 344
8 -1 8 -1 8 -1 17 -1 8 -1 #SUP: 343
8 -1 8 -1 8 -1 18 -1 8 -1 #SUP: 874
8 -1 8 -1 8 -1 18 -1 14 -1 #SUP: 573
8 -1 8 -1 8 -1 18 -1 17 -1 #SUP: 303
8 -1 8 -1 8 -1 18 -1 18 -1 #SUP: 618
8 -1 8 -1 8 -1 18 -1 21 -1 #SUP: 340
8 -1 8 -1 8 -1 18 -1 29 -1 #SUP: 347
8 -1 8 -1 8 -1 18 -1 71 -1 #SUP: 442
8 -1 8 -1 8 -1 21 -1 8 -1 #SUP: 391
8 -1 8 -1 8 -1 21 -1 18 -1 #SUP: 299
8 -1 8 -1 8 -1 29 -1 8 -1 #SUP: 316
8 -1 8 -1 8 -1 71 -1 8 -1 #SUP: 487
8 -1 8 -1 8 -1 71 -1 14 -1 #SUP: 303
8 -1 8 -1 8 -1 71 -1 18 -1 #SUP: 369
8 -1 8 -1 8 -1 71 -1 71 -1 #SUP: 310
8 -1 8 -1 14 -1 8 -1 8 -1 #SUP: 555
8 -1 8 -1 14 -1 8 -1 14 -1 #SUP: 383
8 -1 8 -1 14 -1 8 -1 18 -1 #SUP: 647
8 -1 8 -1 14 -1 8 -1 71 -1 #SUP: 338
8 -1 8 -1 14 -1 14 -1 8 -1 #SUP: 383
8 -1 8 -1 14 -1 14 -1 18 -1 #SUP: 341
8 -1 8 -1 14 -1 18 -1 8 -1 #SUP: 561
8 -1 8 -1 14 -1 18 -1 14 -1 #SUP: 341
8 -1 8 -1 14 -1 18 -1 18 -1 #SUP: 389
8 -1 8 -1 14 -1 21 -1 8 -1 #SUP: 294
8 -1 8 -1 14 -1 71 -1 8 -1 #SUP: 377
8 -1 8 -1 14 -1 71 -1 18 -1 #SUP: 292
8 -1 8 -1 17 -1 8 -1 8 -1 #SUP: 351
8 -1 8 -1 17 -1 8 -1 18 -1 #SUP: 403
8 -1 8 -1 17 -1 18 -1 8 -1 #SUP: 337
8 -1 8 -1 18 -1 8 -1 8 -1 #SUP: 874
8 -1 8 -1 18 -1 8 -1 14 -1 #SUP: 623
8 -1 8 -1 18 -1 8 -1 17 -1 #SUP: 352
8 -1 8 -1 18 -1 8 -1 18 -1 #SUP: 929
8 -1 8 -1 18 -1 8 -1 21 -1 #SUP: 388
8 -1 8 -1 18 -1 8 -1 29 -1 #SUP: 351
8 -1 8 -1 18 -1 8 -1 71 -1 #SUP: 528
8 -1 8 -1 18 -1 14 -1 8 -1 #SUP: 602
8 -1 8 -1 18 -1 14 -1 14 -1 #SUP: 377
8 -1 8 -1 18 -1 14 -1 18 -1 #SUP: 563
8 -1 8 -1 18 -1 14 -1 71 -1 #SUP: 383
8 -1 8 -1 18 -1 17 -1 8 -1 #SUP: 374
8 -1 8 -1 18 -1 17 -1 18 -1 #SUP: 322
8 -1 8 -1 18 -1 18 -1 8 -1 #SUP: 729
8 -1 8 -1 18 -1 18 -1 14 -1 #SUP: 462
8 -1 8 -1 18 -1 18 -1 18 -1 #SUP: 558
8 -1 8 -1 18 -1 18 -1 71 -1 #SUP: 371
8 -1 8 -1 18 -1 21 -1 8 -1 #SUP: 410
8 -1 8 -1 18 -1 21 -1 18 -1 #SUP: 322
8 -1 8 -1 18 -1 29 -1 8 -1 #SUP: 396
8 -1 8 -1 18 -1 29 -1 18 -1 #SUP: 321
8 -1 8 -1 18 -1 71 -1 8 -1 #SUP: 522
8 -1 8 -1 18 -1 71 -1 14 -1 #SUP: 324
8 -1 8 -1 18 -1 71 -1 18 -1 #SUP: 421
8 -1 8 -1 18 -1 71 -1 71 -1 #SUP: 360
8 -1 8 -1 21 -1 8 -1 8 -1 #SUP: 368
8 -1 8 -1 21 -1 8 -1 18 -1 #SUP: 424
8 -1 8 -1 21 -1 18 -1 8 -1 #SUP: 322
8 -1 8 -1 29 -1 8 -1 8 -1 #SUP: 379
8 -1 8 -1 29 -1 8 -1 18 -1 #SUP: 399
8 -1 8 -1 29 -1 18 -1 8 -1 #SUP: 338
8 -1 8 -1 71 -1 8 -1 8 -1 #SUP: 469
8 -1 8 -1 71 -1 8 -1 14 -1 #SUP: 332
8 -1 8 -1 71 -1 8 -1 18 -1 #SUP: 545
8 -1 8 -1 71 -1 8 -1 71 -1 #SUP: 342
8 -1 8 -1 71 -1 14 -1 8 -1 #SUP: 314
8 -1 8 -1 71 -1 18 -1 8 -1 #SUP: 425
8 -1 8 -1 71 -1 71 -1 8 -1 #SUP: 344
8 -1 14 -1 8 -1 8 -1 8 -1 #SUP: 497
8 -1 14 -1 8 -1 8 -1 14 -1 #SUP: 376
8 -1 14 -1 8 -1 8 -1 18 -1 #SUP: 553
8 -1 14 -1 8 -1 14 -1 8 -1 #SUP: 396
8 -1 14 -1 8 -1 14 -1 18 -1 #SUP: 362
8 -1 14 -1 8 -1 18 -1 8 -1 #SUP: 644
8 -1 14 -1 8 -1 18 -1 14 -1 #SUP: 413
8 -1 14 -1 8 -1 18 -1 18 -1 #SUP: 466
8 -1 14 -1 8 -1 18 -1 71 -1 #SUP: 340
8 -1 14 -1 8 -1 71 -1 8 -1 #SUP: 339
8 -1 14 -1 14 -1 8 -1 8 -1 #SUP: 345
8 -1 14 -1 14 -1 8 -1 18 -1 #SUP: 402
8 -1 14 -1 14 -1 18 -1 8 -1 #SUP: 349
8 -1 14 -1 18 -1 8 -1 8 -1 #SUP: 472
8 -1 14 -1 18 -1 8 -1 14 -1 #SUP: 361
8 -1 14 -1 18 -1 8 -1 18 -1 #SUP: 527
8 -1 14 -1 18 -1 14 -1 8 -1 #SUP: 353
8 -1 14 -1 18 -1 14 -1 18 -1 #SUP: 321
8 -1 14 -1 18 -1 18 -1 8 -1 #SUP: 386
8 -1 14 -1 18 -1 18 -1 18 -1 #SUP: 298
8 -1 14 -1 18 -1 71 -1 8 -1 #SUP: 297
8 -1 14 -1 21 -1 8 -1 18 -1 #SUP: 316
8 -1 14 -1 71 -1 8 -1 8 -1 #SUP: 317
8 -1 14 -1 71 -1 8 -1 18 -1 #SUP: 398
8 -1 14 -1 71 -1 18 -1 8 -1 #SUP: 293
14 -1 8 -1 8 -1 8 -1 8 -1 #SUP: 401
14 -1 8 -1 8 -1 8 -1 18 -1 #SUP: 429
14 -1 8 -1 8 -1 14 -1 8 -1 #SUP: 320
14 -1 8 -1 8 -1 18 -1 8 -1 #SUP: 504
14 -1 8 -1 8 -1 18 -1 14 -1 #SUP: 316
14 -1 8 -1 8 -1 18 -1 18 -1 #SUP: 356
14 -1 8 -1 14 -1 8 -1 8 -1 #SUP: 318
14 -1 8 -1 14 -1 8 -1 18 -1 #SUP: 382
14 -1 8 -1 14 -1 18 -1 8 -1 #SUP: 319
14 -1 8 -1 18 -1 8 -1 8 -1 #SUP: 505
14 -1 8 -1 18 -1 8 -1 14 -1 #SUP: 370
14 -1 8 -1 18 -1 8 -1 18 -1 #SUP: 562
14 -1 8 -1 18 -1 8 -1 71 -1 #SUP: 315
14 -1 8 -1 18 -1 14 -1 8 -1 #SUP: 358
14 -1 8 -1 18 -1 14 -1 18 -1 #SUP: 324
14 -1 8 -1 18 -1 18 -1 8 -1 #SUP: 405
14 -1 8 -1 18 -1 18 -1 18 -1 #SUP: 303
14 -1 8 -1 18 -1 71 -1 8 -1 #SUP: 298
14 -1 8 -1 71 -1 8 -1 18 -1 #SUP: 315
8 -1 17 -1 8 -1 8 -1 8 -1 #SUP: 383
8 -1 17 -1 8 -1 8 -1 18 -1 #SUP: 398
8 -1 17 -1 8 -1 18 -1 8 -1 #SUP: 476
8 -1 17 -1 8 -1 18 -1 14 -1 #SUP: 296
8 -1 17 -1 8 -1 18 -1 18 -1 #SUP: 339
8 -1 17 -1 14 -1 8 -1 18 -1 #SUP: 296
8 -1 17 -1 18 -1 8 -1 8 -1 #SUP: 335
8 -1 17 -1 18 -1 8 -1 18 -1 #SUP: 373
8 -1 17 -1 71 -1 8 -1 18 -1 #SUP: 346
17 -1 8 -1 8 -1 8 -1 8 -1 #SUP: 410
17 -1 8 -1 8 -1 8 -1 18 -1 #SUP: 434
17 -1 8 -1 8 -1 14 -1 8 -1 #SUP: 320
17 -1 8 -1 8 -1 14 -1 18 -1 #SUP: 294
17 -1 8 -1 8 -1 18 -1 8 -1 #SUP: 497
17 -1 8 -1 8 -1 18 -1 14 -1 #SUP: 295
17 -1 8 -1 8 -1 18 -1 18 -1 #SUP: 346
17 -1 8 -1 14 -1 8 -1 8 -1 #SUP: 321
17 -1 8 -1 14 -1 8 -1 18 -1 #SUP: 357
17 -1 8 -1 14 -1 18 -1 8 -1 #SUP: 317
17 -1 8 -1 18 -1 8 -1 8 -1 #SUP: 505
17 -1 8 -1 18 -1 8 -1 14 -1 #SUP: 355
17 -1 8 -1 18 -1 8 -1 18 -1 #SUP: 548
17 -1 8 -1 18 -1 8 -1 71 -1 #SUP: 310
17 -1 8 -1 18 -1 14 -1 8 -1 #SUP: 367
17 -1 8 -1 18 -1 14 -1 18 -1 #SUP: 331
17 -1 8 -1 18 -1 18 -1 8 -1 #SUP: 422
17 -1 8 -1 18 -1 18 -1 18 -1 #SUP: 324
17 -1 8 -1 18 -1 71 -1 8 -1 #SUP: 305
17 -1 8 -1 71 -1 8 -1 18 -1 #SUP: 306
8 -1 18 -1 3 -1 8 -1 18 -1 #SUP: 321
8 -1 18 -1 8 -1 3 -1 8 -1 #SUP: 303
8 -1 18 -1 8 -1 8 -1 8 -1 #SUP: 921
8 -1 18 -1 8 -1 8 -1 14 -1 #SUP: 656
8 -1 18 -1 8 -1 8 -1 17 -1 #SUP: 361
8 -1 18 -1 8 -1 8 -1 18 -1 #SUP: 1027
8 -1 18 -1 8 -1 8 -1 21 -1 #SUP: 394
8 -1 18 -1 8 -1 8 -1 29 -1 #SUP: 368
8 -1 18 -1 8 -1 8 -1 71 -1 #SUP: 564
8 -1 18 -1 8 -1 14 -1 8 -1 #SUP: 721
8 -1 18 -1 8 -1 14 -1 14 -1 #SUP: 433
8 -1 18 -1 8 -1 14 -1 18 -1 #SUP: 662
8 -1 18 -1 8 -1 14 -1 21 -1 #SUP: 298
8 -1 18 -1 8 -1 14 -1 29 -1 #SUP: 292
8 -1 18 -1 8 -1 14 -1 71 -1 #SUP: 449
8 -1 18 -1 8 -1 17 -1 8 -1 #SUP: 454
8 -1 18 -1 8 -1 17 -1 18 -1 #SUP: 398
8 -1 18 -1 8 -1 17 -1 71 -1 #SUP: 309
8 -1 18 -1 8 -1 18 -1 8 -1 #SUP: 1078
8 -1 18 -1 8 -1 18 -1 14 -1 #SUP: 685
8 -1 18 -1 8 -1 18 -1 17 -1 #SUP: 395
8 -1 18 -1 8 -1 18 -1 18 -1 #SUP: 819
8 -1 18 -1 8 -1 18 -1 21 -1 #SUP: 415
8 -1 18 -1 8 -1 18 -1 29 -1 #SUP: 440
8 -1 18 -1 8 -1 18 -1 40 -1 #SUP: 303
8 -1 18 -1 8 -1 18 -1 71 -1 #SUP: 585
8 -1 18 -1 8 -1 21 -1 8 -1 #SUP: 484
8 -1 18 -1 8 -1 21 -1 14 -1 #SUP: 297
8 -1 18 -1 8 -1 21 -1 18 -1 #SUP: 381
8 -1 18 -1 8 -1 29 -1 8 -1 #SUP: 453
8 -1 18 -1 8 -1 29 -1 18 -1 #SUP: 375
8 -1 18 -1 8 -1 29 -1 71 -1 #SUP: 323
8 -1 18 -1 8 -1 71 -1 8 -1 #SUP: 635
8 -1 18 -1 8 -1 71 -1 14 -1 #SUP: 397
8 -1 18 -1 8 -1 71 -1 18 -1 #SUP: 509
8 -1 18 -1 8 -1 71 -1 71 -1 #SUP: 429
8 -1 18 -1 8 -1 96 -1 8 -1 #SUP: 300
8 -1 18 -1 14 -1 8 -1 8 -1 #SUP: 614
8 -1 18 -1 14 -1 8 -1 14 -1 #SUP: 428
8 -1 18 -1 14 -1 8 -1 18 -1 #SUP: 724
8 -1 18 -1 14 -1 8 -1 71 -1 #SUP: 372
8 -1 18 -1 14 -1 14 -1 8 -1 #SUP: 429
8 -1 18 -1 14 -1 14 -1 18 -1 #SUP: 389
8 -1 18 -1 14 -1 18 -1 8 -1 #SUP: 626
8 -1 18 -1 14 -1 18 -1 14 -1 #SUP: 392
8 -1 18 -1 14 -1 18 -1 18 -1 #SUP: 458
8 -1 18 -1 14 -1 18 -1 71 -1 #SUP: 333
8 -1 18 -1 14 -1 21 -1 8 -1 #SUP: 323
8 -1 18 -1 14 -1 71 -1 8 -1 #SUP: 428
8 -1 18 -1 14 -1 71 -1 18 -1 #SUP: 342
8 -1 18 -1 14 -1 71 -1 71 -1 #SUP: 302
8 -1 18 -1 17 -1 8 -1 8 -1 #SUP: 412
8 -1 18 -1 17 -1 8 -1 14 -1 #SUP: 294
8 -1 18 -1 17 -1 8 -1 18 -1 #SUP: 511
8 -1 18 -1 17 -1 18 -1 8 -1 #SUP: 408
8 -1 18 -1 17 -1 18 -1 18 -1 #SUP: 300
8 -1 18 -1 17 -1 71 -1 8 -1 #SUP: 348
8 -1 18 -1 18 -1 8 -1 8 -1 #SUP: 731
8 -1 18 -1 18 -1 8 -1 14 -1 #SUP: 539
8 -1 18 -1 18 -1 8 -1 18 -1 #SUP: 815
8 -1 18 -1 18 -1 8 -1 21 -1 #SUP: 306
8 -1 18 -1 18 -1 8 -1 29 -1 #SUP: 303
8 -1 18 -1 18 -1 8 -1 71 -1 #SUP: 452
8 -1 18 -1 18 -1 14 -1 8 -1 #SUP: 512
8 -1 18 -1 18 -1 14 -1 14 -1 #SUP: 312
8 -1 18 -1 18 -1 14 -1 18 -1 #SUP: 502
8 -1 18 -1 18 -1 14 -1 71 -1 #SUP: 326
8 -1 18 -1 18 -1 17 -1 8 -1 #SUP: 304
8 -1 18 -1 18 -1 18 -1 8 -1 #SUP: 646
8 -1 18 -1 18 -1 18 -1 14 -1 #SUP: 413
8 -1 18 -1 18 -1 18 -1 18 -1 #SUP: 504
8 -1 18 -1 18 -1 18 -1 71 -1 #SUP: 353
8 -1 18 -1 18 -1 21 -1 8 -1 #SUP: 338
8 -1 18 -1 18 -1 29 -1 8 -1 #SUP: 342
8 -1 18 -1 18 -1 29 -1 18 -1 #SUP: 296
8 -1 18 -1 18 -1 71 -1 8 -1 #SUP: 449
8 -1 18 -1 18 -1 71 -1 14 -1 #SUP: 299
8 -1 18 -1 18 -1 71 -1 18 -1 #SUP: 372
8 -1 18 -1 18 -1 71 -1 71 -1 #SUP: 313
8 -1 18 -1 21 -1 8 -1 8 -1 #SUP: 427
8 -1 18 -1 21 -1 8 -1 14 -1 #SUP: 300
8 -1 18 -1 21 -1 8 -1 18 -1 #SUP: 490
8 -1 18 -1 21 -1 18 -1 8 -1 #SUP: 377
8 -1 18 -1 29 -1 8 -1 8 -1 #SUP: 439
8 -1 18 -1 29 -1 8 -1 14 -1 #SUP: 306
8 -1 18 -1 29 -1 8 -1 18 -1 #SUP: 486
8 -1 18 -1 29 -1 14 -1 8 -1 #SUP: 303
8 -1 18 -1 29 -1 17 -1 8 -1 #SUP: 306
8 -1 18 -1 29 -1 18 -1 8 -1 #SUP: 400
8 -1 18 -1 29 -1 18 -1 18 -1 #SUP: 307
8 -1 18 -1 29 -1 71 -1 8 -1 #SUP: 347
8 -1 18 -1 40 -1 8 -1 18 -1 #SUP: 308
8 -1 18 -1 40 -1 18 -1 8 -1 #SUP: 302
8 -1 18 -1 71 -1 8 -1 8 -1 #SUP: 529
8 -1 18 -1 71 -1 8 -1 14 -1 #SUP: 376
8 -1 18 -1 71 -1 8 -1 18 -1 #SUP: 645
8 -1 18 -1 71 -1 8 -1 71 -1 #SUP: 390
8 -1 18 -1 71 -1 14 -1 8 -1 #SUP: 384
8 -1 18 -1 71 -1 14 -1 18 -1 #SUP: 344
8 -1 18 -1 71 -1 14 -1 71 -1 #SUP: 299
8 -1 18 -1 71 -1 18 -1 8 -1 #SUP: 496
8 -1 18 -1 71 -1 18 -1 14 -1 #SUP: 304
8 -1 18 -1 71 -1 18 -1 18 -1 #SUP: 363
8 -1 18 -1 71 -1 18 -1 71 -1 #SUP: 302
8 -1 18 -1 71 -1 71 -1 8 -1 #SUP: 403
8 -1 18 -1 71 -1 71 -1 18 -1 #SUP: 315
8 -1 18 -1 96 -1 8 -1 18 -1 #SUP: 310
18 -1 8 -1 8 -1 8 -1 8 -1 #SUP: 686
18 -1 8 -1 8 -1 8 -1 14 -1 #SUP: 460
18 -1 8 -1 8 -1 8 -1 18 -1 #SUP: 726
18 -1 8 -1 8 -1 8 -1 71 -1 #SUP: 415
18 -1 8 -1 8 -1 14 -1 8 -1 #SUP: 516
18 -1 8 -1 8 -1 14 -1 14 -1 #SUP: 307
18 -1 8 -1 8 -1 14 -1 18 -1 #SUP: 483
18 -1 8 -1 8 -1 14 -1 71 -1 #SUP: 309
18 -1 8 -1 8 -1 17 -1 8 -1 #SUP: 309
18 -1 8 -1 8 -1 18 -1 8 -1 #SUP: 851
18 -1 8 -1 8 -1 18 -1 14 -1 #SUP: 511
18 -1 8 -1 8 -1 18 -1 17 -1 #SUP: 297
18 -1 8 -1 8 -1 18 -1 18 -1 #SUP: 610
18 -1 8 -1 8 -1 18 -1 21 -1 #SUP: 316
18 -1 8 -1 8 -1 18 -1 29 -1 #SUP: 336
18 -1 8 -1 8 -1 18 -1 71 -1 #SUP: 433
18 -1 8 -1 8 -1 21 -1 8 -1 #SUP: 337
18 -1 8 -1 8 -1 29 -1 8 -1 #SUP: 297
18 -1 8 -1 8 -1 71 -1 8 -1 #SUP: 429
18 -1 8 -1 8 -1 71 -1 18 -1 #SUP: 333
18 -1 8 -1 14 -1 8 -1 8 -1 #SUP: 500
18 -1 8 -1 14 -1 8 -1 14 -1 #SUP: 349
18 -1 8 -1 14 -1 8 -1 18 -1 #SUP: 597
18 -1 8 -1 14 -1 8 -1 71 -1 #SUP: 305
18 -1 8 -1 14 -1 14 -1 8 -1 #SUP: 348
18 -1 8 -1 14 -1 14 -1 18 -1 #SUP: 320
18 -1 8 -1 14 -1 18 -1 8 -1 #SUP: 536
18 -1 8 -1 14 -1 18 -1 14 -1 #SUP: 329
18 -1 8 -1 14 -1 18 -1 18 -1 #SUP: 386
18 -1 8 -1 14 -1 71 -1 8 -1 #SUP: 330
18 -1 8 -1 17 -1 8 -1 8 -1 #SUP: 315
18 -1 8 -1 17 -1 8 -1 18 -1 #SUP: 387
18 -1 8 -1 17 -1 18 -1 8 -1 #SUP: 317
18 -1 8 -1 18 -1 8 -1 8 -1 #SUP: 807
18 -1 8 -1 18 -1 8 -1 14 -1 #SUP: 578
18 -1 8 -1 18 -1 8 -1 17 -1 #SUP: 317
18 -1 8 -1 18 -1 8 -1 18 -1 #SUP: 872
18 -1 8 -1 18 -1 8 -1 21 -1 #SUP: 337
18 -1 8 -1 18 -1 8 -1 29 -1 #SUP: 344
18 -1 8 -1 18 -1 8 -1 71 -1 #SUP: 508
18 -1 8 -1 18 -1 14 -1 8 -1 #SUP: 552
18 -1 8 -1 18 -1 14 -1 14 -1 #SUP: 343
18 -1 8 -1 18 -1 14 -1 18 -1 #SUP: 527
18 -1 8 -1 18 -1 14 -1 71 -1 #SUP: 363
18 -1 8 -1 18 -1 17 -1 8 -1 #SUP: 354
18 -1 8 -1 18 -1 17 -1 18 -1 #SUP: 309
18 -1 8 -1 18 -1 18 -1 8 -1 #SUP: 695
18 -1 8 -1 18 -1 18 -1 14 -1 #SUP: 438
18 -1 8 -1 18 -1 18 -1 18 -1 #SUP: 534
18 -1 8 -1 18 -1 18 -1 71 -1 #SUP: 376
18 -1 8 -1 18 -1 21 -1 8 -1 #SUP: 372
18 -1 8 -1 18 -1 21 -1 18 -1 #SUP: 302
18 -1 8 -1 18 -1 29 -1 8 -1 #SUP: 361
18 -1 8 -1 18 -1 29 -1 18 -1 #SUP: 311
18 -1 8 -1 18 -1 71 -1 8 -1 #SUP: 470
18 -1 8 -1 18 -1 71 -1 14 -1 #SUP: 312
18 -1 8 -1 18 -1 71 -1 18 -1 #SUP: 387
18 -1 8 -1 18 -1 71 -1 71 -1 #SUP: 333
18 -1 8 -1 21 -1 8 -1 8 -1 #SUP: 362
18 -1 8 -1 21 -1 8 -1 18 -1 #SUP: 417
18 -1 8 -1 21 -1 18 -1 8 -1 #SUP: 325
18 -1 8 -1 29 -1 8 -1 8 -1 #SUP: 330
18 -1 8 -1 29 -1 8 -1 18 -1 #SUP: 360
18 -1 8 -1 29 -1 18 -1 8 -1 #SUP: 310
18 -1 8 -1 71 -1 8 -1 8 -1 #SUP: 446
18 -1 8 -1 71 -1 8 -1 14 -1 #SUP: 304
18 -1 8 -1 71 -1 8 -1 18 -1 #SUP: 523
18 -1 8 -1 71 -1 8 -1 71 -1 #SUP: 326
18 -1 8 -1 71 -1 14 -1 8 -1 #SUP: 298
18 -1 8 -1 71 -1 18 -1 8 -1 #SUP: 403
18 -1 8 -1 71 -1 71 -1 8 -1 #SUP: 308
8 -1 21 -1 8 -1 8 -1 8 -1 #SUP: 362
8 -1 21 -1 8 -1 8 -1 18 -1 #SUP: 409
8 -1 21 -1 8 -1 18 -1 8 -1 #SUP: 475
8 -1 21 -1 8 -1 18 -1 14 -1 #SUP: 294
8 -1 21 -1 8 -1 18 -1 18 -1 #SUP: 338
8 -1 21 -1 18 -1 8 -1 8 -1 #SUP: 328
8 -1 21 -1 18 -1 8 -1 18 -1 #SUP: 347
21 -1 8 -1 8 -1 8 -1 8 -1 #SUP: 401
21 -1 8 -1 8 -1 8 -1 18 -1 #SUP: 427
21 -1 8 -1 8 -1 14 -1 8 -1 #SUP: 324
21 -1 8 -1 8 -1 18 -1 8 -1 #SUP: 493
21 -1 8 -1 8 -1 18 -1 14 -1 #SUP: 310
21 -1 8 -1 8 -1 18 -1 18 -1 #SUP: 354
21 -1 8 -1 14 -1 8 -1 8 -1 #SUP: 305
21 -1 8 -1 14 -1 8 -1 18 -1 #SUP: 359
21 -1 8 -1 14 -1 18 -1 8 -1 #SUP: 306
21 -1 8 -1 18 -1 8 -1 8 -1 #SUP: 503
21 -1 8 -1 18 -1 8 -1 14 -1 #SUP: 359
21 -1 8 -1 18 -1 8 -1 18 -1 #SUP: 549
21 -1 8 -1 18 -1 8 -1 71 -1 #SUP: 309
21 -1 8 -1 18 -1 14 -1 8 -1 #SUP: 364
21 -1 8 -1 18 -1 14 -1 18 -1 #SUP: 336
21 -1 8 -1 18 -1 18 -1 8 -1 #SUP: 410
21 -1 8 -1 18 -1 18 -1 18 -1 #SUP: 312
21 -1 8 -1 18 -1 71 -1 8 -1 #SUP: 306
8 -1 29 -1 8 -1 8 -1 8 -1 #SUP: 372
8 -1 29 -1 8 -1 8 -1 18 -1 #SUP: 414
8 -1 29 -1 8 -1 14 -1 8 -1 #SUP: 300
8 -1 29 -1 8 -1 18 -1 8 -1 #SUP: 460
8 -1 29 -1 8 -1 18 -1 14 -1 #SUP: 298
8 -1 29 -1 8 -1 18 -1 18 -1 #SUP: 346
8 -1 29 -1 17 -1 8 -1 18 -1 #SUP: 295
8 -1 29 -1 18 -1 8 -1 8 -1 #SUP: 311
8 -1 29 -1 18 -1 8 -1 18 -1 #SUP: 350
8 -1 29 -1 71 -1 8 -1 18 -1 #SUP: 317
29 -1 8 -1 8 -1 8 -1 8 -1 #SUP: 411
29 -1 8 -1 8 -1 8 -1 18 -1 #SUP: 475
29 -1 8 -1 8 -1 14 -1 8 -1 #SUP: 330
29 -1 8 -1 8 -1 14 -1 18 -1 #SUP: 301
29 -1 8 -1 8 -1 18 -1 8 -1 #SUP: 537
29 -1 8 -1 8 -1 18 -1 14 -1 #SUP: 327
29 -1 8 -1 8 -1 18 -1 18 -1 #SUP: 398
29 -1 8 -1 8 -1 71 -1 8 -1 #SUP: 297
29 -1 8 -1 14 -1 8 -1 8 -1 #SUP: 328
29 -1 8 -1 14 -1 8 -1 18 -1 #SUP: 381
29 -1 8 -1 14 -1 18 -1 8 -1 #SUP: 321
29 -1 8 -1 18 -1 8 -1 8 -1 #SUP: 520
29 -1 8 -1 18 -1 8 -1 14 -1 #SUP: 360
29 -1 8 -1 18 -1 8 -1 18 -1 #SUP: 581
29 -1 8 -1 18 -1 8 -1 71 -1 #SUP: 341
29 -1 8 -1 18 -1 14 -1 8 -1 #SUP: 379
29 -1 8 -1 18 -1 14 -1 18 -1 #SUP: 351
29 -1 8 -1 18 -1 18 -1 8 -1 #SUP: 450
29 -1 8 -1 18 -1 18 -1 18 -1 #SUP: 338
29 -1 8 -1 18 -1 71 -1 8 -1 #SUP: 346
29 -1 8 -1 71 -1 8 -1 18 -1 #SUP: 342
40 -1 8 -1 8 -1 18 -1 8 -1 #SUP: 292
40 -1 8 -1 18 -1 8 -1 18 -1 #SUP: 308
8 -1 71 -1 8 -1 8 -1 8 -1 #SUP: 473
8 -1 71 -1 8 -1 8 -1 14 -1 #SUP: 314
8 -1 71 -1 8 -1 8 -1 18 -1 #SUP: 496
8 -1 71 -1 8 -1 8 -1 71 -1 #SUP: 328
8 -1 71 -1 8 -1 14 -1 8 -1 #SUP: 354
8 -1 71 -1 8 -1 14 -1 18 -1 #SUP: 313
8 -1 71 -1 8 -1 18 -1 8 -1 #SUP: 595
8 -1 71 -1 8 -1 18 -1 14 -1 #SUP: 356
8 -1 71 -1 8 -1 18 -1 18 -1 #SUP: 418
8 -1 71 -1 8 -1 18 -1 71 -1 #SUP: 363
8 -1 71 -1 8 -1 71 -1 8 -1 #SUP: 379
8 -1 71 -1 14 -1 8 -1 8 -1 #SUP: 321
8 -1 71 -1 14 -1 8 -1 18 -1 #SUP: 385
8 -1 71 -1 14 -1 18 -1 8 -1 #SUP: 320
8 -1 71 -1 18 -1 8 -1 8 -1 #SUP: 402
8 -1 71 -1 18 -1 8 -1 18 -1 #SUP: 435
8 -1 71 -1 18 -1 18 -1 8 -1 #SUP: 337
8 -1 71 -1 71 -1 8 -1 8 -1 #SUP: 328
8 -1 71 -1 71 -1 8 -1 18 -1 #SUP: 385
71 -1 8 -1 8 -1 8 -1 8 -1 #SUP: 422
71 -1 8 -1 8 -1 8 -1 14 -1 #SUP: 297
71 -1 8 -1 8 -1 8 -1 18 -1 #SUP: 482
71 -1 8 -1 8 -1 14 -1 8 -1 #SUP: 335
71 -1 8 -1 8 -1 14 -1 18 -1 #SUP: 294
71 -1 8 -1 8 -1 18 -1 8 -1 #SUP: 546
71 -1 8 -1 8 -1 18 -1 14 -1 #SUP: 329
71 -1 8 -1 8 -1 18 -1 18 -1 #SUP: 387
71 -1 8 -1 8 -1 18 -1 71 -1 #SUP: 301
71 -1 8 -1 8 -1 71 -1 8 -1 #SUP: 346
71 -1 8 -1 14 -1 8 -1 8 -1 #SUP: 336
71 -1 8 -1 14 -1 8 -1 18 -1 #SUP: 397
71 -1 8 -1 14 -1 18 -1 8 -1 #SUP: 356
71 -1 8 -1 18 -1 8 -1 8 -1 #SUP: 549
71 -1 8 -1 18 -1 8 -1 14 -1 #SUP: 363
71 -1 8 -1 18 -1 8 -1 18 -1 #SUP: 612
71 -1 8 -1 18 -1 8 -1 71 -1 #SUP: 379
71 -1 8 -1 18 -1 14 -1 8 -1 #SUP: 384
71 -1 8 -1 18 -1 14 -1 18 -1 #SUP: 341
71 -1 8 -1 18 -1 18 -1 8 -1 #SUP: 466
71 -1 8 -1 18 -1 18 -1 18 -1 #SUP: 349
71 -1 8 -1 18 -1 71 -1 8 -1 #SUP: 388
71 -1 8 -1 18 -1 71 -1 18 -1 #SUP: 305
71 -1 8 -1 71 -1 8 -1 8 -1 #SUP: 344
71 -1 8 -1 71 -1 8 -1 18 -1 #SUP: 405
71 -1 8 -1 71 -1 18 -1 8 -1 #SUP: 306
14 -1 14 -1 8 -1 8 -1 18 -1 #SUP: 296
14 -1 14 -1 8 -1 18 -1 8 -1 #SUP: 359
17 -1 14 -1 8 -1 18 -1 8 -1 #SUP: 332
14 -1 18 -1 8 -1 8 -1 8 -1 #SUP: 370
14 -1 18 -1 8 -1 8 -1 18 -1 #SUP: 425
14 -1 18 -1 8 -1 14 -1 8 -1 #SUP: 314
14 -1 18 -1 8 -1 18 -1 8 -1 #SUP: 474
14 -1 18 -1 8 -1 18 -1 14 -1 #SUP: 304
14 -1 18 -1 8 -1 18 -1 18 -1 #SUP: 342
14 -1 18 -1 14 -1 8 -1 18 -1 #SUP: 337
14 -1 18 -1 18 -1 8 -1 18 -1 #SUP: 340
18 -1 14 -1 8 -1 8 -1 8 -1 #SUP: 415
18 -1 14 -1 8 -1 8 -1 14 -1 #SUP: 317
18 -1 14 -1 8 -1 8 -1 18 -1 #SUP: 471
18 -1 14 -1 8 -1 14 -1 8 -1 #SUP: 331
18 -1 14 -1 8 -1 14 -1 18 -1 #SUP: 318
18 -1 14 -1 8 -1 18 -1 8 -1 #SUP: 561
18 -1 14 -1 8 -1 18 -1 14 -1 #SUP: 356
18 -1 14 -1 8 -1 18 -1 18 -1 #SUP: 414
18 -1 14 -1 8 -1 18 -1 71 -1 #SUP: 305
18 -1 14 -1 14 -1 8 -1 18 -1 #SUP: 356
18 -1 14 -1 14 -1 18 -1 8 -1 #SUP: 297
18 -1 14 -1 18 -1 8 -1 8 -1 #SUP: 407
18 -1 14 -1 18 -1 8 -1 14 -1 #SUP: 319
18 -1 14 -1 18 -1 8 -1 18 -1 #SUP: 466
18 -1 14 -1 18 -1 14 -1 8 -1 #SUP: 303
18 -1 14 -1 18 -1 18 -1 8 -1 #SUP: 338
18 -1 14 -1 71 -1 8 -1 18 -1 #SUP: 341
14 -1 21 -1 8 -1 18 -1 8 -1 #SUP: 301
21 -1 14 -1 8 -1 18 -1 8 -1 #SUP: 312
29 -1 14 -1 8 -1 8 -1 18 -1 #SUP: 293
29 -1 14 -1 8 -1 18 -1 8 -1 #SUP: 331
14 -1 71 -1 8 -1 18 -1 8 -1 #SUP: 359
71 -1 14 -1 8 -1 8 -1 18 -1 #SUP: 304
71 -1 14 -1 8 -1 18 -1 8 -1 #SUP: 376
71 -1 14 -1 18 -1 8 -1 18 -1 #SUP: 294
17 -1 18 -1 8 -1 8 -1 8 -1 #SUP: 381
17 -1 18 -1 8 -1 8 -1 18 -1 #SUP: 438
17 -1 18 -1 8 -1 14 -1 8 -1 #SUP: 308
17 -1 18 -1 8 -1 18 -1 8 -1 #SUP: 468
17 -1 18 -1 8 -1 18 -1 18 -1 #SUP: 351
17 -1 18 -1 14 -1 8 -1 18 -1 #SUP: 312
17 -1 18 -1 18 -1 8 -1 8 -1 #SUP: 305
17 -1 18 -1 18 -1 8 -1 18 -1 #SUP: 350
18 -1 17 -1 8 -1 8 -1 8 -1 #SUP: 301
18 -1 17 -1 8 -1 8 -1 18 -1 #SUP: 322
18 -1 17 -1 8 -1 18 -1 8 -1 #SUP: 405
18 -1 17 -1 18 -1 8 -1 18 -1 #SUP: 319
18 -1 17 -1 71 -1 8 -1 18 -1 #SUP: 298
17 -1 21 -1 8 -1 18 -1 8 -1 #SUP: 306
17 -1 29 -1 8 -1 18 -1 8 -1 #SUP: 315
29 -1 17 -1 8 -1 18 -1 8 -1 #SUP: 336
17 -1 71 -1 8 -1 8 -1 8 -1 #SUP: 310
17 -1 71 -1 8 -1 8 -1 18 -1 #SUP: 339
17 -1 71 -1 8 -1 18 -1 8 -1 #SUP: 413
17 -1 71 -1 18 -1 8 -1 18 -1 #SUP: 302
18 -1 18 -1 8 -1 8 -1 8 -1 #SUP: 587
18 -1 18 -1 8 -1 8 -1 14 -1 #SUP: 400
18 -1 18 -1 8 -1 8 -1 18 -1 #SUP: 642
18 -1 18 -1 8 -1 8 -1 71 -1 #SUP: 338
18 -1 18 -1 8 -1 14 -1 8 -1 #SUP: 458
18 -1 18 -1 8 -1 14 -1 18 -1 #SUP: 429
18 -1 18 -1 8 -1 18 -1 8 -1 #SUP: 707
18 -1 18 -1 8 -1 18 -1 14 -1 #SUP: 449
18 -1 18 -1 8 -1 18 -1 18 -1 #SUP: 518
18 -1 18 -1 8 -1 18 -1 71 -1 #SUP: 372
18 -1 18 -1 8 -1 71 -1 8 -1 #SUP: 376
18 -1 18 -1 8 -1 71 -1 18 -1 #SUP: 299
18 -1 18 -1 14 -1 8 -1 8 -1 #SUP: 381
18 -1 18 -1 14 -1 8 -1 18 -1 #SUP: 478
18 -1 18 -1 14 -1 18 -1 8 -1 #SUP: 415
18 -1 18 -1 14 -1 18 -1 18 -1 #SUP: 307
18 -1 18 -1 18 -1 8 -1 8 -1 #SUP: 493
18 -1 18 -1 18 -1 8 -1 14 -1 #SUP: 342
18 -1 18 -1 18 -1 8 -1 18 -1 #SUP: 535
18 -1 18 -1 18 -1 14 -1 8 -1 #SUP: 350
18 -1 18 -1 18 -1 14 -1 18 -1 #SUP: 345
18 -1 18 -1 18 -1 18 -1 8 -1 #SUP: 428
18 -1 18 -1 18 -1 18 -1 18 -1 #SUP: 336
18 -1 18 -1 21 -1 8 -1 18 -1 #SUP: 304
18 -1 18 -1 29 -1 8 -1 18 -1 #SUP: 292
18 -1 18 -1 71 -1 8 -1 8 -1 #SUP: 319
18 -1 18 -1 71 -1 8 -1 18 -1 #SUP: 397
18 -1 18 -1 71 -1 18 -1 8 -1 #SUP: 313
18 -1 21 -1 8 -1 8 -1 8 -1 #SUP: 316
18 -1 21 -1 8 -1 8 -1 18 -1 #SUP: 355
18 -1 21 -1 8 -1 18 -1 8 -1 #SUP: 420
18 -1 21 -1 8 -1 18 -1 18 -1 #SUP: 313
18 -1 21 -1 18 -1 8 -1 18 -1 #SUP: 308
21 -1 18 -1 8 -1 8 -1 8 -1 #SUP: 364
21 -1 18 -1 8 -1 8 -1 18 -1 #SUP: 398
21 -1 18 -1 8 -1 14 -1 8 -1 #SUP: 296
21 -1 18 -1 8 -1 18 -1 8 -1 #SUP: 428
21 -1 18 -1 8 -1 18 -1 18 -1 #SUP: 323
21 -1 18 -1 14 -1 8 -1 18 -1 #SUP: 293
21 -1 18 -1 18 -1 8 -1 18 -1 #SUP: 311
18 -1 29 -1 8 -1 8 -1 8 -1 #SUP: 303
18 -1 29 -1 8 -1 8 -1 18 -1 #SUP: 344
18 -1 29 -1 8 -1 18 -1 8 -1 #SUP: 390
18 -1 29 -1 8 -1 18 -1 18 -1 #SUP: 294
18 -1 29 -1 18 -1 8 -1 18 -1 #SUP: 299
29 -1 18 -1 8 -1 8 -1 8 -1 #SUP: 370
29 -1 18 -1 8 -1 8 -1 18 -1 #SUP: 431
29 -1 18 -1 8 -1 14 -1 8 -1 #SUP: 296
29 -1 18 -1 8 -1 18 -1 8 -1 #SUP: 464
29 -1 18 -1 8 -1 18 -1 18 -1 #SUP: 335
29 -1 18 -1 14 -1 8 -1 18 -1 #SUP: 312
29 -1 18 -1 18 -1 8 -1 8 -1 #SUP: 293
29 -1 18 -1 18 -1 8 -1 18 -1 #SUP: 345
40 -1 18 -1 8 -1 18 -1 8 -1 #SUP: 303
18 -1 71 -1 8 -1 8 -1 8 -1 #SUP: 405
18 -1 71 -1 8 -1 8 -1 18 -1 #SUP: 428
18 -1 71 -1 8 -1 14 -1 8 -1 #SUP: 317
18 -1 71 -1 8 -1 18 -1 8 -1 #SUP: 536
18 -1 71 -1 8 -1 18 -1 14 -1 #SUP: 310
18 -1 71 -1 8 -1 18 -1 18 -1 #SUP: 381
18 -1 71 -1 8 -1 18 -1 71 -1 #SUP: 323
18 -1 71 -1 8 -1 71 -1 8 -1 #SUP: 319
18 -1 71 -1 14 -1 8 -1 18 -1 #SUP: 330
18 -1 71 -1 18 -1 8 -1 8 -1 #SUP: 351
18 -1 71 -1 18 -1 8 -1 18 -1 #SUP: 387
18 -1 71 -1 18 -1 18 -1 8 -1 #SUP: 304
18 -1 71 -1 71 -1 8 -1 18 -1 #SUP: 328
71 -1 18 -1 8 -1 8 -1 8 -1 #SUP: 382
71 -1 18 -1 8 -1 8 -1 18 -1 #SUP: 430
71 -1 18 -1 8 -1 14 -1 8 -1 #SUP: 305
71 -1 18 -1 8 -1 18 -1 8 -1 #SUP: 476
71 -1 18 -1 8 -1 18 -1 18 -1 #SUP: 345
71 -1 18 -1 8 -1 71 -1 8 -1 #SUP: 303
71 -1 18 -1 14 -1 8 -1 18 -1 #SUP: 328
71 -1 18 -1 18 -1 8 -1 8 -1 #SUP: 310
71 -1 18 -1 18 -1 8 -1 18 -1 #SUP: 351
71 -1 18 -1 71 -1 8 -1 18 -1 #SUP: 318
29 -1 21 -1 8 -1 18 -1 8 -1 #SUP: 305
29 -1 71 -1 8 -1 8 -1 8 -1 #SUP: 304
29 -1 71 -1 8 -1 8 -1 18 -1 #SUP: 324
29 -1 71 -1 8 -1 18 -1 8 -1 #SUP: 393
29 -1 71 -1 8 -1 18 -1 18 -1 #SUP: 294
29 -1 71 -1 18 -1 8 -1 18 -1 #SUP: 292
71 -1 71 -1 8 -1 8 -1 18 -1 #SUP: 343
71 -1 71 -1 8 -1 18 -1 8 -1 #SUP: 401
71 -1 71 -1 8 -1 18 -1 18 -1 #SUP: 298
71 -1 71 -1 18 -1 8 -1 18 -1 #SUP: 302
1 -1 1 -1 1 -1 8 -1 8 -1 8 -1 #SUP: 460
1 -1 1 -1 1 -1 8 -1 8 -1 14 -1 #SUP: 341
1 -1 1 -1 1 -1 8 -1 8 -1 18 -1 #SUP: 512
1 -1 1 -1 1 -1 8 -1 8 -1 71 -1 #SUP: 300
1 -1 1 -1 1 -1 8 -1 14 -1 8 -1 #SUP: 342
1 -1 1 -1 1 -1 8 -1 14 -1 18 -1 #SUP: 326
1 -1 1 -1 1 -1 8 -1 18 -1 8 -1 #SUP: 557
1 -1 1 -1 1 -1 8 -1 18 -1 14 -1 #SUP: 376
1 -1 1 -1 1 -1 8 -1 18 -1 18 -1 #SUP: 474
1 -1 1 -1 1 -1 8 -1 18 -1 71 -1 #SUP: 339
1 -1 1 -1 1 -1 8 -1 71 -1 8 -1 #SUP: 325
1 -1 1 -1 1 -1 14 -1 8 -1 18 -1 #SUP: 315
1 -1 1 -1 1 -1 17 -1 8 -1 18 -1 #SUP: 343
1 -1 1 -1 1 -1 18 -1 8 -1 8 -1 #SUP: 464
1 -1 1 -1 1 -1 18 -1 8 -1 14 -1 #SUP: 333
1 -1 1 -1 1 -1 18 -1 8 -1 18 -1 #SUP: 532
1 -1 1 -1 1 -1 18 -1 8 -1 71 -1 #SUP: 307
1 -1 1 -1 1 -1 18 -1 14 -1 8 -1 #SUP: 311
1 -1 1 -1 1 -1 18 -1 14 -1 18 -1 #SUP: 302
1 -1 1 -1 1 -1 18 -1 18 -1 8 -1 #SUP: 416
1 -1 1 -1 1 -1 18 -1 18 -1 18 -1 #SUP: 358
1 -1 1 -1 1 -1 18 -1 71 -1 8 -1 #SUP: 316
1 -1 1 -1 1 -1 21 -1 8 -1 18 -1 #SUP: 292
1 -1 1 -1 1 -1 29 -1 8 -1 18 -1 #SUP: 313
1 -1 1 -1 1 -1 71 -1 8 -1 8 -1 #SUP: 302
1 -1 1 -1 1 -1 71 -1 8 -1 18 -1 #SUP: 349
1 -1 1 -1 8 -1 8 -1 8 -1 8 -1 #SUP: 295
1 -1 1 -1 8 -1 8 -1 8 -1 18 -1 #SUP: 310
1 -1 1 -1 8 -1 8 -1 18 -1 8 -1 #SUP: 348
1 -1 1 -1 8 -1 8 -1 18 -1 18 -1 #SUP: 296
1 -1 1 -1 8 -1 18 -1 8 -1 8 -1 #SUP: 359
1 -1 1 -1 8 -1 18 -1 8 -1 18 -1 #SUP: 391
1 -1 1 -1 8 -1 18 -1 18 -1 8 -1 #SUP: 318
1 -1 1 -1 18 -1 8 -1 8 -1 18 -1 #SUP: 320
1 -1 1 -1 18 -1 8 -1 18 -1 8 -1 #SUP: 359
8 -1 8 -1 8 -1 8 -1 8 -1 8 -1 #SUP: 433
8 -1 8 -1 8 -1 8 -1 8 -1 14 -1 #SUP: 294
8 -1 8 -1 8 -1 8 -1 8 -1 18 -1 #SUP: 458
8 -1 8 -1 8 -1 8 -1 14 -1 8 -1 #SUP: 337
8 -1 8 -1 8 -1 8 -1 14 -1 18 -1 #SUP: 309
8 -1 8 -1 8 -1 8 -1 18 -1 8 -1 #SUP: 506
8 -1 8 -1 8 -1 8 -1 18 -1 14 -1 #SUP: 301
8 -1 8 -1 8 -1 8 -1 18 -1 18 -1 #SUP: 349
8 -1 8 -1 8 -1 14 -1 8 -1 8 -1 #SUP: 332
8 -1 8 -1 8 -1 14 -1 8 -1 18 -1 #SUP: 384
8 -1 8 -1 8 -1 14 -1 18 -1 8 -1 #SUP: 336
8 -1 8 -1 8 -1 18 -1 8 -1 8 -1 #SUP: 494
8 -1 8 -1 8 -1 18 -1 8 -1 14 -1 #SUP: 346
8 -1 8 -1 8 -1 18 -1 8 -1 18 -1 #SUP: 511
8 -1 8 -1 8 -1 18 -1 14 -1 8 -1 #SUP: 353
8 -1 8 -1 8 -1 18 -1 14 -1 18 -1 #SUP: 330
8 -1 8 -1 8 -1 18 -1 18 -1 8 -1 #SUP: 403
8 -1 8 -1 8 -1 18 -1 18 -1 18 -1 #SUP: 301
8 -1 8 -1 8 -1 71 -1 8 -1 18 -1 #SUP: 297
8 -1 8 -1 14 -1 8 -1 8 -1 8 -1 #SUP: 318
8 -1 8 -1 14 -1 8 -1 8 -1 18 -1 #SUP: 335
8 -1 8 -1 14 -1 8 -1 18 -1 8 -1 #SUP: 406
8 -1 8 -1 14 -1 18 -1 8 -1 18 -1 #SUP: 310
8 -1 8 -1 18 -1 8 -1 8 -1 8 -1 #SUP: 533
8 -1 8 -1 18 -1 8 -1 8 -1 14 -1 #SUP: 360
8 -1 8 -1 18 -1 8 -1 8 -1 18 -1 #SUP: 572
8 -1 8 -1 18 -1 8 -1 8 -1 71 -1 #SUP: 306
8 -1 8 -1 18 -1 8 -1 14 -1 8 -1 #SUP: 405
8 -1 8 -1 18 -1 8 -1 14 -1 18 -1 #SUP: 383
8 -1 8 -1 18 -1 8 -1 18 -1 8 -1 #SUP: 618
8 -1 8 -1 18 -1 8 -1 18 -1 14 -1 #SUP: 386
8 -1 8 -1 18 -1 8 -1 18 -1 18 -1 #SUP: 447
8 -1 8 -1 18 -1 8 -1 18 -1 71 -1 #SUP: 302
8 -1 8 -1 18 -1 8 -1 71 -1 8 -1 #SUP: 333
8 -1 8 -1 18 -1 14 -1 8 -1 8 -1 #SUP: 343
8 -1 8 -1 18 -1 14 -1 8 -1 18 -1 #SUP: 418
8 -1 8 -1 18 -1 14 -1 18 -1 8 -1 #SUP: 362
8 -1 8 -1 18 -1 18 -1 8 -1 8 -1 #SUP: 396
8 -1 8 -1 18 -1 18 -1 8 -1 18 -1 #SUP: 454
8 -1 8 -1 18 -1 18 -1 18 -1 8 -1 #SUP: 348
8 -1 8 -1 18 -1 71 -1 8 -1 18 -1 #SUP: 340
8 -1 8 -1 71 -1 8 -1 18 -1 8 -1 #SUP: 344
8 -1 14 -1 8 -1 8 -1 18 -1 8 -1 #SUP: 347
8 -1 14 -1 8 -1 18 -1 8 -1 8 -1 #SUP: 343
8 -1 14 -1 8 -1 18 -1 8 -1 18 -1 #SUP: 383
8 -1 14 -1 18 -1 8 -1 18 -1 8 -1 #SUP: 324
14 -1 8 -1 8 -1 18 -1 8 -1 18 -1 #SUP: 293
14 -1 8 -1 18 -1 8 -1 8 -1 18 -1 #SUP: 310
14 -1 8 -1 18 -1 8 -1 18 -1 8 -1 #SUP: 348
17 -1 8 -1 18 -1 8 -1 8 -1 8 -1 #SUP: 297
17 -1 8 -1 18 -1 8 -1 8 -1 18 -1 #SUP: 326
17 -1 8 -1 18 -1 8 -1 18 -1 8 -1 #SUP: 348
8 -1 18 -1 8 -1 8 -1 8 -1 8 -1 #SUP: 554
8 -1 18 -1 8 -1 8 -1 8 -1 14 -1 #SUP: 368
8 -1 18 -1 8 -1 8 -1 8 -1 18 -1 #SUP: 575
8 -1 18 -1 8 -1 8 -1 8 -1 71 -1 #SUP: 324
8 -1 18 -1 8 -1 8 -1 14 -1 8 -1 #SUP: 418
8 -1 18 -1 8 -1 8 -1 14 -1 18 -1 #SUP: 384
8 -1 18 -1 8 -1 8 -1 18 -1 8 -1 #SUP: 682
8 -1 18 -1 8 -1 8 -1 18 -1 14 -1 #SUP: 420
8 -1 18 -1 8 -1 8 -1 18 -1 18 -1 #SUP: 482
8 -1 18 -1 8 -1 8 -1 18 -1 71 -1 #SUP: 339
8 -1 18 -1 8 -1 8 -1 71 -1 8 -1 #SUP: 342
8 -1 18 -1 8 -1 14 -1 8 -1 8 -1 #SUP: 410
8 -1 18 -1 8 -1 14 -1 8 -1 18 -1 #SUP: 483
8 -1 18 -1 8 -1 14 -1 18 -1 8 -1 #SUP: 429
8 -1 18 -1 8 -1 14 -1 18 -1 18 -1 #SUP: 302
8 -1 18 -1 8 -1 17 -1 8 -1 18 -1 #SUP: 304
8 -1 18 -1 8 -1 18 -1 8 -1 8 -1 #SUP: 621
8 -1 18 -1 8 -1 18 -1 8 -1 14 -1 #SUP: 449
8 -1 18 -1 8 -1 18 -1 8 -1 18 -1 #SUP: 677
8 -1 18 -1 8 -1 18 -1 8 -1 71 -1 #SUP: 372
8 -1 18 -1 8 -1 18 -1 14 -1 8 -1 #SUP: 416
8 -1 18 -1 8 -1 18 -1 14 -1 18 -1 #SUP: 408
8 -1 18 -1 8 -1 18 -1 18 -1 8 -1 #SUP: 541
8 -1 18 -1 8 -1 18 -1 18 -1 14 -1 #SUP: 331
8 -1 18 -1 8 -1 18 -1 18 -1 18 -1 #SUP: 416
8 -1 18 -1 8 -1 18 -1 71 -1 8 -1 #SUP: 359
8 -1 18 -1 8 -1 18 -1 71 -1 18 -1 #SUP: 295
8 -1 18 -1 8 -1 21 -1 8 -1 18 -1 #SUP: 317
8 -1 18 -1 8 -1 71 -1 8 -1 8 -1 #SUP: 345
8 -1 18 -1 8 -1 71 -1 8 -1 18 -1 #SUP: 410
8 -1 18 -1 8 -1 71 -1 18 -1 8 -1 #SUP: 314
8 -1 18 -1 14 -1 8 -1 8 -1 8 -1 #SUP: 340
8 -1 18 -1 14 -1 8 -1 8 -1 18 -1 #SUP: 380
8 -1 18 -1 14 -1 8 -1 18 -1 8 -1 #SUP: 455
8 -1 18 -1 14 -1 8 -1 18 -1 18 -1 #SUP: 332
8 -1 18 -1 14 -1 18 -1 8 -1 8 -1 #SUP: 320
8 -1 18 -1 14 -1 18 -1 8 -1 18 -1 #SUP: 374
8 -1 18 -1 17 -1 8 -1 18 -1 8 -1 #SUP: 314
8 -1 18 -1 18 -1 8 -1 8 -1 8 -1 #SUP: 456
8 -1 18 -1 18 -1 8 -1 8 -1 14 -1 #SUP: 302
8 -1 18 -1 18 -1 8 -1 8 -1 18 -1 #SUP: 498
8 -1 18 -1 18 -1 8 -1 14 -1 8 -1 #SUP: 345
8 -1 18 -1 18 -1 8 -1 14 -1 18 -1 #SUP: 325
8 -1 18 -1 18 -1 8 -1 18 -1 8 -1 #SUP: 545
8 -1 18 -1 18 -1 8 -1 18 -1 14 -1 #SUP: 341
8 -1 18 -1 18 -1 8 -1 18 -1 18 -1 #SUP: 403
8 -1 18 -1 18 -1 14 -1 8 -1 18 -1 #SUP: 365
8 -1 18 -1 18 -1 14 -1 18 -1 8 -1 #SUP: 319
8 -1 18 -1 18 -1 18 -1 8 -1 8 -1 #SUP: 366
8 -1 18 -1 18 -1 18 -1 8 -1 18 -1 #SUP: 413
8 -1 18 -1 18 -1 18 -1 18 -1 8 -1 #SUP: 331
8 -1 18 -1 18 -1 71 -1 8 -1 18 -1 #SUP: 299
8 -1 18 -1 21 -1 8 -1 18 -1 8 -1 #SUP: 311
8 -1 18 -1 29 -1 8 -1 18 -1 8 -1 #SUP: 304
8 -1 18 -1 71 -1 8 -1 8 -1 8 -1 #SUP: 301
8 -1 18 -1 71 -1 8 -1 8 -1 18 -1 #SUP: 318
8 -1 18 -1 71 -1 8 -1 18 -1 8 -1 #SUP: 400
8 -1 18 -1 71 -1 18 -1 8 -1 18 -1 #SUP: 294
18 -1 8 -1 8 -1 8 -1 8 -1 8 -1 #SUP: 386
18 -1 8 -1 8 -1 8 -1 8 -1 18 -1 #SUP: 422
18 -1 8 -1 8 -1 8 -1 14 -1 8 -1 #SUP: 292
18 -1 8 -1 8 -1 8 -1 18 -1 8 -1 #SUP: 475
18 -1 8 -1 8 -1 8 -1 18 -1 18 -1 #SUP: 336
18 -1 8 -1 8 -1 14 -1 8 -1 8 -1 #SUP: 296
18 -1 8 -1 8 -1 14 -1 8 -1 18 -1 #SUP: 354
18 -1 8 -1 8 -1 14 -1 18 -1 8 -1 #SUP: 302
18 -1 8 -1 8 -1 18 -1 8 -1 8 -1 #SUP: 472
18 -1 8 -1 8 -1 18 -1 8 -1 14 -1 #SUP: 325
18 -1 8 -1 8 -1 18 -1 8 -1 18 -1 #SUP: 512
18 -1 8 -1 8 -1 18 -1 14 -1 8 -1 #SUP: 312
18 -1 8 -1 8 -1 18 -1 14 -1 18 -1 #SUP: 310
18 -1 8 -1 8 -1 18 -1 18 -1 8 -1 #SUP: 386
18 -1 8 -1 14 -1 8 -1 8 -1 18 -1 #SUP: 311
18 -1 8 -1 14 -1 8 -1 18 -1 8 -1 #SUP: 370
18 -1 8 -1 14 -1 18 -1 8 -1 18 -1 #SUP: 304
18 -1 8 -1 18 -1 8 -1 8 -1 8 -1 #SUP: 486
18 -1 8 -1 18 -1 8 -1 8 -1 14 -1 #SUP: 332
18 -1 8 -1 18 -1 8 -1 8 -1 18 -1 #SUP: 534
18 -1 8 -1 18 -1 8 -1 8 -1 71 -1 #SUP: 293
18 -1 8 -1 18 -1 8 -1 14 -1 8 -1 #SUP: 369
18 -1 8 -1 18 -1 8 -1 14 -1 18 -1 #SUP: 347
18 -1 8 -1 18 -1 8 -1 18 -1 8 -1 #SUP: 582
18 -1 8 -1 18 -1 8 -1 18 -1 14 -1 #SUP: 357
18 -1 8 -1 18 -1 8 -1 18 -1 18 -1 #SUP: 429
18 -1 8 -1 18 -1 8 -1 18 -1 71 -1 #SUP: 306
18 -1 8 -1 18 -1 8 -1 71 -1 8 -1 #SUP: 296
18 -1 8 -1 18 -1 14 -1 8 -1 8 -1 #SUP: 314
18 -1 8 -1 18 -1 14 -1 8 -1 18 -1 #SUP: 394
18 -1 8 -1 18 -1 14 -1 18 -1 8 -1 #SUP: 337
18 -1 8 -1 18 -1 18 -1 8 -1 8 -1 #SUP: 393
18 -1 8 -1 18 -1 18 -1 8 -1 18 -1 #SUP: 442
18 -1 8 -1 18 -1 18 -1 18 -1 8 -1 #SUP: 337
18 -1 8 -1 18 -1 71 -1 8 -1 18 -1 #SUP: 309
18 -1 8 -1 71 -1 8 -1 18 -1 8 -1 #SUP: 325
21 -1 8 -1 18 -1 8 -1 8 -1 8 -1 #SUP: 295
21 -1 8 -1 18 -1 8 -1 8 -1 18 -1 #SUP: 320
21 -1 8 -1 18 -1 8 -1 18 -1 8 -1 #SUP: 346
29 -1 8 -1 8 -1 18 -1 8 -1 18 -1 #SUP: 329
29 -1 8 -1 18 -1 8 -1 8 -1 18 -1 #SUP: 349
29 -1 8 -1 18 -1 8 -1 18 -1 8 -1 #SUP: 379
8 -1 71 -1 8 -1 8 -1 18 -1 8 -1 #SUP: 303
8 -1 71 -1 8 -1 18 -1 8 -1 8 -1 #SUP: 316
8 -1 71 -1 8 -1 18 -1 8 -1 18 -1 #SUP: 344
71 -1 8 -1 8 -1 18 -1 8 -1 18 -1 #SUP: 320
71 -1 8 -1 18 -1 8 -1 8 -1 8 -1 #SUP: 296
71 -1 8 -1 18 -1 8 -1 8 -1 18 -1 #SUP: 340
71 -1 8 -1 18 -1 8 -1 18 -1 8 -1 #SUP: 374
18 -1 14 -1 8 -1 8 -1 18 -1 8 -1 #SUP: 297
18 -1 14 -1 8 -1 18 -1 8 -1 8 -1 #SUP: 298
18 -1 14 -1 8 -1 18 -1 8 -1 18 -1 #SUP: 341
17 -1 18 -1 8 -1 18 -1 8 -1 18 -1 #SUP: 292
18 -1 18 -1 8 -1 8 -1 8 -1 8 -1 #SUP: 319
18 -1 18 -1 8 -1 8 -1 8 -1 18 -1 #SUP: 371
18 -1 18 -1 8 -1 8 -1 18 -1 8 -1 #SUP: 425
18 -1 18 -1 8 -1 8 -1 18 -1 18 -1 #SUP: 293
18 -1 18 -1 8 -1 14 -1 8 -1 18 -1 #SUP: 314
18 -1 18 -1 8 -1 18 -1 8 -1 8 -1 #SUP: 411
18 -1 18 -1 8 -1 18 -1 8 -1 18 -1 #SUP: 439
18 -1 18 -1 8 -1 18 -1 18 -1 8 -1 #SUP: 341
18 -1 18 -1 18 -1 8 -1 8 -1 18 -1 #SUP: 322
18 -1 18 -1 18 -1 8 -1 18 -1 8 -1 #SUP: 350
18 -1 71 -1 8 -1 18 -1 8 -1 18 -1 #SUP: 305
1 -1 1 -1 1 -1 8 -1 8 -1 8 -1 8 -1 #SUP: 294
1 -1 1 -1 1 -1 8 -1 8 -1 8 -1 18 -1 #SUP: 309
1 -1 1 -1 1 -1 8 -1 8 -1 18 -1 8 -1 #SUP: 347
1 -1 1 -1 1 -1 8 -1 8 -1 18 -1 18 -1 #SUP: 295
1 -1 1 -1 1 -1 8 -1 18 -1 8 -1 8 -1 #SUP: 357
1 -1 1 -1 1 -1 8 -1 18 -1 8 -1 18 -1 #SUP: 390
1 -1 1 -1 1 -1 8 -1 18 -1 18 -1 8 -1 #SUP: 317
1 -1 1 -1 1 -1 18 -1 8 -1 8 -1 18 -1 #SUP: 319
1 -1 1 -1 1 -1 18 -1 8 -1 18 -1 8 -1 #SUP: 358
8 -1 8 -1 8 -1 8 -1 8 -1 18 -1 8 -1 #SUP: 301
8 -1 8 -1 8 -1 8 -1 18 -1 8 -1 18 -1 #SUP: 303
8 -1 8 -1 8 -1 18 -1 8 -1 8 -1 18 -1 #SUP: 313
8 -1 8 -1 8 -1 18 -1 8 -1 18 -1 8 -1 #SUP: 341
8 -1 8 -1 18 -1 8 -1 8 -1 8 -1 8 -1 #SUP: 306
8 -1 8 -1 18 -1 8 -1 8 -1 8 -1 18 -1 #SUP: 345
8 -1 8 -1 18 -1 8 -1 8 -1 18 -1 8 -1 #SUP: 382
8 -1 8 -1 18 -1 8 -1 18 -1 8 -1 8 -1 #SUP: 338
8 -1 8 -1 18 -1 8 -1 18 -1 8 -1 18 -1 #SUP: 378
8 -1 8 -1 18 -1 8 -1 18 -1 18 -1 8 -1 #SUP: 292
8 -1 18 -1 8 -1 8 -1 8 -1 8 -1 8 -1 #SUP: 307
8 -1 18 -1 8 -1 8 -1 8 -1 8 -1 18 -1 #SUP: 338
8 -1 18 -1 8 -1 8 -1 8 -1 18 -1 8 -1 #SUP: 377
8 -1 18 -1 8 -1 8 -1 18 -1 8 -1 8 -1 #SUP: 384
8 -1 18 -1 8 -1 8 -1 18 -1 8 -1 18 -1 #SUP: 406
8 -1 18 -1 8 -1 8 -1 18 -1 18 -1 8 -1 #SUP: 314
8 -1 18 -1 8 -1 14 -1 8 -1 18 -1 8 -1 #SUP: 303
8 -1 18 -1 8 -1 18 -1 8 -1 8 -1 8 -1 #SUP: 382
8 -1 18 -1 8 -1 18 -1 8 -1 8 -1 18 -1 #SUP: 412
8 -1 18 -1 8 -1 18 -1 8 -1 18 -1 8 -1 #SUP: 460
8 -1 18 -1 8 -1 18 -1 8 -1 18 -1 18 -1 #SUP: 337
8 -1 18 -1 8 -1 18 -1 14 -1 8 -1 18 -1 #SUP: 301
8 -1 18 -1 8 -1 18 -1 18 -1 8 -1 8 -1 #SUP: 299
8 -1 18 -1 8 -1 18 -1 18 -1 8 -1 18 -1 #SUP: 349
8 -1 18 -1 18 -1 8 -1 8 -1 8 -1 18 -1 #SUP: 292
8 -1 18 -1 18 -1 8 -1 8 -1 18 -1 8 -1 #SUP: 328
8 -1 18 -1 18 -1 8 -1 18 -1 8 -1 8 -1 #SUP: 313
8 -1 18 -1 18 -1 8 -1 18 -1 8 -1 18 -1 #SUP: 346
18 -1 8 -1 8 -1 18 -1 8 -1 8 -1 18 -1 #SUP: 297
18 -1 8 -1 8 -1 18 -1 8 -1 18 -1 8 -1 #SUP: 323
18 -1 8 -1 18 -1 8 -1 8 -1 8 -1 18 -1 #SUP: 312
18 -1 8 -1 18 -1 8 -1 8 -1 18 -1 8 -1 #SUP: 345
18 -1 8 -1 18 -1 8 -1 18 -1 8 -1 8 -1 #SUP: 330
18 -1 8 -1 18 -1 8 -1 18 -1 8 -1 18 -1 #SUP: 370
8 -1 18 -1 8 -1 18 -1 8 -1 18 -1 8 -1 18 -1 #SUP: 294
